"CRN","ARRIVAL_TM","AUTOMOBILE_COUNT","BELTED_DEATH_COUNT","BELTED_SUSP_SERIOUS_INJ_COUNT","BICYCLE_COUNT","BICYCLE_DEATH_COUNT","BICYCLE_SUSP_SERIOUS_INJ_COUNT","BUS_COUNT","CHLDPAS_DEATH_COUNT","CHLDPAS_SUSP_SERIOUS_INJ_COUNT","COLLISION_TYPE","COMM_VEH_COUNT","CONS_ZONE_SPD_LIM","COUNTY","CRASH_MONTH","CRASH_YEAR","DAY_OF_WEEK","DEC_LATITUDE","DEC_LONGITUDE","DISPATCH_TM","DISTRICT","DRIVER_COUNT_16YR","DRIVER_COUNT_17YR","DRIVER_COUNT_18YR","DRIVER_COUNT_19YR","DRIVER_COUNT_20YR","DRIVER_COUNT_50_64YR","DRIVER_COUNT_65_74YR","DRIVER_COUNT_75PLUS","EST_HRS_CLOSED","FATAL_COUNT","HEAVY_TRUCK_COUNT","HORSE_BUGGY_COUNT","HOUR_OF_DAY","ILLUMINATION","INJURY_COUNT","INTERSECTION_RELATED","INTERSECT_TYPE","LANE_CLOSED","LATITUDE","LN_CLOSE_DIR","LOCATION_TYPE","LONGITUDE","MAX_SEVERITY_LEVEL","MCYCLE_DEATH_COUNT","MCYCLE_SUSP_SERIOUS_INJ_COUNT","MOTORCYCLE_COUNT","MUNICIPALITY","NONMOTR_COUNT","NONMOTR_DEATH_COUNT","NONMOTR_SUSP_SERIOUS_INJ_COUNT","NTFY_HIWY_MAINT","PED_COUNT","PED_DEATH_COUNT","PED_SUSP_SERIOUS_INJ_COUNT","PERSON_COUNT","POLICE_AGCY","POSSIBLE_INJ_COUNT","RDWY_SURF_TYPE_CD","RELATION_TO_ROAD","ROADWAY_CLEARED","ROAD_CONDITION","SCH_BUS_IND","SCH_ZONE_IND","SECONDARY_CRASH","SMALL_TRUCK_COUNT","SPEC_JURIS_CD","SUSP_MINOR_INJ_COUNT","SUSP_SERIOUS_INJ_COUNT","SUV_COUNT","TCD_FUNC_CD","TCD_TYPE","TFC_DETOUR_IND","TIME_OF_DAY","TOTAL_UNITS","TOT_INJ_COUNT","UNBELTED_OCC_COUNT","UNB_DEATH_COUNT","UNB_SUSP_SERIOUS_INJ_COUNT","UNK_INJ_DEG_COUNT","UNK_INJ_PER_COUNT","URBAN_RURAL","VAN_COUNT","VEHICLE_COUNT","WEATHER1","WEATHER2","WORKERS_PRES","WORK_ZONE_IND","WORK_ZONE_LOC","WORK_ZONE_TYPE","WZ_CLOSE_DETOUR","WZ_FLAGGER","WZ_LAW_OFFCR_IND","WZ_LN_CLOSURE","WZ_MOVING","WZ_OTHER","WZ_SHLDER_MDN","WZ_WORKERS_INJ_KILLED"
"2022027333","0855","1","0","0","0","0","0","0","0","0","1","0","","02","3","2022","5","40.390092","-80.028572","0842","11","0","0","0","0","0","0","1","0","","0","0","0","","","0","N","0","","40 23:24.330","3","0","80 01:42.860","0","0","0","0","2109","0","0","0","N","0","0","0","2","02109","0","","1.0","930.0","1","N","N","N","0","","0","0","1","","0","N","","2","0","0","0","0","0","0","2","0","2","","03","","N","","","","","","","","","",""
"2022018348","2218","2","0","0","0","0","0","0","0","0","4","0","","02","2","2022","7","40.452466","-79.826273","2213","11","0","0","0","0","0","0","0","0","","0","0","0","","","1","N","2","","40 27:08.879","","0","79 49:34.581","8","0","0","0","2113","0","0","0","N","0","0","0","2","02113","0","","1.0","","1","N","N","Y","0","","0","0","0","","3","","","2","1","0","0","0","1","0","2","0","2","","03","","N","","","","","","","","","",""
"2022012121","0506","1","0","0","0","0","0","0","0","0","7","0","","02","1","2022","4","40.437598","-79.863843","0432","11","0","0","0","0","0","0","0","0","","0","0","0","","","0","N","0","","40 26:15.354","","0","79 51:49.833","0","0","0","0","2478","0","0","0","Y","0","0","0","1","68B03","0","","4.0","","9","N","N","N","0","","0","0","0","","0","","","1","0","0","0","0","0","0","2","0","1","","","","N","","","","","","","","","",""
"2022018675","0542","1","0","0","0","0","0","0","0","0","7","0","","02","2","2022","2","40.449365","-79.829453","0534","11","0","0","0","0","0","0","0","0","","0","0","0","","","1","","2","","40 26:57.714","1","0","79 49:46.030","8","0","0","0","2113","0","0","0","N","0","0","0","1","02113","0","","5.0","607.0","1","N","N","N","0","","0","0","0","","0","N","","1","1","0","0","0","1","0","2","0","1","","03","","N","","","","","","","","","",""
"2022025385","0717","0","0","0","0","0","0","0","0","0","7","0","","02","3","2022","7","40.298182","-79.829321","0709","11","0","0","0","0","0","0","1","0","","0","0","0","","","0","N","0","","40 17:53.456","","0","79 49:45.557","0","0","0","0","2105","0","0","0","Y","0","0","0","2","02105","0","","5.0","","7","N","N","N","0","","0","0","2","","0","N","","2","0","0","0","0","0","0","1","0","2","","02","","N","","","","","","","","","",""
"2022018472","1653","1","0","0","0","0","0","0","0","0","4","0","","02","2","2022","4","40.298293","-80.046863","1651","11","0","0","0","0","0","1","0","0","","0","0","0","","","0","","3","","40 17:53.855","","0","80 02:48.705","0","0","0","0","2407","0","0","0","N","0","0","0","2","02407","0","","1.0","","1","N","N","N","0","","0","0","1","","3","","","2","0","0","0","0","0","0","2","0","2","","","","N","","","","","","","","","",""
"2022019710","0940","1","0","0","0","0","0","0","0","0","4","0","","02","2","2022","7","40.537897","-80.20001","0930","11","0","0","0","0","0","0","0","0","","0","0","0","","","0","","2","","40 32:16.429","3","0","80 12:00.037","0","0","0","0","2213","0","0","0","N","0","0","0","2","02213","0","","1.0","1000.0","7","N","N","N","0","","0","0","1","","2","Y","","2","0","0","0","0","0","0","2","0","2","","02","","N","","","","","","","","","",""
"2022017966","0741","0","0","0","0","0","0","0","0","0","0","0","","02","2","2022","6","40.651993","-80.054866","0739","11","0","0","0","0","0","0","0","0","","0","0","0","","","0","N","1","","40 39:07.175","5","0","80 03:17.516","0","0","0","0","2216","0","0","0","N","0","0","0","1","02505","0","","1.0","815.0","2","N","N","N","0","","0","0","1","","2","Y","","1","0","0","0","0","0","0","2","0","1","","02","","N","","","","","","","","","",""
"2022019250","1458","1","0","0","0","0","0","0","0","0","7","1","","02","2","2022","6","40.607061","-79.76344","1458","11","0","0","0","0","0","1","0","0","","1","1","0","","","0","N","0","","40 36:25.420","1","0","79 45:48.385","1","0","0","0","2464","0","0","0","Y","0","0","0","2","68D02","0","2","4.0","1909.0","9","N","N","Y","0","0","0","0","0","","0","Y","","3","0","1","1","0","0","0","2","0","2","","","","N","","","","","","","","","",""
"2022019165","1547","2","0","0","0","0","0","0","0","0","1","0","","02","2","2022","3","40.42188","-80.004204","1542","11","0","0","0","0","0","0","0","0","","0","0","0","","","1","N","0","","40 25:18.769","2","4","80 00:15.134","8","0","0","0","2301","0","0","0","N","0","0","0","2","02301","0","","1.0","1710.0","1","N","N","N","0","","0","0","0","","0","Y","","2","1","0","0","0","1","0","2","0","2","","03","","N","","","","","","","","","",""
"2022016426","1320","1","0","0","0","0","0","0","0","0","1","0","","02","2","2022","2","40.47231","-79.89096","1315","11","0","0","0","0","0","0","0","0","","0","0","0","","","0","N","1","","40 28:20.316","","0","79 53:27.456","0","0","0","0","2301","0","0","0","N","0","0","0","2","02301","0","","1.0","","1","N","N","N","1","","0","0","0","","3","N","","2","0","2","0","0","0","0","2","0","2","","03","","N","","","","","","","","","",""
"2022018453","1001","1","0","0","0","0","0","0","0","0","7","0","","02","2","2022","7","40.524996","-79.838459","0958","11","0","0","0","0","0","1","0","0","","0","0","0","","","0","","2","","40 31:29.985","4","0","79 50:18.454","0","0","0","0","2451","0","0","0","N","0","0","0","1","02451","0","","4.0","1108.0","2","N","N","N","0","","0","0","0","","3","N","","1","0","0","0","0","0","0","2","0","1","","02","","N","","","","","","","","","",""
"2022018452","2223","0","0","0","0","0","0","0","0","0","1","0","","02","2","2022","6","40.629324","-80.056542","2221","11","0","0","0","0","0","1","0","0","","0","0","0","","","0","","3","","40 37:45.567","","0","80 03:23.551","0","0","0","0","2216","0","0","0","N","0","0","0","4","02505","0","","1.0","","1","N","N","N","0","","0","0","2","","3","","","2","0","0","0","0","0","0","2","0","2","","","","N","","","","","","","","","",""
"2022023035","1452","1","0","0","0","0","0","0","0","0","1","1","","02","3","2022","5","40.477847","-79.736007","1445","11","0","0","0","0","0","0","1","0","","0","1","0","","","1","","2","","40 28:40.250","2","0","79 44:09.624","3","0","0","0","2466","0","0","0","N","0","0","0","2","02466","0","","1.0","1531.0","1","N","N","N","0","","1","0","0","","3","N","","2","1","0","0","0","0","0","2","0","2","","03","","N","","","","","","","","","",""
"2022018003","1551","1","0","0","0","0","0","0","0","0","7","0","","02","2","2022","6","40.377348","-79.993994","1531","11","0","0","0","0","0","0","0","0","","0","0","0","","","0","N","0","","40 22:38.452","2","0","79 59:38.380","0","0","0","0","2301","0","0","0","N","0","0","0","1","02301","0","","5.0","1620.0","1","N","N","N","0","","0","0","0","","0","Y","","1","0","0","0","0","0","0","2","0","1","","03","","N","","","","","","","","","",""
"2022019492","2153","1","0","0","0","0","0","0","0","0","7","0","","02","1","2022","1","40.434478","-80.14424","2138","11","0","0","0","0","0","0","1","0","","0","0","0","","","0","N","0","","40 26:04.119","","0","80 08:39.264","0","0","0","0","2115","0","0","0","N","0","0","0","1","68B03","0","","4.0","","1","N","N","N","0","","0","0","0","","0","","","1","0","0","0","0","0","0","2","0","1","","03","","N","","","","","","","","","",""
"2022018978","0750","1","0","0","0","0","0","0","0","0","7","0","","02","2","2022","6","40.514869","-80.072314","0750","11","1","1","0","0","0","0","0","0","","0","0","0","","","0","","2","","40 30:53.528","3","0","80 04:20.331","0","0","0","0","2406","0","0","0","N","0","0","0","2","02215","0","","5.0","820.0","2","N","N","N","0","","0","0","1","","0","N","","2","0","0","0","0","0","0","2","0","2","","","","N","","","","","","","","","",""
"2022018228","1006","1","0","0","0","0","0","0","0","0","7","0","","02","2","2022","7","40.451492","-79.92029","1004","11","0","0","0","0","0","0","0","0","","0","0","0","","","0","N","3","","40 27:05.371","","0","79 55:13.045","0","0","0","0","2301","0","0","0","N","0","0","0","2","02301","0","","4.0","","7","N","N","N","0","","0","0","0","","0","","","1","0","0","0","0","0","0","2","0","1","","","","N","","","","","","","","","",""
"2022025135","1025","2","0","0","0","0","0","0","0","0","7","0","","02","3","2022","4","40.65244","-80.057456","0954","11","0","0","0","0","0","0","0","0","","0","0","0","","","2","N","0","","40 39:08.784","","0","80 03:26.841","4","0","0","0","2216","0","0","0","N","0","0","0","3","68T02","2","","3.0","","6","N","N","N","0","","0","0","2","","0","","","4","2","0","0","0","0","0","2","0","4","","10","","N","","","","","","","","","",""
"2022007255","2135","1","0","0","0","0","0","0","0","0","7","0","","02","1","2022","5","40.45151","-79.754153","2118","11","1","0","0","0","0","0","0","0","","0","0","0","","","0","N","0","","40 27:05.437","","0","79 45:14.952","0","0","0","0","2446","0","0","0","N","0","0","0","1","68T02","0","","2.0","","9","N","N","N","0","","0","0","0","","0","","","1","0","0","0","0","0","0","2","0","1","","07","","N","","","","","","","","","",""
"2022019320","1046","1","0","0","0","0","0","0","0","0","1","0","","02","2","2022","7","40.325016","-80.14282","1039","11","0","0","0","0","0","1","0","0","","0","0","0","","","0","N","0","","40 19:30.059","","0","80 08:34.153","0","0","0","0","2119","0","0","0","Y","0","0","0","6","68B03","0","","1.0","","6","N","N","N","1","","0","0","0","","0","","","2","0","0","0","0","0","0","2","0","2","","10","","N","","","","","","","","","",""
"2022015780","1810","2","0","0","0","0","0","0","0","0","4","0","","02","2","2022","5","40.53561","-80.050942","1805","11","0","0","0","0","0","0","0","0","","0","0","0","","","0","N","0","","40 32:08.195","","7","80 03:03.392","0","0","0","0","2116","0","0","0","N","0","0","0","2","02116","0","","1.0","","1","N","N","N","0","","0","0","0","","0","","","2","0","0","0","0","0","0","2","0","2","","03","","N","","","","","","","","","",""
"2022018531","1610","1","0","0","0","0","0","0","0","0","7","0","","02","2","2022","1","40.417381","-79.965435","1607","11","0","0","0","0","0","1","0","0","","0","0","0","","","0","N","3","","40 25:02.573","","0","79 57:55.567","0","0","0","0","2301","0","0","0","N","0","0","0","1","02301","0","","5.0","","1","N","N","N","0","","0","0","0","","0","","","1","0","1","0","0","0","0","2","0","1","","03","","N","","","","","","","","","",""
"2022020186","2316","1","0","0","0","0","0","0","0","0","98","0","","02","2","2022","7","40.363747","-80.016436","2315","11","0","0","0","0","0","0","0","0","","0","0","0","","","0","N","0","","40 21:49.488","","7","80 00:59.168","9","0","0","0","2416","0","0","0","N","0","0","0","1","02416","0","","5.0","","1","N","N","N","0","","0","0","0","","0","","","1","0","0","0","0","0","1","2","0","1","","03","","N","","","","","","","","","",""
"2022018644","1156","1","0","0","0","0","0","0","0","0","7","0","","02","2","2022","4","40.381382","-80.094558","1156","11","0","0","0","0","0","0","1","0","","0","0","0","","","1","N","0","","40 22:52.976","","7","80 05:40.409","8","0","0","0","2102","0","0","0","N","0","0","0","2","02102","0","","5.0","","1","N","N","N","0","","0","0","0","","0","","","1","1","0","0","0","1","0","2","0","1","","03","","N","","","","","","","","","",""
"2022020152","2335","1","0","0","0","0","0","0","0","0","7","0","","02","2","2022","5","40.454172","-79.880032","2330","11","0","0","0","0","0","1","0","0","","0","0","0","","","0","N","1","","40 27:15.019","7","0","79 52:48.115","0","0","0","0","2301","0","0","0","Y","0","0","0","1","02301","0","","2.0","500.0","9","N","N","N","0","","0","0","0","","0","Y","","1","0","1","0","0","0","0","2","0","1","","07","","N","","","","","","","","","",""
"2022015386","2337","1","0","0","0","0","0","0","0","0","5","1","","02","2","2022","5","40.473071","-79.972286","2335","11","0","0","0","0","0","1","0","0","","0","0","0","","","0","N","0","","40 28:23.056","1","0","79 58:20.230","0","0","0","0","2445","0","0","0","N","0","0","0","3","02445","0","","1.0","32.0","1","N","N","N","0","","0","0","0","","0","N","","2","0","2","0","0","0","0","2","0","2","","03","","N","","","","","","","","","",""
"2022001469","1622","2","0","0","0","0","0","0","0","0","1","0","","02","1","2022","2","40.410908","-80.074256","1618","11","0","0","0","0","0","2","1","0","","0","0","0","","","1","N","0","","40 24:39.269","3","0","80 04:27.321","8","0","0","0","2117","0","0","0","N","0","0","0","4","68B03","0","","1.0","1700.0","1","N","N","N","2","","0","0","0","","0","N","","4","1","0","0","0","1","0","2","0","4","","","","N","","","","","","","","","",""
"2022016665","1442","1","0","1","0","0","0","0","0","0","7","0","","02","2","2022","6","40.3853","-80.047872","1442","11","0","0","0","0","0","0","0","1","","0","0","0","","","1","N","0","","40 23:07.080","7","0","80 02:52.340","2","0","0","0","2109","0","0","0","N","0","0","0","1","02109","0","","5.0","1500.0","1","N","N","N","0","","0","1","0","","0","Y","","1","1","0","0","0","0","0","2","0","1","","","","N","","","","","","","","","",""
"2022013065","1319","0","0","0","0","0","0","0","0","0","1","1","","02","2","2022","3","40.377494","-79.813681","1107","11","0","0","0","0","0","2","0","0","","0","1","0","","","2","N","2","","40 22:38.978","5","0","79 48:49.253","8","0","0","0","2111","0","0","0","N","0","0","0","3","02111","0","","1.0","1319.0","1","N","N","N","0","","0","0","1","","0","Y","","3","2","0","0","0","2","0","2","1","3","","","","N","","","","","","","","","",""
"2022014450","0805","1","0","0","0","0","0","0","0","0","7","0","","02","2","2022","4","40.518833","-79.943582","0800","11","0","0","0","0","0","0","1","0","","0","0","0","","","2","N","0","","40 31:07.800","5","0","79 56:36.894","3","0","0","0","2118","0","0","0","N","0","0","0","2","02118","0","","5.0","820.0","1","N","N","N","0","","1","0","0","","0","N","","1","2","0","0","0","1","0","2","0","1","","03","","N","","","","","","","","","",""
"2022016111","0516","1","0","0","0","0","0","0","0","0","4","1","","02","2","2022","1","40.459787","-79.925395","0508","11","0","0","0","0","0","0","0","0","","0","0","0","","","1","","2","","40 27:35.233","","0","79 55:31.423","4","0","0","0","2301","0","0","0","N","0","0","0","2","02301","1","","1.0","","9","N","N","N","1","","0","0","0","","3","","","2","1","0","0","0","0","0","2","0","2","","","","N","","","","","","","","","",""
"2022015438","1313","1","0","0","0","0","0","0","0","0","4","0","","02","2","2022","5","40.452526","-79.981129","1306","11","0","0","0","0","0","2","0","0","","0","0","0","","","0","N","2","","40 27:09.095","","0","79 58:52.064","0","0","0","0","2301","0","0","0","N","0","0","0","2","02301","0","","1.0","","1","N","N","N","1","","0","0","0","","0","","","2","0","0","0","0","0","0","2","0","2","","","","N","","","","","","","","","",""
"2022019742","1122","0","0","0","0","0","0","0","0","0","7","0","","02","2","2022","4","40.340823","-79.915256","1118","11","0","0","0","0","0","0","0","0","","0","0","0","","","0","","2","","40 20:26.963","","0","79 54:54.921","0","0","0","0","2473","0","0","0","N","0","0","0","1","02473","0","","5.0","","1","N","N","N","0","","0","0","1","","0","","","1","0","1","0","0","0","0","2","0","1","","03","","N","","","","","","","","","",""
"2022017593","1424","1","0","0","0","0","0","0","0","0","1","0","","02","2","2022","4","40.432372","-79.864851","1421","11","0","0","0","0","1","0","0","0","","0","0","0","","","1","","1","","40 25:56.539","1","0","79 51:53.464","3","0","0","0","2431","0","0","0","N","0","0","0","3","02431","0","","1.0","1450.0","1","N","N","N","1","","1","0","0","","2","N","","2","1","0","0","0","0","0","2","0","2","","","","N","","","","","","","","","",""
"2022018745","0828","0","0","0","0","0","0","0","0","0","7","0","","02","2","2022","2","40.611178","-79.894647","0820","11","0","0","0","0","1","0","0","0","","0","0","0","","","1","N","0","","40 36:40.240","3","0","79 53:40.730","3","0","0","0","2220","0","0","0","N","0","0","0","1","02220","0","","4.0","855.0","2","N","N","N","0","","1","0","1","","0","Y","","1","1","0","0","0","0","0","1","0","1","","03","","N","","","","","","","","","",""
"2022016726","1207","0","0","0","0","0","0","0","0","0","5","1","","02","2","2022","4","40.440837","-79.858935","1200","11","0","0","0","0","0","1","0","0","","0","1","0","","","0","N","0","","40 26:27.013","3","0","79 51:32.166","0","0","0","0","2419","0","0","0","N","0","0","0","2","68B03","0","","1.0","1225.0","1","N","N","N","0","","0","0","1","","0","N","","2","0","0","0","0","0","0","2","0","2","","","","N","","","","","","","","","",""
"2022017255","0927","2","0","0","0","0","0","0","0","0","1","0","","02","2","2022","4","40.481529","-79.876118","0918","11","0","0","0","0","0","0","0","0","","0","0","0","","","0","N","2","","40 28:53.504","","0","79 52:34.025","0","0","0","0","2113","0","0","0","N","0","0","0","2","02113","0","","1.0","","1","N","N","N","0","","0","0","0","","0","","","2","0","0","0","0","0","0","2","0","2","","","","N","","","","","","","","","",""
"2022018153","0318","1","0","0","0","0","0","0","0","0","7","0","","02","2","2022","7","40.338337","-79.824297","0316","11","0","0","0","0","0","0","0","0","","0","0","0","","","0","N","3","","40 20:18.013","7","0","79 49:27.469","0","0","0","0","2304","0","0","0","N","0","0","0","0","02304","0","","4.0","431.0","2","N","N","N","0","","0","0","0","","0","Y","","1","0","0","0","0","0","0","2","0","1","","03","","N","","","","","","","","","",""
"2022020161","2257","2","0","0","0","0","0","0","0","0","4","0","","02","2","2022","5","40.389847","-80.014667","2234","11","0","0","1","0","0","0","0","0","","0","0","0","","","0","N","1","","40 23:23.449","","0","80 00:52.801","9","0","0","0","2301","0","0","0","N","0","0","0","2","02301","0","","1.0","","9","N","N","N","0","","0","0","0","","3","","","2","0","0","0","0","0","1","2","0","2","","","","N","","","","","","","","","",""
"2022017107","0125","1","0","0","0","0","0","0","0","0","7","0","","02","2","2022","2","40.541188","-79.800761","0118","11","0","0","0","0","0","0","0","0","","0","0","0","","","1","","2","","40 32:28.277","5","0","79 48:02.740","8","0","0","0","2418","0","0","0","N","0","0","0","1","02514","0","","5.0","316.0","1","","","N","0","","0","0","0","","0","Y","","1","1","0","0","0","1","0","2","0","1","","","","N","","","","","","","","","",""
"2022020492","1706","1","0","0","0","0","0","0","0","0","1","0","","02","2","2022","3","40.414148","-80.063074","1641","11","0","0","0","0","0","1","0","0","","0","0","0","","","0","N","0","","40 24:50.933","3","0","80 03:47.067","0","0","0","0","2117","0","0","0","N","0","0","0","6","68B03","0","","1.0","1650.0","1","N","N","N","2","","0","0","3","","0","N","","6","0","0","0","0","0","0","2","0","6","","03","","N","","","","","","","","","",""
"2022019772","1013","1","0","0","0","0","0","0","0","0","7","0","","02","2","2022","1","40.421068","-80.047512","0958","11","0","0","0","0","0","0","0","0","","0","0","0","","","0","N","7","","40 25:15.844","","2","80 02:51.042","9","0","0","0","2435","0","0","0","Y","0","0","0","1","68B03","0","","7.0","","1","N","N","N","0","","0","0","0","","8","","","1","0","0","0","0","0","1","2","0","1","","","","N","","","","","","","","","",""
"2022026875","2010","0","0","0","0","0","0","0","0","0","1","0","","02","3","2022","6","40.420063","-80.050713","1833","11","0","0","0","0","0","1","0","0","","0","0","0","","","2","N","6","","40 25:12.228","4","2","80 03:02.565","8","0","0","0","2435","0","0","0","N","0","0","0","2","68B03","0","","1.0","2000.0","1","N","N","N","1","","0","0","1","","0","N","","2","2","0","0","0","2","0","2","0","2","","03","","N","","","","","","","","","",""
"2022019353","1909","0","0","0","0","0","0","0","0","0","7","0","","02","2","2022","3","40.571964","-79.998152","1902","11","0","0","0","0","0","0","0","0","","0","0","0","","","0","","2","","40 34:19.069","6","0","79 59:53.346","0","0","0","0","2108","0","0","0","N","0","0","0","1","02108","0","","5.0","1957.0","9","N","N","N","0","","0","0","0","","0","Y","","1","0","0","0","0","0","0","2","1","1","","","","N","","","","","","","","","",""
"2022010027","0251","1","0","0","0","0","0","0","0","0","98","0","","02","1","2022","6","40.45727","-79.937521","0240","11","0","0","0","0","0","0","0","0","","0","0","0","","","0","N","0","","40 27:26.173","","0","79 56:15.076","0","0","0","0","2301","0","0","0","N","0","0","0","1","02301","0","","1.0","","1","N","N","N","0","","0","0","0","","0","","","1","0","1","0","0","0","0","2","0","1","","","","N","","","","","","","","","",""
"2022014459","1127","2","0","0","0","0","0","0","0","0","4","0","","02","2","2022","4","40.440341","-79.991463","1125","11","0","0","0","0","0","1","0","1","","0","0","0","","","0","","1","","40 26:25.228","","0","79 59:29.268","0","0","0","0","2301","0","0","0","N","0","0","0","2","02301","0","","1.0","","1","N","N","N","0","","0","0","0","","2","N","","2","0","0","0","0","0","0","2","0","2","","03","","N","","","","","","","","","",""
"2022006941","1345","2","0","0","0","0","0","0","0","0","4","0","","02","1","2022","4","40.548621","-80.036975","1339","11","0","0","0","0","0","0","1","0","","0","0","0","","","0","N","1","","40 32:55.036","2","0","80 02:13.109","0","0","0","0","2116","0","0","0","Y","0","0","0","2","02116","0","","1.0","1421.0","1","N","N","N","0","","0","0","0","","2","N","","2","0","0","0","0","0","0","2","0","2","","","","N","","","","","","","","","",""
"2022017417","0710","1","0","0","0","0","0","0","0","0","5","0","","02","2","2022","4","40.632685","-80.097519","0643","11","0","0","0","0","0","0","0","0","","0","0","0","","","1","N","0","","40 37:57.666","","0","80 05:51.069","8","0","0","0","2212","0","0","0","N","0","0","0","2","68B03","0","","1.0","","1","N","N","N","0","","0","0","1","","0","","","2","1","0","0","0","1","0","2","0","2","","03","","N","","","","","","","","","",""
"2022027612","1709","1","0","0","0","0","0","0","0","0","1","0","","02","3","2022","4","40.442171","-79.713322","1659","11","0","0","0","0","0","0","0","0","","0","0","0","","","0","","2","","40 26:31.816","","0","79 42:47.960","0","0","0","0","2446","0","0","0","N","0","0","0","7","02446","0","","1.0","","1","N","N","N","0","","0","0","1","","2","","","2","0","0","0","0","0","0","2","0","2","","03","","N","","","","","","","","","",""
"2022016850","0806","0","0","0","0","0","0","0","0","0","4","0","","02","2","2022","3","40.615525","-80.083045","0758","11","0","0","0","0","0","1","0","0","","0","0","0","","","0","","2","","40 36:55.889","3","0","80 04:58.962","0","0","0","0","2481","0","0","0","N","0","0","0","2","02481","0","","1.0","830.0","1","N","N","N","0","","0","0","2","","4","N","","2","0","0","0","0","0","0","2","0","2","","","","N","","","","","","","","","",""
"2022015939","1609","1","0","0","0","0","0","0","0","0","7","0","","02","2","2022","6","40.374903","-79.796001","1609","11","0","0","0","0","0","0","0","0","","0","0","0","","","1","N","0","","40 22:29.652","6","0","79 47:45.602","4","0","0","0","2111","0","0","0","N","0","0","0","1","02111","1","","5.0","1755.0","6","N","N","N","0","","0","0","0","","0","Y","","1","1","0","0","0","0","0","2","0","1","","10","","N","","","","","","","","","",""
"2022019736","2126","1","0","0","0","0","0","0","0","0","7","0","","02","2","2022","3","40.512213","-79.843405","2124","11","0","0","0","0","0","0","0","0","","0","0","0","","","0","N","2","","40 30:43.968","3","0","79 50:36.259","0","0","0","0","2451","0","0","0","Y","0","0","0","1","02451","0","","5.0","2132.0","9","N","N","N","0","","0","0","0","","0","N","","1","0","0","0","0","0","0","2","0","1","","","","N","","","","","","","","","",""
"2022018643","0104","0","0","0","0","0","0","0","0","0","7","0","","02","2","2022","2","40.408148","-79.954496","0057","11","0","0","0","0","0","0","0","0","","0","0","0","","","1","N","0","","40 24:29.333","7","0","79 57:16.185","3","0","0","0","2403","0","0","0","N","0","0","0","1","02403","0","","5.0","200.0","9","","","N","0","","1","0","0","","0","Y","","1","1","0","0","0","0","0","2","1","1","","","","N","","","","","","","","","",""
"2022018633","0608","2","0","0","0","0","0","0","0","0","5","0","","02","2","2022","1","40.349971","-79.821066","0602","11","0","0","0","0","0","1","0","0","","0","0","0","","","0","","1","","40 20:59.895","","0","79 49:15.837","0","0","0","0","2477","0","0","0","N","0","0","0","1","02477","0","","2.0","","1","N","N","N","0","","0","0","0","","0","","","2","0","0","0","0","0","0","2","0","2","","03","","N","","","","","","","","","",""
"2022018567","1214","1","0","0","0","0","0","0","0","0","7","0","","02","2","2022","5","40.435949","-79.974246","1130","11","0","0","0","0","0","0","0","0","","0","0","0","","","0","N","0","","40 26:09.415","","0","79 58:27.284","0","0","0","0","2301","0","0","0","N","0","0","0","1","68B03","0","","2.0","","9","N","N","N","0","","0","0","0","","0","","","1","0","0","0","0","0","0","2","0","1","","","","N","","","","","","","","","",""
"2022018539","0123","2","0","0","0","0","0","0","0","0","2","0","","02","1","2022","6","40.437823","-80.004149","0104","11","0","0","0","0","0","1","0","0","","0","0","0","","","1","N","3","","40 26:16.164","4","0","80 00:14.937","3","0","0","0","2301","0","0","0","N","0","0","0","2","68B03","0","","1.0","150.0","1","N","N","N","0","","1","0","0","","0","N","","2","1","0","0","0","0","0","2","0","2","","03","","N","","","","","","","","","",""
"2022015783","0150","1","0","0","0","0","0","0","0","0","3","0","","02","2","2022","7","40.472438","-79.883579","0140","11","0","0","0","0","0","0","0","0","","0","0","0","","","1","","11","","40 28:20.776","","0","79 53:00.884","3","0","0","0","2113","1","0","0","N","1","0","0","2","02113","0","","5.0","","9","N","N","N","0","","1","0","0","","0","","","2","1","0","0","0","0","0","2","0","1","","","","N","","","","","","","","","",""
"2022020421","1738","0","0","0","0","0","0","0","0","0","7","0","","02","2","2022","6","40.546417","-79.90611","1730","11","0","0","0","0","0","0","1","0","","0","1","0","","","0","N","0","","40 32:47.100","","0","79 54:21.997","0","0","0","0","2209","0","0","0","Y","0","0","0","1","02209","0","","5.0","","2","N","N","N","0","","0","0","0","","0","N","","1","0","0","0","0","0","0","2","0","1","","","","N","","","","","","","","","",""
"2022026611","2010","2","0","0","0","0","0","0","0","0","1","0","","02","3","2022","3","40.435787","-79.927069","2005","11","0","0","0","0","0","0","0","1","","0","0","0","","","1","N","2","","40 26:08.833","4","0","79 55:37.448","3","0","0","0","2301","0","0","0","N","0","0","0","2","02301","0","","1.0","2045.0","1","N","N","N","0","","1","0","0","","0","Y","","2","1","0","0","0","0","0","2","0","2","","03","","N","","","","","","","","","",""
"2022017228","0745","2","0","0","0","0","0","0","0","0","1","0","","02","2","2022","4","40.457684","-79.976234","0730","11","0","0","0","0","0","1","0","0","","0","0","0","","","0","N","0","","40 27:27.663","","0","79 58:34.444","0","0","0","0","2301","0","0","0","N","0","0","0","2","02301","0","","1.0","","1","N","N","N","0","","0","0","0","","3","","","2","0","0","0","0","0","0","2","0","2","","03","","N","","","","","","","","","",""