"CRN","ARRIVAL_TM","AUTOMOBILE_COUNT","BELTED_DEATH_COUNT","BELTED_SUSP_SERIOUS_INJ_COUNT","BICYCLE_COUNT","BICYCLE_DEATH_COUNT","BICYCLE_SUSP_SERIOUS_INJ_COUNT","BUS_COUNT","CHLDPAS_DEATH_COUNT","CHLDPAS_SUSP_SERIOUS_INJ_COUNT","COLLISION_TYPE","COMM_VEH_COUNT","CONS_ZONE_SPD_LIM","COUNTY","CRASH_MONTH","CRASH_YEAR","DAY_OF_WEEK","DEC_LATITUDE","DEC_LONGITUDE","DISPATCH_TM","DISTRICT","DRIVER_COUNT_16YR","DRIVER_COUNT_17YR","DRIVER_COUNT_18YR","DRIVER_COUNT_19YR","DRIVER_COUNT_20YR","DRIVER_COUNT_50_64YR","DRIVER_COUNT_65_74YR","DRIVER_COUNT_75PLUS","EST_HRS_CLOSED","FATAL_COUNT","HEAVY_TRUCK_COUNT","HORSE_BUGGY_COUNT","HOUR_OF_DAY","ILLUMINATION","INJURY_COUNT","INTERSECTION_RELATED","INTERSECT_TYPE","LANE_CLOSED","LATITUDE","LN_CLOSE_DIR","LOCATION_TYPE","LONGITUDE","MAX_SEVERITY_LEVEL","MCYCLE_DEATH_COUNT","MCYCLE_SUSP_SERIOUS_INJ_COUNT","MOTORCYCLE_COUNT","MUNICIPALITY","NONMOTR_COUNT","NONMOTR_DEATH_COUNT","NONMOTR_SUSP_SERIOUS_INJ_COUNT","NTFY_HIWY_MAINT","PED_COUNT","PED_DEATH_COUNT","PED_SUSP_SERIOUS_INJ_COUNT","PERSON_COUNT","POLICE_AGCY","POSSIBLE_INJ_COUNT","RDWY_SURF_TYPE_CD","RELATION_TO_ROAD","ROADWAY_CLEARED","ROAD_CONDITION","SCH_BUS_IND","SCH_ZONE_IND","SECONDARY_CRASH","SMALL_TRUCK_COUNT","SPEC_JURIS_CD","SUSP_MINOR_INJ_COUNT","SUSP_SERIOUS_INJ_COUNT","SUV_COUNT","TCD_FUNC_CD","TCD_TYPE","TFC_DETOUR_IND","TIME_OF_DAY","TOTAL_UNITS","TOT_INJ_COUNT","UNBELTED_OCC_COUNT","UNB_DEATH_COUNT","UNB_SUSP_SERIOUS_INJ_COUNT","UNK_INJ_DEG_COUNT","UNK_INJ_PER_COUNT","URBAN_RURAL","VAN_COUNT","VEHICLE_COUNT","WEATHER1","WEATHER2","WORKERS_PRES","WORK_ZONE_IND","WORK_ZONE_LOC","WORK_ZONE_TYPE","WZ_CLOSE_DETOUR","WZ_FLAGGER","WZ_LAW_OFFCR_IND","WZ_LN_CLOSURE","WZ_MOVING","WZ_OTHER","WZ_SHLDER_MDN","WZ_WORKERS_INJ_KILLED"
"2022018201","1656","0","0","0","0","0","0","0","0","0","1","0","","02","2","2022","6","40.51571","-80.267973","1654","11","0","0","0","0","0","0","0","0","","0","0","0","","","0","N","0","","40 30:56.557","2","0","80 16:04.701","0","0","0","0","2203","0","0","0","N","0","0","0","2","02203","0","","1.0","1718.0","1","N","N","N","1","","0","0","1","","0","N","","2","0","0","0","0","0","0","2","0","2","","","","N","","","","","","","","","",""
"2022017868","0855","1","0","0","0","0","0","0","0","0","0","0","","02","2","2022","4","40.409853","-80.081054","0850","11","0","0","0","0","0","1","0","0","","0","0","0","","","3","N","0","","40 24:35.472","","8","80 04:51.795","8","0","0","0","2415","0","0","0","Y","0","0","0","4","02415","0","","1.0","","1","N","N","N","0","","0","0","1","","0","","","2","3","0","0","0","3","0","2","0","2","","03","","N","","","","","","","","","",""
"2022013991","1432","0","0","0","0","0","0","0","0","0","4","0","","02","2","2022","2","40.37964","-79.809379","1430","11","0","0","0","0","0","1","0","0","","0","0","0","","","0","","2","","40 22:46.703","","0","79 48:33.764","0","0","0","0","2111","0","0","0","N","0","0","0","3","02111","0","","1.0","","1","N","N","N","0","","0","0","2","","0","","","2","0","0","0","0","0","0","2","0","2","","03","","N","","","","","","","","","",""
"2022018303","0553","0","0","0","0","0","0","0","0","0","5","2","","02","1","2022","5","40.429374","-79.715791","0544","11","0","0","0","0","0","0","1","0","","0","2","0","","","0","N","0","","40 25:45.746","3","0","79 42:56.846","0","0","0","0","2446","0","0","0","N","0","0","0","2","02446","0","","1.0","900.0","1","N","N","N","0","","0","0","0","","0","N","","2","0","0","0","0","0","0","2","0","2","","","","N","","","","","","","","","",""
"2022019270","0107","1","0","0","0","0","0","0","0","0","7","0","","02","2","2022","7","40.439439","-80.010225","0105","11","0","0","0","0","0","0","0","0","","0","0","0","","","1","","3","","40 26:21.982","","8","80 00:36.809","8","0","0","0","2301","0","0","0","Y","0","0","0","1","68B03","0","","3.0","","1","N","N","N","0","","0","0","0","","0","","","1","1","0","0","0","1","0","2","0","1","","","","N","","","","","","","","","",""
"2022018224","0929","0","0","0","0","0","0","0","0","0","7","0","","02","2","2022","7","40.603029","-80.073005","0929","11","1","0","0","0","0","0","0","0","","0","0","0","","","0","N","0","","40 36:10.903","3","0","80 04:22.819","0","0","0","0","2481","0","0","0","N","0","0","0","1","02481","0","","2.0","1010.0","7","N","N","N","0","","0","0","1","","0","Y","","1","0","0","0","0","0","0","2","0","1","","10","","N","","","","","","","","","",""
"2022026721","1909","1","0","0","0","0","0","0","0","0","7","0","","02","3","2022","7","40.574027","-79.787349","1828","11","0","0","0","0","0","0","0","0","","0","0","0","","","0","N","0","","40 34:26.498","","0","79 47:14.456","0","0","0","0","2104","0","0","0","Y","0","0","0","1","68D02","0","","4.0","","9","N","N","N","0","","0","0","0","","0","","","1","0","0","0","0","0","0","2","0","1","","","","N","","","","","","","","","",""
"2022020117","1700","1","0","0","0","0","0","0","0","0","1","0","","02","2","2022","2","40.497199","-79.931274","1651","11","0","0","0","0","0","0","0","0","","0","0","0","","","0","N","0","","40 29:49.918","1","0","79 55:52.588","0","0","0","0","2461","0","0","0","N","0","0","0","3","68D02","0","","1.0","1740.0","1","N","N","N","0","","0","0","1","","0","N","","2","0","0","0","0","0","0","2","0","2","","","","N","","","","","","","","","",""
"2022017479","1224","0","0","0","0","0","0","0","0","0","7","0","","02","1","2022","2","40.472546","-80.214296","1204","11","0","0","0","0","0","0","0","0","","0","0","0","","","0","N","0","","40 28:21.166","","0","80 12:51.466","0","0","0","0","2203","0","0","0","Y","0","0","0","1","68B03","0","","5.0","","7","N","N","N","1","","0","0","0","","0","","","1","0","0","0","0","0","0","2","0","1","","10","","N","","","","","","","","","",""
"2022017169","1555","1","0","0","0","0","0","0","0","0","7","0","","02","2","2022","6","40.442775","-79.811143","1549","11","0","0","0","0","0","1","0","0","","0","0","0","","","1","N","0","","40 26:33.991","3","0","79 48:40.113","4","0","0","0","2113","0","0","0","N","0","0","0","1","68B03","1","","2.0","1626.0","6","N","N","N","0","","0","0","0","","0","N","","1","1","0","0","0","0","0","2","0","1","","","","N","","","","","","","","","",""
"2022017798","1611","2","0","0","0","0","0","0","0","0","4","0","","02","1","2022","2","40.577856","-80.22035","1611","11","0","0","0","0","0","1","0","0","","0","0","0","","","1","N","1","","40 34:40.283","","0","80 13:13.260","3","0","0","0","2441","0","0","0","N","0","0","0","3","02441","0","","1.0","","1","N","N","N","0","","1","0","0","","3","N","","2","1","0","0","0","0","0","2","0","2","","03","","N","","","","","","","","","",""
"2022019932","0742","1","0","0","0","0","0","0","0","0","7","0","","02","2","2022","2","40.520126","-80.275006","0742","11","0","0","0","0","0","0","0","0","","0","0","0","","","0","N","0","","40 31:12.455","","0","80 16:30.020","0","0","0","0","2203","0","0","0","Y","0","0","0","1","68B03","0","","4.0","","2","N","N","N","0","","0","0","0","","0","","","1","0","0","0","0","0","0","2","0","1","","03","","N","","","","","","","","","",""
"2022003406","1405","1","0","0","0","0","0","0","0","0","7","0","","02","1","2022","6","40.573176","-79.862693","1350","11","0","0","0","0","0","0","0","0","","0","0","0","","","0","N","0","","40 34:23.435","","0","79 51:45.694","0","0","0","0","2209","0","0","0","N","0","0","0","1","68T02","0","","2.0","","6","N","N","N","0","","0","0","0","","0","","","1","0","0","0","0","0","0","2","0","1","","10","","N","","","","","","","","","",""
"2022018265","2013","2","0","0","0","0","0","0","0","0","4","0","","02","2","2022","2","40.623049","-80.06293","2009","11","0","1","0","0","0","1","0","0","","0","0","0","","","0","N","0","","40 37:22.978","","0","80 03:46.547","0","0","0","0","2216","0","0","0","N","0","0","0","3","02505","0","","1.0","","1","N","N","N","0","","0","0","0","","0","","","2","0","0","0","0","0","0","2","0","2","","","","N","","","","","","","","","",""
"2022018827","1735","0","0","0","0","0","0","0","0","0","1","0","","02","2","2022","1","40.45091","-80.138418","1732","11","0","0","0","0","0","0","0","0","","0","0","0","","","2","N","0","","40 27:03.277","2","0","80 08:18.304","3","0","0","0","2115","0","0","0","N","0","0","0","3","02115","0","","1.0","1816.0","1","N","N","N","0","","2","0","2","","2","N","","2","2","0","0","0","0","0","2","0","2","","","","N","","","","","","","","","",""
"2022017419","1520","1","0","0","0","0","0","0","0","0","1","0","","02","2","2022","4","40.416484","-79.94014","1515","11","0","0","0","0","0","0","0","0","","0","0","0","","","3","N","0","","40 24:59.343","5","0","79 56:24.503","3","0","0","0","2301","0","0","0","N","0","0","0","4","02301","2","","1.0","1600.0","1","N","N","N","0","","1","0","1","","0","N","","2","3","2","0","0","0","0","2","0","2","","","","N","","","","","","","","","",""
"2022019801","2056","1","0","0","0","0","0","0","0","0","7","0","","02","2","2022","5","40.412465","-80.078514","2048","11","0","0","0","0","0","0","0","0","","0","0","0","","","0","N","0","","40 24:44.873","3","0","80 04:42.649","0","0","0","0","2117","0","0","0","N","0","0","0","1","68B03","0","","4.0","2110.0","9","N","N","N","0","","0","0","0","","0","N","","1","0","0","0","0","0","0","2","0","1","","","","N","","","","","","","","","",""
"2022024965","1604","1","0","0","0","0","0","0","0","0","4","0","","02","3","2022","2","40.449185","-79.762249","1601","11","0","0","0","0","0","0","0","0","","0","0","0","","","0","","1","","40 26:57.065","","0","79 45:44.095","0","0","0","0","2446","0","0","0","N","0","0","0","2","02446","0","","1.0","","9","N","N","N","0","","0","0","1","","3","","","2","0","0","0","0","0","0","2","0","2","","07","","N","","","","","","","","","",""
"2022018759","1119","1","0","0","0","0","0","0","0","0","4","0","","02","2","2022","2","40.463577","-79.85118","1118","11","0","0","0","0","0","1","0","0","","0","0","0","","","0","N","0","","40 27:48.876","3","7","79 51:04.247","0","0","0","0","2113","0","0","0","N","0","0","0","2","02113","0","","1.0","1150.0","1","N","N","N","0","","0","0","1","","0","N","","2","0","0","0","0","0","0","2","0","2","","","","N","","","","","","","","","",""
"2022017935","0730","0","0","0","0","0","0","0","0","0","7","0","","02","2","2022","6","40.568408","-80.05642","0724","11","0","0","0","0","0","0","0","0","","0","0","0","","","0","N","2","","40 34:06.268","","0","80 03:23.112","0","0","0","0","2108","0","0","0","N","0","0","0","2","02108","0","","5.0","","2","N","N","N","0","","0","0","1","","0","","","1","0","0","0","0","0","0","2","0","1","","","","N","","","","","","","","","",""
"2022016036","2303","0","0","0","0","0","0","1","0","0","5","1","","02","2","2022","6","40.412965","-80.010008","2258","11","0","0","0","0","1","1","0","0","","0","0","0","","","0","N","1","","40 24:46.673","3","0","80 00:36.027","9","0","0","0","2301","0","0","0","N","0","0","0","4","02503","0","","1.0","2336.0","1","N","N","N","0","","0","0","1","","2","N","","2","0","0","0","0","0","1","2","0","2","","03","","N","","","","","","","","","",""
"2022016879","1230","0","0","0","0","0","0","0","0","0","0","1","","02","2","2022","3","40.324478","-79.903428","1224","11","0","0","0","0","0","1","0","0","","0","1","0","","","0","N","0","","40 19:28.120","6","0","79 54:12.340","0","0","0","0","2473","0","0","0","N","0","0","0","1","02473","0","","2.0","1630.0","1","N","N","N","0","","0","0","0","","0","N","","1","0","0","0","0","0","0","2","0","1","","","","N","","","","","","","","","",""
"2022016004","1934","1","0","0","0","0","0","0","0","0","4","0","","02","2","2022","7","40.650289","-80.078808","1926","11","0","0","0","0","0","0","0","1","","0","0","0","","","2","","1","","40 39:01.042","1","0","80 04:43.708","8","0","0","0","2212","0","0","0","N","0","0","0","3","02505","0","","1.0","2049.0","1","N","N","N","1","","0","0","0","","2","N","","2","2","0","0","0","2","0","2","0","2","","","","N","","","","","","","","","",""
"2022003893","1752","0","0","0","0","0","0","0","0","0","1","0","","02","1","2022","5","40.428932","-80.029188","1732","11","0","0","0","0","0","1","0","0","","0","0","0","","","1","N","0","","40 25:44.155","","0","80 01:45.076","4","0","0","0","2301","0","0","0","N","0","0","0","2","68B03","1","","1.0","","7","N","N","N","0","","0","0","2","","0","","","2","1","0","0","0","0","1","2","0","2","","02","","N","","","","","","","","","",""
"2022019170","1445","0","0","0","0","0","0","0","0","0","7","0","","02","2","2022","7","40.367528","-79.993872","1443","11","0","0","0","0","0","0","0","0","","0","0","0","","","0","N","0","","40 22:03.100","","0","79 59:37.940","0","0","0","0","2476","0","0","0","N","0","0","0","3","02476","0","","2.0","","1","N","N","N","0","","0","0","1","","0","","","1","0","0","0","0","0","0","2","0","1","","03","","N","","","","","","","","","",""
"2022026090","0737","1","0","0","0","0","0","0","0","0","1","0","","02","2","2022","1","40.443768","-79.77956","0730","11","0","0","0","0","0","1","0","0","","0","0","0","","","2","N","0","","40 26:37.564","","0","79 46:46.416","8","0","0","0","2446","0","0","0","N","0","0","0","2","68B03","0","","1.0","","1","N","N","N","0","","0","0","1","","0","","","2","2","0","0","0","2","0","2","0","2","","03","","N","","","","","","","","","",""
"2022016034","2305","1","0","1","0","0","0","0","0","0","7","0","","02","2","2022","7","40.330005","-79.842139","2300","11","0","0","0","0","0","0","0","0","","0","0","0","","","1","N","0","","40 19:48.019","","0","79 50:31.702","2","0","0","0","2304","0","0","0","N","0","0","0","1","02304","0","","2.0","","1","N","N","N","0","","0","1","0","","0","","","1","1","0","0","0","0","0","2","0","1","","03","","N","","","","","","","","","",""
"2022011514","1605","1","0","0","0","0","0","0","0","0","4","0","","02","2","2022","3","40.477149","-80.066197","1605","11","0","0","0","0","0","0","1","0","","0","0","0","","","1","N","2","","40 28:37.737","2","0","80 03:58.310","8","0","0","0","2122","0","0","0","N","0","0","0","2","02126","0","","1.0","1630.0","1","N","N","N","0","","0","0","1","","2","N","","2","1","1","0","0","1","0","2","0","2","","03","","N","","","","","","","","","",""
"2022003744","2113","2","0","0","0","0","0","0","0","0","4","0","","02","1","2022","1","40.350711","-80.014841","2108","11","0","0","0","1","1","0","0","0","","0","0","0","","","1","","1","","40 21:02.560","","0","80 00:53.427","4","0","0","0","2407","0","0","0","N","0","0","0","4","02407","1","","1.0","","1","N","N","N","0","","0","0","0","","2","","","2","1","0","0","0","0","0","2","0","2","","","","N","","","","","","","","","",""
"2022017399","1859","1","0","0","0","0","0","0","0","0","6","0","","02","2","2022","5","40.402248","-79.836815","1839","11","0","0","0","0","0","1","0","0","","0","0","0","","","0","N","0","","40 24:08.091","","0","79 50:12.535","9","0","0","0","2425","0","0","0","N","0","0","0","2","68B03","0","","1.0","","9","N","N","N","0","","0","0","1","","0","","","2","0","0","0","0","0","1","2","0","2","","06","","N","","","","","","","","","",""
"2022018214","0929","0","0","0","0","0","0","0","0","0","7","0","","02","2","2022","7","40.603029","-80.073005","0929","11","0","0","1","0","0","0","0","0","","0","0","0","","","0","N","0","","40 36:10.903","3","0","80 04:22.819","0","0","0","0","2481","0","0","0","N","0","0","0","1","02481","0","","2.0","1010.0","7","N","N","N","0","","0","0","1","","0","Y","","1","0","0","0","0","0","0","2","0","1","","10","","N","","","","","","","","","",""
"2022018217","0716","0","0","0","0","0","0","0","0","0","7","0","","02","2","2022","7","40.460959","-80.236509","0713","11","0","0","0","0","0","0","0","0","","0","0","0","","","1","N","0","","40 27:39.454","","0","80 14:11.434","3","0","0","0","2203","0","0","0","N","0","0","0","1","02203","0","","5.0","","1","N","N","N","0","","1","0","1","","0","","","1","1","1","0","0","0","0","2","0","1","","","","N","","","","","","","","","",""
"2022016276","2240","0","0","0","0","0","0","0","0","0","7","0","","02","2","2022","1","40.448506","-80.209781","2238","11","0","0","0","0","0","0","0","0","","0","0","0","","","1","N","0","","40 26:54.622","5","0","80 12:35.212","4","0","0","0","2214","0","0","0","N","0","0","0","1","02214","1","","5.0","2317.0","7","N","N","N","1","","0","0","0","","0","N","","1","1","0","0","0","0","0","2","0","1","","","","N","","","","","","","","","",""
"2022018270","1705","1","0","0","0","0","0","0","0","0","1","0","","02","2","2022","2","40.357173","-80.120508","1700","11","0","0","0","0","0","0","1","0","","0","0","0","","","0","N","0","","40 21:25.821","","0","80 07:13.827","0","0","0","0","2119","0","0","0","N","0","0","0","2","02119","0","","1.0","","1","N","N","N","1","","0","0","0","","0","","","2","0","0","0","0","0","0","2","0","2","","03","","N","","","","","","","","","",""
"2022019434","1135","0","0","0","0","0","0","0","0","0","7","0","","02","2","2022","6","40.425977","-79.897263","1101","11","0","0","0","0","1","0","0","0","","0","0","0","","","0","N","0","","40 25:33.516","","0","79 53:50.147","0","0","0","0","2463","0","0","0","Y","0","0","0","1","68B03","0","","2.0","","6","N","N","N","0","","0","0","1","","0","","","1","0","0","0","0","0","0","2","0","1","","10","","N","","","","","","","","","",""
"2022019455","1239","2","0","0","0","0","0","0","0","0","1","0","","02","2","2022","3","40.436977","-80.014739","1224","11","0","0","0","0","0","0","1","0","","0","0","0","","","1","N","0","","40 26:13.118","3","4","80 00:53.061","8","0","0","0","2301","0","0","0","N","0","0","0","3","68B03","0","","1.0","1240.0","1","N","N","N","1","","0","0","0","","0","N","","3","1","0","0","0","1","0","2","0","3","","03","","N","","","","","","","","","",""
"2022017040","2233","1","0","0","0","0","0","0","0","0","1","0","","02","2","2022","1","40.495948","-79.939728","2200","11","0","0","0","0","0","1","0","0","","0","0","0","","","0","N","0","","40 29:45.411","","3","79 56:23.021","0","0","0","0","2461","0","0","0","N","0","0","0","4","68D02","0","","1.0","","2","N","N","Y","0","","0","0","1","","0","","","2","0","0","0","0","0","0","2","0","2","","","","N","","","","","","","","","",""
"2022002635","1245","1","0","0","0","0","0","0","0","0","7","0","45","02","1","2022","2","40.493957","-79.903299","1226","11","0","0","0","0","0","0","0","0","","0","0","0","","","0","N","0","","40 29:38.245","1","0","79 54:11.875","0","0","0","0","2401","0","0","0","N","0","0","0","1","68D02","0","","2.0","1320.0","1","N","N","N","0","","0","0","0","","0","Y","","1","0","0","0","0","0","0","2","0","1","","","Y","Y","4","1","N","N","N","N","N","N","Y","N"
"2022019854","2038","1","0","0","0","0","0","0","0","0","7","0","","02","2","2022","4","40.626582","-80.038923","2033","11","0","1","0","0","0","0","0","0","","0","0","0","","","0","N","0","","40 37:35.696","6","0","80 02:20.121","0","0","0","0","2216","0","0","0","Y","0","0","0","1","02505","0","","2.0","2117.0","9","N","N","N","0","","0","0","0","","0","N","","1","0","0","0","0","0","0","2","0","1","","","","N","","","","","","","","","",""
"2022009348","1512","1","0","0","0","0","0","0","0","0","7","0","","02","1","2022","5","40.40288","-79.881557","1505","11","0","0","0","0","0","0","0","1","","0","0","0","","","0","","2","","40 24:10.368","","0","79 52:53.604","0","0","0","0","2475","0","0","0","N","0","0","0","1","02475","0","","5.0","","9","N","N","N","0","","0","0","0","","2","","","1","0","0","0","0","0","0","2","0","1","","07","","N","","","","","","","","","",""
"2022016026","2248","1","0","0","0","0","0","0","0","0","8","0","","02","2","2022","7","40.43755","-79.954545","2245","11","0","0","0","0","0","1","0","0","","0","0","0","","","1","","2","","40 26:15.179","1","0","79 57:16.361","8","0","0","0","2301","1","0","0","N","1","0","0","2","02301","0","","1.0","2320.0","1","N","N","N","0","","0","0","0","","0","Y","","2","1","0","0","0","1","0","2","0","1","","","","N","","","","","","","","","",""
"2022014470","1225","1","0","0","0","0","0","0","0","0","1","0","","02","2","2022","4","40.479757","-79.96595","1219","11","0","0","0","0","0","0","1","0","","0","0","0","","","1","","6","","40 28:47.125","","2","79 57:57.419","8","0","0","0","2118","0","0","0","N","0","0","0","2","02118","0","","7.0","","1","N","N","N","0","","0","0","1","","3","","","2","1","0","0","0","1","0","2","0","2","","","","N","","","","","","","","","",""
"2022015549","1258","1","0","0","0","0","0","0","0","0","7","0","","02","2","2022","6","40.465439","-79.992299","1249","11","0","0","0","0","0","0","0","0","","0","0","0","","","0","","2","","40 27:55.582","2","0","79 59:32.277","0","0","0","0","2301","0","0","0","N","0","0","0","1","02301","0","","5.0","1310.0","1","N","N","N","0","","0","0","0","","0","N","","1","0","0","0","0","0","0","2","0","1","","","","N","","","","","","","","","",""
"2022019257","1710","1","0","0","0","0","0","0","0","0","1","0","","02","2","2022","7","40.425783","-79.910698","1700","11","1","0","0","0","0","0","0","0","","0","0","0","","","2","N","0","","40 25:32.817","","0","79 54:38.512","3","0","0","0","2301","0","0","0","N","0","0","0","8","68B03","0","","1.0","","1","N","N","N","0","","2","0","2","","0","","","3","2","0","0","0","0","0","2","0","3","","","","N","","","","","","","","","",""
"2022016326","0827","0","0","0","0","0","0","0","0","0","7","1","55","02","2","2022","2","40.655927","-80.077505","0805","11","0","0","0","0","0","0","0","0","","0","1","0","","","1","N","0","","40 39:21.336","3","0","80 04:39.019","4","0","0","0","2212","0","0","0","N","0","0","0","1","68T02","1","","3.0","1130.0","1","N","N","N","0","","0","0","0","","8","N","","1","1","0","0","0","0","0","2","0","1","","03","N","Y","4","1","","","N","","","Y","","N"
"2022025255","0950","1","0","0","0","0","0","0","0","0","7","0","","02","3","2022","7","40.654235","-79.95169","0950","11","0","0","0","0","0","0","0","0","","0","0","0","","","0","N","0","","40 39:15.246","","0","79 57:06.085","0","0","0","0","2217","0","0","0","N","0","0","0","1","02505","0","","5.0","","7","N","N","N","0","","0","0","0","","0","","","1","0","0","0","0","0","0","2","0","1","","","","N","","","","","","","","","",""
"2022026424","1547","0","0","0","0","0","0","0","0","0","8","0","","02","3","2022","3","40.454763","-80.051975","1545","11","0","0","0","0","0","0","0","0","","0","0","0","","","1","N","1","","40 27:17.146","7","0","80 03:07.110","8","0","0","0","2301","1","0","0","N","1","0","0","2","02301","0","","1.0","1610.0","1","N","N","N","0","","0","0","1","","0","N","","2","1","0","0","0","1","0","2","0","1","","03","","N","","","","","","","","","",""
"2022009876","2047","2","0","0","0","0","0","0","0","0","2","0","","02","1","2022","5","40.536245","-80.180343","2045","11","0","0","0","0","0","0","0","0","","0","0","0","","","0","N","0","","40 32:10.482","","0","80 10:49.235","0","0","0","0","2458","0","0","0","N","0","0","0","1","02458","0","","6.0","","9","N","N","N","0","","0","0","0","","0","","","2","0","0","0","0","0","0","2","0","2","","","","N","","","","","","","","","",""
"2022018763","1130","1","0","0","0","0","0","0","0","0","4","0","","02","2","2022","2","40.409555","-80.080179","1129","11","0","0","0","0","0","1","0","0","","0","0","0","","","0","","2","","40 24:34.398","","0","80 04:48.643","0","0","0","0","2415","0","0","0","N","0","0","0","6","02415","0","","1.0","","1","N","N","N","0","","0","0","0","","3","","","2","0","0","0","0","0","0","2","1","2","","03","","N","","","","","","","","","",""
"2022011874","0832","0","0","0","0","0","0","0","0","0","4","0","","02","2","2022","4","40.45719","-79.937788","0830","11","0","0","0","0","0","2","0","0","","0","0","0","","","0","","2","","40 27:25.885","","0","79 56:16.037","0","0","0","0","2301","0","0","0","N","0","0","0","2","02301","0","","1.0","","1","N","N","N","1","","0","0","1","","3","","","2","0","0","0","0","0","0","2","0","2","","","","N","","","","","","","","","",""
"2022026689","0936","1","0","0","0","0","0","0","0","0","7","0","","02","3","2022","4","40.416224","-80.058716","0923","11","0","0","0","0","0","0","0","0","","0","0","0","","","1","N","0","","40 24:58.407","3","0","80 03:31.379","3","0","0","0","2435","0","0","0","N","0","0","0","1","68B03","0","","4.0","35.0","7","N","N","N","0","","1","0","0","","0","N","","1","1","0","0","0","0","0","2","0","1","","","","N","","","","","","","","","",""
"2022019810","0005","1","0","0","0","0","0","0","0","0","7","0","","02","2","2022","6","40.444508","-79.85305","2354","11","0","0","0","0","0","0","0","0","","0","0","0","","","1","N","0","","40 26:40.227","4","0","79 51:10.981","3","0","0","0","2419","0","0","0","N","0","0","0","2","68B03","0","","4.0","20.0","2","N","N","N","0","","1","0","0","","0","N","","1","1","0","0","0","0","0","2","0","1","","","","N","","","","","","","","","",""
"2022018449","0830","2","0","0","0","0","0","0","0","0","2","0","","02","2","2022","6","40.444321","-80.056756","0826","11","0","0","0","0","0","0","0","0","","0","0","0","","","1","N","0","","40 26:39.557","3","0","80 03:24.322","3","0","0","0","2439","0","0","0","N","0","0","0","1","02439","0","","6.0","910.0","9","","","N","0","","1","0","0","","0","N","","2","1","0","0","0","0","0","2","0","2","","98","","N","","","","","","","","","",""
"2022017443","1641","1","0","0","0","0","0","0","0","0","0","0","","02","2","2022","7","40.442364","-79.808672","1614","11","0","0","0","0","0","0","1","0","","0","0","0","","","0","N","0","","40 26:32.510","3","0","79 48:31.219","0","0","0","0","2113","0","0","0","N","0","0","0","2","68B03","0","","4.0","45.0","1","N","N","N","0","","0","0","0","","0","N","","1","0","0","0","0","0","0","2","0","1","","03","","N","","","","","","","","","",""
"2022022835","0130","1","0","0","0","0","0","0","0","0","7","0","","02","3","2022","7","40.336895","-79.837871","0127","11","0","0","0","0","0","0","0","0","","0","0","0","","","0","N","11","","40 20:12.822","","0","79 50:16.335","9","0","0","0","2304","0","0","0","N","0","0","0","1","02304","0","","2.0","","1","N","N","N","0","","0","0","0","","0","N","","1","0","1","0","0","0","1","2","0","1","","","","N","","","","","","","","","",""
"2022011795","0929","1","0","0","0","0","0","0","0","0","7","0","","02","1","2022","6","40.469834","-80.206521","0921","11","0","0","0","0","0","0","0","0","","0","0","0","","","0","N","0","","40 28:11.404","","0","80 12:23.476","0","0","0","0","2203","0","0","0","N","0","0","0","1","68B03","0","","4.0","","9","N","N","N","0","","0","0","0","","0","","","1","0","0","0","0","0","0","2","0","1","","10","","N","","","","","","","","","",""
"2022017645","1058","1","0","0","0","0","0","0","0","0","8","0","","02","2","2022","5","40.423036","-79.927569","1047","11","0","0","0","0","0","0","0","0","","0","0","0","","","1","","1","","40 25:22.929","2","0","79 55:39.248","8","0","0","0","2301","1","0","0","N","1","0","0","3","02301","0","","1.0","1110.0","9","N","N","N","0","","0","0","0","","2","N","","2","1","0","0","0","1","0","2","0","1","","","","Y","","","","","","","","","",""
"2022017951","1415","0","0","0","0","0","0","0","0","0","7","0","","02","2","2022","6","40.397958","-79.789963","1409","11","0","0","0","0","0","0","0","0","","0","0","0","","","0","N","0","","40 23:52.650","","0","79 47:23.867","0","0","0","0","2446","0","0","0","N","0","0","0","2","02446","0","","4.0","","7","N","N","N","0","","0","0","1","","0","","","1","0","0","0","0","0","0","2","0","1","","03","","N","","","","","","","","","",""
"2022017956","1035","1","0","0","0","0","0","0","0","0","5","0","","02","2","2022","6","40.544444","-80.035","1028","11","0","0","0","0","0","1","0","0","","0","0","0","","","0","N","0","","40 32:40.000","","0","80 02:06.000","0","0","0","0","2116","0","0","0","N","0","0","0","3","02116","0","","1.0","","1","N","N","N","0","","0","0","1","","0","","","2","0","0","0","0","0","0","2","0","2","","","","N","","","","","","","","","",""
"2022017407","1951","1","0","0","0","0","0","0","0","0","7","0","","02","2","2022","1","40.426329","-79.89266","1944","11","0","0","0","0","0","0","0","0","","0","0","0","","","0","N","0","","40 25:34.785","","2","79 53:33.577","0","0","0","0","2301","0","0","0","N","0","0","0","1","68B03","0","","5.0","","9","N","N","N","0","","0","0","0","","0","","","1","0","0","0","0","0","0","2","0","1","","03","","N","","","","","","","","","",""