"CRN","ARRIVAL_TM","AUTOMOBILE_COUNT","BELTED_DEATH_COUNT","BELTED_SUSP_SERIOUS_INJ_COUNT","BICYCLE_COUNT","BICYCLE_DEATH_COUNT","BICYCLE_SUSP_SERIOUS_INJ_COUNT","BUS_COUNT","CHLDPAS_DEATH_COUNT","CHLDPAS_SUSP_SERIOUS_INJ_COUNT","COLLISION_TYPE","COMM_VEH_COUNT","CONS_ZONE_SPD_LIM","COUNTY","CRASH_MONTH","CRASH_YEAR","DAY_OF_WEEK","DEC_LATITUDE","DEC_LONGITUDE","DISPATCH_TM","DISTRICT","DRIVER_COUNT_16YR","DRIVER_COUNT_17YR","DRIVER_COUNT_18YR","DRIVER_COUNT_19YR","DRIVER_COUNT_20YR","DRIVER_COUNT_50_64YR","DRIVER_COUNT_65_74YR","DRIVER_COUNT_75PLUS","EST_HRS_CLOSED","FATAL_COUNT","HEAVY_TRUCK_COUNT","HORSE_BUGGY_COUNT","HOUR_OF_DAY","ILLUMINATION","INJURY_COUNT","INTERSECTION_RELATED","INTERSECT_TYPE","LANE_CLOSED","LATITUDE","LN_CLOSE_DIR","LOCATION_TYPE","LONGITUDE","MAX_SEVERITY_LEVEL","MCYCLE_DEATH_COUNT","MCYCLE_SUSP_SERIOUS_INJ_COUNT","MOTORCYCLE_COUNT","MUNICIPALITY","NONMOTR_COUNT","NONMOTR_DEATH_COUNT","NONMOTR_SUSP_SERIOUS_INJ_COUNT","NTFY_HIWY_MAINT","PED_COUNT","PED_DEATH_COUNT","PED_SUSP_SERIOUS_INJ_COUNT","PERSON_COUNT","POLICE_AGCY","POSSIBLE_INJ_COUNT","RDWY_SURF_TYPE_CD","RELATION_TO_ROAD","ROADWAY_CLEARED","ROAD_CONDITION","SCH_BUS_IND","SCH_ZONE_IND","SECONDARY_CRASH","SMALL_TRUCK_COUNT","SPEC_JURIS_CD","SUSP_MINOR_INJ_COUNT","SUSP_SERIOUS_INJ_COUNT","SUV_COUNT","TCD_FUNC_CD","TCD_TYPE","TFC_DETOUR_IND","TIME_OF_DAY","TOTAL_UNITS","TOT_INJ_COUNT","UNBELTED_OCC_COUNT","UNB_DEATH_COUNT","UNB_SUSP_SERIOUS_INJ_COUNT","UNK_INJ_DEG_COUNT","UNK_INJ_PER_COUNT","URBAN_RURAL","VAN_COUNT","VEHICLE_COUNT","WEATHER1","WEATHER2","WORKERS_PRES","WORK_ZONE_IND","WORK_ZONE_LOC","WORK_ZONE_TYPE","WZ_CLOSE_DETOUR","WZ_FLAGGER","WZ_LAW_OFFCR_IND","WZ_LN_CLOSURE","WZ_MOVING","WZ_OTHER","WZ_SHLDER_MDN","WZ_WORKERS_INJ_KILLED"
"2022023008","0857","2","0","0","0","0","0","0","0","0","2","0","","02","3","2022","1","40.390586","-79.96195","0856","11","0","0","0","0","0","0","0","0","","0","0","0","","","0","","3","","40 23:26.111","","0","79 57:43.019","0","0","0","0","2403","0","0","0","N","0","0","0","2","02403","0","","1.0","","1","N","N","N","0","","0","0","0","","3","","","2","0","0","0","0","0","0","2","0","2","","03","","N","","","","","","","","","",""
"2022030306","2317","2","0","0","0","0","0","0","0","0","4","0","","02","3","2022","1","40.572128","-80.023504","2311","11","0","0","1","0","0","0","1","0","","0","0","0","","","1","","1","","40 34:19.660","1","0","80 01:24.616","8","0","0","0","2108","0","0","0","N","0","0","0","3","02108","0","","1.0","24.0","1","N","N","N","0","","0","0","0","","2","Y","","2","1","0","0","0","1","0","2","0","2","","03","","N","","","","","","","","","",""
"2022010566","0102","1","0","0","0","0","0","0","0","0","0","0","","02","1","2022","1","40.287143","-79.877157","0058","11","0","0","0","0","0","0","0","0","","1","0","0","","","0","N","0","","40 17:13.713","5","0","79 52:37.764","1","0","0","0","2302","0","0","0","N","0","0","0","1","02302","0","2","4.0","208.0","1","N","N","N","0","0","0","0","0","","0","Y","","1","0","0","0","0","0","0","2","0","1","","04","","N","","","","","","","","","",""
"2022025374","2041","1","0","0","0","0","0","0","0","0","7","0","","02","3","2022","6","40.23687","-79.817884","2031","11","0","0","0","0","0","0","0","0","","0","0","0","","","1","N","0","","40 14:12.733","5","0","79 49:04.383","3","0","0","0","2105","0","0","0","Y","0","0","0","1","02105","0","","5.0","2058.0","1","N","N","N","0","","1","0","0","","0","Y","","1","1","0","0","0","0","0","1","0","1","","03","","N","","","","","","","","","",""
"2022030938","1943","1","0","0","0","0","0","0","0","0","4","0","","02","3","2022","3","40.466389","-79.846876","1940","11","0","0","0","0","0","0","0","0","","0","0","0","","","0","N","0","","40 27:59.002","1","0","79 50:48.755","0","0","0","0","2113","0","0","0","N","0","0","0","2","02113","0","","1.0","2026.0","1","N","N","Y","0","","0","0","1","","0","N","","2","0","0","0","0","0","0","2","0","2","","03","","N","","","","","","","","","",""
"2022023682","1459","2","0","0","0","0","0","0","0","0","4","0","","02","3","2022","3","40.566044","-79.998834","1453","11","0","0","0","0","0","0","1","1","","0","0","0","","","2","","1","","40 33:57.759","","0","79 59:55.804","3","0","0","0","2108","0","0","0","N","0","0","0","2","02108","0","","1.0","","1","N","N","N","0","","1","0","0","","3","N","","2","2","0","0","0","1","0","2","0","2","","","","N","","","","","","","","","",""
"2022030881","1719","0","0","0","0","0","0","0","0","0","7","0","","02","3","2022","2","40.595067","-79.770822","1715","11","0","0","0","0","0","0","0","0","","0","0","0","","","1","N","0","","40 35:42.240","1","0","79 46:14.959","3","0","0","0","2104","0","0","0","Y","0","0","0","1","68D02","0","","4.0","1806.0","1","N","N","N","0","","1","0","1","","0","Y","","1","1","0","0","0","0","0","2","0","1","","03","","N","","","","","","","","","",""
"2022021185","1550","1","0","0","0","0","0","0","0","0","7","0","","02","2","2022","1","40.432902","-80.021882","1547","11","0","0","0","0","0","0","0","0","","0","0","0","","","0","","2","","40 25:58.447","","0","80 01:18.775","0","0","0","0","2301","0","0","0","N","0","0","0","1","02301","0","","5.0","","1","N","N","N","0","","0","0","0","","0","","","1","0","0","0","0","0","0","2","0","1","","03","","N","","","","","","","","","",""
"2022023052","1743","2","0","0","0","0","0","0","0","0","4","0","","02","3","2022","1","40.450687","-80.174371","1739","11","0","0","0","0","0","1","0","0","","0","0","0","","","1","","1","","40 27:02.474","","0","80 10:27.737","4","0","0","0","2214","0","0","0","N","0","0","0","4","02214","1","","1.0","","1","N","N","N","0","","0","0","0","","2","N","","2","1","0","0","0","0","0","2","0","2","","03","","N","","","","","","","","","",""
"2022028598","1743","2","0","0","0","0","0","0","0","0","1","0","","02","3","2022","3","40.440734","-79.960479","1730","11","0","0","0","0","0","0","1","0","","0","0","0","","","1","N","0","","40 26:26.643","","0","79 57:37.725","3","0","0","0","2301","0","0","0","N","0","0","0","3","02301","0","","1.0","","1","N","N","N","0","","1","0","0","","0","","","2","1","0","0","0","0","2","2","0","2","","04","","N","","","","","","","","","",""
"2022022913","2354","1","0","0","0","0","0","0","0","0","7","0","","02","3","2022","7","40.430916","-80.039206","2349","11","0","0","0","0","0","0","0","0","","0","0","0","","","1","N","2","","40 25:51.298","","0","80 02:21.141","3","0","0","0","2301","0","0","0","Y","0","0","0","1","02301","0","","2.0","","1","N","N","N","0","","1","0","0","","0","","","1","1","0","0","0","0","0","2","0","1","","","","N","","","","","","","","","",""
"2022029806","1731","1","0","0","0","0","0","1","0","0","1","1","","02","3","2022","6","40.35455","-79.913757","1713","11","0","0","0","0","0","0","0","0","","0","0","0","","","0","N","2","","40 21:16.379","","0","79 54:49.524","0","0","0","0","2473","0","0","0","N","0","0","0","2","02503","0","","1.0","","9","N","N","N","0","","0","0","0","","0","","","2","0","0","0","0","0","0","2","0","2","","","","N","","","","","","","","","",""
"2022030993","1209","1","0","0","0","0","0","0","0","0","7","0","","02","3","2022","3","40.436054","-79.999811","1202","11","0","0","0","0","0","0","0","0","","0","0","0","","","4","N","0","","40 26:09.796","4","2","79 59:59.320","4","0","0","0","2301","0","0","0","N","0","0","0","4","68B03","4","","2.0","1240.0","1","N","N","N","0","","0","0","0","","0","N","","1","4","0","0","0","0","0","2","0","1","","","","N","","","","","","","","","",""
"2022016839","1028","1","0","0","0","0","0","0","0","0","5","0","","02","2","2022","3","40.478679","-80.042821","1022","11","0","0","0","0","0","0","0","0","","0","0","0","","","0","N","0","","40 28:43.243","","0","80 02:34.156","0","0","0","0","2301","0","0","0","N","0","0","0","1","02301","0","","1.0","","1","N","N","N","0","","0","0","0","","0","N","","2","0","0","0","0","0","0","2","0","2","","03","","N","","","","","","","","","",""
"2022020884","0224","3","0","0","0","0","0","0","0","0","1","0","","02","2","2022","3","40.423448","-79.977668","0224","11","0","0","0","0","0","0","0","0","","0","0","0","","","0","N","2","","40 25:24.411","","0","79 58:39.605","0","0","0","0","2301","0","0","0","N","0","0","0","0","02301","0","","2.0","","1","N","N","N","0","","0","0","0","","0","","","3","0","0","0","0","0","0","2","0","3","","03","","N","","","","","","","","","",""
"2022030399","0210","0","0","0","0","0","0","0","0","0","7","0","","02","3","2022","1","40.557399","-80.017351","0205","11","0","0","0","0","0","0","0","0","","0","0","0","","","4","N","0","","40 33:26.637","6","0","80 01:02.464","3","0","0","0","2108","0","0","0","N","0","0","0","4","02108","2","","5.0","400.0","9","N","N","N","0","","2","0","1","","0","N","","1","4","0","0","0","0","0","2","0","1","","","","N","","","","","","","","","",""
"2022024122","1418","1","0","0","0","0","0","0","0","0","4","0","","02","3","2022","2","40.347642","-79.947235","1416","11","0","0","0","1","0","1","0","0","","0","0","0","","","2","","1","","40 20:51.512","1","0","79 56:50.047","8","0","0","0","2473","0","0","0","N","0","0","0","3","02473","0","","1.0","1500.0","9","N","N","N","0","","0","0","1","","3","Y","","2","2","0","0","0","2","0","2","0","2","","","","N","","","","","","","","","",""
"2022024643","1804","2","0","0","0","0","0","0","0","0","1","0","","02","3","2022","5","40.510374","-79.715737","1756","11","0","0","0","0","0","2","0","0","","0","0","0","","","1","N","0","","40 30:37.348","5","0","79 42:56.652","8","0","0","0","2466","0","0","0","N","0","0","0","3","02466","0","","1.0","1844.0","1","N","N","N","0","","0","0","0","","0","Y","","2","1","0","0","0","1","0","1","0","2","","03","","N","","","","","","","","","",""
"2022017246","1019","1","0","0","0","0","0","0","0","0","4","0","","02","2","2022","3","40.585147","-79.777236","1016","11","0","0","0","0","0","1","0","0","","0","0","0","","","1","N","0","","40 35:06.528","2","0","79 46:38.050","3","0","0","0","2104","0","0","0","N","0","0","0","1","02514","0","","2.0","1100.0","1","N","N","N","0","","1","0","1","","0","N","","2","1","0","0","0","0","0","2","0","2","","","","N","","","","","","","","","",""
"2022031217","2017","2","0","0","0","0","0","0","0","0","4","0","","02","3","2022","3","40.35194","-79.852721","2015","11","0","0","0","0","0","0","1","0","","0","0","0","","","0","","1","","40 21:06.984","","0","79 51:09.795","0","0","0","0","2304","0","0","0","N","0","0","0","2","02304","0","","1.0","","1","N","N","N","0","","0","0","0","","3","N","","2","0","0","0","0","0","0","2","0","2","","03","","N","","","","","","","","","",""
"2022027916","0157","2","0","0","0","0","0","0","0","0","5","0","","02","3","2022","1","40.428843","-79.982683","0157","11","0","0","0","0","0","0","0","0","","0","0","0","","","0","N","0","","40 25:43.834","","0","79 58:57.659","0","0","0","0","2301","0","0","0","N","0","0","0","4","02301","0","","6.0","","1","N","N","N","0","","0","0","0","","0","","","2","0","0","0","0","0","0","2","0","2","","03","","N","","","","","","","","","",""
"2022023837","1712","0","0","0","0","0","0","0","0","0","1","0","","02","3","2022","3","40.428821","-80.024075","1701","11","0","0","0","0","0","0","0","0","","0","0","0","","","0","","2","","40 25:43.757","2","0","80 01:26.669","0","0","0","0","2301","0","0","0","N","0","0","0","3","02301","0","","1.0","1740.0","1","N","N","N","0","","0","0","2","","0","N","","2","0","0","0","0","0","0","2","0","2","","","","N","","","","","","","","","",""
"2022025796","0815","1","0","0","0","0","0","0","0","0","7","0","","02","3","2022","1","40.487181","-79.772694","0809","11","0","0","0","0","0","0","0","0","","0","0","0","","","1","N","0","","40 29:13.852","5","0","79 46:21.698","8","0","0","0","2466","0","0","0","N","0","0","0","1","02466","0","","5.0","840.0","2","N","N","N","0","","0","0","0","","0","N","","1","1","0","0","0","1","0","2","0","1","","","","N","","","","","","","","","",""
"2022022901","1600","0","0","0","0","0","0","0","0","0","8","0","","02","2","2022","7","40.535511","-79.970398","1559","11","0","0","0","0","0","1","0","0","","0","0","0","","","1","N","0","","40 32:07.841","1","0","79 58:13.434","8","0","0","0","2118","1","0","0","N","1","0","0","2","02118","0","","1.0","1612.0","1","N","N","N","0","","0","0","1","","0","N","","2","1","0","0","0","1","0","2","0","1","","03","","N","","","","","","","","","",""
"2022031317","1142","0","0","0","0","0","0","0","0","0","0","0","","02","3","2022","4","40.556574","-80.204013","1140","11","0","0","0","0","0","1","0","0","","0","0","0","","","0","N","0","","40 33:23.667","1","0","80 12:14.446","0","0","0","0","2427","0","0","0","N","0","0","0","3","02427","0","","1.0","1219.0","1","N","N","N","1","","0","0","1","","0","N","","2","0","0","0","0","0","0","2","0","2","","","","N","","","","","","","","","",""
"2022029903","0841","1","0","0","0","0","0","0","0","0","7","0","","02","3","2022","7","40.447972","-80.021333","0834","11","0","0","0","0","0","0","0","0","","0","0","0","","","1","N","0","","40 26:52.700","","0","80 01:16.800","4","0","0","0","2301","0","0","0","N","0","0","0","1","02301","1","","5.0","","1","N","N","N","0","","0","0","0","","0","","","1","1","0","0","0","0","0","2","0","1","","","","N","","","","","","","","","",""
"2022024879","1320","2","0","0","0","0","0","0","0","0","4","0","","02","3","2022","5","40.34889","-79.939012","1316","11","0","0","0","0","0","1","2","0","","0","0","0","","","2","","2","","40 20:56.003","3","0","79 56:20.443","3","0","0","0","2473","0","0","0","N","0","0","0","4","02473","0","","1.0","1400.0","1","N","N","N","0","","1","0","2","","2","N","","4","2","0","0","0","1","0","2","0","4","","03","","N","","","","","","","","","",""
"2022022885","2125","0","0","0","0","0","0","0","0","0","98","0","","02","3","2022","4","40.278259","-79.939726","2125","11","0","0","0","0","0","0","0","0","","0","0","0","","","1","N","0","","40 16:41.731","","0","79 56:23.012","4","0","0","0","2440","0","0","0","N","0","0","0","4","68T09","1","","1.0","","9","N","N","N","0","","0","0","1","","0","","","1","1","0","0","0","0","0","2","0","1","","","","N","","","","","","","","","",""
"2022025945","1035","0","0","0","0","0","0","0","0","0","4","0","","02","3","2022","7","40.517754","-80.031009","1031","11","0","0","0","0","0","0","0","0","","0","0","0","","","0","","1","","40 31:03.916","4","0","80 01:51.631","0","0","0","0","2474","0","0","0","N","0","0","0","4","02474","0","","1.0","1105.0","6","N","N","N","0","","0","0","2","","2","Y","","2","0","0","0","0","0","0","2","0","2","","","","N","","","","","","","","","",""
"2022028138","0934","0","0","0","0","0","0","0","0","0","4","0","","02","3","2022","2","40.362347","-79.826167","0930","11","0","0","0","0","0","1","0","0","","0","0","0","","","1","N","1","","40 21:44.448","1","0","79 49:34.201","3","0","0","0","2111","0","0","0","N","0","0","0","2","02111","0","","1.0","1023.0","1","N","N","N","1","","1","0","0","","2","Y","","2","1","0","0","0","0","0","2","1","2","","03","","N","","","","","","","","","",""
"2022022768","2101","1","0","0","0","0","0","0","0","0","7","0","","02","3","2022","4","40.495712","-79.911041","2043","11","0","0","0","0","0","0","0","0","","0","0","0","","","0","N","0","","40 29:44.563","1","0","79 54:39.749","0","0","0","0","2112","0","0","0","N","0","0","0","1","68D02","0","","1.0","2130.0","1","N","N","N","0","","0","0","0","","0","Y","","1","0","0","0","0","0","0","2","0","1","","","","N","","","","","","","","","",""
"2022030071","0058","1","0","0","0","0","0","0","0","0","7","0","","02","3","2022","6","40.659451","-79.844365","0051","11","0","0","0","0","0","0","0","0","","0","0","0","","","0","N","0","","40 39:34.023","6","0","79 50:39.715","0","0","0","0","2220","0","0","0","N","0","0","0","1","02220","0","","2.0","1300.0","1","N","N","N","0","","0","0","0","","0","Y","","1","0","1","0","0","0","0","1","0","1","","03","","N","","","","","","","","","",""
"2022030962","0155","0","0","0","0","0","0","0","0","0","2","0","","02","3","2022","7","40.467323","-80.013472","0148","11","0","0","0","0","0","0","0","0","","0","0","0","","","0","N","2","","40 28:02.362","","0","80 00:48.499","0","0","0","0","2301","0","0","0","N","0","0","0","1","02301","0","","2.0","","1","","","N","0","","0","0","2","","0","N","","2","0","0","0","0","0","0","2","0","2","","03","","N","","","","","","","","","",""
"2022023259","1114","0","0","0","0","0","0","0","0","0","7","0","","02","3","2022","2","40.452425","-79.748607","1111","11","0","0","0","0","0","0","0","0","","0","0","0","","","0","N","0","","40 27:08.729","6","0","79 44:54.985","0","0","0","0","2446","0","0","0","N","0","0","0","2","02446","0","","5.0","1200.0","9","N","N","N","0","","0","0","1","","0","Y","","1","0","1","0","0","0","0","2","0","1","","","","N","","","","","","","","","",""
"2022024334","1524","0","0","0","0","0","0","0","0","0","8","0","","02","3","2022","4","40.358504","-80.112217","1523","11","0","0","0","0","0","0","0","0","","0","0","0","","","1","","1","","40 21:30.613","","0","80 06:43.981","4","0","0","0","2414","1","0","0","N","1","0","0","2","02414","1","","1.0","","9","N","N","N","1","","0","0","0","","2","","","2","1","0","0","0","0","0","2","0","1","","","","N","","","","","","","","","",""
"2022023053","0145","0","0","0","0","0","0","0","0","0","7","0","","02","3","2022","1","40.60623","-80.09952","0145","11","0","0","0","0","1","0","0","0","","0","0","0","","","0","N","0","","40 36:22.428","2","0","80 05:58.272","0","0","0","0","2481","0","0","0","Y","0","0","0","1","02481","0","","2.0","245.0","1","N","N","N","0","","0","0","1","","0","Y","","1","0","0","0","0","0","0","2","0","1","","03","","N","","","","","","","","","",""
"2022031299","1504","1","0","0","0","0","0","0","0","0","5","1","","02","3","2022","3","40.444223","-80.009304","1443","11","0","0","0","0","0","0","1","0","","0","1","0","","","1","N","0","","40 26:39.202","2","3","80 00:33.493","3","0","0","0","2301","0","0","0","N","0","0","0","3","68B03","0","","1.0","100.0","1","N","N","N","0","","1","0","0","","0","N","","2","1","0","0","0","0","0","2","0","2","","","","N","","","","","","","","","",""
"2022021912","1541","2","0","0","0","0","0","0","0","0","2","0","","02","3","2022","4","40.379323","-79.853508","1540","11","0","0","0","0","0","1","0","0","","0","0","0","","","0","","3","","40 22:45.562","2","0","79 51:12.628","0","0","0","0","2303","0","0","0","N","0","0","0","3","02303","0","","1.0","1630.0","1","N","N","N","0","","0","0","1","","0","Y","","3","0","0","0","0","0","0","2","0","3","","03","","N","","","","","","","","","",""
"2022029914","1019","2","0","0","0","0","0","0","0","0","2","0","","02","3","2022","7","40.452307","-80.060836","1012","11","0","0","0","0","0","0","0","0","","0","0","0","","","2","N","1","","40 27:08.305","7","0","80 03:39.009","4","0","0","0","2301","0","0","0","N","0","0","0","2","02301","2","","1.0","1152.0","1","N","N","N","0","","0","0","0","","3","N","","2","2","0","0","0","0","0","2","0","2","","","","N","","","","","","","","","",""
"2022023167","1824","0","0","0","0","0","0","0","0","0","1","0","","02","2","2022","1","40.43277","-79.870758","1821","11","0","0","0","0","0","0","0","0","","0","0","0","","","1","N","6","","40 25:57.972","4","0","79 52:14.727","8","0","0","0","2411","0","0","0","N","0","0","0","2","68B03","0","","1.0","1905.0","1","N","N","N","0","","0","0","2","","0","N","","2","1","0","0","0","1","0","2","0","2","","","","N","","","","","","","","","",""
"2022023305","2114","1","0","0","0","0","0","0","0","0","1","1","","02","3","2022","1","40.533497","-80.19245","2105","11","0","0","0","0","0","1","0","0","","0","1","0","","","1","","2","","40 32:00.590","1","3","80 11:32.819","3","0","0","0","2213","0","0","0","N","0","0","0","2","02213","0","","1.0","2154.0","9","N","N","N","0","","1","0","0","","2","Y","","2","1","0","0","0","0","0","2","0","2","","","","N","","","","","","","","","",""
"2022030998","0914","1","0","0","0","0","0","0","0","0","1","1","","02","3","2022","5","40.468749","-80.00246","0907","11","0","0","0","0","0","1","0","0","","0","1","0","","","0","N","0","","40 28:07.495","","0","80 00:08.855","0","0","0","0","2301","0","0","0","N","0","0","0","2","68B03","0","","1.0","","1","N","N","N","0","","0","0","0","","0","","","2","0","0","0","0","0","0","2","0","2","","03","","N","","","","","","","","","",""
"2022018948","0615","1","0","0","0","0","0","0","0","0","7","0","","02","2","2022","7","40.544043","-79.774562","0608","11","0","0","0","0","0","1","0","0","","0","0","0","","","0","N","0","","40 32:38.556","5","0","79 46:28.424","0","0","0","0","2462","0","0","0","N","0","0","0","1","02462","0","","2.0","756.0","1","N","N","N","0","","0","0","0","","0","N","","1","0","0","0","0","0","0","1","0","1","","","","N","","","","","","","","","",""
"2022029646","0714","2","0","0","0","0","0","0","0","0","1","0","","02","3","2022","5","40.432785","-79.937364","0706","11","0","0","0","0","0","1","0","0","","0","0","0","","","0","N","0","","40 25:58.025","","0","79 56:14.509","0","0","0","0","2301","0","0","0","N","0","0","0","1","02301","0","","4.0","","1","N","N","N","0","","0","0","0","","0","","","2","0","0","0","0","0","0","2","0","2","","03","","N","","","","","","","","","",""
"2022024828","1018","0","0","0","0","0","0","0","0","0","7","0","","02","3","2022","4","40.640169","-79.997463","0930","11","0","0","0","0","0","0","0","1","","0","0","0","","","0","N","0","","40 38:24.610","","0","79 59:50.868","0","0","0","0","2216","0","0","0","N","0","0","0","1","68T02","0","","4.0","","9","N","N","N","0","","0","0","1","","0","","","1","0","0","0","0","0","0","1","0","1","","10","","N","","","","","","","","","",""
"2022030447","1545","2","0","0","0","0","0","0","0","0","4","0","","02","3","2022","5","40.32922","-79.888443","1541","11","0","0","0","0","0","0","0","0","","0","0","0","","","2","","2","","40 19:45.193","7","0","79 53:18.396","4","0","0","0","2433","0","0","0","N","0","0","0","3","02433","2","","1.0","1622.0","1","N","N","Y","0","","0","0","0","","3","Y","","2","2","0","0","0","0","0","2","0","2","","","","N","","","","","","","","","",""
"2022028821","1315","0","0","0","0","0","0","0","0","0","1","1","","02","3","2022","3","40.387939","-79.996381","1305","11","0","0","0","0","0","0","0","0","","0","1","0","","","0","N","11","","40 23:16.582","","0","79 59:46.971","0","0","0","0","2301","0","0","0","N","0","0","0","3","02301","0","","1.0","","1","N","N","N","0","","0","0","2","","2","","","3","0","0","0","0","0","0","2","0","3","","03","","N","","","","","","","","","",""
"2022031456","2340","0","0","0","0","0","0","0","0","0","7","0","","02","3","2022","5","40.471997","-79.787703","2330","11","0","0","0","0","0","0","0","0","","0","0","0","","","0","","2","","40 28:19.189","","0","79 47:15.729","0","0","0","0","2113","0","0","0","N","0","0","0","2","02113","0","","5.0","","1","N","N","N","1","","0","0","0","","0","","","2","0","0","0","0","0","0","2","0","1","","","","N","","","","","","","","","",""
"2022030791","1322","1","0","0","0","0","0","0","0","0","7","0","","02","3","2022","5","40.592224","-79.959818","1319","11","0","0","0","0","0","0","0","0","","0","0","0","","","2","N","2","","40 35:32.008","4","0","79 57:35.346","3","0","0","0","2207","0","0","0","N","0","0","0","2","02207","1","","2.0","1403.0","1","N","N","N","0","","1","0","0","","0","N","","1","2","0","0","0","0","0","2","0","1","","03","","N","","","","","","","","","",""
"2022029649","1535","1","0","0","0","0","0","0","0","0","1","0","","02","3","2022","1","40.444313","-79.917831","1530","11","0","1","0","0","0","0","0","0","","0","0","0","","","1","","1","","40 26:39.527","1","0","79 55:04.192","3","0","0","0","2301","0","0","0","N","0","0","0","2","02301","0","","1.0","1550.0","1","N","N","N","0","","1","0","1","","2","Y","","2","1","0","0","0","0","0","2","0","2","","03","","N","","","","","","","","","",""
"2022030730","1310","2","0","0","0","0","0","0","0","0","4","0","","02","3","2022","7","40.325333","-79.987321","1305","11","0","0","1","0","0","1","0","0","","0","0","0","","","2","N","2","","40 19:31.198","5","0","79 59:14.355","3","0","0","0","2219","0","0","0","N","0","0","0","2","02219","1","","1.0","1350.0","1","N","N","N","0","","1","0","0","","0","N","","2","2","0","0","0","0","0","2","0","2","","10","","N","","","","","","","","","",""
"2022024119","1023","0","0","0","0","0","0","0","0","0","7","0","","02","3","2022","4","40.281444","-79.986921","1018","11","0","0","0","0","0","1","0","0","","0","0","0","","","0","N","0","","40 16:53.198","3","0","79 59:12.915","0","0","0","0","2219","0","0","0","N","0","0","0","1","02219","0","","5.0","1109.0","7","N","N","N","0","","0","0","1","","0","N","","1","0","0","0","0","0","0","1","0","1","","10","","N","","","","","","","","","",""
"2022030674","0657","1","0","0","0","0","0","0","0","0","4","0","","02","3","2022","3","40.604861","-80.050771","0652","11","0","0","1","0","0","0","0","0","","0","0","0","","","0","N","0","","40 36:17.500","","7","80 03:02.777","0","0","0","0","2108","0","0","0","N","0","0","0","2","02108","0","","1.0","","1","N","N","N","0","","0","0","1","","2","","","2","0","0","0","0","0","0","2","0","2","","","","N","","","","","","","","","",""
"2022030692","0713","1","0","0","0","0","0","0","0","0","1","0","","02","3","2022","5","40.574261","-79.787556","0713","11","0","0","0","0","0","1","0","0","","0","0","0","","","0","N","0","","40 34:27.340","2","0","79 47:15.202","0","0","0","0","2104","0","0","0","N","0","0","0","4","68D02","0","","1.0","810.0","9","N","N","N","0","","0","0","3","","0","N","","4","0","0","0","0","0","0","2","0","4","","07","","N","","","","","","","","","",""
"2022030527","0546","1","0","0","0","0","0","0","0","0","1","0","","02","3","2022","5","40.449345","-79.992653","0522","11","0","0","0","0","0","0","0","0","","0","0","0","","","0","N","0","","40 26:57.643","1","0","79 59:33.549","0","0","0","0","2301","0","0","0","N","0","0","0","2","68B03","0","","1.0","620.0","2","N","N","N","1","","0","0","0","","0","N","","3","0","0","0","0","0","0","2","0","2","","","","N","","","","","","","","","",""
"2022029339","1615","0","0","0","0","0","0","0","0","0","0","0","","02","3","2022","5","40.456646","-79.967692","1610","11","0","0","0","0","0","0","0","0","","0","0","0","","","1","N","2","","40 27:23.925","3","0","79 58:03.691","8","0","0","0","2301","0","0","0","N","0","0","0","1","02301","0","","1.0","1640.0","1","N","N","N","0","","0","0","0","","0","N","","1","1","0","0","0","1","0","2","0","1","","","","N","","","","","","","","","",""
"2022020885","0430","1","0","0","0","0","0","0","0","0","0","0","","02","2","2022","1","40.551426","-79.894019","0424","11","0","0","0","0","0","0","0","0","","0","0","0","","","0","N","0","","40 33:05.132","3","0","79 53:38.468","0","0","0","0","2209","0","0","0","N","0","0","0","1","02209","0","","5.0","555.0","1","N","N","N","0","","0","0","0","","0","N","","1","0","0","0","0","0","0","2","0","1","","03","","N","","","","","","","","","",""
"2022022705","2335","1","0","0","0","0","0","0","0","0","4","0","","02","3","2022","6","40.432254","-79.865017","2332","11","0","0","0","0","0","0","0","0","","0","0","0","","","0","","1","","40 25:56.116","3","0","79 51:54.060","0","0","0","0","2431","0","0","0","N","0","0","0","3","02431","0","","1.0","20.0","1","N","N","N","0","","0","0","1","","2","N","","2","0","0","0","0","0","0","2","0","2","","","","N","","","","","","","","","",""
"2022030063","0151","2","0","0","0","0","0","0","0","0","4","0","","02","3","2022","1","40.459537","-79.809738","0148","11","0","0","0","0","0","0","0","0","","0","0","0","","","1","N","2","","40 27:34.334","3","0","79 48:35.056","3","0","0","0","2113","0","0","0","N","0","0","0","2","02113","0","","1.0","236.0","9","N","N","N","0","","1","0","0","","0","N","","2","1","0","0","0","0","0","2","0","2","","02","","N","","","","","","","","","",""
"2022030365","0857","1","0","0","0","0","0","0","0","0","2","0","","02","3","2022","1","40.47732","-79.743505","0855","11","0","0","0","0","0","0","0","0","","0","0","0","","","0","N","0","","40 28:38.352","6","0","79 44:36.618","0","0","0","0","2466","0","0","0","N","0","0","0","2","02466","0","","1.0","1030.0","7","N","N","N","0","","0","0","1","","0","N","","2","0","0","0","0","0","0","2","0","2","","06","","N","","","","","","","","","",""
"2022029429","1317","2","0","0","0","0","0","0","0","0","4","0","","02","3","2022","2","40.507591","-80.081264","1317","11","0","0","0","0","0","0","0","2","","0","0","0","","","0","","1","","40 30:27.327","","0","80 04:52.550","0","0","0","0","2405","0","0","0","N","0","0","0","3","02215","0","","1.0","","1","N","N","N","0","","0","0","0","","3","","","2","0","0","0","0","0","0","2","0","2","","","","N","","","","","","","","","",""