"CRN","ARRIVAL_TM","AUTOMOBILE_COUNT","BELTED_DEATH_COUNT","BELTED_SUSP_SERIOUS_INJ_COUNT","BICYCLE_COUNT","BICYCLE_DEATH_COUNT","BICYCLE_SUSP_SERIOUS_INJ_COUNT","BUS_COUNT","CHLDPAS_DEATH_COUNT","CHLDPAS_SUSP_SERIOUS_INJ_COUNT","COLLISION_TYPE","COMM_VEH_COUNT","CONS_ZONE_SPD_LIM","COUNTY","CRASH_MONTH","CRASH_YEAR","DAY_OF_WEEK","DEC_LATITUDE","DEC_LONGITUDE","DISPATCH_TM","DISTRICT","DRIVER_COUNT_16YR","DRIVER_COUNT_17YR","DRIVER_COUNT_18YR","DRIVER_COUNT_19YR","DRIVER_COUNT_20YR","DRIVER_COUNT_50_64YR","DRIVER_COUNT_65_74YR","DRIVER_COUNT_75PLUS","EST_HRS_CLOSED","FATAL_COUNT","HEAVY_TRUCK_COUNT","HORSE_BUGGY_COUNT","HOUR_OF_DAY","ILLUMINATION","INJURY_COUNT","INTERSECTION_RELATED","INTERSECT_TYPE","LANE_CLOSED","LATITUDE","LN_CLOSE_DIR","LOCATION_TYPE","LONGITUDE","MAX_SEVERITY_LEVEL","MCYCLE_DEATH_COUNT","MCYCLE_SUSP_SERIOUS_INJ_COUNT","MOTORCYCLE_COUNT","MUNICIPALITY","NONMOTR_COUNT","NONMOTR_DEATH_COUNT","NONMOTR_SUSP_SERIOUS_INJ_COUNT","NTFY_HIWY_MAINT","PED_COUNT","PED_DEATH_COUNT","PED_SUSP_SERIOUS_INJ_COUNT","PERSON_COUNT","POLICE_AGCY","POSSIBLE_INJ_COUNT","RDWY_SURF_TYPE_CD","RELATION_TO_ROAD","ROADWAY_CLEARED","ROAD_CONDITION","SCH_BUS_IND","SCH_ZONE_IND","SECONDARY_CRASH","SMALL_TRUCK_COUNT","SPEC_JURIS_CD","SUSP_MINOR_INJ_COUNT","SUSP_SERIOUS_INJ_COUNT","SUV_COUNT","TCD_FUNC_CD","TCD_TYPE","TFC_DETOUR_IND","TIME_OF_DAY","TOTAL_UNITS","TOT_INJ_COUNT","UNBELTED_OCC_COUNT","UNB_DEATH_COUNT","UNB_SUSP_SERIOUS_INJ_COUNT","UNK_INJ_DEG_COUNT","UNK_INJ_PER_COUNT","URBAN_RURAL","VAN_COUNT","VEHICLE_COUNT","WEATHER1","WEATHER2","WORKERS_PRES","WORK_ZONE_IND","WORK_ZONE_LOC","WORK_ZONE_TYPE","WZ_CLOSE_DETOUR","WZ_FLAGGER","WZ_LAW_OFFCR_IND","WZ_LN_CLOSURE","WZ_MOVING","WZ_OTHER","WZ_SHLDER_MDN","WZ_WORKERS_INJ_KILLED"
"2022023181","0844","1","0","0","0","0","0","0","0","0","1","0","","02","3","2022","3","40.420552","-80.0389","0805","11","0","0","0","0","0","1","0","0","","0","0","0","","","1","N","0","","40 25:13.987","4","0","80 02:20.041","3","0","0","0","2435","0","0","0","N","0","0","0","2","68B03","0","","1.0","901.0","1","N","N","N","1","","1","0","0","","0","N","","2","1","0","0","0","0","0","2","0","2","","","","N","","","","","","","","","",""
"2022024198","1735","0","0","0","0","0","0","0","0","0","7","0","","02","2","2022","6","40.479052","-80.195775","1727","11","0","0","0","0","0","1","0","0","","0","0","0","","","0","N","0","","40 28:44.586","3","0","80 11:44.789","0","0","0","0","2213","0","0","0","Y","0","0","0","1","02213","0","","4.0","1803.0","9","N","N","N","1","","0","0","0","","0","N","","1","0","1","0","0","0","0","2","0","1","","","","N","","","","","","","","","",""
"2022023670","1356","0","0","0","0","0","0","0","0","0","4","0","","02","3","2022","3","40.572337","-80.036889","1353","11","0","0","0","0","0","0","1","1","","0","0","0","","","0","","2","","40 34:20.412","","0","80 02:12.801","0","0","0","0","2108","0","0","0","N","0","0","0","3","02108","0","","1.0","","1","N","N","N","2","","0","0","0","","3","","","2","0","0","0","0","0","0","2","0","2","","","","N","","","","","","","","","",""
"2022023350","2020","1","0","0","0","0","0","0","0","0","7","0","","02","3","2022","1","40.431961","-80.070568","2017","11","0","0","0","0","0","1","0","0","","0","0","0","","","0","N","2","","40 25:55.059","","0","80 04:14.044","0","0","0","0","2421","0","0","0","N","0","0","0","1","02421","0","","5.0","","1","N","N","N","0","","0","0","0","","0","","","1","0","0","0","0","0","0","2","0","1","","03","","N","","","","","","","","","",""
"2022023917","1724","0","0","0","0","0","0","0","0","0","1","0","","02","3","2022","3","40.636295","-80.061968","1724","11","0","1","0","0","0","0","0","0","","0","0","0","","","0","N","0","","40 38:10.663","1","0","80 03:43.084","0","0","0","0","2216","0","0","0","N","0","0","0","4","02505","0","","1.0","1749.0","1","N","N","N","0","","0","0","2","","2","N","","3","0","0","0","0","0","0","2","1","3","","03","","N","","","","","","","","","",""
"2022021451","1313","1","0","0","0","0","0","0","0","0","2","0","","02","2","2022","2","40.370184","-80.100779","1310","11","0","0","0","0","0","0","0","1","","0","1","0","","","0","","1","","40 22:12.663","","0","80 06:02.806","0","0","0","0","2102","0","0","0","N","0","0","0","3","02102","0","","1.0","","1","N","N","N","0","","0","0","0","","2","","","2","0","0","0","0","0","0","2","0","2","","03","","N","","","","","","","","","",""
"2022030462","2055","2","0","0","0","0","0","0","0","0","4","0","","02","3","2022","1","40.439796","-79.959381","2045","11","0","0","0","0","0","1","0","0","","0","0","0","","","1","N","1","","40 26:23.266","","0","79 57:33.770","3","0","0","0","2301","0","0","0","N","0","0","0","3","02301","0","","1.0","","1","N","N","N","0","","1","0","0","","2","","","2","1","0","0","0","0","0","2","0","2","","03","","N","","","","","","","","","",""
"2022023304","2205","1","0","0","0","0","0","0","0","0","7","0","","02","2","2022","1","40.537169","-80.201275","2202","11","0","0","0","0","0","0","0","0","","0","0","0","","","2","N","0","","40 32:13.807","1","0","80 12:04.590","8","0","0","0","2213","0","0","0","N","0","0","0","2","02213","0","","5.0","2315.0","1","N","N","N","0","","0","0","0","","0","N","","1","2","0","0","0","2","0","2","0","1","","","","N","","","","","","","","","",""
"2022022692","1939","2","0","0","0","0","0","0","0","0","1","0","","02","2","2022","1","40.534166","-79.985091","1931","11","0","0","0","0","0","0","0","0","","0","0","0","","","0","N","0","","40 32:02.996","1","0","79 59:06.328","0","0","0","0","2118","0","0","0","N","0","0","0","1","02118","0","","1.0","2021.0","1","N","N","N","0","","0","0","0","","0","N","","2","0","0","0","0","0","0","2","0","2","","03","","N","","","","","","","","","",""
"2022030335","2241","1","0","0","0","0","0","0","0","0","7","0","","02","3","2022","6","40.280134","-79.913655","2235","11","0","0","0","0","0","0","0","0","","0","0","0","","","0","N","0","","40 16:48.484","4","0","79 54:49.159","0","0","0","0","2440","0","0","0","N","0","0","0","1","02440","0","","5.0","35.0","9","N","N","N","0","","0","0","0","","0","N","","1","0","0","0","0","0","0","2","0","1","","","","N","","","","","","","","","",""
"2022022719","0215","1","0","0","0","0","0","0","0","0","7","0","","02","3","2022","7","40.462682","-80.051831","0215","11","0","0","0","0","0","0","0","0","","0","0","0","","","0","N","2","","40 27:45.655","","0","80 03:06.592","0","0","0","0","2301","0","0","0","Y","0","0","0","1","02301","0","","5.0","","1","N","N","N","0","","0","0","0","","2","","","1","0","0","0","0","0","0","2","0","1","","03","","N","","","","","","","","","",""
"2022024466","1041","0","0","0","0","0","0","0","0","0","7","0","","02","3","2022","4","40.344625","-80.120712","1041","11","0","0","0","0","0","0","0","0","","0","0","0","","","0","N","0","","40 20:40.650","","0","80 07:14.564","0","0","0","0","2119","0","0","0","Y","0","0","0","1","68B03","0","","4.0","","9","N","N","N","0","","0","0","1","","0","","","1","0","0","0","0","0","0","2","0","1","","","","N","","","","","","","","","",""
"2022029931","1129","0","0","0","0","0","0","0","0","0","4","0","","02","3","2022","7","40.338002","-79.96886","1126","11","0","0","0","0","0","1","0","0","","0","0","0","","","5","N","0","","40 20:16.806","4","0","79 58:07.896","8","0","0","0","2454","0","0","0","N","0","0","0","6","02454","0","","1.0","1228.0","1","N","N","N","0","","0","0","2","","0","N","","2","5","0","0","0","5","0","2","0","2","","","","N","","","","","","","","","",""
"2022029699","1355","1","0","0","0","0","0","1","0","0","4","1","","02","3","2022","6","40.46425","-79.925551","1347","11","0","0","0","0","0","0","0","0","","0","0","0","","","1","N","2","","40 27:51.299","","0","79 55:31.983","3","0","0","0","2301","0","0","0","N","0","0","0","3","02503","0","","1.0","","1","Y","N","N","0","","1","0","0","","0","","","2","1","1","0","0","0","0","2","0","2","","","","N","","","","","","","","","",""
"2022029016","1343","0","0","0","0","0","0","0","0","0","1","1","","02","3","2022","1","40.435546","-80.017453","1328","11","0","0","0","0","1","1","0","0","","0","1","0","","","1","N","0","","40 26:07.965","3","4","80 01:02.829","3","0","0","0","2301","0","0","0","N","0","0","0","4","68B03","0","","1.0","1405.0","1","N","N","N","0","","1","0","2","","0","N","","3","1","0","0","0","0","0","2","0","3","","","","N","","","","","","","","","",""
"2022030704","0727","1","0","0","0","0","0","0","0","0","7","0","","02","3","2022","7","40.37978","-80.097779","0727","11","0","0","0","0","1","0","0","0","","0","0","0","","","0","N","0","","40 22:47.207","","0","80 05:52.003","0","0","0","0","2102","0","0","0","Y","0","0","0","1","68B03","0","","2.0","","2","N","N","N","0","","0","0","0","","0","","","1","0","0","0","0","0","0","2","0","1","","10","","N","","","","","","","","","",""
"2022026195","0025","1","0","0","0","0","0","0","0","0","7","0","","02","1","2022","2","40.548692","-79.822901","2358","11","0","0","0","0","0","0","0","0","","0","0","0","","","0","N","0","","40 32:55.291","2","0","79 49:22.443","0","0","0","0","2208","0","0","0","N","0","0","0","1","68D02","0","","2.0","56.0","7","N","N","N","0","","0","0","0","","0","N","","1","0","0","0","0","0","0","2","0","1","","10","","N","","","","","","","","","",""
"2022023873","2010","1","0","0","0","0","0","0","0","0","4","0","","02","2","2022","4","40.435364","-79.999303","2010","11","0","0","0","0","0","1","0","0","","0","0","0","","","1","N","0","","40 26:07.312","3","0","79 59:57.490","4","0","0","0","2301","0","0","0","N","0","0","0","4","68B03","1","","1.0","2033.0","1","N","N","N","1","","0","0","0","","0","N","","2","1","1","0","0","0","0","2","0","2","","","","N","","","","","","","","","",""
"2022030240","1325","2","0","0","0","0","0","0","0","0","4","0","","02","3","2022","7","40.431315","-80.268945","1316","11","0","0","0","0","1","0","0","0","","0","0","0","","","0","N","2","","40 25:52.735","5","0","80 16:08.201","0","0","0","0","2214","0","0","0","N","0","0","0","4","02214","0","","1.0","1400.0","7","N","N","N","0","","0","0","0","","3","N","","2","0","0","0","0","0","0","1","0","2","","04","","N","","","","","","","","","",""
"2022024328","1030","0","0","0","0","0","0","0","0","0","1","0","","02","1","2022","2","40.540693","-80.122428","1015","11","0","0","0","0","0","1","0","0","","0","0","0","","","4","N","0","","40 32:26.493","2","0","80 07:20.739","8","0","0","0","2125","1","0","0","Y","1","0","0","4","68B03","0","","4.0","1217.0","9","N","N","Y","2","","0","0","1","","0","N","","4","4","0","0","0","4","0","1","0","3","","03","","N","","","","","","","","","",""
"2022009287","1758","0","0","0","0","0","0","0","0","0","1","0","","02","1","2022","7","40.449879","-79.998002","1758","11","0","0","0","0","0","1","0","0","","0","0","0","","","0","","6","","40 26:59.565","","2","79 59:52.806","0","0","0","0","2301","0","0","0","N","0","0","0","2","02301","0","","7.0","","1","N","N","N","0","","0","0","2","","0","","","2","0","0","0","0","0","0","2","0","2","","03","","N","","","","","","","","","",""
"2022002467","1307","1","0","0","0","0","0","0","0","0","7","0","","02","1","2022","4","40.45255","-79.980421","1253","11","0","0","0","0","0","0","0","0","","0","0","0","","","0","N","0","","40 27:09.180","","0","79 58:49.517","0","0","0","0","2301","0","0","0","Y","0","0","0","1","02301","0","","2.0","","9","N","N","N","0","","0","0","0","","0","","","1","0","0","0","0","0","0","2","0","1","","","","N","","","","","","","","","",""
"2022032781","0741","2","0","0","0","0","0","0","0","0","4","0","","02","4","2022","3","40.428752","-79.986418","0726","11","0","0","0","0","0","1","0","0","","0","0","0","","","0","N","1","","40 25:43.507","","0","79 59:11.105","9","0","0","0","2301","0","0","0","N","0","0","0","2","02301","0","","1.0","","1","N","N","N","0","","0","0","0","","2","","","2","0","0","0","0","0","1","2","0","2","","","","N","","","","","","","","","",""
"2022010353","0054","2","0","0","0","0","0","0","0","0","4","0","","02","1","2022","7","40.504369","-80.075116","0053","11","0","0","0","0","0","1","0","0","","0","0","0","","","0","","2","","40 30:15.729","2","0","80 04:30.416","0","0","0","0","2405","0","0","0","N","0","0","0","2","02215","0","","4.0","137.0","1","N","N","N","0","","0","0","1","","0","N","","3","0","1","0","0","0","0","2","0","3","","03","","N","","","","","","","","","",""
"2022030383","0700","0","0","0","0","0","0","0","0","0","7","0","","02","3","2022","2","40.398776","-79.935552","0650","11","0","0","0","0","0","0","0","0","","0","0","0","","","1","N","0","","40 23:55.594","3","3","79 56:07.988","8","0","0","0","2301","0","0","0","N","0","0","0","1","02301","0","","1.0","800.0","2","N","N","N","1","","0","0","0","","0","Y","","1","1","0","0","0","1","0","2","0","1","","98","","N","","","","","","","","","",""
"2022030336","0408","1","0","0","0","0","0","0","0","0","2","0","","02","3","2022","2","40.458313","-79.964205","0402","11","0","0","0","0","0","0","0","0","","0","0","0","","","1","N","2","","40 27:29.928","7","0","79 57:51.139","4","0","0","0","2301","0","0","0","N","0","0","0","2","02301","1","","1.0","0.0","9","N","N","N","0","","0","0","0","","0","Y","","1","1","0","0","0","0","1","2","0","1","","","","N","","","","","","","","","",""
"2022012373","1148","1","0","0","0","0","0","0","0","0","7","0","","02","1","2022","2","40.502611","-79.946494","1146","11","0","0","0","0","0","0","1","0","","0","0","0","","","0","","3","","40 30:09.400","","2","79 56:47.377","0","0","0","0","2430","0","0","0","N","0","0","0","1","02430","0","","7.0","","1","N","N","N","0","","0","0","0","","0","","","1","0","0","0","0","0","0","2","0","1","","","","N","","","","","","","","","",""
"2022010689","0257","0","0","0","0","0","0","0","0","0","1","0","","02","1","2022","1","40.453995","-80.056488","0252","11","0","0","0","0","0","0","0","0","","0","0","0","","","1","N","0","","40 27:14.382","","0","80 03:23.357","3","0","0","0","2301","0","0","0","N","0","0","0","1","02301","0","","2.0","","1","N","N","N","0","","1","0","2","","0","","","2","1","1","0","0","0","0","2","0","2","","","","N","","","","","","","","","",""
"2022009784","2024","2","0","0","0","0","0","0","0","0","4","0","","02","1","2022","5","40.363848","-79.842953","2024","11","0","0","0","0","0","0","0","1","","0","0","0","","","0","","1","","40 21:49.853","2","0","79 50:34.629","0","0","0","0","2303","0","0","0","N","0","0","0","2","02303","0","","1.0","2056.0","7","N","N","N","0","","0","0","0","","2","N","","2","0","0","0","0","0","0","2","0","2","","","","N","","","","","","","","","",""
"2022029933","1332","2","0","0","0","0","0","0","0","0","2","0","","02","3","2022","7","40.474738","-79.811866","1324","11","0","0","0","0","0","0","0","0","","0","0","0","","","0","N","0","","40 28:29.057","","0","79 48:42.717","0","0","0","0","2113","0","0","0","N","0","0","0","1","02113","0","","1.0","","9","N","N","N","0","","0","0","0","","0","","","2","0","0","0","0","0","0","2","0","2","","07","","N","","","","","","","","","",""
"2022032785","0951","2","0","0","0","0","0","0","0","0","1","0","","02","4","2022","3","40.465747","-79.832251","0944","11","0","0","0","0","0","0","0","0","","0","0","0","","","0","N","0","","40 27:56.690","","0","79 49:56.103","0","0","0","0","2113","0","0","0","N","0","0","0","2","02113","0","","1.0","","1","N","N","N","0","","0","0","0","","0","","","2","0","0","0","0","0","0","2","0","2","","","","N","","","","","","","","","",""
"2022032574","2202","1","0","0","0","0","0","0","0","0","7","0","","02","3","2022","4","40.361944","-79.826602","2156","11","0","0","0","0","0","2","0","0","","0","0","0","","","0","N","0","","40 21:42.998","1","0","79 49:35.768","0","0","0","0","2111","0","0","0","N","0","0","0","2","02111","0","","5.0","2300.0","1","N","N","N","0","","0","0","1","","0","N","","2","0","0","0","0","0","0","2","0","2","","03","","N","","","","","","","","","",""
"2022001152","1702","1","0","0","0","0","0","0","0","0","4","0","","02","1","2022","3","40.382606","-79.810394","1659","11","0","0","0","0","0","1","0","0","","0","0","0","","","1","","1","","40 22:57.381","","0","79 48:37.418","3","0","0","0","2424","0","0","0","N","0","0","0","4","02424","0","","1.0","","1","N","N","N","0","","1","0","1","","3","","","3","1","0","0","0","0","0","2","1","3","","","","N","","","","","","","","","",""
"2022002386","1820","1","0","0","0","0","0","0","0","0","4","0","","02","1","2022","5","40.507587","-79.852765","1804","11","0","0","0","0","0","2","0","0","","0","0","0","","","0","N","0","","40 30:27.313","5","0","79 51:09.953","0","0","0","0","2112","0","0","0","N","0","0","0","2","02112","0","","1.0","1919.0","7","N","N","N","0","","0","0","1","","0","Y","","2","0","0","0","0","0","0","2","0","2","","","","N","","","","","","","","","",""
"2022002382","0330","1","0","0","0","0","0","0","0","0","4","0","","02","1","2022","7","40.46878","-79.896077","0328","11","0","0","0","0","0","0","0","0","","0","0","0","","","0","","1","","40 28:07.608","","0","79 53:45.877","9","0","0","0","2301","0","0","0","N","0","0","0","2","02301","0","","1.0","","1","N","N","Y","0","","0","0","0","","2","","","2","0","0","0","0","0","1","2","0","2","","","","N","","","","","","","","","",""
"2022003882","0812","2","0","0","0","0","0","0","0","0","1","0","","02","1","2022","4","40.415694","-80.060028","0802","11","0","0","0","0","0","0","0","0","","0","0","0","","","0","N","0","","40 24:56.500","","0","80 03:36.100","0","0","0","0","2435","0","0","0","N","0","0","0","2","68B03","0","","2.0","","1","N","N","N","0","","0","0","0","","0","","","2","0","0","0","0","0","0","2","0","2","","","","N","","","","","","","","","",""
"2022009087","1330","1","0","0","0","0","0","0","0","0","4","0","","02","1","2022","1","40.619157","-79.910119","1323","11","0","0","0","0","0","1","1","0","","0","0","0","","","1","N","0","","40 37:08.966","6","0","79 54:36.429","8","0","0","0","2220","0","0","0","N","0","0","0","3","02220","0","","1.0","1414.0","7","N","N","N","1","","0","0","0","","0","N","","2","1","0","0","0","1","0","2","0","2","","02","","N","","","","","","","","","",""
"2022009099","1005","0","0","0","0","0","0","0","0","0","2","0","","02","1","2022","3","40.467223","-80.034869","1000","11","0","0","0","0","0","0","0","0","","0","0","0","","","0","N","0","","40 28:02.003","","0","80 02:05.528","9","0","0","0","2301","0","0","0","N","0","0","0","1","02301","0","","4.0","","99","N","N","N","0","","0","0","1","","0","","","2","0","0","0","0","0","1","2","0","2","","","","N","","","","","","","","","",""
"2022025973","1335","1","0","0","0","0","0","0","0","0","7","0","","02","2","2022","4","40.541188","-79.800761","1333","11","0","0","0","0","0","0","0","0","","0","0","0","","","0","N","2","","40 32:28.277","1","0","79 48:02.740","0","0","0","0","2418","0","0","0","N","0","0","0","1","02514","0","","5.0","1406.0","1","N","N","N","0","","0","0","0","","0","Y","","1","0","1","0","0","0","0","2","0","1","","03","","N","","","","","","","","","",""
"2022000471","1352","0","0","0","0","0","0","0","0","0","7","0","","02","1","2022","7","40.452833","-79.921139","1350","11","0","0","0","0","0","1","0","0","","0","0","0","","","0","N","0","","40 27:10.200","","0","79 55:16.100","0","0","0","0","2301","0","0","0","N","0","0","0","1","02301","0","","2.0","","9","N","N","N","0","","0","0","0","","1","","","1","0","0","0","0","0","0","2","1","1","","07","","N","","","","","","","","","",""
"2022011426","0829","0","0","1","0","0","0","0","0","0","7","0","","02","2","2022","3","40.456615","-80.006998","0825","11","0","0","0","0","0","0","0","1","","0","0","0","","","1","N","0","","40 27:23.814","2","7","80 00:25.192","2","0","0","0","2301","0","0","0","N","0","0","0","1","02301","0","","5.0","915.0","1","N","N","N","0","","0","1","1","","0","N","","1","1","0","0","0","0","0","2","0","1","","03","","N","","","","","","","","","",""
"2022002503","1441","0","0","0","0","0","0","0","0","0","7","0","","02","1","2022","4","40.447565","-80.164907","1436","11","0","0","0","0","0","0","0","0","","0","0","0","","","1","","6","","40 26:51.233","3","2","80 09:53.666","8","0","0","0","2115","0","0","0","N","0","0","0","1","02115","0","","2.0","1530.0","1","N","N","N","1","","0","0","0","","0","N","","1","1","1","0","0","1","0","2","0","1","","","","N","","","","","","","","","",""
"2022031953","2306","1","0","0","0","0","0","0","0","0","0","0","","02","3","2022","7","40.484222","-79.907838","2301","11","0","0","0","0","0","0","0","0","","0","0","0","","","0","","1","","40 29:03.199","","0","79 54:28.216","0","0","0","0","2301","0","0","0","N","0","0","0","1","02301","0","","1.0","","1","N","N","N","0","","0","0","0","","0","","","1","0","0","0","0","0","0","2","0","1","","03","","N","","","","","","","","","",""
"2022010915","0958","1","0","0","0","0","0","0","0","0","5","0","","02","1","2022","2","40.60523","-80.050947","0948","11","0","0","0","0","0","0","1","0","","0","0","0","","","1","N","0","","40 36:18.829","","0","80 03:03.408","4","0","0","0","2108","0","0","0","N","0","0","0","2","02108","1","","1.0","","1","N","N","N","0","","0","0","1","","0","","","2","1","0","0","0","0","0","2","0","2","","03","","N","","","","","","","","","",""
"2022031976","0334","1","0","0","0","0","0","0","0","0","7","0","","02","4","2022","7","40.401213","-80.018135","0307","11","0","0","0","0","0","0","0","0","","0","0","0","","","0","N","2","","40 24:04.366","6","0","80 01:05.285","9","0","0","0","2301","0","0","0","N","0","0","0","2","02301","0","","2.0","400.0","1","N","N","N","0","","0","0","0","","3","Y","","1","0","0","0","0","0","2","2","0","1","","","","N","","","","","","","","","",""
"2022008483","1810","0","0","0","0","0","0","0","0","0","6","0","","02","1","2022","2","40.407177","-80.033789","1805","11","0","0","0","0","0","0","1","0","","0","0","0","","","0","","1","","40 24:25.837","5","0","80 02:01.642","0","0","0","0","2301","0","0","0","N","0","0","0","2","02301","0","","1.0","1854.0","7","N","N","N","1","","0","0","1","","0","Y","","2","0","0","0","0","0","0","2","0","2","","10","","N","","","","","","","","","",""
"2022031573","0942","2","0","0","0","0","0","0","0","0","4","0","","02","4","2022","6","40.435124","-80.050509","0938","11","0","0","0","0","0","0","0","0","","0","0","0","","","1","N","3","","40 26:06.445","","0","80 03:01.833","3","0","0","0","2301","0","0","0","N","0","0","0","2","02301","0","","1.0","","9","N","N","N","0","","1","0","0","","0","N","","2","1","1","0","0","0","0","2","0","2","","","","N","","","","","","","","","",""
"2022002001","0437","1","0","0","0","0","0","0","0","0","4","0","","02","1","2022","2","40.458667","-79.907972","0437","11","0","0","0","0","0","0","1","0","","0","0","0","","","0","N","1","","40 27:31.202","","0","79 54:28.700","3","0","0","0","2301","0","0","0","N","0","0","0","3","02301","0","","1.0","","1","N","N","N","0","","1","0","1","","2","","","2","1","3","0","0","0","0","2","0","2","","03","","N","","","","","","","","","",""
"2022004888","1754","1","0","0","0","0","0","0","0","0","7","0","","02","1","2022","5","40.421751","-80.049579","1754","11","0","0","0","0","0","0","1","0","","0","0","0","","","0","N","0","","40 25:18.304","","0","80 02:58.483","0","0","0","0","2435","0","0","0","N","0","0","0","1","02435","0","","5.0","","9","N","N","N","0","","0","0","0","","0","","","1","0","0","0","0","0","0","2","0","1","","","","N","","","","","","","","","",""
"2022030196","2139","2","0","0","0","0","0","0","0","0","4","0","","02","3","2022","7","40.634254","-80.058191","2134","11","0","1","1","0","0","0","0","0","","0","0","0","","","0","","1","","40 38:03.314","7","0","80 03:29.488","0","0","0","0","2216","0","0","0","N","0","0","0","2","02505","0","","1.0","2215.0","9","N","N","N","0","","0","0","0","","2","N","","2","0","0","0","0","0","0","2","0","2","","","","N","","","","","","","","","",""
"2022000838","0525","1","0","0","0","0","0","0","0","0","2","0","","02","1","2022","7","40.431796","-79.873382","0520","11","0","0","0","0","0","0","0","0","","0","0","0","","","4","N","0","","40 25:54.467","5","0","79 52:24.174","8","0","0","0","2411","0","0","0","N","0","0","0","5","02411","0","","1.0","626.0","9","N","N","N","0","","0","0","1","","0","N","","2","4","0","0","0","4","0","2","0","2","","","","N","","","","","","","","","",""
"2022011891","1304","1","0","0","0","0","0","0","0","0","4","0","","02","2","2022","3","40.576018","-79.890089","1300","11","0","0","1","0","0","1","0","0","","0","0","0","","","3","","2","","40 34:33.664","","0","79 53:24.319","8","0","0","0","2209","0","0","0","N","0","0","0","3","02209","0","","1.0","","1","N","N","N","0","","0","0","1","","3","","","2","3","1","0","0","3","0","2","0","2","","98","","N","","","","","","","","","",""
"2022001471","1647","0","0","0","0","0","0","0","0","0","1","0","","02","1","2022","3","40.438724","-80.01166","1639","11","0","0","0","0","0","0","0","0","","0","0","0","","","3","N","0","","40 26:19.407","4","3","80 00:41.976","4","0","0","0","2301","0","0","0","N","0","0","0","3","68B03","2","","1.0","1705.0","1","N","N","N","1","","0","0","1","","0","N","","2","3","1","0","0","1","0","2","0","2","","","","N","","","","","","","","","",""
"2022010459","1411","2","0","0","0","0","0","0","0","0","2","0","","02","1","2022","7","40.448876","-79.893901","1406","11","0","1","0","0","0","0","0","0","","0","0","0","","","2","","1","","40 26:55.954","7","0","79 53:38.042","3","0","0","0","2301","0","0","0","N","0","0","0","4","02301","0","","1.0","1505.0","1","N","N","N","0","","2","0","0","","3","Y","","2","2","0","0","0","0","0","2","0","2","","98","","N","","","","","","","","","",""
"2022005867","1924","2","0","0","0","0","0","0","0","0","7","0","","02","1","2022","5","40.484849","-80.185505","1912","11","0","0","0","0","0","0","0","0","","0","0","0","","","0","N","0","","40 29:05.458","","0","80 11:07.819","0","0","0","0","2213","0","0","0","Y","0","0","0","2","02213","0","","5.0","","7","N","N","Y","0","","0","0","0","","0","","","2","0","0","0","0","0","0","2","0","2","","06","","N","","","","","","","","","",""
"2022011847","2346","0","0","0","0","0","0","0","0","0","5","1","","02","1","2022","2","40.425871","-79.901207","2324","11","0","0","0","0","0","1","0","0","","0","1","0","","","0","N","0","","40 25:33.136","","0","79 54:04.344","0","0","0","0","2301","0","0","0","N","0","0","0","2","68B03","0","","2.0","","9","N","N","N","0","","0","0","1","","0","","","2","0","0","0","0","0","0","2","0","2","","","","N","","","","","","","","","",""
"2022011967","1630","2","0","0","0","0","0","0","0","0","4","0","","02","2","2022","3","40.582047","-80.038076","1624","11","0","0","0","0","0","1","0","0","","0","0","0","","","1","N","1","","40 34:55.369","5","0","80 02:17.073","3","0","0","0","2108","0","0","0","Y","0","0","0","3","02108","0","","1.0","1713.0","1","N","N","N","0","","1","0","0","","2","Y","","2","1","0","0","0","0","0","2","0","2","","03","","N","","","","","","","","","",""
"2022031966","0105","1","0","0","0","0","0","0","0","0","7","0","","02","4","2022","7","40.481424","-79.850338","0105","11","0","0","0","0","0","0","0","0","","0","0","0","","","0","N","0","","40 28:53.126","","0","79 51:01.218","9","0","0","0","2113","0","0","0","N","0","0","0","1","02113","0","","5.0","","1","N","N","N","0","","0","0","0","","0","","","1","0","0","0","0","0","1","2","0","1","","03","","N","","","","","","","","","",""
"2022011687","1918","1","0","0","0","0","0","0","0","0","4","0","","02","2","2022","3","40.442687","-79.987205","1916","11","0","0","0","1","0","0","0","0","","0","0","0","","","1","","1","","40 26:33.673","","0","79 59:13.939","3","0","0","0","2301","0","0","0","N","0","0","0","6","02301","0","","1.0","","1","N","N","N","1","","1","0","0","","3","","","2","1","0","0","0","0","0","2","0","2","","03","","N","","","","","","","","","",""
"2022011711","0430","1","0","0","0","0","0","0","0","0","7","0","","02","2","2022","3","40.41262","-79.995226","0425","11","0","0","0","0","0","1","0","0","","0","0","0","","","0","N","0","","40 24:45.431","","0","79 59:42.813","0","0","0","0","2301","0","0","0","N","0","0","0","1","02301","0","","2.0","","7","N","N","N","0","","0","0","0","","0","","","1","0","0","0","0","0","0","2","0","1","","10","","N","","","","","","","","","",""
"2022030122","1133","1","0","0","0","0","0","0","0","0","1","0","","02","3","2022","7","40.43306","-79.798575","1126","11","0","0","0","0","0","0","0","0","","0","0","0","","","0","N","0","","40 25:59.015","3","3","79 47:54.869","9","0","0","0","2446","0","0","0","N","0","0","0","3","02446","0","","1.0","1203.0","9","N","N","N","0","","0","0","1","","2","Y","","2","0","2","0","0","0","1","2","0","2","","","","N","","","","","","","","","",""