"CRN","ARRIVAL_TM","AUTOMOBILE_COUNT","BELTED_DEATH_COUNT","BELTED_SUSP_SERIOUS_INJ_COUNT","BICYCLE_COUNT","BICYCLE_DEATH_COUNT","BICYCLE_SUSP_SERIOUS_INJ_COUNT","BUS_COUNT","CHLDPAS_DEATH_COUNT","CHLDPAS_SUSP_SERIOUS_INJ_COUNT","COLLISION_TYPE","COMM_VEH_COUNT","CONS_ZONE_SPD_LIM","COUNTY","CRASH_MONTH","CRASH_YEAR","DAY_OF_WEEK","DEC_LATITUDE","DEC_LONGITUDE","DISPATCH_TM","DISTRICT","DRIVER_COUNT_16YR","DRIVER_COUNT_17YR","DRIVER_COUNT_18YR","DRIVER_COUNT_19YR","DRIVER_COUNT_20YR","DRIVER_COUNT_50_64YR","DRIVER_COUNT_65_74YR","DRIVER_COUNT_75PLUS","EST_HRS_CLOSED","FATAL_COUNT","HEAVY_TRUCK_COUNT","HORSE_BUGGY_COUNT","HOUR_OF_DAY","ILLUMINATION","INJURY_COUNT","INTERSECTION_RELATED","INTERSECT_TYPE","LANE_CLOSED","LATITUDE","LN_CLOSE_DIR","LOCATION_TYPE","LONGITUDE","MAX_SEVERITY_LEVEL","MCYCLE_DEATH_COUNT","MCYCLE_SUSP_SERIOUS_INJ_COUNT","MOTORCYCLE_COUNT","MUNICIPALITY","NONMOTR_COUNT","NONMOTR_DEATH_COUNT","NONMOTR_SUSP_SERIOUS_INJ_COUNT","NTFY_HIWY_MAINT","PED_COUNT","PED_DEATH_COUNT","PED_SUSP_SERIOUS_INJ_COUNT","PERSON_COUNT","POLICE_AGCY","POSSIBLE_INJ_COUNT","RDWY_SURF_TYPE_CD","RELATION_TO_ROAD","ROADWAY_CLEARED","ROAD_CONDITION","SCH_BUS_IND","SCH_ZONE_IND","SECONDARY_CRASH","SMALL_TRUCK_COUNT","SPEC_JURIS_CD","SUSP_MINOR_INJ_COUNT","SUSP_SERIOUS_INJ_COUNT","SUV_COUNT","TCD_FUNC_CD","TCD_TYPE","TFC_DETOUR_IND","TIME_OF_DAY","TOTAL_UNITS","TOT_INJ_COUNT","UNBELTED_OCC_COUNT","UNB_DEATH_COUNT","UNB_SUSP_SERIOUS_INJ_COUNT","UNK_INJ_DEG_COUNT","UNK_INJ_PER_COUNT","URBAN_RURAL","VAN_COUNT","VEHICLE_COUNT","WEATHER1","WEATHER2","WORKERS_PRES","WORK_ZONE_IND","WORK_ZONE_LOC","WORK_ZONE_TYPE","WZ_CLOSE_DETOUR","WZ_FLAGGER","WZ_LAW_OFFCR_IND","WZ_LN_CLOSURE","WZ_MOVING","WZ_OTHER","WZ_SHLDER_MDN","WZ_WORKERS_INJ_KILLED"
"2022000164","1931","0","0","0","0","0","0","0","0","0","2","0","","02","1","2022","7","40.386886","-79.995454","1922","11","0","0","0","0","0","0","0","0","","0","0","0","","","0","Y","0","","40 23:12.790","","7","79 59:43.633","0","0","0","0","2301","0","0","0","N","0","0","0","2","02301","0","","1.0","","9","N","N","N","0","","0","0","2","","0","","","2","0","0","0","0","0","0","2","0","2","","","","N","","","","","","","","","",""
"2022001981","1830","0","0","0","0","0","0","0","0","0","7","0","","02","1","2022","5","40.42217","-79.985423","1820","11","0","0","0","0","0","0","0","0","","0","0","0","","","0","","2","","40 25:19.812","3","0","79 59:07.522","0","0","0","0","2301","0","0","0","N","0","0","0","1","02301","0","","2.0","2130.0","2","N","N","N","0","","0","0","1","","0","Y","","1","0","0","0","0","0","0","2","0","1","","09","","N","","","","","","","","","",""
"2022032494","0927","1","0","0","0","0","0","0","0","0","2","0","","02","4","2022","2","40.465599","-80.066303","0925","11","0","0","0","0","0","1","1","0","","0","0","0","","","1","N","1","","40 27:56.156","5","0","80 03:58.690","8","0","0","0","2444","0","0","0","N","0","0","0","3","02444","0","","1.0","1003.0","1","N","N","N","1","","0","0","0","","2","N","","2","1","0","0","0","1","0","2","0","2","","","","N","","","","","","","","","",""
"2022001163","1312","2","0","0","0","0","0","0","0","0","4","0","","02","1","2022","3","40.494546","-80.064751","1308","11","0","0","0","0","0","0","0","1","","0","0","0","","","0","N","0","","40 29:40.364","6","7","80 03:53.104","0","0","0","0","2402","0","0","0","N","0","0","0","3","02402","0","","1.0","1330.0","1","N","N","N","0","","0","0","0","","0","N","","2","0","0","0","0","0","0","2","0","2","","","","N","","","","","","","","","",""
"2022011909","1642","0","0","0","0","0","0","0","0","0","2","0","","02","1","2022","2","40.495978","-80.067416","1639","11","0","0","0","0","0","0","0","0","","0","0","0","","","0","N","0","","40 29:45.520","6","7","80 04:02.699","0","0","0","0","2402","0","0","0","N","0","0","0","2","02402","0","","1.0","1712.0","1","N","N","N","0","","0","0","1","","0","N","","2","0","0","0","0","0","0","2","1","2","","03","","N","","","","","","","","","",""
"2022010502","1200","1","0","0","0","0","0","0","0","0","7","0","","02","1","2022","1","40.378863","-79.918859","1150","11","0","0","0","0","0","0","0","1","","0","0","0","","","0","N","0","","40 22:43.907","7","0","79 55:07.892","0","0","0","0","2301","0","0","0","N","0","0","0","1","02301","0","","4.0","1235.0","1","N","N","N","0","","0","0","0","","0","Y","","1","0","0","0","0","0","0","2","0","1","","98","","N","","","","","","","","","",""
"2022031319","0916","0","0","0","0","0","0","1","0","0","4","1","","02","3","2022","5","40.442306","-79.997167","0910","11","0","0","0","0","0","0","1","1","","0","0","0","","","0","N","0","","40 26:32.300","5","7","79 59:49.800","0","0","0","0","2301","0","0","0","N","0","0","0","2","02301","0","","1.0","1013.0","1","N","N","Y","0","","0","0","1","","0","Y","","4","0","0","0","0","0","0","2","2","4","","","","N","","","","","","","","","",""
"2022010369","0052","1","0","0","0","0","0","0","0","0","5","0","","02","1","2022","1","40.391826","-80.016799","0051","11","0","0","0","0","0","1","0","0","","0","0","0","","","0","N","1","","40 23:30.573","2","0","80 01:00.476","0","0","0","0","2301","0","0","0","Y","0","0","0","2","02301","0","","2.0","125.0","1","N","N","N","0","","0","0","0","","2","Y","","1","0","0","0","0","0","0","2","0","1","","03","","N","","","","","","","","","",""
"2022001710","0820","0","0","0","0","0","0","0","0","0","7","0","","02","1","2022","5","40.466711","-79.946181","0803","11","0","0","0","0","0","0","0","0","","0","0","0","","","0","N","0","","40 28:00.160","","0","79 56:46.250","0","0","0","0","2301","0","0","0","N","0","0","0","1","02301","0","","1.0","","1","N","N","N","0","","0","0","1","","0","","","1","0","0","0","0","0","0","2","0","1","","03","","N","","","","","","","","","",""
"2022009815","1206","0","0","0","0","0","0","0","0","0","1","0","","02","1","2022","4","40.453409","-79.712113","1157","11","0","0","0","0","0","0","1","0","","0","0","0","","","0","N","0","","40 27:12.271","","0","79 42:43.606","0","0","0","0","2466","0","0","0","N","0","0","0","2","02466","0","","1.0","","1","N","N","N","0","","0","0","2","","0","","","2","0","0","0","0","0","0","2","0","2","","","","N","","","","","","","","","",""
"2022001828","1641","0","0","0","0","0","0","0","0","0","1","0","","02","1","2022","5","40.534175","-80.186574","1637","11","0","0","0","0","0","0","1","0","","0","0","0","","","0","N","0","","40 32:03.030","4","3","80 11:11.666","0","0","0","0","2458","0","0","0","N","0","0","0","3","02458","0","","1.0","1702.0","1","N","N","N","0","","0","0","2","","0","N","","2","0","1","0","0","0","0","2","0","2","","","","N","","","","","","","","","",""
"2022011573","1659","2","0","0","0","0","0","0","0","0","4","0","","02","2","2022","3","40.557061","-80.018328","1652","11","0","0","0","0","0","0","0","1","","0","0","0","","","1","","1","","40 33:25.420","1","0","80 01:05.979","3","0","0","0","2108","0","0","0","N","0","0","0","2","02108","0","","1.0","1827.0","1","N","N","N","0","","1","0","0","","2","Y","","2","1","0","0","0","0","0","2","0","2","","","","N","","","","","","","","","",""
"2022031889","1825","0","0","0","0","0","0","0","0","0","1","0","","02","4","2022","6","40.526014","-79.84271","1821","11","0","0","0","0","0","1","1","0","","0","0","0","","","1","","1","","40 31:33.650","3","0","79 50:33.755","4","0","0","0","2451","0","0","0","N","0","0","0","4","02451","1","","1.0","1856.0","1","N","N","N","1","","0","0","2","","0","N","","3","1","0","0","0","0","0","2","0","3","","04","","N","","","","","","","","","",""
"2022004830","1945","0","0","0","0","0","0","0","0","0","4","0","","02","1","2022","5","40.480003","-79.951198","1915","11","0","0","0","0","0","0","0","0","","0","0","0","","","1","","1","","40 28:48.010","7","0","79 57:04.312","8","0","0","0","2301","0","0","0","N","0","0","0","3","02301","0","","1.0","2100.0","2","","N","N","1","","0","0","1","","0","Y","","3","1","0","0","0","1","0","2","0","3","","","","N","","","","","","","","","",""
"2022009438","1413","1","0","0","0","0","0","0","0","0","7","0","","02","1","2022","1","40.451491","-79.953345","1406","11","0","0","0","0","0","0","0","0","","0","0","0","","","0","N","1","","40 27:05.366","","0","79 57:12.043","0","0","0","0","2301","0","0","0","N","0","0","0","1","02301","0","","5.0","","7","N","N","N","0","","0","0","0","","0","","","1","0","0","0","0","0","0","2","0","1","","04","","N","","","","","","","","","",""
"2022012106","0809","2","0","0","0","0","0","0","0","0","98","1","","02","1","2022","6","40.442088","-79.794203","0802","11","0","0","0","0","0","1","1","0","","0","0","0","","","0","N","0","","40 26:31.515","","0","79 47:39.129","0","0","0","0","2446","0","0","0","N","0","0","0","4","68B03","0","","9.0","","1","N","N","N","1","","0","0","1","","0","","","4","0","0","0","0","0","0","2","0","4","","","","N","","","","","","","","","",""
"2022012507","1643","1","0","0","0","0","0","0","0","0","7","0","","02","1","2022","7","40.494896","-80.124606","1641","11","0","0","0","0","0","0","0","0","","0","0","0","","","0","N","0","","40 29:41.624","","0","80 07:28.582","0","0","0","0","2115","0","0","0","Y","0","0","0","1","68B03","0","","4.0","","1","N","N","N","0","","0","0","0","","0","","","1","0","0","0","0","0","0","2","0","1","","03","","N","","","","","","","","","",""
"2022011898","0705","0","0","0","0","0","0","1","0","0","4","1","","02","2","2022","4","40.429211","-79.838378","0703","11","0","0","0","0","0","1","1","0","","0","0","0","","","0","","2","","40 25:45.158","2","0","79 50:18.160","0","0","0","0","2419","0","0","0","N","0","0","0","13","02419","0","","1.0","810.0","1","Y","N","N","0","","0","0","1","","3","Y","","2","0","0","0","0","0","0","2","0","2","","","","N","","","","","","","","","",""
"2022010539","1642","2","0","0","0","0","0","0","0","0","4","0","","02","1","2022","1","40.488332","-79.92554","1629","11","0","0","0","0","0","0","0","0","","0","0","0","","","0","","2","","40 29:17.995","","0","79 55:31.945","0","0","0","0","2301","0","0","0","N","0","0","0","2","02301","0","","1.0","","1","N","N","N","0","","0","0","0","","3","","","2","0","0","0","0","0","0","2","0","2","","","","N","","","","","","","","","",""
"2022033309","0817","0","0","0","0","0","0","0","0","0","7","0","","02","4","2022","4","40.38421","-80.043729","0817","11","0","0","0","0","0","1","0","0","","0","0","0","","","0","N","0","","40 23:03.156","","0","80 02:37.423","0","0","0","0","2109","0","0","0","N","0","0","0","1","02109","0","","5.0","","9","N","N","N","0","","0","0","1","","0","","","1","0","0","0","0","0","0","2","0","1","","07","","N","","","","","","","","","",""
"2022008390","2210","1","0","0","0","0","0","0","0","0","7","0","","02","1","2022","7","40.429272","-79.943574","2210","11","0","0","0","0","0","0","0","0","","0","0","0","","","0","N","0","","40 25:45.380","3","0","79 56:36.866","0","0","0","0","2301","0","0","0","Y","0","0","0","1","68B03","0","","4.0","30.0","9","N","N","N","0","","0","0","0","","0","N","","1","0","1","0","0","0","0","2","0","1","","07","","N","","","","","","","","","",""
"2022014334","1843","1","0","0","0","0","0","0","0","0","4","0","","02","1","2022","5","40.430805","-79.889415","1835","11","0","0","0","0","0","1","0","0","","0","0","0","","","0","","2","","40 25:50.898","","0","79 53:21.893","0","0","0","0","2426","0","0","0","N","0","0","0","1","02426","0","","5.0","","7","N","N","N","1","","0","0","0","","3","","","2","0","0","0","0","0","0","2","0","2","","10","","N","","","","","","","","","",""
"2022010423","1648","0","0","0","0","0","0","0","0","0","1","0","","02","1","2022","7","40.345508","-80.154744","1642","11","0","0","0","0","0","0","0","0","","0","0","0","","","0","","1","","40 20:43.829","4","0","80 09:17.077","0","0","0","0","2119","0","0","0","N","0","0","0","5","02119","0","","1.0","1710.0","1","N","N","N","1","","0","0","1","","2","N","","2","0","0","0","0","0","0","2","0","2","","","","N","","","","","","","","","",""
"2022003247","1720","1","0","0","0","0","0","0","0","0","4","0","","02","1","2022","3","40.422296","-79.749694","1717","11","0","1","0","0","0","0","1","0","","0","0","0","","","0","N","2","","40 25:20.265","","0","79 44:58.898","0","0","0","0","2446","0","0","0","N","0","0","0","2","02446","0","","1.0","","1","N","N","N","0","","0","0","1","","0","","","2","0","0","0","0","0","0","2","0","2","","","","N","","","","","","","","","",""
"2022004003","1820","1","0","0","0","0","0","0","0","0","1","0","","02","1","2022","5","40.403711","-79.952765","1820","11","0","0","0","0","0","0","0","0","","0","0","0","","","0","N","0","","40 24:13.360","5","0","79 57:09.953","0","0","0","0","2403","0","0","0","N","0","0","0","3","02403","0","","1.0","1940.0","7","N","N","N","0","","0","0","1","","0","N","","2","0","0","0","0","0","0","2","0","2","","02","","N","","","","","","","","","",""
"2022010361","2140","3","0","0","0","0","0","0","0","0","4","0","","02","1","2022","7","40.413189","-80.074158","2138","11","0","0","0","0","0","0","1","0","","0","0","0","","","1","N","0","","40 24:47.479","2","0","80 04:26.970","4","0","0","0","2117","0","0","0","N","0","0","0","1","02117","1","","5.0","2233.0","9","N","N","N","0","","0","0","0","","0","N","","3","1","0","0","0","0","0","2","0","3","","","","N","","","","","","","","","",""
"2022010801","1244","1","0","0","0","0","0","0","0","0","7","0","","02","1","2022","7","40.287492","-80.012014","1243","11","0","0","0","0","0","0","0","0","","0","0","0","","","0","N","0","","40 17:14.972","","0","80 00:43.249","0","0","0","0","2219","0","0","0","N","0","0","0","1","02219","0","","2.0","","2","N","N","N","0","","0","0","0","","0","N","","1","0","0","0","0","0","0","2","0","1","","","","N","","","","","","","","","",""
"2022012376","1100","1","0","0","0","0","0","0","0","0","7","0","","02","2","2022","5","40.461033","-79.819487","1055","11","0","0","0","0","0","0","0","1","","0","0","0","","","0","N","2","","40 27:39.719","","0","79 49:10.152","0","0","0","0","2113","0","0","0","N","0","0","0","1","02113","0","","5.0","","9","N","N","N","0","","0","0","0","","0","","","1","0","0","0","0","0","0","2","0","1","","","","N","","","","","","","","","",""
"2022012550","2337","0","0","0","0","0","0","0","0","0","7","0","","02","1","2022","5","40.450584","-80.168408","2334","11","0","0","0","0","0","0","0","0","","0","0","0","","","0","N","0","","40 27:02.103","4","0","80 10:06.270","0","0","0","0","2115","0","0","0","N","0","0","0","1","68B03","0","","2.0","103.0","1","N","N","N","0","","0","0","1","","0","N","","1","0","0","0","0","0","0","2","0","1","","","","N","","","","","","","","","",""
"2022033912","2200","2","0","0","0","0","0","0","0","0","1","0","","02","4","2022","2","40.358836","-80.028699","2200","11","0","0","0","0","0","0","0","0","","0","0","0","","","0","N","0","","40 21:31.809","2","0","80 01:43.318","0","0","0","0","2416","0","0","0","N","0","0","0","4","02416","0","","1.0","30.0","1","N","N","N","0","","0","0","0","","0","N","","2","0","0","0","0","0","0","2","0","2","","03","","N","","","","","","","","","",""
"2022032542","0442","1","0","0","0","0","0","0","0","0","7","0","","02","3","2022","7","40.366444","-79.9931","0438","11","0","0","0","0","0","0","0","0","","0","0","0","","","0","N","0","","40 21:59.200","","0","79 59:35.160","0","0","0","0","2476","0","0","0","N","0","0","0","1","02476","0","","2.0","","1","N","N","N","0","","0","0","0","","0","","","1","0","0","0","0","0","0","2","0","1","","03","","N","","","","","","","","","",""
"2022007519","0523","0","0","0","0","0","0","0","0","0","7","0","","02","1","2022","7","40.292351","-79.875114","0522","11","0","0","0","0","0","0","0","0","","0","0","0","","","0","N","0","","40 17:32.462","4","0","79 52:30.409","9","0","0","0","2302","0","0","0","N","0","0","0","1","02302","0","","5.0","534.0","1","N","N","N","0","","0","0","1","","0","N","","1","0","0","0","0","0","1","2","0","1","","04","","N","","","","","","","","","",""
"2022033262","1913","1","0","0","0","0","0","0","0","0","4","0","","02","4","2022","3","40.349628","-79.86293","1912","11","0","0","0","0","0","0","0","0","","0","0","0","","","1","","1","","40 20:58.660","1","0","79 51:46.548","8","0","0","0","2304","0","0","0","N","0","0","0","3","02304","0","","1.0","1925.0","9","N","N","N","0","","0","0","1","","3","Y","","2","1","1","0","0","1","1","2","0","2","","07","","N","","","","","","","","","",""
"2022006540","1615","2","0","0","0","0","0","0","0","0","4","0","","02","1","2022","4","40.461217","-80.149942","1610","11","0","0","0","0","0","1","0","0","","0","0","0","","","0","N","0","","40 27:40.380","4","0","80 08:59.790","0","0","0","0","2115","0","0","0","N","0","0","0","2","02115","0","","1.0","1719.0","9","N","N","N","0","","0","0","0","","0","N","","3","0","0","0","0","0","0","2","0","2","","","","N","","","","","","","","","",""
"2022010417","0910","0","0","0","0","0","0","0","0","0","5","1","","02","1","2022","6","40.487515","-79.779519","0901","11","0","0","0","0","0","0","0","0","","0","1","0","","","0","N","0","","40 29:15.053","","0","79 46:46.269","0","0","0","0","2466","0","0","0","N","0","0","0","4","68T02","0","","1.0","","9","N","N","N","0","","0","0","1","","0","","","2","0","0","0","0","0","0","2","0","2","","","","N","","","","","","","","","",""
"2022005223","0203","1","0","0","0","0","0","0","0","0","7","0","","02","1","2022","7","40.633352","-80.059546","0156","11","0","0","0","0","0","0","0","0","","0","0","0","","","0","","1","","40 38:00.067","4","0","80 03:34.364","0","0","0","0","2216","0","0","0","N","0","0","0","1","02505","0","","3.0","245.0","1","N","N","N","0","","0","0","0","","2","Y","","1","0","0","0","0","0","0","2","0","1","","","","N","","","","","","","","","",""
"2022030453","1112","1","0","0","0","0","0","0","0","0","4","0","","02","3","2022","6","40.506126","-79.98349","1106","11","0","0","0","0","0","0","1","0","","0","0","0","","","0","","1","","40 30:22.053","7","0","79 59:00.564","0","0","0","0","2118","0","0","0","N","0","0","0","2","02118","0","","1.0","1145.0","1","N","N","Y","0","","0","0","1","","3","Y","","2","0","0","0","0","0","0","2","0","2","","03","","N","","","","","","","","","",""
"2022009729","0555","1","0","0","0","0","0","0","0","0","7","0","","02","1","2022","6","40.43895","-79.994695","0545","11","0","0","0","0","0","0","0","0","","0","0","0","","","0","","2","","40 26:20.220","","2","79 59:40.903","0","0","0","0","2301","0","0","0","N","0","0","0","1","02301","0","","1.0","","2","N","N","N","0","","0","0","0","","0","","","1","0","0","0","0","0","0","2","0","1","","98","","N","","","","","","","","","",""
"2022011779","0652","1","0","0","0","0","0","0","0","0","99","0","","02","2","2022","4","40.415119","-79.990578","0641","11","0","0","0","0","0","0","0","0","","0","0","0","","","0","","1","","40 24:54.428","","0","79 59:26.080","9","0","0","0","2301","0","0","0","N","0","0","0","1","02301","0","","9.0","","99","N","N","N","0","","0","0","0","","3","","","1","0","0","0","0","0","1","2","0","1","","","","N","","","","","","","","","",""
"2022000141","1821","1","0","0","0","0","0","0","0","0","7","0","","02","1","2022","7","40.395278","-79.899583","1818","11","0","0","0","0","0","1","0","0","","0","0","0","","","1","N","0","","40 23:43.000","","0","79 53:58.500","4","0","0","0","2448","0","0","0","N","0","0","0","1","02448","1","","2.0","","9","N","N","N","0","","0","0","0","","0","","","1","1","0","0","0","0","0","2","0","1","","07","","N","","","","","","","","","",""
"2022033585","0941","1","0","0","0","0","0","0","0","0","4","0","","02","4","2022","5","40.486968","-79.815097","0937","11","0","0","0","0","0","1","0","0","","0","0","0","","","2","N","0","","40 29:13.083","5","0","79 48:54.350","3","0","0","0","2113","0","0","0","N","0","0","0","4","02113","0","","1.0","1008.0","1","N","N","N","1","","2","0","0","","0","Y","","2","2","2","0","0","0","0","2","0","2","","","","N","","","","","","","","","",""
"2022033286","1158","2","0","0","0","0","0","0","0","0","4","0","","02","4","2022","3","40.394519","-80.034302","1155","11","0","0","0","0","0","0","1","0","","0","0","0","","","0","","2","","40 23:40.268","","0","80 02:03.487","0","0","0","0","2422","0","0","0","N","0","0","0","2","02422","0","","1.0","","1","N","N","N","0","","0","0","0","","0","","","2","0","0","0","0","0","0","2","0","2","","","","N","","","","","","","","","",""
"2022031988","0640","0","0","0","0","0","0","0","0","0","8","0","","02","4","2022","7","40.414375","-79.990542","0634","11","0","0","0","0","0","0","0","0","","0","0","0","","","1","","1","","40 24:51.750","","0","79 59:25.951","4","0","0","0","2301","1","0","0","N","1","0","0","2","02301","1","","1.0","","1","N","N","N","0","","0","0","0","","0","","","2","1","0","0","0","0","1","2","0","1","","03","","N","","","","","","","","","",""
"2022009501","1146","1","0","0","0","0","0","0","0","0","4","0","","02","1","2022","5","40.549409","-79.839986","1139","11","0","0","0","0","0","1","0","0","","0","0","0","","","0","N","1","","40 32:57.873","","0","79 50:23.951","0","0","0","0","2208","0","0","0","N","0","0","0","2","02208","0","","1.0","","1","N","N","N","1","","0","0","0","","2","","","2","0","0","0","0","0","0","2","0","2","","","","N","","","","","","","","","",""
"2022008516","1910","0","0","0","0","0","0","0","0","0","1","1","","02","1","2022","7","40.473189","-79.972184","1903","11","0","0","0","0","0","0","1","0","","0","1","0","","","0","N","7","","40 28:23.480","5","2","79 58:19.861","0","0","0","0","2445","0","0","0","N","0","0","0","3","02445","0","","1.0","1949.0","9","N","N","N","0","","0","0","2","","0","N","","3","0","0","0","0","0","0","2","0","3","","03","","N","","","","","","","","","",""
"2022033909","1117","3","0","0","0","0","0","0","0","0","2","0","","02","4","2022","6","40.378915","-80.065476","1113","11","0","0","0","0","0","1","1","1","","0","0","0","","","1","N","0","","40 22:44.095","7","0","80 03:55.715","8","0","0","0","2109","0","0","0","N","0","0","0","3","02109","0","","1.0","1345.0","1","N","N","N","0","","0","0","0","","0","Y","","3","1","0","0","0","1","0","2","0","3","","","","N","","","","","","","","","",""
"2022032632","1023","2","0","0","0","0","0","0","0","0","1","0","","02","4","2022","7","40.425753","-79.903524","0958","11","0","0","0","0","0","2","0","0","","0","0","0","","","1","N","0","","40 25:32.709","","0","79 54:12.688","3","0","0","0","2301","0","0","0","N","0","0","0","10","68B03","0","","1.0","","1","N","N","N","0","","1","0","2","","0","","","5","1","0","0","0","0","1","2","0","5","","","","N","","","","","","","","","",""
"2022012236","1251","0","0","0","0","0","0","0","0","0","1","1","","02","1","2022","3","40.427271","-79.921847","1244","11","0","0","0","0","0","1","1","0","","0","1","0","","","0","N","0","","40 25:38.175","3","4","79 55:18.649","0","0","0","0","2301","0","0","0","N","0","0","0","4","68B03","0","","1.0","1258.0","1","N","N","N","1","","0","0","2","","0","N","","4","0","0","0","0","0","0","2","0","4","","03","","N","","","","","","","","","",""
"2022032070","1618","1","0","0","0","0","0","0","0","0","7","0","","02","4","2022","7","40.4662","-79.846869","1614","11","0","0","0","0","0","0","0","0","","0","0","0","","","2","N","0","","40 27:58.321","5","0","79 50:48.727","3","0","0","0","2113","0","0","0","N","0","0","0","3","02113","0","","5.0","1709.0","1","N","N","N","0","","2","0","0","","0","Y","","1","2","0","0","0","0","0","2","0","1","","03","","N","","","","","","","","","",""
"2022011598","1854","2","0","0","0","0","0","0","0","0","5","0","","02","2","2022","3","40.442168","-79.994957","1850","11","0","0","0","0","0","1","0","0","","0","0","0","","","1","","1","","40 26:31.803","1","0","79 59:41.846","8","0","0","0","2301","0","0","0","N","0","0","0","5","02301","0","","1.0","1900.0","1","N","N","N","0","","0","0","0","","2","N","","2","1","0","0","0","1","0","2","0","2","","03","","N","","","","","","","","","",""
"2022000145","1814","0","0","0","0","0","0","0","0","0","5","0","","02","1","2022","7","40.334111","-79.812452","1812","11","0","0","0","0","0","0","0","0","","0","0","0","","","1","N","0","","40 20:02.800","","0","79 48:44.827","4","0","0","0","2477","0","0","0","N","0","0","0","2","02477","1","","1.0","","9","","N","N","1","","0","0","1","","0","","","2","1","0","0","0","0","0","2","0","2","","07","","N","","","","","","","","","",""
"2022001879","1814","1","0","0","0","0","0","0","0","0","6","0","","02","1","2022","5","40.409238","-79.993864","1814","11","0","0","0","0","0","0","0","0","","0","0","0","","","0","N","0","","40 24:33.255","","0","79 59:37.909","0","0","0","0","2301","0","0","0","N","0","0","0","1","02301","0","","6.0","","7","N","N","Y","0","","0","0","3","","0","","","4","0","0","0","0","0","0","2","0","4","","10","","N","","","","","","","","","",""
"2022007922","1500","2","0","0","0","0","0","0","0","0","1","0","","02","1","2022","6","40.65115","-80.080475","1453","11","0","0","0","0","0","1","0","0","","0","0","0","","","1","N","0","","40 39:04.141","2","0","80 04:49.709","8","0","0","0","2212","0","0","0","N","0","0","0","4","02505","0","","1.0","1528.0","1","N","N","N","0","","0","0","0","","0","N","","2","1","0","0","0","1","0","2","0","2","","","","N","","","","","","","","","",""
"2022033197","1120","1","0","0","0","0","0","0","0","0","5","0","","02","4","2022","7","40.494811","-80.013105","1043","11","0","0","0","0","0","0","0","0","","0","0","0","","","1","N","0","","40 29:41.318","","0","80 00:47.179","3","0","0","0","2301","0","0","0","N","0","0","0","4","68B03","0","","1.0","","1","N","N","N","0","","1","0","1","","0","","","2","1","0","0","0","0","0","2","0","2","","","","N","","","","","","","","","",""
"2022000464","1245","1","0","0","0","0","0","0","0","0","4","0","","02","1","2022","1","40.447435","-79.942465","1241","11","0","0","0","0","1","0","0","0","","0","0","0","","","1","N","1","","40 26:50.767","4","0","79 56:32.873","8","0","0","0","2301","0","0","0","N","0","0","0","2","02301","0","","1.0","1345.0","1","N","N","N","0","","0","0","1","","2","Y","","2","1","0","0","0","1","0","2","0","2","","","","N","","","","","","","","","",""
"2022008500","2226","1","0","0","0","0","0","0","0","0","7","0","","02","1","2022","2","40.480446","-80.043115","2216","11","0","0","0","0","0","0","0","0","","0","0","0","","","0","N","2","","40 28:49.605","","0","80 02:35.213","0","0","0","0","2301","0","0","0","N","0","0","0","1","02301","0","","5.0","","7","N","N","N","0","","0","0","0","","0","","","1","0","0","0","0","0","0","2","0","1","","10","","N","","","","","","","","","",""
"2022012183","0721","2","0","0","0","0","0","0","0","0","2","0","","02","1","2022","6","40.380119","-80.106388","0716","11","0","0","1","0","0","0","0","0","","0","0","0","","","0","N","0","","40 22:48.430","","7","80 06:22.996","0","0","0","0","2102","0","0","0","N","0","0","0","3","02102","0","","1.0","","7","N","N","N","0","","0","0","0","","0","","","2","0","0","0","0","0","0","2","0","2","","06","","N","","","","","","","","","",""
"2022012551","0236","1","0","0","0","0","0","0","0","0","7","0","","02","1","2022","7","40.440373","-79.83237","0236","11","0","0","0","0","0","0","0","0","","0","0","0","","","1","N","0","","40 26:25.341","3","0","79 49:56.531","3","0","0","0","2419","0","0","0","N","0","0","0","1","68B03","0","","3.0","310.0","1","N","N","N","0","","1","0","0","","0","N","","1","1","0","0","0","0","0","2","0","1","","","","N","","","","","","","","","",""
"2022001687","1027","1","0","0","0","0","0","0","0","0","1","0","","02","1","2022","4","40.495133","-80.065783","1024","11","0","0","0","0","0","0","1","0","","0","0","0","","","0","N","0","","40 29:42.478","1","7","80 03:56.820","0","0","0","0","2402","0","0","0","N","0","0","0","3","02402","0","","1.0","1045.0","1","N","N","N","1","","0","0","0","","0","N","","2","0","0","0","0","0","0","2","0","2","","03","","N","","","","","","","","","",""
"2022007904","1253","0","0","0","0","0","0","0","0","0","7","0","","02","1","2022","1","40.629324","-80.056542","1246","11","0","0","0","0","0","0","0","0","","0","0","0","","","0","N","1","","40 37:45.567","1","0","80 03:23.551","0","0","0","0","2216","0","0","0","N","0","0","0","1","02505","0","","5.0","1348.0","7","N","N","N","0","","0","0","1","","0","Y","","1","0","0","0","0","0","0","2","0","1","","02","","N","","","","","","","","","",""