"CRN","ARRIVAL_TM","AUTOMOBILE_COUNT","BELTED_DEATH_COUNT","BELTED_SUSP_SERIOUS_INJ_COUNT","BICYCLE_COUNT","BICYCLE_DEATH_COUNT","BICYCLE_SUSP_SERIOUS_INJ_COUNT","BUS_COUNT","CHLDPAS_DEATH_COUNT","CHLDPAS_SUSP_SERIOUS_INJ_COUNT","COLLISION_TYPE","COMM_VEH_COUNT","CONS_ZONE_SPD_LIM","COUNTY","CRASH_MONTH","CRASH_YEAR","DAY_OF_WEEK","DEC_LATITUDE","DEC_LONGITUDE","DISPATCH_TM","DISTRICT","DRIVER_COUNT_16YR","DRIVER_COUNT_17YR","DRIVER_COUNT_18YR","DRIVER_COUNT_19YR","DRIVER_COUNT_20YR","DRIVER_COUNT_50_64YR","DRIVER_COUNT_65_74YR","DRIVER_COUNT_75PLUS","EST_HRS_CLOSED","FATAL_COUNT","HEAVY_TRUCK_COUNT","HORSE_BUGGY_COUNT","HOUR_OF_DAY","ILLUMINATION","INJURY_COUNT","INTERSECTION_RELATED","INTERSECT_TYPE","LANE_CLOSED","LATITUDE","LN_CLOSE_DIR","LOCATION_TYPE","LONGITUDE","MAX_SEVERITY_LEVEL","MCYCLE_DEATH_COUNT","MCYCLE_SUSP_SERIOUS_INJ_COUNT","MOTORCYCLE_COUNT","MUNICIPALITY","NONMOTR_COUNT","NONMOTR_DEATH_COUNT","NONMOTR_SUSP_SERIOUS_INJ_COUNT","NTFY_HIWY_MAINT","PED_COUNT","PED_DEATH_COUNT","PED_SUSP_SERIOUS_INJ_COUNT","PERSON_COUNT","POLICE_AGCY","POSSIBLE_INJ_COUNT","RDWY_SURF_TYPE_CD","RELATION_TO_ROAD","ROADWAY_CLEARED","ROAD_CONDITION","SCH_BUS_IND","SCH_ZONE_IND","SECONDARY_CRASH","SMALL_TRUCK_COUNT","SPEC_JURIS_CD","SUSP_MINOR_INJ_COUNT","SUSP_SERIOUS_INJ_COUNT","SUV_COUNT","TCD_FUNC_CD","TCD_TYPE","TFC_DETOUR_IND","TIME_OF_DAY","TOTAL_UNITS","TOT_INJ_COUNT","UNBELTED_OCC_COUNT","UNB_DEATH_COUNT","UNB_SUSP_SERIOUS_INJ_COUNT","UNK_INJ_DEG_COUNT","UNK_INJ_PER_COUNT","URBAN_RURAL","VAN_COUNT","VEHICLE_COUNT","WEATHER1","WEATHER2","WORKERS_PRES","WORK_ZONE_IND","WORK_ZONE_LOC","WORK_ZONE_TYPE","WZ_CLOSE_DETOUR","WZ_FLAGGER","WZ_LAW_OFFCR_IND","WZ_LN_CLOSURE","WZ_MOVING","WZ_OTHER","WZ_SHLDER_MDN","WZ_WORKERS_INJ_KILLED"
"2022010359","0400","1","0","0","0","0","0","0","0","0","7","0","","02","1","2022","6","40.389798","-80.158199","0353","11","0","0","0","0","0","0","0","0","","0","0","0","","","0","N","0","","40 23:23.272","","0","80 09:29.515","0","0","0","0","2102","0","0","0","N","0","0","0","1","02102","0","","2.0","","7","N","N","N","0","","0","0","0","","0","","","1","0","1","0","0","0","0","2","0","1","","02","","N","","","","","","","","","",""
"2022033573","0903","2","0","0","0","0","0","0","0","0","4","0","","02","4","2022","5","40.470727","-80.036191","0859","11","0","0","0","0","0","0","0","0","","0","0","0","","","0","","1","","40 28:14.617","1","0","80 02:10.287","0","0","0","0","2301","0","0","0","N","0","0","0","2","02301","0","","1.0","954.0","9","N","N","N","0","","0","0","0","","3","N","","2","0","0","0","0","0","0","2","0","2","","03","","N","","","","","","","","","",""
"2022009352","0650","2","0","0","0","0","0","0","0","0","1","0","","02","1","2022","5","40.434961","-79.992918","0642","11","0","0","0","0","0","0","1","0","","0","0","0","","","0","N","0","","40 26:05.861","4","0","79 59:34.506","0","0","0","0","2301","0","0","0","N","0","0","0","3","02301","0","","1.0","720.0","2","N","N","Y","0","","0","0","0","","0","N","","2","0","0","0","0","0","0","2","0","2","","","","N","","","","","","","","","",""
"2022032377","0054","2","0","0","0","0","0","0","0","0","2","0","","02","4","2022","2","40.395155","-79.971345","0049","11","0","0","0","0","0","1","0","0","","0","0","0","","","0","N","0","","40 23:42.557","6","0","79 58:16.842","0","0","0","0","2403","0","0","0","N","0","0","0","1","02403","0","","1.0","205.0","1","N","N","Y","0","","0","0","1","","0","N","","3","0","0","0","0","0","0","2","0","3","","03","","N","","","","","","","","","",""
"2022031040","0645","1","0","0","0","0","0","0","0","0","1","0","","02","3","2022","3","40.439583","-80.225571","0634","11","0","0","0","0","0","0","1","0","","0","0","0","","","0","N","0","","40 26:22.499","3","0","80 13:32.054","0","0","0","0","2214","0","0","0","N","0","0","0","2","68B03","0","","1.0","752.0","1","N","N","N","1","","0","0","0","","0","N","","2","0","0","0","0","0","0","2","0","2","","","","N","","","","","","","","","",""
"2022010800","0821","0","0","0","0","0","0","0","0","0","4","0","","02","1","2022","2","40.483865","-79.814614","0807","11","0","0","0","0","0","0","0","0","","0","0","0","","","2","","2","","40 29:01.915","6","0","79 48:52.609","2","0","0","0","2113","0","0","0","N","0","0","0","3","02113","0","","1.0","840.0","1","N","N","N","0","","0","1","1","","3","N","","2","2","0","0","0","1","0","2","1","2","","03","","N","","","","","","","","","",""
"2022030468","0738","2","0","0","0","0","0","0","0","0","1","0","","02","3","2022","6","40.358504","-80.112217","0736","11","0","0","0","0","0","0","0","0","","0","0","0","","","1","","1","","40 21:30.613","","0","80 06:43.981","8","0","0","0","2414","0","0","0","N","0","0","0","2","02414","0","","1.0","","1","N","N","N","0","","0","0","0","","2","","","2","1","0","0","0","1","0","2","0","2","","","","N","","","","","","","","","",""
"2022031137","1740","1","0","0","0","0","0","0","0","0","8","0","","02","3","2022","4","40.447543","-79.977436","1734","11","0","0","0","0","0","0","0","0","","0","0","0","","","1","N","2","","40 26:51.154","","0","79 58:38.769","3","0","0","0","2301","1","0","0","N","1","0","0","2","02301","0","","1.0","","1","N","N","N","0","","1","0","0","","0","","","2","1","0","0","0","0","0","2","0","1","","","","N","","","","","","","","","",""
"2022022972","0754","1","0","0","0","0","0","0","0","0","1","0","","02","1","2022","5","40.429364","-79.999101","0737","11","0","0","0","0","0","0","0","0","","0","0","0","","","0","","1","","40 25:45.712","","3","79 59:56.762","0","0","0","0","2301","0","0","0","N","0","0","0","2","02301","0","","4.0","","9","N","N","N","0","","0","0","0","","2","","","2","0","0","0","0","0","0","2","1","2","","07","","N","","","","","","","","","",""
"2022032538","1348","1","0","0","0","0","0","0","0","0","7","0","","02","3","2022","6","40.365738","-80.016312","1346","11","0","0","0","0","0","1","0","0","","0","0","0","","","1","","3","","40 21:56.656","2","0","80 00:58.724","3","0","0","0","2416","0","0","0","N","0","0","0","1","02416","0","","2.0","15.0","1","N","N","N","0","","1","0","0","","3","N","","1","1","0","0","0","0","0","2","0","1","","03","","N","","","","","","","","","",""
"2022007458","2005","1","0","0","0","0","0","0","0","0","7","0","","02","1","2022","6","40.421901","-80.029611","2001","11","0","0","0","0","0","1","0","0","","0","0","0","","","0","N","0","","40 25:18.845","","0","80 01:46.600","0","0","0","0","2301","0","0","0","N","0","0","0","1","02301","0","","3.0","","1","N","N","N","0","","0","0","0","","0","","","1","0","0","0","0","0","0","2","0","1","","","","N","","","","","","","","","",""
"2022012025","1628","2","0","0","0","0","0","0","0","0","4","0","","02","1","2022","1","40.341905","-80.025948","1627","11","0","0","0","0","0","1","0","0","","0","0","0","","","2","N","0","","40 20:30.859","5","0","80 01:33.412","3","0","0","0","2407","0","0","0","N","0","0","0","3","02407","0","","1.0","1700.0","2","N","N","N","0","","2","0","0","","0","N","","2","2","0","0","0","0","0","2","0","2","","","","N","","","","","","","","","",""
"2022008667","0745","1","0","0","0","0","0","0","0","0","7","0","","02","1","2022","3","40.629473","-79.944837","0729","11","0","0","0","0","0","1","0","0","","0","0","0","","","0","N","0","","40 37:46.104","1","0","79 56:41.414","0","0","0","0","2217","0","0","0","N","0","0","0","1","02505","0","","5.0","825.0","9","N","N","N","0","","0","0","0","","0","N","","1","0","0","0","0","0","0","2","0","1","","","","N","","","","","","","","","",""
"2022032501","0948","1","0","0","0","0","0","1","0","0","5","1","","02","4","2022","2","40.440731","-80.000383","0939","11","0","0","0","0","0","0","0","0","","0","0","0","","","0","","1","","40 26:26.631","","0","80 00:01.378","0","0","0","0","2301","0","0","0","N","0","0","0","3","02301","0","","1.0","","1","N","N","N","0","","0","0","0","","2","","","2","0","0","0","0","0","0","2","0","2","","","","N","","","","","","","","","",""
"2022031968","0225","1","0","0","0","0","0","0","0","0","2","0","","02","4","2022","7","40.415451","-79.92486","0220","11","0","0","0","0","0","0","0","0","","0","0","0","","","0","N","1","","40 24:55.623","","0","79 55:29.496","0","0","0","0","2301","0","0","0","N","0","0","0","2","02301","0","","4.0","","1","N","N","N","0","","0","0","1","","0","","","2","0","0","0","0","0","0","2","0","2","","","","N","","","","","","","","","",""
"2022002579","2020","2","0","0","0","0","0","0","0","0","6","0","","02","1","2022","5","40.382722","-79.868633","1919","11","0","0","0","0","0","0","1","0","","0","0","0","","","0","N","0","","40 22:57.800","","0","79 52:07.080","0","0","0","0","2473","0","0","0","N","0","0","0","2","02473","0","","1.0","","7","N","N","N","0","","0","0","0","","0","","","2","0","0","0","0","0","0","2","0","2","","02","","N","","","","","","","","","",""
"2022010709","1743","0","0","0","0","0","0","0","0","0","4","0","","02","1","2022","6","40.386081","-80.043958","1742","11","0","0","0","0","0","0","0","0","","0","0","0","","","1","N","0","","40 23:09.893","5","0","80 02:38.250","8","0","0","0","2109","0","0","0","N","0","0","0","3","02109","0","","1.0","1841.0","1","N","N","N","0","","0","0","3","","0","Y","","3","1","1","0","0","1","0","2","0","3","","03","","N","","","","","","","","","",""
"2022010809","1001","1","0","0","0","0","0","1","0","0","4","1","","02","1","2022","1","40.462849","-79.94806","0955","11","0","0","0","0","0","0","0","1","","0","0","0","","","1","","2","","40 27:46.256","","0","79 56:53.015","3","0","0","0","2301","0","0","0","N","0","0","0","3","02503","0","","1.0","","1","N","N","N","0","","1","0","0","","3","","","2","1","0","0","0","0","0","2","0","2","","03","","N","","","","","","","","","",""
"2022032628","1750","2","0","0","0","0","0","0","0","0","1","0","","02","4","2022","6","40.429716","-79.957027","1740","11","0","0","0","0","0","0","1","0","","0","0","0","","","0","N","0","","40 25:46.978","3","0","79 57:25.298","0","0","0","0","2301","0","0","0","N","0","0","0","3","68B03","0","","1.0","1815.0","1","N","N","N","0","","0","0","0","","0","N","","2","0","0","0","0","0","0","2","0","2","","","","N","","","","","","","","","",""
"2022029561","0802","1","0","0","0","0","0","0","0","0","4","0","","02","3","2022","1","40.658948","-80.092204","0737","11","0","0","0","0","0","0","0","0","","0","0","0","","","0","N","0","","40 39:32.213","","0","80 05:31.935","0","0","0","0","2212","0","0","0","N","0","0","0","1","68B03","0","","4.0","","6","N","N","N","0","","0","0","0","","0","","","1","0","0","0","0","0","0","2","0","1","","03","","N","","","","","","","","","",""
"2022029046","0515","1","0","0","0","0","0","0","0","0","4","0","","02","3","2022","4","40.369338","-79.910621","0459","11","0","0","0","0","0","0","0","0","","0","0","0","","","0","","2","","40 22:09.618","","0","79 54:38.235","9","0","0","0","2301","0","0","0","N","0","0","0","1","02301","0","","5.0","","1","N","N","N","0","","0","0","1","","0","N","","2","0","0","0","0","0","1","2","0","2","","03","","N","","","","","","","","","",""
"2022009882","0857","2","0","0","0","0","0","0","0","0","5","0","","02","1","2022","6","40.392399","-80.005951","0804","11","0","0","0","0","0","0","0","0","","0","0","0","","","0","N","2","","40 23:32.636","","0","80 00:21.423","0","0","0","0","2301","0","0","0","N","0","0","0","2","02301","0","","1.0","","6","N","N","N","0","","0","0","0","","0","","","2","0","0","0","0","0","0","2","0","2","","","","N","","","","","","","","","",""
"2022032947","2244","1","0","0","0","0","0","0","0","0","7","0","","02","4","2022","7","40.355561","-80.040126","2237","11","0","0","0","0","0","1","0","0","","0","0","0","","","0","N","0","","40 21:20.021","","0","80 02:24.455","0","0","0","0","2109","0","0","0","N","0","0","0","1","02109","0","","5.0","","1","N","N","N","0","","0","0","0","","0","","","1","0","0","0","0","0","0","2","0","1","","","","N","","","","","","","","","",""
"2022005461","0011","1","0","0","0","0","0","0","0","0","0","0","","02","1","2022","1","40.452795","-79.981469","0004","11","0","0","0","0","0","0","0","0","","0","0","0","","","1","N","1","","40 27:10.063","4","0","79 58:53.290","8","0","0","0","2301","0","0","0","N","0","0","0","2","02301","0","","2.0","42.0","9","N","N","N","0","","0","0","1","","0","N","","3","1","0","0","0","1","0","2","0","2","","04","","N","","","","","","","","","",""
"2022008353","1813","2","0","0","0","0","0","0","0","0","4","0","","02","1","2022","2","40.441688","-80.045636","1813","11","0","0","0","0","1","0","0","0","","0","0","0","","","0","N","0","","40 26:30.077","","0","80 02:44.288","0","0","0","0","2301","0","0","0","N","0","0","0","1","02301","0","","1.0","","6","N","N","N","0","","0","0","0","","0","","","2","0","0","0","0","0","0","2","0","2","","10","","N","","","","","","","","","",""
"2022029994","1154","1","0","0","0","0","0","0","0","0","4","1","","02","3","2022","6","40.410965","-80.006047","1142","11","0","0","0","0","0","0","0","0","","1","1","0","","","0","","2","","40 24:39.473","2","7","80 00:21.770","1","0","0","0","2301","0","0","0","N","0","0","0","2","02301","0","2","1.0","1543.0","1","N","N","N","0","0","0","0","0","","2","Y","","2","0","1","1","0","0","0","2","0","2","","","","N","","","","","","","","","",""
"2022001982","1816","2","0","0","0","0","0","0","0","0","7","0","","02","1","2022","5","40.628228","-79.941766","1813","11","0","1","0","0","0","1","0","0","","0","0","0","","","0","N","0","","40 37:41.622","5","0","79 56:30.357","0","0","0","0","2217","0","0","0","N","0","0","0","2","02505","0","","2.0","1850.0","7","N","N","N","0","","0","0","0","","0","N","","2","0","0","0","0","0","0","2","0","2","","","","N","","","","","","","","","",""
"2022001656","0646","0","0","0","0","0","0","0","0","0","98","0","","02","1","2022","2","40.337623","-80.011288","0642","11","0","0","0","0","0","0","0","0","","0","0","0","","","1","Y","0","","40 20:15.444","","0","80 00:40.636","3","0","0","0","2407","0","0","0","N","0","0","0","1","02407","0","","1.0","","1","N","N","N","0","","1","0","1","","0","","","1","1","0","0","0","0","0","2","0","1","","","","N","","","","","","","","","",""
"2022030053","0217","0","0","0","0","0","0","0","0","0","5","1","","02","3","2022","7","40.442381","-80.023441","0217","11","0","0","0","0","0","1","0","0","","0","1","0","","","0","N","0","","40 26:32.570","6","0","80 01:24.386","9","0","0","0","2301","0","0","0","N","0","0","0","2","02301","0","","1.0","400.0","1","N","N","N","0","","0","0","1","","0","N","","2","0","0","0","0","0","1","2","0","2","","03","","N","","","","","","","","","",""
"2022031459","2325","2","0","0","0","0","0","0","0","0","4","0","","02","3","2022","5","40.463544","-79.855759","2319","11","0","0","1","0","0","0","0","1","","0","0","0","","","3","N","0","","40 27:48.759","","0","79 51:20.734","3","0","0","0","2113","0","0","0","N","0","0","0","4","02113","1","","1.0","","1","N","N","N","0","","2","0","0","","0","","","2","3","0","0","0","0","1","2","0","2","","","","N","","","","","","","","","",""
"2022031032","1220","3","0","0","0","0","0","0","0","0","1","0","","02","3","2022","1","40.431709","-80.024582","1204","11","0","0","0","0","0","2","0","0","","0","0","0","","","0","N","0","","40 25:54.153","","0","80 01:28.496","9","0","0","0","2301","0","0","0","N","0","0","0","6","68B03","0","","1.0","","9","N","N","N","0","","0","0","1","","0","","","4","0","0","0","0","0","1","2","0","4","","","","N","","","","","","","","","",""
"2022029017","1620","1","0","0","0","0","0","0","0","0","1","0","","02","3","2022","4","40.389171","-79.994406","1616","11","0","0","0","0","0","0","0","0","","0","0","0","","","0","N","0","","40 23:21.014","","0","79 59:39.863","0","0","0","0","2301","0","0","0","N","0","0","0","1","02301","0","","4.0","","1","N","N","N","1","","0","0","0","","0","","","2","0","0","0","0","0","0","2","0","2","","03","","N","","","","","","","","","",""
"2022010313","1947","2","0","0","0","0","0","0","0","0","6","0","","02","1","2022","7","40.451476","-79.908173","1943","11","0","0","0","0","0","0","0","0","","0","0","0","","","0","N","1","","40 27:05.312","","0","79 54:29.421","0","0","0","0","2301","0","0","0","N","0","0","0","4","02301","0","","1.0","","7","N","N","N","0","","0","0","0","","2","","","2","0","0","0","0","0","0","2","0","2","","03","","N","","","","","","","","","",""
"2022000623","0743","0","0","0","0","0","0","0","0","0","1","0","","02","1","2022","2","40.318496","-80.11375","0739","11","0","0","0","0","0","1","0","0","","0","0","0","","","0","N","0","","40 19:06.585","","0","80 06:49.501","0","0","0","0","2123","0","0","0","N","0","0","0","3","02123","0","","1.0","","1","N","N","N","0","","0","0","3","","2","","","3","0","0","0","0","0","0","2","0","3","","","","N","","","","","","","","","",""
"2022032594","2143","1","0","0","0","0","0","0","0","0","1","0","","02","3","2022","7","40.428719","-79.945997","2137","11","0","0","0","0","0","0","0","0","","0","0","0","","","2","N","0","","40 25:43.390","4","0","79 56:45.590","3","0","0","0","2301","0","0","0","N","0","0","0","5","68B03","0","","1.0","2100.0","1","N","N","N","0","","1","0","1","","0","N","","2","2","0","0","0","1","1","2","0","2","","","","N","","","","","","","","","",""
"2022009546","1625","2","0","0","0","0","0","0","0","0","5","0","","02","1","2022","5","40.460642","-80.076599","1616","11","0","0","0","0","0","1","0","0","","0","0","0","","","0","N","2","","40 27:38.311","","0","80 04:35.756","0","0","0","0","2301","0","0","0","N","0","0","0","2","02301","0","","4.0","","1","N","N","Y","0","","0","0","0","","0","","","2","0","0","0","0","0","0","2","0","2","","03","","N","","","","","","","","","",""
"2022003876","1534","1","0","0","0","0","0","0","0","0","1","0","","02","1","2022","2","40.427558","-79.890641","1513","11","0","0","0","0","1","1","0","0","","0","0","0","","","0","N","0","","40 25:39.208","4","0","79 53:26.307","0","0","0","0","2426","0","0","0","N","0","0","0","3","68B03","0","","1.0","1533.0","1","N","N","N","0","","0","0","1","","0","N","","2","0","0","0","0","0","0","2","0","2","","","","N","","","","","","","","","",""
"2022031481","1204","2","0","0","0","0","0","0","0","0","4","0","","02","3","2022","5","40.458149","-79.934572","1154","11","0","0","0","0","0","0","0","0","","0","0","0","","","1","","1","","40 27:29.338","","0","79 56:04.458","3","0","0","0","2301","0","0","0","N","0","0","0","2","02301","0","","1.0","","1","N","N","N","0","","1","0","0","","2","","","2","1","0","0","0","0","1","2","0","2","","","","N","","","","","","","","","",""
"2022004018","1953","1","0","0","0","0","0","0","0","0","4","0","","02","1","2022","5","40.392286","-80.04699","1953","11","0","0","0","0","0","0","0","0","","0","0","0","","","0","","1","","40 23:32.229","6","0","80 02:49.163","0","0","0","0","2109","0","0","0","N","0","0","0","3","02109","0","","1.0","45.0","7","N","N","N","0","","0","0","1","","3","Y","","2","0","0","0","0","0","0","2","0","2","","","","N","","","","","","","","","",""
"2022009871","0928","0","0","0","0","0","0","0","0","0","7","0","","02","1","2022","6","40.457718","-79.963826","0918","11","0","0","0","0","0","0","0","0","","0","0","0","","","2","N","3","","40 27:27.786","5","0","79 57:49.774","8","0","0","0","2301","0","0","0","N","0","0","0","2","02301","0","","4.0","1015.0","6","N","N","N","0","","0","0","0","","0","Y","","1","2","0","0","0","2","0","2","1","1","","04","","N","","","","","","","","","",""
"2022010244","0134","2","0","0","0","0","0","0","0","0","4","0","","02","1","2022","7","40.385089","-79.970856","0132","11","0","0","0","0","0","0","0","0","","0","0","0","","","0","N","0","","40 23:06.321","5","0","79 58:15.083","0","0","0","0","2413","0","0","0","N","0","0","0","1","02413","0","","2.0","230.0","1","N","N","N","1","","0","0","1","","0","Y","","4","0","0","0","0","0","0","2","0","4","","98","","N","","","","","","","","","",""
"2022030835","1610","2","0","0","0","0","0","0","0","0","2","0","","02","3","2022","3","40.452797","-80.03924","1608","11","0","0","0","1","0","0","0","0","","0","0","0","","","0","N","2","","40 27:10.070","5","0","80 02:21.263","0","0","0","0","2301","0","0","0","N","0","0","0","2","02301","0","","1.0","1640.0","1","N","N","N","0","","0","0","0","","2","Y","","2","0","0","0","0","0","0","2","0","2","","03","","N","","","","","","","","","",""
"2022010130","0808","1","0","0","0","0","0","0","0","0","7","0","","02","1","2022","7","40.388607","-80.204891","0800","11","0","0","0","0","0","0","0","0","","0","0","0","","","0","N","0","","40 23:18.984","","0","80 12:17.606","0","0","0","0","2214","0","0","0","Y","0","0","0","1","02214","0","","5.0","","1","N","N","N","0","","0","0","0","","0","","","1","0","0","0","0","0","0","2","0","1","","03","","N","","","","","","","","","",""
"2022008047","0355","1","0","0","0","0","0","0","0","0","4","0","","02","1","2022","5","40.416001","-79.799697","0352","11","0","0","0","0","0","0","0","0","","0","0","0","","","0","N","1","","40 24:57.603","1","0","79 47:58.909","9","0","0","0","2446","0","0","0","N","0","0","0","1","02446","0","","1.0","426.0","1","N","N","N","0","","0","0","0","","3","N","","2","0","0","0","0","0","1","2","0","1","","","","N","","","","","","","","","",""
"2022032077","1516","1","0","0","0","0","0","0","0","0","4","0","","02","3","2022","3","40.351204","-79.994141","1512","11","0","0","0","0","0","1","0","0","","0","0","0","","","0","","2","","40 21:04.334","","0","79 59:38.907","0","0","0","0","2476","0","0","0","N","0","0","0","2","02476","0","","1.0","","1","N","N","N","0","","0","0","1","","3","","","2","0","0","0","0","0","0","2","0","2","","03","","N","","","","","","","","","",""
"2022010986","1536","0","0","0","0","0","0","0","0","0","4","0","","02","1","2022","2","40.364521","-79.983434","1533","11","0","0","0","0","0","0","1","0","","0","0","0","","","0","N","0","","40 21:52.277","2","7","79 59:00.364","0","0","0","0","2413","0","0","0","N","0","0","0","3","02413","0","","1.0","1550.0","1","N","N","N","0","","0","0","2","","0","N","","2","0","0","0","0","0","0","2","0","2","","","","N","","","","","","","","","",""
"2022011424","1244","1","0","0","0","0","0","0","0","0","4","0","","02","1","2022","2","40.581439","-79.956264","1243","11","0","0","0","0","0","0","0","0","","0","0","0","","","0","","2","","40 34:53.179","","0","79 57:22.552","0","0","0","0","2207","0","0","0","N","0","0","0","2","02207","0","","1.0","","1","N","N","N","1","","0","0","0","","0","N","","2","0","0","0","0","0","0","2","0","2","","03","","N","","","","","","","","","",""
"2022011003","1413","1","0","0","0","0","0","0","0","0","4","0","","02","1","2022","7","40.355646","-80.073266","1409","11","0","0","0","0","0","0","0","0","","0","0","0","","","1","N","0","","40 21:20.324","5","0","80 04:23.758","3","0","0","0","2123","0","0","0","N","0","0","0","3","02123","0","","1.0","1442.0","1","N","N","N","0","","1","0","0","","0","Y","","2","1","0","0","0","0","0","2","1","2","","","","N","","","","","","","","","",""
"2022009657","2020","2","0","0","0","0","0","0","0","0","2","0","","02","1","2022","5","40.456293","-79.974938","2010","11","0","0","0","0","0","0","0","0","","0","0","0","","","0","N","1","","40 27:22.654","","0","79 58:29.776","0","0","0","0","2301","0","0","0","N","0","0","0","2","02301","0","","1.0","","1","N","N","N","0","","0","0","0","","2","","","2","0","0","0","0","0","0","2","0","2","","02","","N","","","","","","","","","",""
"2022000188","0515","1","0","0","0","0","0","0","0","0","7","0","","02","1","2022","7","40.460848","-79.868359","0504","11","0","0","0","0","0","0","0","0","","0","0","0","","","0","N","1","","40 27:39.052","","0","79 52:06.094","0","0","0","0","2301","0","0","0","N","0","0","0","2","02301","0","","2.0","","9","N","N","N","0","","0","0","0","","2","","","1","0","0","0","0","0","0","2","0","1","","07","","N","","","","","","","","","",""
"2022012428","1547","1","0","0","0","0","0","0","0","0","4","0","","02","2","2022","5","40.453052","-79.967003","1547","11","0","0","0","0","0","0","0","0","","0","0","0","","","0","N","0","","40 27:10.987","","0","79 58:01.209","0","0","0","0","2301","0","0","0","N","0","0","0","2","02301","0","","1.0","","9","N","N","N","0","","0","0","1","","0","","","2","0","2","0","0","0","0","2","0","2","","04","","N","","","","","","","","","",""
"2022011966","1604","2","0","0","0","0","0","0","0","0","4","0","","02","2","2022","4","40.530392","-79.775501","1555","11","0","1","0","0","0","0","0","0","","0","0","0","","","0","","2","","40 31:49.412","4","0","79 46:31.805","0","0","0","0","2466","0","0","0","N","0","0","0","2","02466","0","","1.0","1639.0","1","N","N","N","0","","0","0","0","","2","N","","2","0","0","0","0","0","0","2","0","2","","03","","N","","","","","","","","","",""
"2022007901","0343","1","0","0","0","0","0","0","0","0","1","0","","02","1","2022","1","40.381493","-79.92784","0337","11","0","0","0","0","0","0","0","0","","0","0","0","","","1","","2","","40 22:53.376","","0","79 55:40.223","3","0","0","0","2301","0","0","0","N","0","0","0","1","02301","0","","4.0","","2","","","N","0","","1","0","1","","0","","","2","1","0","0","0","0","0","2","0","2","","","","N","","","","","","","","","",""
"2022024098","0755","1","0","0","0","0","0","0","0","0","7","0","","02","3","2022","4","40.510611","-79.896492","0749","11","0","1","0","0","0","0","0","0","","0","0","0","","","0","N","0","","40 30:38.198","4","0","79 53:47.370","0","0","0","0","2432","0","0","0","N","0","0","0","1","02432","0","","5.0","835.0","7","N","N","N","0","","0","0","0","","0","Y","","1","0","0","0","0","0","0","2","0","1","","","","N","","","","","","","","","",""
"2022010480","1535","2","0","0","0","0","0","0","0","0","5","0","","02","1","2022","2","40.361233","-79.861318","1533","11","0","0","1","0","0","0","0","0","","0","0","0","","","1","N","0","","40 21:40.438","","0","79 51:40.746","3","0","0","0","2473","0","0","0","N","0","0","0","4","02473","0","","1.0","","1","N","N","N","0","","1","0","0","","0","","","2","1","1","0","0","0","0","2","0","2","","03","","N","","","","","","","","","",""
"2022005425","2212","1","0","0","0","0","0","0","0","0","7","0","","02","1","2022","5","40.484409","-79.945454","2206","11","0","0","0","0","0","0","0","0","","0","0","0","","","0","N","0","","40 29:03.871","","0","79 56:43.633","0","0","0","0","2301","0","0","0","N","0","0","0","2","02301","0","","4.0","","7","N","N","N","0","","0","0","0","","0","","","1","0","0","0","0","0","0","2","0","1","","","","N","","","","","","","","","",""
"2022010030","0256","1","0","0","0","0","0","0","0","0","5","0","","02","1","2022","7","40.464795","-79.960262","0252","11","0","0","0","0","0","0","0","0","","0","0","0","","","0","N","1","","40 27:53.261","3","0","79 57:36.943","0","0","0","0","2301","0","0","0","N","0","0","0","2","02301","0","","1.0","351.0","1","N","N","N","0","","0","0","2","","0","Y","","3","0","1","0","0","0","0","2","0","3","","03","","N","","","","","","","","","",""
"2022011490","1851","3","0","0","0","0","0","0","0","0","1","0","","02","1","2022","2","40.450687","-80.174371","1837","11","0","0","0","0","0","0","0","0","","0","0","0","","","2","N","1","","40 27:02.474","","0","80 10:27.737","3","0","0","0","2214","0","0","0","N","0","0","0","4","02214","0","","1.0","","1","N","N","N","0","","2","0","0","","2","N","","3","2","0","0","0","0","0","2","0","3","","03","","N","","","","","","","","","",""
"2022001315","0302","0","0","0","0","0","0","0","0","0","7","0","","02","1","2022","4","40.421543","-79.984409","0259","11","0","0","0","0","0","0","0","0","","0","0","0","","","0","N","2","","40 25:17.554","","0","79 59:03.873","9","0","0","0","2301","0","0","0","Y","0","0","0","2","02301","0","","2.0","","1","N","N","N","0","","0","0","1","","0","","","1","0","0","0","0","0","2","2","0","1","","03","","N","","","","","","","","","",""
"2022000671","1800","0","0","0","0","0","0","0","0","0","1","0","","02","1","2022","2","40.427525","-80.000356","1750","11","0","0","0","0","0","1","0","0","","0","0","0","","","0","N","0","","40 25:39.090","","4","80 00:01.281","0","0","0","0","2301","0","0","0","N","0","0","0","2","02301","0","","1.0","","1","N","N","N","1","","0","0","1","","0","","","2","0","0","0","0","0","0","2","0","2","","03","","N","","","","","","","","","",""
"2022008407","1810","1","0","0","0","0","0","0","0","0","1","0","","02","1","2022","2","40.407201","-80.036278","1758","11","0","0","0","0","0","0","0","0","","0","0","0","","","0","N","0","","40 24:25.925","5","0","80 02:10.600","9","0","0","0","2301","0","0","0","N","0","0","0","2","02301","0","","1.0","1854.0","7","N","N","N","0","","0","0","0","","0","Y","","2","0","0","0","0","0","1","2","1","2","","10","","N","","","","","","","","","",""