"CRN","ARRIVAL_TM","AUTOMOBILE_COUNT","BELTED_DEATH_COUNT","BELTED_SUSP_SERIOUS_INJ_COUNT","BICYCLE_COUNT","BICYCLE_DEATH_COUNT","BICYCLE_SUSP_SERIOUS_INJ_COUNT","BUS_COUNT","CHLDPAS_DEATH_COUNT","CHLDPAS_SUSP_SERIOUS_INJ_COUNT","COLLISION_TYPE","COMM_VEH_COUNT","CONS_ZONE_SPD_LIM","COUNTY","CRASH_MONTH","CRASH_YEAR","DAY_OF_WEEK","DEC_LATITUDE","DEC_LONGITUDE","DISPATCH_TM","DISTRICT","DRIVER_COUNT_16YR","DRIVER_COUNT_17YR","DRIVER_COUNT_18YR","DRIVER_COUNT_19YR","DRIVER_COUNT_20YR","DRIVER_COUNT_50_64YR","DRIVER_COUNT_65_74YR","DRIVER_COUNT_75PLUS","EST_HRS_CLOSED","FATAL_COUNT","HEAVY_TRUCK_COUNT","HORSE_BUGGY_COUNT","HOUR_OF_DAY","ILLUMINATION","INJURY_COUNT","INTERSECTION_RELATED","INTERSECT_TYPE","LANE_CLOSED","LATITUDE","LN_CLOSE_DIR","LOCATION_TYPE","LONGITUDE","MAX_SEVERITY_LEVEL","MCYCLE_DEATH_COUNT","MCYCLE_SUSP_SERIOUS_INJ_COUNT","MOTORCYCLE_COUNT","MUNICIPALITY","NONMOTR_COUNT","NONMOTR_DEATH_COUNT","NONMOTR_SUSP_SERIOUS_INJ_COUNT","NTFY_HIWY_MAINT","PED_COUNT","PED_DEATH_COUNT","PED_SUSP_SERIOUS_INJ_COUNT","PERSON_COUNT","POLICE_AGCY","POSSIBLE_INJ_COUNT","RDWY_SURF_TYPE_CD","RELATION_TO_ROAD","ROADWAY_CLEARED","ROAD_CONDITION","SCH_BUS_IND","SCH_ZONE_IND","SECONDARY_CRASH","SMALL_TRUCK_COUNT","SPEC_JURIS_CD","SUSP_MINOR_INJ_COUNT","SUSP_SERIOUS_INJ_COUNT","SUV_COUNT","TCD_FUNC_CD","TCD_TYPE","TFC_DETOUR_IND","TIME_OF_DAY","TOTAL_UNITS","TOT_INJ_COUNT","UNBELTED_OCC_COUNT","UNB_DEATH_COUNT","UNB_SUSP_SERIOUS_INJ_COUNT","UNK_INJ_DEG_COUNT","UNK_INJ_PER_COUNT","URBAN_RURAL","VAN_COUNT","VEHICLE_COUNT","WEATHER1","WEATHER2","WORKERS_PRES","WORK_ZONE_IND","WORK_ZONE_LOC","WORK_ZONE_TYPE","WZ_CLOSE_DETOUR","WZ_FLAGGER","WZ_LAW_OFFCR_IND","WZ_LN_CLOSURE","WZ_MOVING","WZ_OTHER","WZ_SHLDER_MDN","WZ_WORKERS_INJ_KILLED"
"2022003491","1515","0","0","0","0","0","0","0","0","0","5","0","","02","1","2022","4","40.419218","-79.882272","1513","11","0","0","0","0","0","0","1","0","","0","0","0","","","1","N","2","","40 25:09.184","1","0","79 52:56.179","3","0","0","0","2463","0","0","0","N","0","0","0","1","02463","0","","4.0","1552.0","1","N","N","N","0","","1","0","2","","0","Y","","2","1","0","0","0","0","0","2","0","2","","03","","N","","","","","","","","","",""
"2022030737","0800","1","0","0","0","0","0","0","0","0","7","0","","02","3","2022","2","40.411805","-79.922806","0756","11","0","0","0","0","0","0","0","0","","0","0","0","","","0","N","2","","40 24:42.498","6","0","79 55:22.101","0","0","0","0","2301","0","0","0","N","0","0","0","2","02301","0","","5.0","845.0","2","N","N","N","0","","0","0","0","","0","N","","1","0","0","0","0","0","0","2","0","1","","98","","N","","","","","","","","","",""
"2022031603","1348","0","0","0","0","0","0","0","0","0","1","0","","02","3","2022","4","40.376778","-80.066964","1340","11","0","0","0","0","0","1","0","0","","0","0","0","","","1","N","0","","40 22:36.400","","0","80 04:01.070","3","0","0","0","2109","0","0","0","N","0","0","0","2","02109","0","","1.0","","1","N","N","N","0","","1","0","2","","2","","","2","1","0","0","0","0","0","2","0","2","","03","","N","","","","","","","","","",""
"2022010018","0156","0","0","0","0","0","0","0","0","0","7","0","","02","1","2022","7","40.286788","-79.996803","0153","11","0","0","0","1","0","0","0","0","","0","0","0","","","0","N","0","","40 17:12.435","5","0","79 59:48.491","0","0","0","0","2219","0","0","0","N","0","0","0","2","02219","0","","2.0","234.0","1","N","N","N","0","","0","0","1","","0","Y","","1","0","0","0","0","0","0","2","0","1","","","","N","","","","","","","","","",""
"2022025977","1245","2","0","0","0","0","0","0","0","0","2","0","","02","3","2022","2","40.460997","-79.933311","1240","11","0","0","0","0","0","1","0","1","","0","0","0","","","1","N","1","","40 27:39.589","","0","79 55:59.919","8","0","0","0","2301","0","0","0","N","0","0","0","5","02301","0","","1.0","","1","N","N","N","0","","0","0","0","","3","","","2","1","0","0","0","1","0","2","0","2","","","","N","","","","","","","","","",""
"2022010021","0146","2","0","0","0","0","0","0","0","0","2","0","","02","1","2022","7","40.378346","-79.922264","0132","11","0","0","0","0","0","0","0","0","","0","0","0","","","1","N","0","","40 22:42.047","7","0","79 55:20.150","3","0","0","0","2301","0","0","0","N","0","0","0","3","02301","0","","1.0","226.0","1","N","N","N","0","","1","0","0","","0","Y","","2","1","0","0","0","0","2","2","0","2","","","","N","","","","","","","","","",""
"2022007882","1156","1","0","0","0","0","0","0","0","0","4","0","","02","1","2022","7","40.28809","-79.996666","1153","11","0","0","2","0","0","0","1","0","","0","0","0","","","3","N","3","","40 17:17.124","5","0","79 59:47.997","3","0","0","0","2219","0","0","0","N","0","0","0","5","02219","0","","1.0","1303.0","1","N","N","Y","0","","2","0","2","","3","Y","","3","3","0","0","0","1","0","2","0","3","","","","N","","","","","","","","","",""
"2022010205","1455","1","0","0","0","0","0","0","0","0","2","0","","02","1","2022","7","40.341593","-79.98508","1454","11","0","0","0","0","0","0","0","1","","0","1","0","","","0","","2","","40 20:29.734","4","0","79 59:06.288","0","0","0","0","2403","0","0","0","N","0","0","0","3","02403","0","","1.0","1532.0","1","N","N","N","0","","0","0","0","","3","Y","","2","0","0","0","0","0","0","2","0","2","","","","N","","","","","","","","","",""
"2022027897","2030","1","0","0","0","0","0","0","0","0","7","0","","02","3","2022","7","40.485934","-80.023069","2024","11","0","0","0","0","0","0","0","0","","0","0","0","","","0","N","3","","40 29:09.362","","0","80 01:23.048","9","0","0","0","2301","0","0","0","N","0","0","0","1","02301","0","","5.0","","1","N","N","N","0","","0","0","0","","0","","","1","0","0","0","0","0","1","2","0","1","","03","","N","","","","","","","","","",""
"2022033497","0020","0","0","0","0","0","0","0","0","0","4","0","","02","4","2022","2","40.540451","-80.032534","0016","11","0","0","0","0","0","0","0","0","","0","0","0","","","1","N","0","","40 32:25.623","","0","80 01:57.123","3","0","0","0","2116","0","0","0","N","0","0","0","1","02116","0","","4.0","","1","N","N","Y","0","","1","0","2","","0","N","","2","1","0","0","0","0","0","2","0","2","","03","","N","","","","","","","","","",""
"2022002371","2108","1","0","0","0","0","0","0","0","0","1","0","99","02","1","2022","5","40.45451","-79.953696","2056","11","0","0","0","0","0","0","0","0","","0","0","0","","","0","","2","","40 27:16.235","","0","79 57:13.306","0","0","0","0","2301","0","0","0","N","0","0","0","1","02301","0","","1.0","","7","N","N","N","1","","0","0","0","","1","","","2","0","0","0","0","0","0","2","0","2","","10","Y","Y","4","2","","","N","","","","","N"
"2022011702","0119","1","0","0","0","0","0","0","0","0","5","0","","02","2","2022","3","40.398847","-79.897345","0116","11","0","0","0","0","0","0","1","0","","0","0","0","","","0","N","0","","40 23:55.850","5","0","79 53:50.441","0","0","0","0","2448","0","0","0","N","0","0","0","1","02448","0","","2.0","155.0","2","N","N","N","0","","0","0","1","","0","N","","2","0","0","0","0","0","0","2","0","2","","","","N","","","","","","","","","",""
"2022010089","1321","1","0","0","0","0","0","0","0","0","7","0","","02","1","2022","5","40.411546","-79.727336","1302","11","0","0","0","0","0","0","0","0","","1","0","0","","","0","N","0","","40 24:41.567","3","0","79 43:38.409","1","0","0","0","2446","0","0","0","N","0","0","0","1","68T09","0","2","4.0","1446.0","1","N","N","N","0","0","0","0","0","","0","N","","1","0","1","1","0","0","0","2","0","1","","03","","N","","","","","","","","","",""
"2022030483","1647","2","0","0","0","0","0","0","0","0","4","0","","02","3","2022","2","40.437072","-79.99831","1640","11","0","0","0","0","0","1","0","0","","0","0","0","","","0","N","1","","40 26:13.459","4","0","79 59:53.917","0","0","0","0","2301","0","0","0","N","0","0","0","3","02301","0","","1.0","1715.0","1","N","N","N","0","","0","0","0","","2","N","","2","0","0","0","0","0","0","2","0","2","","","","N","","","","","","","","","",""
"2022024347","0619","3","0","0","0","0","0","0","0","0","4","0","","02","3","2022","4","40.446861","-79.894235","0617","11","0","0","0","0","0","1","0","0","","0","0","0","","","0","","2","","40 26:48.700","4","0","79 53:39.245","0","0","0","0","2301","0","0","0","N","0","0","0","3","02301","0","","1.0","715.0","9","N","N","N","0","","0","0","0","","3","N","","3","0","0","0","0","0","0","2","0","3","","10","","N","","","","","","","","","",""
"2022031284","1825","1","0","0","0","0","0","0","0","0","7","0","","02","3","2022","7","40.391045","-80.099914","1816","11","0","0","0","0","0","0","1","0","","0","0","0","","","0","N","0","","40 23:27.761","2","0","80 05:59.689","0","0","0","0","2102","0","0","0","Y","0","0","0","1","68B03","0","","4.0","1909.0","9","N","N","N","0","","0","0","0","","0","N","","1","0","1","0","0","0","0","2","0","1","","10","","N","","","","","","","","","",""
"2022002226","1836","0","0","0","0","0","0","0","0","0","7","0","","02","1","2022","5","40.456317","-79.969847","1827","11","0","0","0","0","0","1","0","0","","0","0","0","","","0","N","0","","40 27:22.740","7","0","79 58:11.450","0","0","0","0","2301","0","0","0","N","0","0","0","2","02301","0","","2.0","2000.0","2","N","N","N","0","","0","0","2","","0","Y","","2","0","0","0","0","0","0","2","0","2","","02","","N","","","","","","","","","",""
"2022032364","0040","0","0","0","0","0","0","0","0","0","2","0","","02","4","2022","2","40.470269","-79.908533","0038","11","0","0","0","0","0","0","0","0","","0","0","0","","","1","N","2","","40 28:12.969","","0","79 54:30.719","3","0","0","0","2301","0","0","0","N","0","0","0","1","02301","0","","5.0","","1","N","N","N","0","","1","0","1","","2","","","1","1","0","0","0","0","0","2","0","1","","03","","N","","","","","","","","","",""
"2022032539","1223","0","0","0","0","0","0","0","0","0","4","0","","02","4","2022","6","40.36635","-80.014017","1222","11","0","0","0","0","1","0","0","0","","0","0","0","","","1","N","0","","40 21:58.860","","0","80 00:50.460","3","0","0","0","2416","0","0","0","N","0","0","0","3","02416","0","","1.0","","1","N","N","N","0","","1","0","2","","0","","","2","1","0","0","0","0","0","2","0","2","","04","","N","","","","","","","","","",""
"2022003655","1211","1","0","0","0","0","0","0","0","0","7","0","","02","1","2022","7","40.439487","-80.191058","1203","11","0","0","1","0","0","0","0","0","","0","0","0","","","0","N","0","","40 26:22.153","","2","80 11:27.807","0","0","0","0","2214","0","0","0","N","0","0","0","1","68B03","0","","4.0","","8","N","N","N","0","","0","0","0","","0","","","1","0","0","0","0","0","0","2","0","1","","","","N","","","","","","","","","",""
"2022011254","0407","0","0","0","0","0","0","0","0","0","7","0","","02","1","2022","7","40.510569","-80.098033","0358","11","0","0","0","0","0","0","0","0","","0","0","0","","","0","N","3","","40 30:38.050","","0","80 05:52.919","0","0","0","0","2429","0","0","0","N","0","0","0","1","02215","0","","2.0","","2","N","N","N","0","","0","0","1","","0","","","1","0","0","0","0","0","0","2","0","1","","","","N","","","","","","","","","",""
"2022010563","1536","1","0","0","0","0","0","0","0","0","7","0","","02","1","2022","1","40.635956","-80.034833","1528","11","0","1","0","0","0","0","0","0","","0","0","0","","","0","N","0","","40 38:09.442","","0","80 02:05.397","0","0","0","0","2216","0","0","0","N","0","0","0","1","02505","0","","2.0","","7","N","N","N","0","","0","0","0","","0","","","1","0","0","0","0","0","0","2","0","1","","03","","N","","","","","","","","","",""
"2022031479","1355","1","0","0","0","0","0","0","0","0","1","0","","02","3","2022","5","40.394252","-79.986439","1345","11","0","0","0","0","0","1","0","1","","0","0","0","","","0","N","0","","40 23:39.307","","0","79 59:11.181","0","0","0","0","2301","0","0","0","N","0","0","0","2","02301","0","","1.0","","1","N","N","N","0","","0","0","1","","0","","","2","0","0","0","0","0","0","2","0","2","","03","","N","","","","","","","","","",""
"2022012172","1849","0","0","0","0","0","0","0","0","0","8","0","","02","2","2022","4","40.361304","-79.932674","1843","11","0","0","0","0","0","1","0","0","","1","0","0","","","0","Y","0","","40 21:40.695","5","0","79 55:57.626","1","0","0","0","2473","1","1","0","N","1","1","0","2","02473","0","2","1.0","2210.0","9","N","N","N","0","0","0","0","1","","0","N","","2","0","0","0","0","0","0","2","0","1","","","","N","","","","","","","","","",""
"2022012908","1922","1","0","0","0","0","0","0","0","0","7","0","","02","2","2022","6","40.539219","-80.18158","1921","11","0","0","0","0","0","0","0","0","","0","0","0","","","0","","1","","40 32:21.188","","0","80 10:53.688","0","0","0","0","2458","0","0","0","N","0","0","0","1","02458","0","","5.0","","7","N","N","N","0","","0","0","0","","2","N","","1","0","0","0","0","0","0","2","0","1","","10","","N","","","","","","","","","",""
"2022010003","2213","1","0","0","0","0","0","0","0","0","2","0","","02","1","2022","6","40.343531","-79.970134","2213","11","0","0","0","0","0","0","0","0","","0","0","0","","","0","","2","","40 20:36.711","","0","79 58:12.481","9","0","0","0","2403","0","0","0","N","0","0","0","1","02403","0","","2.0","","1","N","N","N","0","","0","0","0","","2","","","1","0","1","0","0","0","1","2","0","1","","03","","N","","","","","","","","","",""
"2022007933","1440","1","0","0","0","0","0","0","0","0","7","0","","02","1","2022","1","40.453345","-80.072188","1437","11","0","0","0","0","0","1","0","0","","0","0","0","","","1","N","0","","40 27:12.043","","0","80 04:19.876","4","0","0","0","2301","0","0","0","N","0","0","0","1","02301","1","","5.0","","7","N","N","N","0","","0","0","0","","0","","","1","1","0","0","0","0","0","2","0","1","","02","","N","","","","","","","","","",""
"2022032344","1824","1","0","0","0","0","0","0","0","0","7","0","","02","4","2022","1","40.362595","-80.110476","1824","11","0","0","0","0","0","0","1","0","","0","0","0","","","0","","2","","40 21:45.341","1","0","80 06:37.712","0","0","0","0","2414","0","0","0","Y","0","0","0","1","02414","0","","5.0","1855.0","1","N","N","N","0","","0","0","0","","2","Y","","1","0","1","0","0","0","0","2","0","1","","","","N","","","","","","","","","",""
"2022030225","1142","1","0","0","0","0","0","0","0","0","0","0","","02","3","2022","1","40.537388","-80.186044","1138","11","0","1","0","0","0","0","1","0","","0","0","0","","","0","N","1","","40 32:14.596","6","0","80 11:09.757","0","0","0","0","2458","0","0","0","N","0","0","0","3","02458","0","","1.0","1216.0","1","N","N","N","0","","0","0","2","","2","Y","","3","0","0","0","0","0","0","2","0","3","","03","","N","","","","","","","","","",""
"2022030750","0731","2","0","0","0","0","0","0","0","0","7","0","","02","3","2022","3","40.517981","-80.091269","0729","11","0","0","0","0","0","0","0","0","","0","0","0","","","0","N","0","","40 31:04.730","1","0","80 05:28.569","0","0","0","0","2211","0","0","0","N","0","0","0","2","02215","0","","2.0","757.0","9","N","N","Y","0","","0","0","0","","0","N","","2","0","0","0","0","0","0","2","0","2","","","","N","","","","","","","","","",""
"2022030466","0601","1","0","0","0","0","0","0","0","0","7","0","","02","3","2022","7","40.359186","-80.108145","0557","11","0","0","0","0","0","0","0","0","","0","0","0","","","0","","3","","40 21:33.069","","0","80 06:29.322","0","0","0","0","2414","0","0","0","N","0","0","0","1","02414","0","","5.0","","7","N","N","N","0","","0","0","0","","3","","","1","0","0","0","0","0","0","2","0","1","","02","","N","","","","","","","","","",""
"2022002679","1855","0","0","0","0","0","0","0","0","0","7","0","","02","1","2022","5","40.502027","-80.063494","1850","11","0","0","0","0","0","0","0","0","","0","0","0","","","0","","2","","40 30:07.296","","0","80 03:48.579","0","0","0","0","2402","0","0","0","N","0","0","0","2","02402","0","","2.0","","7","N","N","N","0","","0","0","1","","0","","","1","0","0","0","0","0","0","2","0","1","","","","N","","","","","","","","","",""
"2022012144","1755","2","0","0","0","0","0","0","0","0","1","0","","02","2","2022","4","40.652565","-80.092688","1748","11","0","0","0","0","0","1","0","0","","0","0","0","","","0","N","0","","40 39:09.233","4","0","80 05:33.677","0","0","0","0","2212","0","0","0","N","0","0","0","2","02505","0","","1.0","1816.0","9","N","N","N","0","","0","0","0","","0","N","","2","0","0","0","0","0","0","2","0","2","","","","N","","","","","","","","","",""
"2022012425","1527","0","0","0","0","0","0","0","0","0","5","0","","02","2","2022","5","40.424146","-80.043428","1524","11","0","0","0","0","1","0","0","0","","0","0","0","","","0","","1","","40 25:26.926","","0","80 02:36.342","0","0","0","0","2435","0","0","0","N","0","0","0","2","02435","0","","1.0","","9","N","N","Y","0","","0","0","2","","2","N","","2","0","0","0","0","0","0","2","0","2","","","","N","","","","","","","","","",""
"2022030327","1028","0","0","0","0","0","0","0","0","0","7","0","","02","3","2022","1","40.421795","-79.992906","1028","11","0","0","0","0","0","0","0","0","","0","0","0","","","0","N","0","","40 25:18.461","","0","79 59:34.463","0","0","0","0","2301","0","0","0","Y","0","0","0","1","02301","0","","5.0","","7","N","N","N","0","","0","0","1","","0","","","1","0","0","0","0","0","0","2","0","1","","10","","N","","","","","","","","","",""
"2022010871","0714","1","0","0","0","0","0","0","0","0","4","0","","02","1","2022","2","40.431933","-79.839183","0709","11","0","0","1","0","0","1","0","0","","0","0","0","","","1","N","2","","40 25:54.959","","0","79 50:21.059","3","0","0","0","2419","0","0","0","N","0","0","0","3","02419","0","","1.0","","1","N","N","N","1","","1","0","0","","3","N","","2","1","0","0","0","0","0","2","0","2","","","","N","","","","","","","","","",""
"2022032811","1215","1","0","0","0","0","0","0","0","0","1","0","","02","4","2022","3","40.512391","-79.946637","1205","11","0","0","0","0","0","0","2","0","","0","0","0","","","0","N","0","","40 30:44.607","4","7","79 56:47.892","0","0","0","0","2118","0","0","0","N","0","0","0","2","02118","0","","1.0","1250.0","1","N","N","N","0","","0","0","1","","0","N","","2","0","0","0","0","0","0","2","0","2","","03","","N","","","","","","","","","",""
"2022001626","1741","2","0","0","0","0","0","0","0","0","1","0","","02","1","2022","4","40.544114","-80.192911","1739","11","0","0","1","0","0","1","0","0","","0","0","0","","","0","N","1","","40 32:38.809","","0","80 11:34.478","0","0","0","0","2427","0","0","0","N","0","0","0","3","02427","0","","1.0","","1","N","N","N","0","","0","0","0","","2","","","2","0","0","0","0","0","0","2","0","2","","03","","N","","","","","","","","","",""
"2022008939","2030","0","0","0","0","0","0","0","0","0","8","0","","02","1","2022","3","40.405322","-79.990933","2020","11","0","0","0","0","0","0","0","0","","0","0","0","","","1","N","1","","40 24:19.159","","0","79 59:27.358","8","0","0","0","2301","1","0","0","N","1","0","0","4","02301","0","","1.0","","9","N","N","N","0","","0","0","1","","0","","","2","1","0","0","0","1","0","2","0","1","","03","","N","","","","","","","","","",""
"2022009510","1305","2","0","0","0","0","0","0","0","0","5","0","","02","1","2022","5","40.451941","-80.016656","1259","11","0","0","0","0","0","0","0","0","","0","0","0","","","0","N","0","","40 27:06.987","","0","80 00:59.963","0","0","0","0","2301","0","0","0","N","0","0","0","1","02301","0","","4.0","","6","N","N","Y","0","","0","0","1","","0","","","3","0","0","0","0","0","0","2","0","3","","03","","N","","","","","","","","","",""
"2022030177","1050","1","0","0","0","0","0","0","0","0","7","0","","02","3","2022","1","40.650991","-80.118483","1040","11","0","0","0","0","0","0","0","0","","0","0","0","","","0","N","2","","40 39:03.567","4","0","80 07:06.538","0","0","0","0","2212","0","0","0","N","0","0","0","1","02505","0","","4.0","1131.0","2","N","N","N","0","","0","0","0","","0","N","","1","0","0","0","0","0","0","1","0","1","","02","","N","","","","","","","","","",""
"2022033488","0300","1","0","0","0","0","0","0","0","0","7","0","","02","4","2022","5","40.444922","-79.993849","0245","11","0","0","0","0","0","0","1","0","","0","0","0","","","0","","3","","40 26:41.718","","0","79 59:37.856","0","0","0","0","2301","0","0","0","N","0","0","0","1","02301","0","","5.0","","9","N","N","N","0","","0","0","0","","2","","","1","0","0","0","0","0","0","2","0","1","","07","","N","","","","","","","","","",""
"2022009803","0742","1","0","0","0","0","0","0","0","0","7","0","","02","1","2022","6","40.475744","-80.036135","0733","11","0","0","0","0","0","0","0","0","","0","0","0","","","0","","2","","40 28:32.678","","0","80 02:10.085","0","0","0","0","2301","0","0","0","N","0","0","0","1","02301","0","","4.0","","7","N","N","N","0","","0","0","0","","0","","","1","0","0","0","0","0","0","2","0","1","","02","","N","","","","","","","","","",""
"2022033910","0937","1","0","0","0","0","0","0","0","0","4","0","","02","4","2022","6","40.396266","-79.971553","0930","11","0","0","0","0","0","0","0","0","","0","0","0","","","0","","1","","40 23:46.559","7","0","79 58:17.591","0","0","0","0","2403","0","0","0","N","0","0","0","2","02403","0","","1.0","1030.0","1","N","N","N","1","","0","0","0","","3","N","","2","0","0","0","0","0","0","2","0","2","","","","N","","","","","","","","","",""
"2022030291","2125","2","0","0","0","0","0","0","0","0","98","0","","02","3","2022","1","40.629746","-80.024434","2125","11","0","0","0","0","1","0","0","0","","0","0","0","","","0","N","0","","40 37:47.087","2","0","80 01:27.961","0","0","0","0","2216","0","0","0","N","0","0","0","2","02505","0","","1.0","2200.0","1","N","N","N","0","","0","0","0","","0","N","","2","0","0","0","0","0","0","2","0","2","","","","N","","","","","","","","","",""
"2022011520","2150","2","0","0","0","0","0","0","0","0","1","0","","02","1","2022","7","40.566222","-80.007838","2145","11","0","0","1","0","0","0","0","0","","0","0","0","","","0","N","0","","40 33:58.400","","0","80 00:28.218","0","0","0","0","2108","0","0","0","N","0","0","0","4","02108","0","","1.0","","1","N","N","N","0","","0","0","0","","0","","","2","0","0","0","0","0","0","2","0","2","","03","","N","","","","","","","","","",""
"2022030436","1019","1","0","0","0","0","0","0","0","0","4","0","","02","3","2022","2","40.642683","-80.067481","1016","11","0","0","0","0","0","1","0","0","","0","0","0","","","2","N","1","","40 38:33.659","","0","80 04:02.931","3","0","0","0","2216","0","0","0","N","0","0","0","2","02505","0","","1.0","","9","N","N","N","0","","2","0","1","","2","","","2","2","0","0","0","0","0","2","0","2","","10","","N","","","","","","","","","",""
"2022008685","1127","0","0","0","0","0","0","0","0","0","7","0","","02","1","2022","1","40.631004","-79.976967","1125","11","0","0","0","0","0","0","0","0","","0","0","0","","","0","N","0","","40 37:51.616","6","0","79 58:37.082","0","0","0","0","2217","0","0","0","N","0","0","0","1","02505","0","","5.0","1209.0","7","N","N","N","0","","0","0","1","","0","N","","1","0","0","0","0","0","0","2","0","1","","02","","N","","","","","","","","","",""
"2022032600","0644","0","0","0","0","0","0","0","0","0","7","0","","02","3","2022","7","40.385204","-80.097331","0625","11","0","0","0","0","0","0","0","0","","0","0","0","","","0","N","0","","40 23:06.736","","0","80 05:50.392","0","0","0","0","2102","0","0","0","Y","0","0","0","2","68B03","0","","4.0","","9","N","N","N","0","","0","0","1","","0","","","1","0","0","0","0","0","0","2","0","1","","","","N","","","","","","","","","",""
"2022001192","1831","1","0","0","0","0","0","0","0","0","1","0","","02","1","2022","3","40.549409","-79.839986","1826","11","0","0","0","0","0","1","0","0","","0","0","0","","","0","","1","","40 32:57.873","3","0","79 50:23.951","0","0","0","0","2208","0","0","0","N","0","0","0","2","02208","0","","1.0","1906.0","1","N","N","N","1","","0","0","0","","2","N","","2","0","0","0","0","0","0","2","0","2","","04","","N","","","","","","","","","",""
"2022011230","1524","1","0","0","0","0","0","0","0","0","4","0","","02","1","2022","2","40.635902","-79.735604","1520","11","0","0","0","0","0","0","1","0","","0","0","0","","","1","N","0","","40 38:09.248","5","7","79 44:08.175","3","0","0","0","2202","0","0","0","N","0","0","0","2","02202","0","","1.0","1634.0","1","N","N","N","1","","1","0","0","","0","N","","2","1","0","0","0","0","0","1","0","2","","03","","N","","","","","","","","","",""
"2022000611","2235","3","0","0","0","0","0","0","0","0","4","0","","02","1","2022","1","40.457972","-79.974028","2230","11","0","0","0","0","0","0","0","0","","0","0","0","","","0","N","0","","40 27:28.700","4","0","79 58:26.500","0","0","0","0","2301","0","0","0","N","0","0","0","1","02301","0","","4.0","2315.0","1","N","N","N","0","","0","0","1","","0","Y","","4","0","0","0","0","0","0","2","0","4","","","","N","","","","","","","","","",""
"2022002344","0035","1","0","0","0","0","0","0","0","0","7","0","","02","1","2022","5","40.489998","-80.296008","0030","11","0","0","0","0","0","0","0","0","","0","0","0","","","0","N","0","","40 29:23.991","","0","80 17:45.629","9","0","0","0","2203","0","0","0","N","0","0","0","2","02203","0","","5.0","","7","N","N","N","0","","0","0","0","","0","","","1","0","0","0","0","0","2","2","0","1","","","","N","","","","","","","","","",""
"2022011877","0758","1","0","0","0","0","0","0","0","0","7","0","","02","2","2022","4","40.593787","-79.986983","0753","11","0","0","1","0","0","0","0","0","","0","0","0","","","0","","2","","40 35:37.634","6","0","79 59:13.138","0","0","0","0","2207","0","0","0","Y","0","0","0","1","02207","0","","5.0","923.0","9","N","N","N","0","","0","0","0","","0","N","","1","0","0","0","0","0","0","1","0","1","","04","","N","","","","","","","","","",""
"2022030284","1727","2","0","0","0","0","0","0","0","0","4","0","","02","3","2022","4","40.444144","-79.78161","1721","11","0","0","0","0","0","1","0","0","","0","0","0","","","0","","2","","40 26:38.918","","0","79 46:53.796","0","0","0","0","2446","0","0","0","N","0","0","0","3","02446","0","","1.0","","1","N","N","N","0","","0","0","0","","0","N","","2","0","0","0","0","0","0","2","0","2","","","","N","","","","","","","","","",""
"2022009679","0127","1","0","0","0","0","0","0","0","0","7","0","","02","1","2022","6","40.462809","-79.850167","0124","11","0","0","0","0","0","1","0","0","","0","0","0","","","0","","2","","40 27:46.113","6","0","79 51:00.602","0","0","0","0","2113","0","0","0","N","0","0","0","2","02113","0","","5.0","205.0","9","N","N","N","0","","0","0","0","","0","N","","1","0","0","0","0","0","0","2","0","1","","03","","N","","","","","","","","","",""
"2022011431","1405","1","0","0","0","0","0","0","0","0","4","1","","02","1","2022","6","40.385413","-79.821842","1405","11","0","0","0","0","1","1","0","0","","0","1","0","","","1","N","2","","40 23:07.485","5","0","79 49:18.631","8","0","0","0","2111","0","0","0","N","0","0","0","2","02111","0","","1.0","1445.0","1","N","N","N","0","","0","0","0","","0","N","","2","1","0","0","0","1","0","2","0","2","","03","","N","","","","","","","","","",""
"2022009475","0915","0","0","0","0","0","0","0","0","0","6","1","","02","1","2022","5","40.599377","-80.047838","0907","11","0","0","0","0","0","2","0","0","","0","1","0","","","0","","1","","40 35:57.758","","0","80 02:52.217","0","0","0","0","2108","0","0","0","N","0","0","0","2","02108","0","","1.0","","1","N","N","N","1","","0","0","0","","3","","","2","0","0","0","0","0","0","2","0","2","","03","","N","","","","","","","","","",""
"2022003260","1825","0","0","0","0","0","0","0","0","0","2","0","","02","1","2022","4","40.350711","-80.014841","1819","11","0","0","0","0","0","1","0","0","","0","0","0","","","1","","1","","40 21:02.560","1","0","80 00:53.427","4","0","0","0","2407","0","0","0","N","0","0","0","3","02407","1","","1.0","1835.0","1","N","N","N","1","","0","0","1","","2","N","","2","1","0","0","0","0","0","2","0","2","","03","","N","","","","","","","","","",""
"2022028382","0525","0","0","0","0","0","0","0","0","0","7","0","","02","3","2022","1","40.561969","-80.086381","0504","11","0","0","0","0","0","0","0","0","","0","0","0","","","1","N","0","","40 33:43.088","","0","80 05:10.971","4","0","0","0","2215","0","0","0","N","0","0","0","1","68B03","1","","4.0","","1","N","N","N","0","","0","0","1","","0","","","1","1","0","0","0","0","0","2","0","1","","","","N","","","","","","","","","",""
"2022027659","0227","2","0","0","0","0","0","0","0","0","5","0","","02","3","2022","7","40.434266","-80.011201","0205","11","0","0","0","0","0","0","0","0","","0","0","0","","","0","N","2","","40 26:03.356","","0","80 00:40.323","0","0","0","0","2301","0","0","0","N","0","0","0","3","02301","0","","4.0","","1","N","N","N","0","","0","0","0","","0","","","2","0","0","0","0","0","0","2","0","2","","03","","N","","","","","","","","","",""