"CRN","ARRIVAL_TM","AUTOMOBILE_COUNT","BELTED_DEATH_COUNT","BELTED_SUSP_SERIOUS_INJ_COUNT","BICYCLE_COUNT","BICYCLE_DEATH_COUNT","BICYCLE_SUSP_SERIOUS_INJ_COUNT","BUS_COUNT","CHLDPAS_DEATH_COUNT","CHLDPAS_SUSP_SERIOUS_INJ_COUNT","COLLISION_TYPE","COMM_VEH_COUNT","CONS_ZONE_SPD_LIM","COUNTY","CRASH_MONTH","CRASH_YEAR","DAY_OF_WEEK","DEC_LATITUDE","DEC_LONGITUDE","DISPATCH_TM","DISTRICT","DRIVER_COUNT_16YR","DRIVER_COUNT_17YR","DRIVER_COUNT_18YR","DRIVER_COUNT_19YR","DRIVER_COUNT_20YR","DRIVER_COUNT_50_64YR","DRIVER_COUNT_65_74YR","DRIVER_COUNT_75PLUS","EST_HRS_CLOSED","FATAL_COUNT","HEAVY_TRUCK_COUNT","HORSE_BUGGY_COUNT","HOUR_OF_DAY","ILLUMINATION","INJURY_COUNT","INTERSECTION_RELATED","INTERSECT_TYPE","LANE_CLOSED","LATITUDE","LN_CLOSE_DIR","LOCATION_TYPE","LONGITUDE","MAX_SEVERITY_LEVEL","MCYCLE_DEATH_COUNT","MCYCLE_SUSP_SERIOUS_INJ_COUNT","MOTORCYCLE_COUNT","MUNICIPALITY","NONMOTR_COUNT","NONMOTR_DEATH_COUNT","NONMOTR_SUSP_SERIOUS_INJ_COUNT","NTFY_HIWY_MAINT","PED_COUNT","PED_DEATH_COUNT","PED_SUSP_SERIOUS_INJ_COUNT","PERSON_COUNT","POLICE_AGCY","POSSIBLE_INJ_COUNT","RDWY_SURF_TYPE_CD","RELATION_TO_ROAD","ROADWAY_CLEARED","ROAD_CONDITION","SCH_BUS_IND","SCH_ZONE_IND","SECONDARY_CRASH","SMALL_TRUCK_COUNT","SPEC_JURIS_CD","SUSP_MINOR_INJ_COUNT","SUSP_SERIOUS_INJ_COUNT","SUV_COUNT","TCD_FUNC_CD","TCD_TYPE","TFC_DETOUR_IND","TIME_OF_DAY","TOTAL_UNITS","TOT_INJ_COUNT","UNBELTED_OCC_COUNT","UNB_DEATH_COUNT","UNB_SUSP_SERIOUS_INJ_COUNT","UNK_INJ_DEG_COUNT","UNK_INJ_PER_COUNT","URBAN_RURAL","VAN_COUNT","VEHICLE_COUNT","WEATHER1","WEATHER2","WORKERS_PRES","WORK_ZONE_IND","WORK_ZONE_LOC","WORK_ZONE_TYPE","WZ_CLOSE_DETOUR","WZ_FLAGGER","WZ_LAW_OFFCR_IND","WZ_LN_CLOSURE","WZ_MOVING","WZ_OTHER","WZ_SHLDER_MDN","WZ_WORKERS_INJ_KILLED"
"2022010961","1233","2","0","0","0","0","0","0","0","0","4","0","","02","1","2022","2","40.370184","-80.100779","1228","11","0","0","0","0","0","1","0","1","","0","0","0","","","0","","1","","40 22:12.663","3","0","80 06:02.806","0","0","0","0","2102","0","0","0","N","0","0","0","2","02102","0","","1.0","1249.0","1","N","N","Y","0","","0","0","0","3","2","N","","2","0","0","0","0","0","0","2","0","2","","","","N","","","","","","","","","",""
"2022006336","1735","2","0","0","0","0","0","0","0","0","4","0","","02","1","2022","3","40.461662","-79.922107","1725","11","0","0","0","0","0","1","0","0","","0","0","0","","","0","","1","","40 27:41.983","","0","79 55:19.585","0","0","0","0","2301","0","0","0","N","0","0","0","2","02301","0","","1.0","","6","N","N","N","0","","0","0","0","3","2","","","2","0","0","0","0","0","0","2","0","2","","","","N","","","","","","","","","",""
"2022009132","0907","0","0","0","0","0","0","0","0","0","6","1","","02","1","2022","2","40.647738","-79.847413","0858","11","0","0","0","0","0","1","0","0","","0","1","0","","","0","N","0","","40 38:51.858","","0","79 50:50.687","0","0","0","0","2220","0","0","0","N","0","0","0","2","02220","0","","1.0","","9","N","N","N","0","","0","0","1","0","0","","","2","0","0","0","0","0","0","1","0","2","","03","","N","","","","","","","","","",""
"2022005610","1923","2","0","0","0","0","0","0","0","0","4","0","","02","1","2022","1","40.391101","-79.981788","1904","11","0","0","0","0","0","0","0","0","","0","0","0","","","0","N","0","","40 23:27.964","","0","79 58:54.437","0","0","0","0","2301","0","0","0","N","0","0","0","2","02301","0","","1.0","","7","N","N","N","0","","0","0","0","0","0","","","2","0","0","0","0","0","0","2","0","2","","10","","N","","","","","","","","","",""
"2022034334","0738","0","0","0","0","0","0","0","0","0","1","0","","02","4","2022","6","40.344266","-79.922303","0731","11","0","0","0","0","0","0","0","0","","0","0","0","","","1","N","0","","40 20:39.356","1","0","79 55:20.290","8","0","0","0","2473","0","0","0","N","0","0","0","2","02473","0","","1.0","810.0","1","N","N","N","1","","0","0","1","0","0","N","","2","1","0","0","0","1","0","2","0","2","","03","","N","","","","","","","","","",""
"2022013383","1950","0","0","0","0","0","0","0","0","0","7","0","","02","2","2022","6","40.347961","-79.930547","1944","11","0","0","0","0","0","0","0","0","","0","0","0","","","0","N","0","","40 20:52.660","","0","79 55:49.970","0","0","0","0","2473","0","0","0","N","0","0","0","1","02473","0","","5.0","","7","N","N","N","1","","0","0","0","0","0","","","1","0","0","0","0","0","0","2","0","1","","","","N","","","","","","","","","",""
"2022005707","0133","1","0","0","0","0","0","0","0","0","7","0","","02","1","2022","1","40.395053","-80.130618","0130","11","0","0","0","0","0","0","0","0","","0","0","0","","","1","N","0","","40 23:42.190","7","0","80 07:50.223","4","0","0","0","2102","0","0","0","N","0","0","0","1","02102","1","","5.0","232.0","1","N","N","N","0","","0","0","0","0","0","Y","","1","1","0","0","0","0","0","2","0","1","","03","","N","","","","","","","","","",""
"2022006033","2006","2","0","0","0","0","0","0","0","0","1","0","","02","1","2022","4","40.55092","-80.238411","2004","11","0","0","0","0","0","0","0","0","","0","0","0","","","0","N","2","","40 33:03.311","3","0","80 14:18.279","0","0","0","0","2103","0","0","0","N","0","0","0","1","02103","0","","1.0","2102.0","1","N","N","N","0","","0","0","0","0","0","N","","2","0","0","0","0","0","0","2","0","2","","03","","N","","","","","","","","","",""
"2022007092","1047","1","0","0","0","0","0","0","0","0","1","1","","02","1","2022","6","40.439774","-80.009913","1040","11","0","0","0","0","0","1","0","0","","0","1","0","","","0","N","0","","40 26:23.186","","3","80 00:35.688","0","0","0","0","2301","0","0","0","N","0","0","0","3","68B03","0","","1.0","","9","N","N","N","0","","0","0","0","0","0","","","2","0","0","0","0","0","0","2","0","2","","","","N","","","","","","","","","",""
"2022006215","0930","2","0","0","0","0","0","0","0","0","4","0","","02","1","2022","3","40.449839","-79.929647","0913","11","0","0","0","0","0","1","0","0","","0","0","0","","","1","","1","","40 26:59.420","6","0","79 55:46.729","8","0","0","0","2301","0","0","0","N","0","0","0","3","02301","0","","1.0","950.0","7","N","N","N","0","","0","0","1","3","2","N","","3","1","0","0","0","1","0","2","0","3","","04","","N","","","","","","","","","",""
"2022005347","2055","1","0","0","0","0","0","1","0","0","1","1","","02","1","2022","5","40.440834","-80.006757","2053","11","0","0","0","1","0","0","0","0","","0","0","0","","","0","","2","","40 26:27.002","","8","80 00:24.325","0","0","0","0","2301","0","0","0","N","0","0","0","2","02503","0","","1.0","","7","N","N","N","0","","0","0","0","3","2","","","2","0","0","0","0","0","0","2","0","2","","","","N","","","","","","","","","",""
"2022006239","1107","0","0","0","0","0","0","0","0","0","4","1","","02","1","2022","3","40.572128","-80.023673","1107","11","0","0","0","0","0","0","0","0","","0","1","0","","","0","","1","","40 34:19.660","2","0","80 01:25.221","0","0","0","0","2108","0","0","0","N","0","0","0","2","02108","0","","1.0","1137.0","1","N","N","N","0","","0","0","1","3","2","N","","2","0","0","0","0","0","0","2","0","2","","","","N","","","","","","","","","",""
"2022013588","0913","1","0","0","0","0","0","0","0","0","7","0","","02","2","2022","2","40.37709","-80.124668","0907","11","0","0","0","0","0","0","0","0","","0","0","0","","","1","N","0","","40 22:37.524","7","0","80 07:28.804","4","0","0","0","2102","0","0","0","N","0","0","0","1","02102","1","","5.0","949.0","1","N","N","N","0","","0","0","0","0","0","Y","","1","1","0","0","0","0","0","2","0","1","","","","N","","","","","","","","","",""
"2022006979","0732","2","0","0","0","0","0","0","0","0","1","0","","02","1","2022","5","40.626185","-80.056151","0724","11","0","0","0","0","0","0","1","0","","0","0","0","","","0","N","1","","40 37:34.267","4","0","80 03:22.142","0","0","0","0","2216","0","0","0","N","0","0","0","3","02505","0","","1.0","749.0","9","N","N","N","0","","0","0","0","3","2","Y","","2","0","0","0","0","0","0","2","0","2","","04","","N","","","","","","","","","",""
"2022002475","1213","1","0","0","0","0","0","0","0","0","4","0","","02","1","2022","6","40.439808","-80.152447","1208","11","0","0","0","0","0","1","0","1","","0","0","0","","","0","","2","","40 26:23.308","4","0","80 09:08.810","0","0","0","0","2115","0","0","0","N","0","0","0","2","02115","0","","1.0","1318.0","2","N","N","N","0","","0","0","1","3","2","N","","2","0","0","0","0","0","0","2","0","2","","02","","N","","","","","","","","","",""
"2022013956","0201","1","0","0","0","0","0","0","0","0","5","0","","02","2","2022","1","40.428063","-79.948618","0149","11","0","0","0","0","0","0","0","0","","0","0","0","","","0","N","0","","40 25:41.026","","0","79 56:55.023","9","0","0","0","2301","0","0","0","N","0","0","0","2","68B03","0","","1.0","","9","N","N","N","0","","0","0","0","0","0","","","2","0","0","0","0","0","1","2","0","2","","","","N","","","","","","","","","",""
"2022030162","1033","2","0","0","0","0","0","0","0","0","4","0","","02","3","2022","1","40.474628","-80.09953","1023","11","0","0","0","0","0","0","1","0","","0","0","0","","","0","N","0","","40 28:28.662","","7","80 05:58.309","0","0","0","0","2126","0","0","0","N","0","0","0","3","02126","0","","1.0","","7","N","N","N","0","","0","0","0","0","0","","","2","0","0","0","0","0","0","2","0","2","","02","","N","","","","","","","","","",""
"2022008053","0625","1","0","0","0","0","0","0","0","0","7","0","","02","1","2022","2","40.438871","-79.760628","0617","11","0","0","0","0","0","1","0","0","","0","0","0","","","0","N","2","","40 26:19.934","1","0","79 45:38.259","0","0","0","0","2446","0","0","0","N","0","0","0","1","02446","0","","2.0","648.0","6","N","N","N","0","","0","0","0","0","0","N","","1","0","0","0","0","0","0","2","0","1","","","","N","","","","","","","","","",""
"2022004753","1505","2","0","0","0","0","0","0","0","0","1","0","","02","1","2022","5","40.590297","-79.948238","1501","11","0","0","0","0","0","1","0","0","","0","0","0","","","0","","1","","40 35:25.069","1","0","79 56:53.656","0","0","0","0","2207","0","0","0","N","0","0","0","6","02207","0","","1.0","1552.0","1","N","N","N","0","","0","0","0","3","2","N","","2","0","0","0","0","0","0","2","0","2","","","","N","","","","","","","","","",""
"2022013806","0644","1","0","0","0","0","0","0","0","0","7","0","","02","1","2022","5","40.655121","-80.09306","0622","11","0","0","0","0","0","0","0","0","","0","0","0","","","0","N","0","","40 39:18.437","2","0","80 05:35.015","0","0","0","0","2212","0","0","0","Y","0","0","0","1","68B03","0","","4.0","720.0","1","N","N","N","0","","0","0","0","0","0","N","","1","0","1","0","0","0","0","2","0","1","","","","N","","","","","","","","","",""
"2022014250","2319","1","0","0","0","0","0","0","0","0","7","0","","02","2","2022","7","40.411085","-80.069497","2310","11","0","0","0","0","0","0","0","0","","0","0","0","","","0","N","0","","40 24:39.905","","0","80 04:10.188","0","0","0","0","2117","0","0","0","N","0","0","0","1","68B03","0","","4.0","","2","N","N","N","0","","0","0","0","0","0","","","1","0","0","0","0","0","0","2","0","1","","","","N","","","","","","","","","",""
"2022013082","1321","1","0","0","0","0","0","0","0","0","1","0","","02","2","2022","7","40.630879","-80.057579","1313","11","0","0","0","0","0","0","0","0","","0","0","0","","","0","N","0","","40 37:51.165","2","0","80 03:27.286","0","0","0","0","2216","0","0","0","N","0","0","0","4","02505","0","","1.0","1355.0","9","N","N","N","0","","0","0","1","0","0","Y","","2","0","0","0","0","0","0","2","0","2","","03","","N","","","","","","","","","",""
"2022014079","2119","2","0","0","0","0","0","0","0","0","2","0","","02","2","2022","4","40.431664","-79.958735","2111","11","0","0","0","0","1","1","0","0","","0","0","0","","","1","","1","","40 25:53.989","1","0","79 57:31.445","3","0","0","0","2301","0","0","0","N","0","0","0","2","02301","0","","1.0","2130.0","9","N","N","N","0","","1","0","0","0","0","N","","2","1","0","0","0","0","0","2","0","2","","07","","N","","","","","","","","","",""
"2022013581","1416","0","0","0","0","0","0","0","0","0","7","0","","02","2","2022","1","40.450199","-80.140093","1412","11","0","0","0","0","0","0","0","0","","0","0","0","","","0","","2","","40 27:00.716","4","0","80 08:24.333","0","0","0","0","2115","0","0","0","Y","0","0","0","1","02115","0","","2.0","1500.0","1","N","N","N","0","","0","0","1","3","2","N","","1","0","0","0","0","0","0","2","0","1","","","","N","","","","","","","","","",""
"2022005580","1634","2","0","0","0","0","0","0","0","0","1","0","","02","1","2022","7","40.435398","-79.773232","1622","11","0","0","0","0","0","1","0","0","","0","0","0","","","0","N","0","","40 26:07.434","1","0","79 46:23.635","0","0","0","0","2446","0","0","0","N","0","0","0","2","02446","0","","1.0","1655.0","1","N","N","N","0","","0","0","0","0","0","N","","2","0","0","0","0","0","0","2","0","2","","","","N","","","","","","","","","",""
"2022006358","1854","4","0","0","0","0","0","0","0","0","4","0","","02","1","2022","3","40.475562","-79.848506","1848","11","0","0","0","0","0","2","0","0","","0","0","0","","","0","","1","","40 28:32.023","6","0","79 50:54.622","0","0","0","0","2113","0","0","0","N","0","0","0","6","02113","0","","1.0","1936.0","9","N","N","N","0","","0","0","0","3","2","N","","4","0","0","0","0","0","0","2","0","4","","","","N","","","","","","","","","",""
"2022005596","1749","0","0","0","0","0","0","0","0","0","7","0","","02","1","2022","1","40.468142","-79.79785","1745","11","0","0","0","0","0","1","0","0","","0","0","0","","","0","N","0","","40 28:05.311","","0","79 47:52.260","0","0","0","0","2113","0","0","0","N","0","0","0","1","02113","0","","4.0","","7","N","N","N","0","","0","0","1","0","0","","","1","0","0","0","0","0","0","2","0","1","","10","","N","","","","","","","","","",""
"2022013467","0023","0","0","0","0","0","0","0","0","0","7","0","","02","2","2022","2","40.410596","-80.005548","0016","11","0","0","0","0","0","0","0","0","","0","0","0","","","0","N","0","","40 24:38.147","1","0","80 00:19.974","0","0","0","0","2301","0","0","0","N","0","0","0","1","02301","0","","3.0","45.0","9","N","N","N","0","","0","0","1","0","0","N","","1","0","0","0","0","0","0","2","0","1","","","","N","","","","","","","","","",""
"2022001970","1905","1","0","0","0","0","0","0","0","0","7","0","","02","1","2022","5","40.42637","-80.061532","1855","11","0","0","0","0","0","1","0","0","","0","0","0","","","0","","2","","40 25:34.932","6","0","80 03:41.515","0","0","0","0","2301","0","0","0","N","0","0","0","1","02301","0","","5.0","1950.0","7","N","N","N","0","","0","0","0","0","0","N","","1","0","0","0","0","0","0","2","0","1","","02","","N","","","","","","","","","",""
"2022008341","1225","2","0","0","0","0","0","0","0","0","2","0","","02","1","2022","1","40.455914","-79.938604","1217","11","0","0","0","0","0","0","0","1","","0","0","0","","","0","","1","","40 27:21.291","","0","79 56:18.974","0","0","0","0","2301","0","0","0","N","0","0","0","2","02301","0","","1.0","","7","N","N","N","0","","0","0","0","3","1","","","2","0","0","0","0","0","0","2","0","2","","10","","N","","","","","","","","","",""
"2022004885","2023","2","0","0","0","0","0","0","0","0","1","0","","02","1","2022","5","40.351601","-79.86509","2020","11","0","0","0","0","0","0","0","0","","0","0","0","","","0","","1","","40 21:05.762","4","0","79 51:54.325","0","0","0","0","2304","0","0","0","N","0","0","0","4","02304","0","","1.0","2050.0","9","N","N","N","0","","0","0","0","3","2","N","","2","0","0","0","0","0","0","2","0","2","","","","N","","","","","","","","","",""
"2022005872","1826","0","0","0","0","0","0","0","0","0","7","0","","02","1","2022","1","40.35566","-80.002829","1818","11","0","0","0","0","0","0","0","0","","0","0","0","","","0","","2","","40 21:20.377","3","0","80 00:10.186","0","0","0","0","2476","0","0","0","N","0","0","0","2","02476","0","","4.0","1900.0","7","N","N","N","0","","0","0","1","3","3","N","","1","0","0","0","0","0","0","2","0","1","","","","N","","","","","","","","","",""
"2022005650","0456","0","0","0","0","0","0","0","0","0","7","0","","02","1","2022","1","40.339118","-80.128557","0452","11","0","0","0","0","0","0","0","0","","0","0","0","","","0","N","0","","40 20:20.823","","0","80 07:42.804","0","0","0","0","2119","0","0","0","N","0","0","0","1","02119","0","","5.0","","1","N","N","N","0","","0","0","1","0","0","","","1","0","0","0","0","0","0","2","0","1","","","","N","","","","","","","","","",""
"2022004059","0801","0","0","0","0","0","0","0","0","0","4","0","","02","1","2022","1","40.438871","-79.760628","0755","11","0","0","0","0","0","0","0","0","","0","0","0","","","0","N","1","","40 26:19.934","4","0","79 45:38.259","0","0","0","0","2446","0","0","0","N","0","0","0","2","02446","0","","1.0","840.0","1","N","N","N","0","","0","0","2","3","2","N","","2","0","0","0","0","0","0","2","0","2","","","","N","","","","","","","","","",""
"2022014985","1744","0","0","0","0","0","0","0","0","0","7","0","","02","1","2022","1","40.521339","-80.065257","1721","11","0","0","0","0","0","0","0","0","","0","0","0","","","0","N","0","","40 31:16.821","","0","80 03:54.925","0","0","0","0","2215","0","0","0","Y","0","0","0","1","68B03","0","","4.0","","7","N","N","N","0","","0","0","1","0","0","","","1","0","0","0","0","0","0","2","0","1","","02","","N","","","","","","","","","",""
"2022014455","0708","2","0","0","0","0","0","0","0","0","2","0","","02","2","2022","4","40.354619","-80.159257","0707","11","0","0","1","0","0","0","0","0","","0","0","0","","","1","N","0","","40 21:16.628","5","0","80 09:33.325","8","0","0","0","2119","0","0","0","N","0","0","0","3","02119","0","","1.0","804.0","1","N","N","N","0","","0","0","0","0","0","N","","2","1","0","0","0","1","0","2","0","2","","","","N","","","","","","","","","",""
"2022013608","1029","1","0","0","0","0","0","0","0","0","4","0","","02","2","2022","2","40.625629","-80.057589","1015","11","0","0","0","0","0","0","1","0","","0","0","0","","","0","N","0","","40 37:32.266","","7","80 03:27.321","0","0","0","0","2216","0","0","0","N","0","0","0","2","02505","0","","1.0","","1","N","N","N","0","","0","0","1","0","0","","","2","0","0","0","0","0","0","2","0","2","","03","","N","","","","","","","","","",""
"2022002374","1741","0","0","0","0","0","0","0","0","0","2","0","","02","1","2022","6","40.620363","-79.968168","1730","11","0","0","0","0","0","0","0","0","","0","0","0","","","0","N","0","","40 37:13.306","5","0","79 58:05.406","0","0","0","0","2217","0","0","0","N","0","0","0","3","02505","0","","1.0","1827.0","1","N","N","N","1","","0","0","1","0","0","Y","","2","0","0","0","0","0","0","2","0","2","","","","N","","","","","","","","","",""
"2022006364","0536","1","0","0","0","0","0","0","0","0","7","0","","02","1","2022","4","40.608089","-80.176849","0528","11","0","0","0","0","0","0","0","0","","0","0","0","","","0","N","0","","40 36:29.120","","7","80 10:36.656","0","0","0","0","2480","0","0","0","Y","0","0","0","1","02480","0","","4.0","","1","","","N","0","","0","0","0","0","0","","","1","0","0","0","0","0","0","1","0","1","","","","N","","","","","","","","","",""
"2022005674","2112","1","0","0","0","0","0","0","0","0","4","0","","02","1","2022","7","40.390669","-79.869136","2108","11","0","0","0","0","0","0","0","1","","0","0","0","","","0","","2","","40 23:26.410","1","0","79 52:08.888","0","0","0","0","2473","0","0","0","N","0","0","0","3","02473","0","","1.0","2140.0","1","N","N","N","0","","0","0","1","3","2","N","","2","0","0","0","0","0","0","2","0","2","","03","","N","","","","","","","","","",""
"2022013328","1145","1","0","0","0","0","0","0","0","0","7","0","","02","2","2022","1","40.430211","-80.013634","1139","11","0","0","0","0","0","0","0","1","","0","0","0","","","0","N","2","","40 25:48.760","3","0","80 00:49.081","0","0","0","0","2301","0","0","0","N","0","0","0","1","02301","0","","4.0","1155.0","6","N","N","N","0","","0","0","0","0","0","N","","1","0","0","0","0","0","0","2","0","1","","","","N","","","","","","","","","",""
"2022013750","0040","2","0","0","0","0","0","0","0","0","1","0","","02","2","2022","6","40.479373","-80.007268","0016","11","0","0","0","0","0","0","0","0","","0","0","0","","","1","N","0","","40 28:45.744","1","0","80 00:26.165","3","0","0","0","2301","0","0","0","N","0","0","0","1","68B03","0","","2.0","137.0","9","N","N","N","0","","1","0","0","0","0","N","","2","1","0","0","0","0","0","2","0","2","","","","N","","","","","","","","","",""
"2022006865","1415","2","0","0","0","0","0","0","0","0","4","0","","02","1","2022","3","40.437121","-79.963052","1405","11","0","0","0","0","0","0","0","0","","0","0","0","","","3","","1","","40 26:13.634","","0","79 57:46.987","3","0","0","0","2301","0","0","0","N","0","0","0","3","02301","0","","1.0","","1","N","N","N","0","","2","0","0","3","2","","","2","3","0","0","0","1","0","2","0","2","","03","","N","","","","","","","","","",""
"2022013720","1800","0","0","0","0","0","0","0","0","0","1","0","","02","1","2022","4","40.435508","-79.968393","1746","11","0","0","0","0","0","1","0","0","","0","0","0","","","1","N","0","","40 26:07.829","","0","79 58:06.216","3","0","0","0","2301","0","0","0","N","0","0","0","2","68B03","0","","1.0","","1","N","N","N","0","","1","0","1","0","0","","","2","1","0","0","0","0","1","2","0","2","","","","N","","","","","","","","","",""
"2022000808","1900","1","0","0","0","0","0","0","0","0","2","0","","02","1","2022","2","40.351883","-79.883882","1858","11","0","0","0","0","0","0","0","0","","0","0","0","","","0","Y","0","","40 21:06.780","","0","79 53:01.974","0","0","0","0","2423","0","0","0","N","0","0","0","1","02304","0","","2.0","","2","N","N","N","1","","0","0","0","0","0","","","2","0","1","0","0","0","0","2","0","2","","03","","N","","","","","","","","","",""
"2022010396","1430","1","0","0","0","0","0","0","0","0","7","0","","02","1","2022","7","40.599405","-79.807896","1424","11","0","0","0","0","0","0","0","0","","0","0","0","","","0","N","1","","40 35:57.859","6","0","79 48:28.426","0","0","0","0","2206","0","0","0","N","0","0","0","2","02206","0","","5.0","1524.0","7","N","N","N","0","","0","0","0","0","0","Y","","1","0","0","0","0","0","0","1","0","1","","","","N","","","","","","","","","",""
"2022006368","2308","2","0","0","0","0","0","0","0","0","4","0","","02","1","2022","3","40.345153","-79.924549","2307","11","0","0","0","0","0","0","0","0","","0","0","0","","","0","N","0","","40 20:42.550","2","0","79 55:28.376","0","0","0","0","2473","0","0","0","N","0","0","0","1","02473","0","","4.0","2350.0","2","N","N","N","0","","0","0","0","0","0","N","","2","0","0","0","0","0","0","2","0","2","","98","","N","","","","","","","","","",""
"2022006961","0943","2","0","0","0","0","0","0","0","0","4","0","","02","1","2022","5","40.667185","-80.102165","0941","11","0","0","0","0","0","0","1","1","","0","0","0","","","0","N","0","","40 40:01.866","1","0","80 06:07.793","0","0","0","0","2212","0","0","0","N","0","0","0","3","02505","0","","1.0","1009.0","1","N","N","N","0","","0","0","0","0","0","N","","2","0","0","0","0","0","0","2","0","2","","","","N","","","","","","","","","",""
"2022011885","0730","2","0","0","0","0","0","0","0","0","5","0","","02","2","2022","4","40.448885","-79.96329","0727","11","0","0","0","0","0","0","0","0","","0","0","0","","","0","N","0","","40 26:55.985","","0","79 57:47.844","9","0","0","0","2301","0","0","0","N","0","0","0","1","02301","0","","1.0","","1","N","N","N","0","","0","0","0","0","0","","","3","0","0","0","0","0","1","2","1","3","","03","","N","","","","","","","","","",""
"2022012380","1120","1","0","0","0","0","0","0","0","0","1","1","","02","2","2022","5","40.431041","-80.001667","1100","11","0","0","0","1","0","1","0","0","","0","1","0","","","0","N","3","","40 25:51.747","","0","80 00:06.001","0","0","0","0","2301","0","0","0","N","0","0","0","2","02301","0","","1.0","","9","N","N","N","0","","0","0","0","3","2","N","","2","0","0","0","0","0","0","2","0","2","","","","N","","","","","","","","","",""
"2022013404","1615","1","0","0","0","0","0","0","0","0","7","0","","02","2","2022","5","40.490681","-79.880077","1606","11","0","0","0","0","0","0","0","0","","0","0","0","","","0","N","0","","40 29:26.451","1","0","79 52:48.278","0","0","0","0","2112","0","0","0","N","0","0","0","3","68D02","0","","4.0","1700.0","9","N","N","N","0","","0","0","0","0","0","N","","1","0","0","0","0","0","0","2","0","1","","","","N","","","","","","","","","",""
"2022012735","1212","0","0","0","0","0","0","0","0","0","7","0","","02","2","2022","6","40.486883","-79.783589","1202","11","0","0","0","0","0","0","0","0","","0","0","0","","","0","","2","","40 29:12.780","1","0","79 47:00.922","0","0","0","0","2466","0","0","0","N","0","0","0","1","02466","0","","5.0","1245.0","6","N","N","N","0","","0","0","1","0","0","N","","2","0","0","0","0","0","0","2","0","1","","","","N","","","","","","","","","",""
"2022013652","1803","2","0","0","0","0","0","0","0","0","1","0","","02","2","2022","1","40.343943","-79.798758","1803","11","0","0","0","0","0","0","0","0","","0","0","0","","","2","","2","","40 20:38.193","","0","79 47:55.529","8","0","0","0","2477","0","0","0","N","0","0","0","3","02477","0","","1.0","","1","N","N","N","0","","0","0","0","0","0","","","2","2","0","0","0","2","0","2","0","2","","03","","N","","","","","","","","","",""
"2022008943","2023","0","0","0","0","0","0","0","0","0","1","0","","02","1","2022","6","40.530576","-80.009915","2021","11","0","0","0","0","0","0","0","0","","0","0","0","","","1","N","1","","40 31:50.073","2","0","80 00:35.695","3","0","0","0","2116","0","0","0","N","0","0","0","4","02116","0","","1.0","2045.0","1","N","N","N","0","","1","0","2","3","2","N","","2","1","0","0","0","0","0","2","0","2","","03","","N","","","","","","","","","",""
"2022004007","0447","0","0","0","0","0","0","0","0","0","7","1","","02","1","2022","1","40.439997","-80.084005","0438","11","0","0","0","0","0","0","0","0","","0","1","0","","","0","N","3","","40 26:23.988","7","0","80 05:02.418","0","0","0","0","2115","0","0","0","N","0","0","0","1","02115","0","","5.0","1433.0","2","N","N","N","0","","0","0","0","0","0","Y","","1","0","0","0","0","0","0","2","0","1","","07","","N","","","","","","","","","",""
"2022005093","1300","1","0","0","0","0","0","0","0","0","0","0","","02","1","2022","5","40.435423","-79.98442","1250","11","0","0","0","0","0","0","0","0","","0","0","0","","","0","N","2","","40 26:07.524","3","0","79 59:03.911","0","0","0","0","2301","0","0","0","N","0","0","0","1","02301","0","","1.0","1345.0","1","N","N","N","0","","0","0","0","0","0","Y","","1","0","0","0","0","0","0","2","0","1","","","","N","","","","","","","","","",""
"2022006937","0752","1","0","0","0","0","0","0","0","0","2","0","","02","1","2022","5","40.650289","-80.078808","0749","11","0","0","0","0","0","0","0","0","","0","0","0","","","1","N","1","","40 39:01.042","1","0","80 04:43.708","8","0","0","0","2212","0","0","0","N","0","0","0","2","02505","0","","1.0","832.0","9","N","N","N","0","","0","0","1","3","2","Y","","2","1","0","0","0","1","0","2","0","2","","04","","N","","","","","","","","","",""
"2022005329","1253","0","0","0","0","0","0","0","0","0","7","0","","02","1","2022","6","40.467562","-79.888643","1253","11","0","0","0","0","0","0","0","1","","0","0","0","","","0","","2","","40 28:03.223","","0","79 53:19.114","9","0","0","0","2113","0","0","0","N","0","0","0","1","02113","0","","5.0","","1","N","N","N","0","","0","0","0","3","3","","","1","0","0","0","0","0","1","2","1","1","","","","N","","","","","","","","","",""
"2022005254","1332","1","0","0","0","0","0","0","0","0","1","0","","02","1","2022","6","40.37952","-79.925274","1323","11","0","0","0","0","0","1","0","0","","0","0","0","","","0","N","0","","40 22:46.272","1","0","79 55:30.986","0","0","0","0","2301","0","0","0","N","0","0","0","4","02301","0","","1.0","1430.0","1","N","N","N","0","","0","0","1","0","0","N","","2","0","0","0","0","0","0","2","0","2","","","","N","","","","","","","","","",""
"2022005229","0253","1","0","0","0","0","0","0","0","0","7","0","","02","1","2022","7","40.476431","-79.780354","0251","11","0","0","0","0","0","0","0","0","","0","0","0","","","1","N","0","","40 28:35.153","","0","79 46:49.275","3","0","0","0","2113","0","0","0","N","0","0","0","1","02113","0","","5.0","","1","N","N","N","0","","1","0","0","0","0","","","1","1","1","0","0","0","0","2","0","1","","","","N","","","","","","","","","",""
"2022013630","1450","0","0","0","0","0","0","0","0","0","1","0","","02","2","2022","7","40.348184","-80.025699","1441","11","0","0","0","0","0","1","1","0","","0","0","0","","","1","N","0","","40 20:53.464","2","0","80 01:32.515","4","0","0","0","2407","0","0","0","N","0","0","0","3","02407","1","","1.0","1515.0","9","N","N","N","2","","0","0","0","0","0","N","","2","1","1","0","0","0","0","2","0","2","","","","N","","","","","","","","","",""