"CRN","ARRIVAL_TM","AUTOMOBILE_COUNT","BELTED_DEATH_COUNT","BELTED_SUSP_SERIOUS_INJ_COUNT","BICYCLE_COUNT","BICYCLE_DEATH_COUNT","BICYCLE_SUSP_SERIOUS_INJ_COUNT","BUS_COUNT","CHLDPAS_DEATH_COUNT","CHLDPAS_SUSP_SERIOUS_INJ_COUNT","COLLISION_TYPE","COMM_VEH_COUNT","CONS_ZONE_SPD_LIM","COUNTY","CRASH_MONTH","CRASH_YEAR","DAY_OF_WEEK","DEC_LATITUDE","DEC_LONGITUDE","DISPATCH_TM","DISTRICT","DRIVER_COUNT_16YR","DRIVER_COUNT_17YR","DRIVER_COUNT_18YR","DRIVER_COUNT_19YR","DRIVER_COUNT_20YR","DRIVER_COUNT_50_64YR","DRIVER_COUNT_65_74YR","DRIVER_COUNT_75PLUS","EST_HRS_CLOSED","FATAL_COUNT","HEAVY_TRUCK_COUNT","HORSE_BUGGY_COUNT","HOUR_OF_DAY","ILLUMINATION","INJURY_COUNT","INTERSECTION_RELATED","INTERSECT_TYPE","LANE_CLOSED","LATITUDE","LN_CLOSE_DIR","LOCATION_TYPE","LONGITUDE","MAX_SEVERITY_LEVEL","MCYCLE_DEATH_COUNT","MCYCLE_SUSP_SERIOUS_INJ_COUNT","MOTORCYCLE_COUNT","MUNICIPALITY","NONMOTR_COUNT","NONMOTR_DEATH_COUNT","NONMOTR_SUSP_SERIOUS_INJ_COUNT","NTFY_HIWY_MAINT","PED_COUNT","PED_DEATH_COUNT","PED_SUSP_SERIOUS_INJ_COUNT","PERSON_COUNT","POLICE_AGCY","POSSIBLE_INJ_COUNT","RDWY_SURF_TYPE_CD","RELATION_TO_ROAD","ROADWAY_CLEARED","ROAD_CONDITION","SCH_BUS_IND","SCH_ZONE_IND","SECONDARY_CRASH","SMALL_TRUCK_COUNT","SPEC_JURIS_CD","SUSP_MINOR_INJ_COUNT","SUSP_SERIOUS_INJ_COUNT","SUV_COUNT","TCD_FUNC_CD","TCD_TYPE","TFC_DETOUR_IND","TIME_OF_DAY","TOTAL_UNITS","TOT_INJ_COUNT","UNBELTED_OCC_COUNT","UNB_DEATH_COUNT","UNB_SUSP_SERIOUS_INJ_COUNT","UNK_INJ_DEG_COUNT","UNK_INJ_PER_COUNT","URBAN_RURAL","VAN_COUNT","VEHICLE_COUNT","WEATHER1","WEATHER2","WORKERS_PRES","WORK_ZONE_IND","WORK_ZONE_LOC","WORK_ZONE_TYPE","WZ_CLOSE_DETOUR","WZ_FLAGGER","WZ_LAW_OFFCR_IND","WZ_LN_CLOSURE","WZ_MOVING","WZ_OTHER","WZ_SHLDER_MDN","WZ_WORKERS_INJ_KILLED"
"2022006236","0929","1","0","0","0","0","0","0","0","0","7","0","","02","1","2022","3","40.462372","-79.804219","0925","11","0","0","0","0","0","1","0","0","","0","0","0","","","2","N","0","","40 27:44.540","4","0","79 48:15.189","3","0","0","0","2113","0","0","0","N","0","0","0","2","02113","0","","2.0","1037.0","1","N","N","Y","0","","2","0","0","0","0","N","","1","2","2","0","0","0","0","2","0","1","","","","N","","","","","","","","","",""
"2022006494","1638","1","0","0","0","0","0","0","0","0","4","0","","02","1","2022","4","40.450547","-79.930075","1628","11","0","0","0","0","0","1","0","0","","0","0","0","","","1","","1","","40 27:01.969","","0","79 55:48.270","4","0","0","0","2301","0","0","0","N","0","0","0","2","02301","1","","1.0","","9","N","N","N","0","","0","0","1","3","3","","","2","1","0","0","0","0","0","2","0","2","","04","","N","","","","","","","","","",""
"2022006461","0855","0","0","0","0","0","0","0","0","0","4","0","","02","1","2022","4","40.630601","-79.972347","0851","11","0","0","0","0","0","0","0","0","","0","0","0","","","0","N","1","","40 37:50.163","1","0","79 58:20.448","0","0","0","0","2217","0","0","0","N","0","0","0","2","02505","0","","1.0","914.0","9","N","N","N","0","","0","0","2","3","2","N","","2","0","0","0","0","0","0","2","0","2","","03","","N","","","","","","","","","",""
"2022007178","0208","1","0","0","0","0","0","0","0","0","7","0","","02","1","2022","6","40.460572","-79.888553","0202","11","0","0","0","0","0","0","0","0","","0","0","0","","","0","N","1","","40 27:38.060","","0","79 53:18.792","9","0","0","0","2301","0","0","0","N","0","0","0","2","02301","0","","2.0","","2","N","N","N","0","","0","0","0","0","0","","","1","0","1","0","0","0","1","2","0","1","","","","N","","","","","","","","","",""
"2022005457","2100","2","0","0","0","0","0","0","0","0","1","0","","02","1","2022","7","40.464838","-79.960025","2050","11","0","0","0","0","0","0","0","0","","0","0","0","","","1","N","2","","40 27:53.418","6","0","79 57:36.089","8","0","0","0","2301","0","0","0","N","0","0","0","1","02301","0","","1.0","2120.0","1","N","N","Y","0","","0","0","2","3","2","Y","","4","1","0","0","0","1","0","2","0","4","","03","","N","","","","","","","","","",""
"2022003050","2331","1","0","0","0","0","0","0","0","0","7","0","","02","1","2022","1","40.335827","-79.890526","2330","11","0","0","0","0","0","0","0","0","","0","0","0","","","0","N","0","","40 20:08.976","5","0","79 53:25.894","0","0","0","0","2433","0","0","0","N","0","0","0","1","02433","0","","5.0","42.0","1","N","N","N","0","","0","0","0","0","0","Y","","1","0","0","0","0","0","0","2","0","1","","","","N","","","","","","","","","",""
"2022005871","2247","0","0","0","0","0","0","0","0","0","2","0","","02","1","2022","4","40.35445","-79.978939","2247","11","0","0","0","0","0","0","0","0","","0","0","0","","","4","N","0","","40 21:16.019","7","0","79 58:44.182","3","0","0","0","2476","0","0","0","N","0","0","0","4","02476","0","","1.0","145.0","1","N","N","N","0","","2","0","2","0","0","Y","","2","4","0","0","0","2","0","2","0","2","","","","N","","","","","","","","","",""
"2022014142","1424","1","0","0","0","0","0","0","0","0","1","0","","02","2","2022","3","40.472406","-79.707063","1407","11","0","0","0","0","0","1","0","0","","0","0","0","","","4","N","0","","40 28:20.661","7","0","79 42:25.425","3","0","0","0","2466","0","0","0","N","0","0","0","4","02466","3","","1.0","1438.0","1","N","N","N","0","","1","0","1","0","0","N","","2","4","0","0","0","0","0","2","0","2","","","","N","","","","","","","","","",""
"2022006290","1500","1","0","0","0","0","0","1","0","0","1","1","","02","1","2022","3","40.467427","-79.834626","1452","11","0","0","0","0","0","1","1","0","","0","0","0","","","1","N","0","","40 28:02.738","3","0","79 50:04.655","3","0","0","0","2113","0","0","0","N","0","0","0","3","02503","0","","1.0","1529.0","1","N","N","N","0","","1","0","0","0","0","N","","2","1","0","0","0","0","0","2","0","2","","03","","N","","","","","","","","","",""
"2022015495","0815","0","0","0","0","0","0","0","0","0","4","0","","02","2","2022","6","40.360739","-79.933033","0810","11","0","0","0","0","0","1","0","0","","0","0","0","","","0","N","0","","40 21:38.661","","0","79 55:58.917","0","0","0","0","2473","0","0","0","N","0","0","0","2","02473","0","","1.0","","1","N","N","N","1","","0","0","1","0","0","","","2","0","0","0","0","0","0","2","0","2","","03","","N","","","","","","","","","",""
"2022014483","0835","1","0","0","0","0","0","0","0","0","7","0","","02","2","2022","7","40.303159","-79.918932","0827","11","0","0","0","0","0","0","0","0","","0","0","0","","","0","N","0","","40 18:11.373","2","0","79 55:08.154","0","0","0","0","2440","0","0","0","N","0","0","0","4","02440","0","","2.0","45.0","2","N","N","N","0","","0","0","0","0","0","N","","1","0","0","0","0","0","0","2","0","1","","","","N","","","","","","","","","",""
"2022013093","2014","2","0","0","0","0","0","0","0","0","4","0","","02","2","2022","6","40.635121","-79.946015","2003","11","0","0","0","0","0","1","0","0","","0","0","0","","","0","","2","","40 38:06.436","","0","79 56:45.655","0","0","0","0","2217","0","0","0","N","0","0","0","2","02505","0","","1.0","","7","N","N","N","0","","0","0","0","3","3","","","2","0","0","0","0","0","0","2","0","2","","02","","N","","","","","","","","","",""
"2022014902","1818","3","0","0","0","0","0","0","0","0","1","0","","02","2","2022","4","40.617049","-79.945986","1814","11","0","1","0","0","0","0","2","0","","0","0","0","","","0","","2","","40 37:01.376","","0","79 56:45.551","0","0","0","0","2217","0","0","0","N","0","0","0","3","02505","0","","1.0","","1","N","N","N","0","","0","0","0","0","0","","","3","0","0","0","0","0","0","2","0","3","","03","","N","","","","","","","","","",""
"2022013029","1233","1","0","0","0","0","0","0","0","0","4","1","","02","2","2022","6","40.465984","-80.113206","1230","11","0","0","0","0","0","0","0","0","","0","1","0","","","0","N","0","","40 27:57.542","6","0","80 06:47.542","0","0","0","0","2115","0","0","0","N","0","0","0","3","02115","0","","1.0","1245.0","7","N","N","N","0","","0","0","0","0","0","N","","2","0","0","0","0","0","0","2","0","2","","10","","N","","","","","","","","","",""
"2022012973","0654","1","0","0","0","0","0","0","0","0","1","0","","02","2","2022","7","40.451679","-79.936122","0648","11","0","0","0","0","0","0","0","0","","0","0","0","","","0","N","0","","40 27:06.045","1","0","79 56:10.040","0","0","0","0","2301","0","0","0","N","0","0","0","1","02301","0","","2.0","700.0","7","N","N","N","0","","0","0","0","0","0","N","","2","0","0","0","0","0","0","2","0","2","","","","N","","","","","","","","","",""
"2022011475","0708","0","0","0","0","0","0","0","0","0","1","0","","02","1","2022","5","40.42984","-79.714472","0707","11","0","0","0","0","0","1","0","0","","0","0","0","","","0","N","0","","40 25:47.423","4","0","79 42:52.099","0","0","0","0","2446","0","0","0","N","0","0","0","2","02446","0","","1.0","750.0","9","N","N","Y","2","","0","0","0","0","0","Y","","2","0","0","0","0","0","0","2","0","2","","","","N","","","","","","","","","",""
"2022002664","1514","2","0","0","0","0","0","0","0","0","4","0","","02","1","2022","7","40.442498","-79.982528","1512","11","0","0","0","0","0","0","1","0","","0","0","0","","","1","","1","","40 26:32.991","","0","79 58:57.099","8","0","0","0","2301","0","0","0","N","0","0","0","3","02301","0","","1.0","","6","N","N","N","0","","0","0","0","3","3","","","2","1","0","0","0","1","0","2","0","2","","98","","N","","","","","","","","","",""
"2022013795","2215","1","0","0","0","0","0","0","0","0","7","0","","02","1","2022","6","40.42459","-80.113766","2207","11","0","0","0","0","0","0","0","0","","0","0","0","","","0","N","7","","40 25:28.524","","2","80 06:49.559","0","0","0","0","2115","0","0","0","N","0","0","0","1","68B03","0","","4.0","","1","N","N","N","0","","0","0","0","0","0","","","1","0","0","0","0","0","0","2","0","1","","","","N","","","","","","","","","",""
"2022005932","2202","0","0","0","0","0","0","0","0","0","7","0","","02","1","2022","7","40.394903","-79.796592","2158","11","0","0","0","0","0","0","0","0","","0","0","0","","","0","N","2","","40 23:41.650","","0","79 47:47.732","0","0","0","0","2446","0","0","0","N","0","0","0","1","02446","0","","9.0","","1","N","N","N","0","","0","0","1","0","0","","","1","0","0","0","0","0","0","2","0","1","","03","","N","","","","","","","","","",""
"2022006208","0830","0","0","0","0","0","0","0","0","0","5","2","","02","1","2022","3","40.437982","-79.973869","0817","11","0","0","0","0","0","0","0","0","","0","2","0","","","0","N","0","","40 26:16.735","","0","79 58:25.930","0","0","0","0","2301","0","0","0","N","0","0","0","2","02301","0","","2.0","","6","N","N","N","0","","0","0","1","0","0","","","3","0","0","0","0","0","0","2","0","3","","10","","N","","","","","","","","","",""
"2022006257","1222","0","0","0","0","0","0","0","0","0","7","0","","02","1","2022","2","40.652553","-79.947479","1202","11","0","0","0","0","0","0","0","0","","0","0","0","","","0","N","0","","40 39:09.189","6","0","79 56:50.924","0","0","0","0","2217","0","0","0","N","0","0","0","1","02505","0","","5.0","1301.0","6","N","N","N","0","","0","0","1","0","0","Y","","1","0","0","0","0","0","0","2","0","1","","02","","N","","","","","","","","","",""
"2022007014","1900","1","0","0","0","0","0","0","0","0","7","0","","02","1","2022","4","40.485934","-80.023069","1846","11","0","0","0","0","0","0","0","0","","0","0","0","","","1","","2","","40 29:09.362","","0","80 01:23.048","2","0","0","0","2301","0","0","0","N","0","0","0","1","02301","0","","5.0","","1","N","N","N","0","","0","1","0","3","3","","","1","1","1","0","1","0","0","2","0","1","","","","N","","","","","","","","","",""
"2022000616","1524","2","0","0","0","0","0","0","0","0","1","0","","02","1","2022","2","40.342605","-79.985261","1524","11","0","0","0","0","1","0","0","0","","0","0","0","","","0","N","0","","40 20:33.377","1","0","79 59:06.940","0","0","0","0","2403","0","0","0","N","0","0","0","3","02403","0","","1.0","1557.0","1","N","N","N","0","","0","0","0","0","0","N","","2","0","0","0","0","0","0","2","0","2","","","","N","","","","","","","","","",""
"2022000819","2103","0","0","0","0","0","0","0","0","0","6","1","","02","1","2022","2","40.293817","-79.832358","2057","11","0","0","0","0","0","0","0","0","","0","1","0","","","1","N","0","","40 17:37.742","5","0","79 49:56.487","8","0","0","0","2105","0","0","0","N","0","0","0","2","02105","0","","1.0","2222.0","9","N","N","N","1","","0","0","0","0","0","Y","","2","1","1","0","0","1","0","2","0","2","","03","","N","","","","","","","","","",""
"2022015278","1631","2","0","0","0","0","0","0","0","0","4","0","","02","2","2022","5","40.439504","-80.075981","1628","11","0","0","0","0","0","2","0","0","","0","0","0","","","0","","1","","40 26:22.215","3","0","80 04:33.531","0","0","0","0","2421","0","0","0","N","0","0","0","3","02421","0","","1.0","1717.0","1","N","N","N","0","","0","0","0","0","0","Y","","2","0","0","0","0","0","0","2","0","2","","","","N","","","","","","","","","",""
"2022005703","1740","1","0","0","0","0","0","0","0","0","7","0","","02","1","2022","1","40.466271","-79.993137","1730","11","0","0","0","0","0","0","0","0","","0","0","0","","","0","","1","","40 27:58.577","","0","79 59:35.293","0","0","0","0","2301","0","0","0","N","0","0","0","1","02301","0","","2.0","","7","N","N","N","0","","0","0","0","3","3","","","1","0","0","0","0","0","0","2","0","1","","04","","N","","","","","","","","","",""
"2022005572","1523","2","0","0","0","0","0","0","0","0","4","0","","02","1","2022","6","40.52724","-79.950348","1515","11","0","0","0","0","0","0","1","0","","0","0","0","","","0","","2","","40 31:38.063","","0","79 57:01.251","0","0","0","0","2118","0","0","0","N","0","0","0","2","02118","0","","1.0","","1","N","N","N","0","","0","0","0","3","2","","","2","0","0","0","0","0","0","2","0","2","","","","N","","","","","","","","","",""
"2022005213","2340","0","0","0","0","0","0","0","0","0","7","0","","02","1","2022","6","40.316817","-79.78472","2337","11","0","0","0","0","0","1","0","0","","0","0","0","","","1","N","0","","40 19:00.541","","0","79 47:04.993","8","0","0","0","2477","0","0","0","Y","0","0","0","1","02477","0","","5.0","","1","N","N","N","1","","0","0","0","0","0","","","1","1","0","0","0","1","0","2","0","1","","","","N","","","","","","","","","",""
"2022003391","1631","0","0","0","0","0","0","0","0","0","1","1","","02","1","2022","5","40.440662","-79.760638","1606","11","0","0","0","0","0","1","0","0","","0","1","0","","","0","N","0","","40 26:26.382","","0","79 45:38.296","0","0","0","0","2446","0","0","0","N","0","0","0","2","68B03","0","","1.0","","1","N","N","N","0","","0","0","1","0","0","","","2","0","0","0","0","0","0","2","0","2","","","","N","","","","","","","","","",""
"2022013206","0020","3","0","0","0","0","0","0","0","0","2","0","","02","2","2022","1","40.480325","-79.837095","0011","11","0","0","1","0","0","0","0","0","","0","0","0","","","1","N","0","","40 28:49.171","6","0","79 50:13.542","3","0","0","0","2113","0","0","0","N","0","0","0","1","02113","0","","4.0","115.0","2","N","N","N","0","","1","0","0","0","0","N","","3","1","0","0","0","0","0","2","0","3","","98","","N","","","","","","","","","",""
"2022001985","2100","1","0","0","0","0","0","0","0","0","7","0","","02","1","2022","5","40.442372","-79.995524","2046","11","0","0","0","0","0","0","0","0","","0","0","0","","","0","N","1","","40 26:32.538","1","0","79 59:43.887","0","0","0","0","2301","0","0","0","N","0","0","0","1","02301","0","","4.0","2130.0","7","N","N","N","0","","0","0","0","3","2","Y","","1","0","0","0","0","0","0","2","0","1","","10","","N","","","","","","","","","",""
"2022003567","0651","0","0","0","0","0","0","1","0","0","8","1","","02","1","2022","3","40.442431","-79.99989","0646","11","0","0","0","0","0","1","0","0","","1","0","0","","","0","","1","","40 26:32.751","7","0","79 59:59.603","1","0","0","0","2301","1","1","0","N","1","1","0","2","02503","0","1","1.0","848.0","2","N","N","N","0","0","0","0","0","3","2","Y","","2","0","0","0","0","0","0","2","0","1","","","","N","","","","","","","","","",""
"2022006092","1145","1","0","0","0","0","0","0","0","0","4","0","","02","1","2022","5","40.537508","-80.021218","1137","11","0","0","0","0","0","0","0","0","","0","0","0","","","0","","1","","40 32:15.028","7","0","80 01:16.384","0","0","0","0","2116","0","0","0","N","0","0","0","3","02116","0","","1.0","1226.0","1","N","N","N","0","","0","0","1","3","3","Y","","2","0","0","0","0","0","0","2","0","2","","","","N","","","","","","","","","",""
"2022007488","0236","1","0","0","0","0","0","0","0","0","7","0","","02","1","2022","7","40.457903","-80.067465","0231","11","0","0","0","0","0","0","0","0","","0","0","0","","","0","N","2","","40 27:28.450","5","0","80 04:02.874","9","0","0","0","2301","0","0","0","N","0","0","0","1","02301","0","","5.0","415.0","1","N","N","Y","0","","0","0","0","0","0","Y","","1","0","0","0","0","0","1","2","0","1","","03","","N","","","","","","","","","",""
"2022013103","1502","2","0","0","0","0","0","0","0","0","4","0","","02","2","2022","7","40.621812","-80.054205","1451","11","0","0","0","0","0","2","0","0","","0","0","0","","","1","","1","","40 37:18.523","","0","80 03:15.137","8","0","0","0","2216","0","0","0","N","0","0","0","2","02505","0","","1.0","","9","N","N","N","0","","0","0","0","3","2","","","2","1","0","0","0","1","0","1","0","2","","03","","N","","","","","","","","","",""
"2022005484","1445","1","0","0","0","0","0","0","0","0","6","0","","02","1","2022","6","40.465692","-80.207492","1434","11","0","0","0","0","0","0","0","0","","0","0","0","","","0","","2","","40 27:56.491","1","0","80 12:26.971","0","0","0","0","2203","0","0","0","N","0","0","0","2","02203","0","","1.0","1511.0","1","N","N","N","0","","0","0","1","3","3","N","","2","0","0","0","0","0","0","2","0","2","","03","","N","","","","","","","","","",""
"2022011775","0711","3","0","0","0","0","0","0","0","0","1","0","","02","2","2022","4","40.424783","-79.92699","0706","11","0","0","0","0","0","1","0","0","","0","0","0","","","0","","2","","40 25:29.218","","0","79 55:37.164","0","0","0","0","2301","0","0","0","N","0","0","0","4","02301","0","","1.0","","9","N","N","N","1","","0","0","0","0","0","N","","4","0","0","0","0","0","0","2","0","4","","03","","N","","","","","","","","","",""
"2022013657","1702","0","0","0","0","0","0","0","0","0","2","0","","02","2","2022","7","40.649306","-79.89441","1657","11","0","0","0","0","0","0","0","0","","0","0","0","","","1","N","0","","40 38:57.500","1","0","79 53:39.875","4","0","0","0","2220","0","0","0","N","0","0","0","1","02220","1","","2.0","1750.0","2","N","N","N","1","","0","0","0","0","0","N","","1","1","0","0","0","0","0","1","0","1","","03","","N","","","","","","","","","",""
"2022013741","1444","0","0","0","0","0","0","0","0","0","7","1","","02","2","2022","4","40.420311","-80.092588","1436","11","0","0","0","0","0","1","0","0","","0","1","0","","","1","N","0","","40 25:13.121","3","1","80 05:33.316","8","0","0","0","2457","0","0","0","Y","0","0","0","1","68B03","0","","5.0","1730.0","1","N","N","N","0","","0","0","0","0","0","N","","1","1","0","0","0","1","0","2","0","1","","","","N","","","","","","","","","",""
"2022007757","1956","1","0","0","0","0","0","0","0","0","8","0","","02","1","2022","7","40.46212","-79.940382","1956","11","0","0","0","0","0","0","0","0","","0","0","0","","","1","","1","","40 27:43.631","","0","79 56:25.375","3","0","0","0","2301","1","0","0","N","1","0","0","2","02301","0","","1.0","","1","N","N","N","0","","1","0","0","3","3","N","","2","1","0","0","0","0","0","2","0","1","","03","","N","","","","","","","","","",""
"2022012904","1859","3","0","0","0","0","0","0","0","0","1","0","","02","2","2022","6","40.402534","-80.04034","1845","11","1","0","0","0","0","0","0","0","","0","0","0","","","1","","3","","40 24:09.123","7","0","80 02:25.223","3","0","0","0","2301","0","0","0","N","0","0","0","4","02301","0","","1.0","2021.0","2","N","N","N","0","","1","0","0","0","0","Y","","3","1","0","0","0","0","0","2","0","3","","10","","N","","","","","","","","","",""
"2022005677","0451","1","0","0","0","0","0","0","0","0","7","0","","02","1","2022","1","40.451094","-80.296981","0444","11","0","0","0","1","0","0","0","0","","0","0","0","","","1","","1","","40 27:03.939","3","0","80 17:49.131","4","0","0","0","2203","0","0","0","N","0","0","0","1","02203","1","","4.0","626.0","1","","","N","0","","0","0","0","0","0","N","","1","1","0","0","0","0","0","1","0","1","","","","N","","","","","","","","","",""
"2022007796","0229","1","0","0","0","0","0","0","0","0","7","0","","02","1","2022","1","40.461202","-79.871088","0226","11","0","0","0","0","0","0","0","0","","1","0","0","","","1","N","0","","40 27:40.326","6","0","79 52:15.918","1","0","0","0","2113","0","0","0","N","0","0","0","2","02113","0","2","4.0","1426.0","2","N","N","N","0","0","1","0","0","0","0","Y","","1","1","0","0","0","0","0","2","0","1","","","","N","","","","","","","","","",""
"2022009689","2227","1","0","0","0","0","0","0","0","0","7","0","","02","1","2022","6","40.414948","-80.011351","2222","11","0","0","0","0","0","0","0","0","","0","0","0","","","0","N","7","","40 24:53.811","","2","80 00:40.862","9","0","0","0","2301","0","0","0","N","0","0","0","1","02301","0","","5.0","","9","N","N","N","0","","0","0","0","3","2","","","1","0","0","0","0","0","1","2","0","1","","06","","N","","","","","","","","","",""
"2022002126","0825","1","0","0","0","0","0","0","0","0","7","0","","02","1","2022","6","40.502975","-80.126934","0818","11","0","0","0","0","0","0","0","0","","0","0","0","","","0","N","0","","40 30:10.710","","0","80 07:36.963","0","0","0","0","2115","0","0","0","N","0","0","0","1","02115","0","","2.0","","6","N","N","N","0","","0","0","0","0","0","","","1","0","0","0","0","0","0","2","0","1","","10","","N","","","","","","","","","",""
"2022014111","1844","0","0","0","0","0","0","0","0","0","7","0","","02","1","2022","1","40.501996","-80.204806","1844","11","0","0","0","0","0","0","0","0","","0","0","0","","","0","","1","","40 30:07.184","1","0","80 12:17.303","0","0","0","0","2213","0","0","0","N","0","0","0","2","02213","0","","4.0","1900.0","7","N","N","N","0","","0","0","1","3","2","N","","1","0","0","0","0","0","0","2","0","1","","02","","N","","","","","","","","","",""
"2022012575","2055","1","0","0","0","0","0","0","0","0","7","0","","02","2","2022","4","40.341591","-79.827995","2053","11","0","0","0","0","0","0","0","0","","0","0","0","","","1","N","0","","40 20:29.726","","0","79 49:40.781","3","0","0","0","2304","0","0","0","N","0","0","0","3","02304","0","","5.0","","9","N","N","N","0","","1","0","0","0","0","","","1","1","3","0","0","0","0","2","0","1","","","","N","","","","","","","","","",""
"2022013304","0816","1","0","0","0","0","0","0","0","0","7","0","","02","2","2022","1","40.479314","-80.043601","0811","11","0","0","0","0","0","0","0","0","","0","0","0","","","0","N","0","","40 28:45.530","","0","80 02:36.962","0","0","0","0","2301","0","0","0","N","0","0","0","1","02301","0","","2.0","","1","N","N","N","0","","0","0","0","0","0","","","1","0","0","0","0","0","0","2","0","1","","03","","N","","","","","","","","","",""
"2022008750","1440","2","0","0","0","0","0","0","0","0","4","0","","02","1","2022","3","40.427339","-79.721453","1432","11","0","0","0","0","0","1","0","1","","0","0","0","","","1","N","1","","40 25:38.421","3","0","79 43:17.232","8","0","0","0","2446","0","0","0","N","0","0","0","2","02446","0","","1.0","1500.0","1","N","N","N","0","","0","0","0","3","2","N","","2","1","0","0","0","1","1","2","0","2","","03","","N","","","","","","","","","",""
"2022014453","1057","0","0","0","0","0","0","1","0","0","5","1","","02","2","2022","4","40.440789","-79.948215","1047","11","0","0","0","0","0","0","0","1","","0","0","0","","","0","","2","","40 26:26.840","","0","79 56:53.574","0","0","0","0","2301","0","0","0","N","0","0","0","1","02301","0","","1.0","","1","N","N","N","1","","0","0","3","0","0","","","5","0","0","0","0","0","0","2","0","5","","03","","N","","","","","","","","","",""
"2022006830","0448","2","0","0","0","0","0","0","0","0","4","0","","02","1","2022","4","40.382523","-79.856924","0446","11","0","0","0","0","0","1","1","0","","0","0","0","","","2","N","0","","40 22:57.083","5","0","79 51:24.925","3","0","0","0","2303","0","0","0","N","0","0","0","2","02303","0","","1.0","555.0","9","N","N","N","0","","1","0","0","0","0","Y","","2","2","0","0","0","1","0","2","0","2","","","","N","","","","","","","","","",""
"2022007983","1715","0","0","0","0","0","0","0","0","0","7","0","","02","1","2022","1","40.561796","-80.021208","1710","11","0","0","0","0","0","0","0","0","","0","0","0","","","0","N","0","","40 33:42.467","","0","80 01:16.349","0","0","0","0","2108","0","0","0","N","0","0","0","3","02108","0","","2.0","","7","N","N","N","0","","0","0","1","0","0","N","","1","0","0","0","0","0","0","2","0","1","","02","","N","","","","","","","","","",""
"2022001657","0154","1","0","0","0","0","0","0","0","0","7","0","","02","1","2022","5","40.427637","-79.986353","0150","11","0","0","0","0","0","0","0","0","","0","0","0","","","0","N","1","","40 25:39.494","2","0","79 59:10.870","0","0","0","0","2301","0","0","0","N","0","0","0","1","02301","0","","5.0","210.0","1","N","N","N","0","","0","0","0","3","2","N","","1","0","0","0","0","0","0","2","0","1","","","","N","","","","","","","","","",""
"2022013403","1450","1","0","0","0","0","0","0","0","0","7","0","","02","2","2022","5","40.490708","-79.881044","1414","11","0","0","0","0","0","0","0","0","","0","0","0","","","0","N","0","","40 29:26.547","1","0","79 52:51.759","0","0","0","0","2112","0","0","0","N","0","0","0","1","68D02","0","","4.0","1530.0","9","N","N","N","0","","0","0","0","0","0","N","","1","0","0","0","0","0","0","2","0","1","","","","N","","","","","","","","","",""
"2022008721","0829","2","0","0","0","0","0","0","0","0","4","0","","02","1","2022","6","40.308093","-80.032768","0826","11","0","1","0","0","0","0","1","0","","0","0","0","","","0","","1","","40 18:29.136","","0","80 01:57.963","0","0","0","0","2407","0","0","0","N","0","0","0","2","02407","0","","1.0","","1","N","N","N","0","","0","0","0","3","2","","","2","0","0","0","0","0","0","2","0","2","","","","N","","","","","","","","","",""
"2022006823","0048","1","0","0","0","0","0","0","0","0","7","0","","02","1","2022","5","40.383769","-79.992962","0040","11","0","0","0","0","0","0","0","0","","0","0","0","","","0","N","0","","40 23:01.568","2","0","79 59:34.662","0","0","0","0","2301","0","0","0","N","0","0","0","1","02301","0","","4.0","135.0","9","N","N","N","0","","0","0","0","0","0","N","","1","0","0","0","0","0","0","2","0","1","","","","N","","","","","","","","","",""
"2022001814","2217","1","0","0","0","0","0","0","0","0","4","0","","02","1","2022","4","40.440603","-79.958275","2217","11","0","0","0","0","0","1","0","0","","0","0","0","","","0","","2","","40 26:26.172","","0","79 57:29.789","0","0","0","0","2301","0","0","0","N","0","0","0","2","02301","0","","1.0","","1","N","N","N","0","","0","0","1","3","2","","","2","0","0","0","0","0","0","2","0","2","","03","","N","","","","","","","","","",""
"2022005365","1537","2","0","0","0","0","0","0","0","0","4","0","","02","1","2022","7","40.448239","-79.986874","1537","11","0","0","0","0","0","0","1","0","","0","0","0","","","0","","1","","40 26:53.660","4","0","79 59:12.746","0","0","0","0","2301","0","0","0","N","0","0","0","2","02301","0","","1.0","1600.0","1","N","N","N","0","","0","0","0","3","2","N","","2","0","0","0","0","0","0","2","0","2","","98","","N","","","","","","","","","",""
"2022005685","2359","0","0","0","0","0","0","0","0","0","4","0","","02","1","2022","1","40.478356","-79.955657","2345","11","0","1","0","0","0","1","0","0","","0","0","0","","","0","N","1","","40 28:42.080","","0","79 57:20.366","0","0","0","0","2301","0","0","0","N","0","0","0","2","02301","0","","1.0","","7","N","N","N","0","","0","0","1","3","2","","","2","0","0","0","0","0","0","2","1","2","","","","N","","","","","","","","","",""
"2022007786","0642","2","0","0","0","0","0","0","0","0","4","0","","02","1","2022","7","40.55453","-80.02124","0634","11","0","0","0","0","0","0","0","0","","0","0","0","","","1","","1","","40 33:16.307","1","0","80 01:16.463","3","0","0","0","2108","0","0","0","N","0","0","0","2","02108","0","","1.0","723.0","1","N","N","N","0","","1","0","0","3","2","Y","","2","1","0","0","0","0","0","2","0","2","","03","","N","","","","","","","","","",""