"CRN","ARRIVAL_TM","AUTOMOBILE_COUNT","BELTED_DEATH_COUNT","BELTED_SUSP_SERIOUS_INJ_COUNT","BICYCLE_COUNT","BICYCLE_DEATH_COUNT","BICYCLE_SUSP_SERIOUS_INJ_COUNT","BUS_COUNT","CHLDPAS_DEATH_COUNT","CHLDPAS_SUSP_SERIOUS_INJ_COUNT","COLLISION_TYPE","COMM_VEH_COUNT","CONS_ZONE_SPD_LIM","COUNTY","CRASH_MONTH","CRASH_YEAR","DAY_OF_WEEK","DEC_LATITUDE","DEC_LONGITUDE","DISPATCH_TM","DISTRICT","DRIVER_COUNT_16YR","DRIVER_COUNT_17YR","DRIVER_COUNT_18YR","DRIVER_COUNT_19YR","DRIVER_COUNT_20YR","DRIVER_COUNT_50_64YR","DRIVER_COUNT_65_74YR","DRIVER_COUNT_75PLUS","EST_HRS_CLOSED","FATAL_COUNT","HEAVY_TRUCK_COUNT","HORSE_BUGGY_COUNT","HOUR_OF_DAY","ILLUMINATION","INJURY_COUNT","INTERSECTION_RELATED","INTERSECT_TYPE","LANE_CLOSED","LATITUDE","LN_CLOSE_DIR","LOCATION_TYPE","LONGITUDE","MAX_SEVERITY_LEVEL","MCYCLE_DEATH_COUNT","MCYCLE_SUSP_SERIOUS_INJ_COUNT","MOTORCYCLE_COUNT","MUNICIPALITY","NONMOTR_COUNT","NONMOTR_DEATH_COUNT","NONMOTR_SUSP_SERIOUS_INJ_COUNT","NTFY_HIWY_MAINT","PED_COUNT","PED_DEATH_COUNT","PED_SUSP_SERIOUS_INJ_COUNT","PERSON_COUNT","POLICE_AGCY","POSSIBLE_INJ_COUNT","RDWY_SURF_TYPE_CD","RELATION_TO_ROAD","ROADWAY_CLEARED","ROAD_CONDITION","SCH_BUS_IND","SCH_ZONE_IND","SECONDARY_CRASH","SMALL_TRUCK_COUNT","SPEC_JURIS_CD","SUSP_MINOR_INJ_COUNT","SUSP_SERIOUS_INJ_COUNT","SUV_COUNT","TCD_FUNC_CD","TCD_TYPE","TFC_DETOUR_IND","TIME_OF_DAY","TOTAL_UNITS","TOT_INJ_COUNT","UNBELTED_OCC_COUNT","UNB_DEATH_COUNT","UNB_SUSP_SERIOUS_INJ_COUNT","UNK_INJ_DEG_COUNT","UNK_INJ_PER_COUNT","URBAN_RURAL","VAN_COUNT","VEHICLE_COUNT","WEATHER1","WEATHER2","WORKERS_PRES","WORK_ZONE_IND","WORK_ZONE_LOC","WORK_ZONE_TYPE","WZ_CLOSE_DETOUR","WZ_FLAGGER","WZ_LAW_OFFCR_IND","WZ_LN_CLOSURE","WZ_MOVING","WZ_OTHER","WZ_SHLDER_MDN","WZ_WORKERS_INJ_KILLED"
"2022007597","1405","3","0","0","0","0","0","0","0","0","1","0","","02","1","2022","7","40.311086","-80.03299","1402","11","1","0","0","0","0","1","0","0","","0","0","0","","","1","","1","","40 18:39.908","","0","80 01:58.763","4","0","0","0","2407","0","0","0","N","0","0","0","6","02407","1","","1.0","","1","N","N","N","0","","0","0","0","3","2","","","3","1","0","0","0","0","0","2","0","3","","","","N","","","","","","","","","",""
"2022005348","1300","1","0","0","0","0","0","0","0","0","4","0","","02","1","2022","7","40.436315","-79.996309","1253","11","0","0","0","0","0","0","0","0","","0","0","0","","","1","","2","","40 26:10.733","3","99","79 59:46.711","3","0","0","0","2301","0","0","0","N","0","0","0","2","02301","0","","1.0","1330.0","1","N","N","N","0","","1","0","1","0","0","N","","2","1","0","0","0","0","0","2","0","2","","03","","N","","","","","","","","","",""
"2022013083","1407","0","0","0","0","0","0","0","0","0","7","0","","02","2","2022","7","40.457987","-79.843033","1358","11","0","0","0","0","0","0","0","0","","0","0","0","","","0","N","2","","40 27:28.753","","0","79 50:34.920","0","0","0","0","2113","0","0","0","N","0","0","0","1","02113","0","","4.0","","7","N","N","N","0","","0","0","0","0","0","","","1","0","0","0","0","0","0","2","1","1","","03","","N","","","","","","","","","",""
"2022003742","1134","0","0","0","0","0","0","0","0","0","1","0","","02","1","2022","3","40.27574","-79.892525","1130","11","0","0","0","0","0","0","0","0","","0","1","0","","","0","N","6","","40 16:32.663","","2","79 53:33.091","0","0","0","0","2440","0","0","0","N","0","0","0","2","02440","0","","1.0","","1","N","N","N","1","","0","0","0","3","3","","","2","0","0","0","0","0","0","2","0","2","","03","","N","","","","","","","","","",""
"2022008951","2041","0","0","0","0","0","0","0","0","0","7","0","","02","1","2022","3","40.647663","-80.103304","2037","11","0","0","0","0","0","1","0","0","","0","0","0","","","1","N","0","","40 38:51.586","6","0","80 06:11.894","8","0","0","0","2212","0","0","0","N","0","0","0","1","02505","0","","5.0","2136.0","1","N","N","Y","0","","0","0","1","0","0","Y","","1","1","0","0","0","1","0","2","0","1","","","","N","","","","","","","","","",""
"2022013618","1058","1","0","0","0","0","0","0","0","0","1","0","","02","2","2022","2","40.543934","-80.192629","1055","11","0","0","0","0","0","2","0","0","","0","0","0","","","2","","1","","40 32:38.163","1","0","80 11:33.466","3","0","0","0","2427","0","0","0","N","0","0","0","3","02427","0","","1.0","1135.0","1","N","N","N","2","","2","0","0","3","2","N","","3","2","0","0","0","0","0","2","0","3","","03","","N","","","","","","","","","",""
"2022012921","1901","0","0","0","0","0","0","0","0","0","2","0","","02","2","2022","6","40.396657","-80.08822","1857","11","0","0","0","0","0","0","0","0","","0","0","0","","","0","","2","","40 23:47.965","2","0","80 05:17.591","0","0","0","0","2117","0","0","0","N","0","0","0","1","02117","0","","5.0","20.0","7","N","N","N","0","","0","0","1","0","0","N","","1","0","0","0","0","0","0","2","0","1","","","","N","","","","","","","","","",""
"2022009027","1316","1","0","0","0","0","0","0","0","0","4","1","","02","1","2022","2","40.428446","-79.931037","1312","11","0","0","0","0","0","0","0","0","","0","1","0","","","0","N","2","","40 25:42.404","4","2","79 55:51.733","0","0","0","0","2301","0","0","0","N","0","0","0","2","68B03","0","","1.0","1415.0","7","N","N","N","0","","0","0","0","0","0","N","","2","0","0","0","0","0","0","2","0","2","","10","","N","","","","","","","","","",""
"2022013802","2137","1","0","0","0","0","0","0","0","0","7","0","","02","1","2022","7","40.434343","-79.990035","2116","11","0","0","0","0","0","0","0","0","","0","0","0","","","0","N","0","","40 26:03.633","4","0","79 59:24.127","9","0","0","0","2301","0","0","0","N","0","0","0","1","68B03","0","","4.0","2145.0","1","N","N","N","0","","0","0","0","0","0","N","","1","0","0","0","0","0","1","2","0","1","","","","N","","","","","","","","","",""
"2022006867","0645","1","0","0","0","0","0","0","0","0","2","0","","02","1","2022","5","40.462659","-79.967203","0636","11","0","0","0","0","0","1","0","0","","0","0","0","","","0","","1","","40 27:45.573","","0","79 58:01.932","9","0","0","0","2301","0","0","0","N","0","0","0","2","02301","0","","1.0","","8","N","N","N","0","","0","0","0","","2","","","2","0","0","0","0","0","1","2","0","2","","","","N","","","","","","","","","",""
"2022007003","1523","3","0","0","0","0","0","0","0","0","1","0","","02","1","2022","5","40.377899","-80.003751","1512","11","0","0","0","0","0","0","0","0","","0","0","0","","","1","N","1","","40 22:40.436","1","0","80 00:13.503","3","0","0","0","2301","0","0","0","N","0","0","0","4","02301","0","","1.0","1531.0","1","N","N","N","0","","1","0","0","","2","Y","","3","1","0","0","0","0","0","2","0","3","","04","","N","","","","","","","","","",""
"2022006811","2310","2","0","0","0","0","0","0","0","0","4","0","","02","1","2022","4","40.472809","-79.958791","2308","11","0","0","0","0","0","0","0","0","","0","0","0","","","0","","1","","40 28:22.112","","0","79 57:31.649","0","0","0","0","2301","0","0","0","N","0","0","0","2","02301","0","","4.0","","1","N","N","N","0","","0","0","1","","0","","","3","0","0","0","0","0","0","2","0","3","","","","N","","","","","","","","","",""
"2022001877","1821","2","0","0","0","0","0","0","0","0","1","0","","02","1","2022","5","40.462597","-79.905554","1821","11","1","0","0","0","0","0","0","0","","0","0","0","","","0","N","0","","40 27:45.349","","0","79 54:19.996","0","0","0","0","2301","0","0","0","N","0","0","0","2","02301","0","","1.0","","2","N","N","N","0","","0","0","0","","0","N","","2","0","0","0","0","0","0","2","0","2","","10","","N","","","","","","","","","",""
"2022009561","1726","0","0","0","0","0","0","0","0","0","4","0","","02","1","2022","3","40.358086","-80.002189","1724","11","0","0","0","0","0","0","0","1","","0","0","0","","","0","N","0","","40 21:29.110","","7","80 00:07.880","0","0","0","0","2476","0","0","0","N","0","0","0","2","02476","0","","1.0","","1","N","N","N","0","","0","0","2","","0","","","2","0","0","0","0","0","0","2","0","2","","","","N","","","","","","","","","",""
"2022007988","1558","1","0","0","0","0","0","0","0","0","7","0","","02","1","2022","1","40.338774","-79.838853","1555","11","0","0","0","0","0","0","0","0","","0","0","0","","","0","N","2","","40 20:19.585","","0","79 50:19.872","0","0","0","0","2304","0","0","0","N","0","0","0","2","02304","0","","5.0","","7","N","N","N","0","","0","0","0","","0","","","1","0","0","0","0","0","0","2","0","1","","02","","N","","","","","","","","","",""
"2022009478","0946","1","0","0","0","0","0","0","0","0","0","0","","02","1","2022","4","40.478908","-80.043019","0934","11","0","0","0","0","0","2","0","0","","0","0","0","","","0","N","1","","40 28:44.067","7","3","80 02:34.868","0","0","0","0","2301","0","0","0","N","0","0","0","13","02301","0","","1.0","1100.0","1","Y","N","N","1","","0","0","0","","0","N","","2","0","9","0","0","0","0","2","0","2","","03","","N","","","","","","","","","",""
"2022009126","0538","2","0","0","0","0","0","0","0","0","6","0","","02","1","2022","1","40.407083","-80.09444","0523","11","0","0","0","0","0","0","0","0","","0","0","0","","","0","N","0","","40 24:25.499","5","0","80 05:39.985","0","0","0","0","2415","0","0","0","N","0","0","0","1","02415","0","","6.0","620.0","1","N","N","N","0","","0","0","0","","0","Y","","2","0","0","0","0","0","0","2","0","2","","98","","N","","","","","","","","","",""
"2022013521","0619","0","0","0","0","0","0","0","0","0","7","1","45","02","2","2022","6","40.655923","-80.077481","0550","11","0","0","0","0","0","0","1","0","","0","1","0","","","1","N","0","","40 39:21.324","3","5","80 04:38.930","3","0","0","0","2212","0","0","0","N","0","0","0","1","68T02","0","","3.0","900.0","2","N","N","N","0","","1","0","0","","2","Y","","1","1","0","0","0","0","0","2","0","1","","10","N","Y","5","1","N","N","N","N","N","N","Y",""
"2022014313","0209","1","0","0","0","0","0","0","0","0","1","0","","02","2","2022","1","40.398649","-79.922442","0208","11","0","0","0","0","0","0","0","0","","0","0","0","","","0","N","0","","40 23:55.136","","0","79 55:20.792","0","0","0","0","2438","0","0","0","N","0","0","0","1","02438","0","","4.0","","2","N","N","N","1","","0","0","0","","0","","","2","0","0","0","0","0","0","2","0","2","","03","","N","","","","","","","","","",""
"2022010372","1911","1","0","0","0","0","0","0","0","0","7","0","","02","1","2022","6","40.583226","-79.954816","1906","11","0","0","0","0","0","0","1","0","","0","0","0","","","0","N","0","","40 34:59.612","2","0","79 57:17.337","0","0","0","0","2207","0","0","0","N","0","0","0","2","02207","0","","5.0","1952.0","1","N","N","Y","0","","0","0","1","","0","N","","2","0","0","0","0","0","0","2","0","2","","","","N","","","","","","","","","",""
"2022004111","0723","1","0","0","0","0","0","0","0","0","7","0","","02","1","2022","4","40.511153","-79.843338","0723","11","0","0","0","0","0","1","0","0","","0","0","0","","","0","N","0","","40 30:40.149","","0","79 50:36.016","0","0","0","0","2451","0","0","0","N","0","0","0","1","02451","0","","5.0","","1","N","N","N","0","","0","0","0","","0","","","1","0","0","0","0","0","0","2","0","1","","03","","N","","","","","","","","","",""
"2022003451","1521","2","0","0","0","0","0","0","0","0","2","0","","02","1","2022","2","40.519744","-80.014981","1518","11","0","0","0","0","0","0","1","0","","0","0","0","","","0","","2","","40 31:11.080","","0","80 00:53.930","0","0","0","0","2116","0","0","0","N","0","0","0","2","02116","0","","1.0","","1","N","N","N","0","","0","0","0","","0","","","2","0","0","0","0","0","0","2","0","2","","03","","N","","","","","","","","","",""
"2022006442","0805","0","0","0","0","0","0","0","0","0","7","0","","02","1","2022","2","40.458331","-79.906145","0757","11","0","0","0","0","0","0","0","0","","0","0","0","","","0","","2","","40 27:29.991","","0","79 54:22.121","0","0","0","0","2301","0","0","0","N","0","0","0","0","02301","0","","2.0","","7","N","N","Y","0","","0","0","1","","0","","","1","0","0","0","0","0","0","2","0","1","","02","","N","","","","","","","","","",""
"2022008661","0700","2","0","0","0","0","0","0","0","0","1","0","","02","1","2022","3","40.549547","-79.885422","0649","11","0","0","0","0","0","1","0","0","","0","0","0","","","0","N","1","","40 32:58.370","","0","79 53:07.520","0","0","0","0","2209","0","0","0","N","0","0","0","2","02209","0","","1.0","","7","N","N","N","0","","0","0","0","","0","","","2","0","0","0","0","0","0","2","0","2","","10","","N","","","","","","","","","",""
"2022003022","0600","0","0","0","0","0","0","0","0","0","7","0","","02","1","2022","1","40.530216","-79.770837","0555","11","0","0","0","0","0","0","0","0","","0","0","0","","","0","N","0","","40 31:48.776","3","0","79 46:15.012","0","0","0","0","2466","0","0","0","N","0","0","0","1","02466","0","","5.0","720.0","2","N","N","N","0","","0","0","1","","0","N","","1","0","0","0","0","0","0","1","0","1","","","","N","","","","","","","","","",""
"2022004329","1503","2","0","0","0","0","0","0","0","0","1","0","","02","1","2022","4","40.284895","-79.963064","1454","11","0","0","0","0","0","0","0","0","","0","0","0","","","0","N","0","","40 17:05.622","","0","79 57:47.031","0","0","0","0","2440","0","0","0","N","0","0","0","2","02440","0","","2.0","","1","N","N","N","0","","0","0","0","","0","","","2","0","0","0","0","0","0","2","0","2","","","","N","","","","","","","","","",""
"2022003576","1606","1","0","0","0","0","0","0","0","0","7","0","","02","1","2022","6","40.392483","-80.131815","1604","11","0","0","0","0","1","0","0","0","","0","0","0","","","0","N","0","","40 23:32.938","2","0","80 07:54.535","0","0","0","0","2102","0","0","0","N","0","0","0","1","02102","0","","5.0","1656.0","2","N","N","N","0","","0","0","0","","0","N","","1","0","0","0","0","0","0","2","0","1","","","","N","","","","","","","","","",""
"2022003119","0717","2","0","0","0","0","0","0","0","0","1","0","","02","1","2022","2","40.635978","-80.061871","0710","11","0","0","0","0","0","0","0","0","","0","0","0","","","0","N","0","","40 38:09.519","","0","80 03:42.735","0","0","0","0","2216","0","0","0","N","0","0","0","2","02505","0","","1.0","","1","N","N","N","0","","0","0","0","","0","","","2","0","0","0","0","0","0","2","0","2","","","","N","","","","","","","","","",""
"2022007982","1548","2","0","0","0","0","0","0","0","0","1","0","","02","1","2022","1","40.523716","-80.029583","1545","11","0","0","0","0","0","0","0","0","","0","0","0","","","0","","2","","40 31:25.378","","0","80 01:46.500","0","0","0","0","2474","0","0","0","N","0","0","0","2","02474","0","","1.0","","7","N","N","N","0","","0","0","0","","3","","","2","0","0","0","0","0","0","2","0","2","","02","","N","","","","","","","","","",""
"2022000914","1210","1","0","0","0","0","0","0","0","0","1","0","","02","1","2022","2","40.529711","-79.952485","1205","11","0","0","0","0","0","0","0","0","","0","0","0","","","1","","1","","40 31:46.958","5","0","79 57:08.947","8","0","0","0","2118","0","0","0","N","0","0","0","3","02118","0","","1.0","1250.0","1","N","N","N","0","","0","0","1","","2","N","","2","1","0","0","0","1","0","2","0","2","","03","","N","","","","","","","","","",""
"2022006938","0907","2","0","0","0","0","0","0","0","0","1","0","","02","1","2022","5","40.439147","-79.960286","0902","11","0","0","0","0","0","0","0","0","","0","0","0","","","0","N","2","","40 26:20.930","","0","79 57:37.030","0","0","0","0","2301","0","0","0","N","0","0","0","2","02301","0","","1.0","","9","N","N","N","0","","0","0","0","","0","","","2","0","0","0","0","0","0","2","0","2","","","","N","","","","","","","","","",""
"2022008022","1900","0","0","0","0","0","0","0","0","0","7","0","","02","1","2022","1","40.572128","-80.023504","1857","11","0","0","0","0","0","0","0","0","","0","0","0","","","0","","1","","40 34:19.660","2","2","80 01:24.616","0","0","0","0","2108","0","0","0","N","0","0","0","1","02108","0","","3.0","1924.0","7","N","N","N","0","","0","0","1","","2","N","","1","0","0","0","0","0","0","2","0","1","","10","","N","","","","","","","","","",""
"2022002775","1111","1","0","0","0","0","0","0","0","0","7","0","","02","1","2022","7","40.589469","-79.955663","1110","11","0","0","0","0","0","0","0","0","","0","0","0","","","0","N","0","","40 35:22.089","","0","79 57:20.386","0","0","0","0","2207","0","0","0","N","0","0","0","1","02207","0","","5.0","","9","N","N","N","0","","0","0","0","","0","","","1","0","0","0","0","0","0","2","0","1","","03","","N","","","","","","","","","",""
"2022000666","1728","0","0","0","0","0","0","0","0","0","4","0","","02","1","2022","2","40.467554","-79.963718","1716","11","0","0","0","0","0","1","1","0","","0","0","0","","","1","N","1","","40 28:03.194","","0","79 57:49.386","3","0","0","0","2301","0","0","0","N","0","0","0","2","02301","0","","1.0","","1","N","N","N","0","","1","0","2","","3","N","","2","1","0","0","0","0","0","2","0","2","","","","N","","","","","","","","","",""
"2022005210","2309","1","0","0","0","0","0","0","0","0","7","0","","02","1","2022","6","40.438309","-80.069232","2307","11","0","0","0","0","0","0","0","0","","0","0","0","","","0","N","2","","40 26:17.911","","0","80 04:09.235","0","0","0","0","2421","0","0","0","N","0","0","0","1","02421","0","","5.0","","1","N","N","N","0","","0","0","0","","0","","","1","0","1","0","0","0","0","2","0","1","","03","","N","","","","","","","","","",""
"2022002614","1712","2","0","0","0","0","0","0","0","0","2","0","","02","1","2022","7","40.450034","-80.183351","1705","11","0","1","0","0","0","0","0","0","","0","0","0","","","0","","1","","40 27:00.123","4","0","80 11:00.065","0","0","0","0","2214","0","0","0","N","0","0","0","5","02214","0","","1.0","1748.0","1","N","N","N","0","","0","0","0","","2","N","","2","0","0","0","0","0","0","2","0","2","","","","N","","","","","","","","","",""
"2022002421","1700","0","0","0","0","0","0","0","0","0","98","0","","02","1","2022","4","40.355545","-80.04701","1656","11","0","0","0","0","0","0","0","0","","0","0","0","","","0","N","0","","40 21:19.961","3","0","80 02:49.236","0","0","0","0","2109","0","0","0","N","0","0","0","1","02109","0","","1.0","1730.0","1","N","N","N","0","","0","0","1","","0","N","","1","0","0","0","0","0","0","2","0","1","","03","","N","","","","","","","","","",""
"2022007887","1236","1","0","0","0","0","0","0","0","0","1","0","","02","1","2022","6","40.35451","-80.114766","1229","11","0","0","0","0","0","1","0","0","","0","0","0","","","0","","1","","40 21:16.237","","0","80 06:53.157","0","0","0","0","2119","0","0","0","N","0","0","0","2","02119","0","","1.0","","1","N","N","N","0","","0","0","1","","4","","","2","0","0","0","0","0","0","2","0","2","","","","N","","","","","","","","","",""
"2022007949","1540","2","0","0","0","0","0","0","0","0","4","0","","02","1","2022","1","40.42994","-79.938377","1536","11","0","0","0","0","0","1","0","0","","0","0","0","","","0","N","0","","40 25:47.785","5","0","79 56:18.158","0","0","0","0","2301","0","0","0","N","0","0","0","4","02301","0","","1.0","1630.0","7","N","N","N","1","","0","0","0","","0","N","","3","0","0","0","0","0","0","2","0","3","","02","","N","","","","","","","","","",""
"2022009549","1639","1","0","0","0","0","0","0","0","0","4","1","","02","1","2022","5","40.465426","-79.956659","1626","11","0","0","0","1","0","0","0","0","","0","0","0","","","1","","1","","40 27:55.532","","0","79 57:23.972","4","0","0","0","2301","0","0","0","N","0","0","0","3","02301","1","","1.0","","1","N","N","N","0","","0","0","0","","3","","","2","1","0","0","0","0","0","2","1","2","","03","","N","","","","","","","","","",""
"2022005443","2140","1","0","0","0","0","0","0","0","0","4","0","","02","1","2022","7","40.460756","-79.872689","2139","11","0","0","0","0","0","1","0","0","","0","0","0","","","1","","2","","40 27:38.723","2","0","79 52:21.682","3","0","0","0","2113","0","0","0","N","0","0","0","2","02113","0","","1.0","2224.0","1","N","N","N","0","","1","0","1","","2","N","","2","1","1","0","0","0","0","2","0","2","","03","","N","","","","","","","","","",""
"2022003025","1520","2","0","0","0","0","0","0","0","0","4","0","","02","1","2022","1","40.437475","-79.999256","1513","11","0","0","0","0","0","0","0","0","","0","0","0","","","0","","1","","40 26:14.911","","0","79 59:57.323","0","0","0","0","2301","0","0","0","N","0","0","0","2","02301","0","","1.0","","9","N","N","N","0","","0","0","0","","2","","","2","0","0","0","0","0","0","2","0","2","","98","","N","","","","","","","","","",""
"2022000307","2035","2","0","0","0","0","0","0","0","0","4","0","","02","1","2022","7","40.401829","-80.067754","2030","11","0","0","0","0","0","1","0","1","","0","0","0","","","0","N","1","","40 24:06.584","","0","80 04:03.915","0","0","0","0","2415","0","0","0","N","0","0","0","2","02415","0","","1.0","","9","N","N","N","0","","0","0","0","","3","","","2","0","0","0","0","0","0","2","0","2","","07","","N","","","","","","","","","",""
"2022003997","0244","0","0","0","0","0","0","0","0","0","7","0","","02","1","2022","1","40.515881","-80.004362","0243","11","0","0","0","0","0","0","0","0","","0","0","0","","","0","N","0","","40 30:57.171","1","0","80 00:15.703","0","0","0","0","2116","0","0","0","N","0","0","0","1","02116","0","","3.0","310.0","2","N","N","N","0","","0","0","1","","0","N","","1","0","0","0","0","0","0","2","0","1","","06","","N","","","","","","","","","",""
"2022005325","0906","1","0","0","0","0","0","0","0","0","7","0","","02","1","2022","7","40.407511","-79.966014","0901","11","0","0","0","0","0","0","0","0","","0","0","0","","","0","N","0","","40 24:27.038","","0","79 57:57.651","0","0","0","0","2301","0","0","0","Y","0","0","0","2","02301","0","","2.0","","1","N","N","N","0","","0","0","0","","0","","","2","0","0","0","0","0","0","2","0","1","","","","N","","","","","","","","","",""
"2022005444","0219","1","0","0","0","0","0","0","0","0","7","0","","02","1","2022","7","40.448804","-79.987505","0214","11","0","0","0","0","0","0","0","0","","0","0","0","","","0","","1","","40 26:55.694","","0","79 59:15.019","9","0","0","0","2301","0","0","0","N","0","0","0","1","02301","0","","4.0","","1","N","N","N","0","","0","0","0","","2","","","1","0","0","0","0","0","1","2","0","1","","03","","N","","","","","","","","","",""
"2022005344","1119","1","0","0","0","0","0","0","0","0","7","0","","02","1","2022","7","40.432032","-80.049206","1102","11","0","0","0","0","0","0","0","0","","0","0","0","","","0","N","0","","40 25:55.315","","0","80 02:57.143","9","0","0","0","2301","0","0","0","N","0","0","0","1","02301","0","","5.0","","1","N","N","N","0","","0","0","0","","0","N","","1","0","1","0","0","0","1","2","0","1","","","","N","","","","","","","","","",""
"2022004771","0140","0","0","0","0","0","0","0","0","0","7","0","","02","1","2022","1","40.541989","-80.249292","0131","11","0","1","0","0","0","0","0","0","","0","0","0","","","1","N","0","","40 32:31.160","3","0","80 14:57.450","3","0","0","0","2213","0","0","0","N","0","0","0","1","02213","0","","4.0","245.0","2","N","N","Y","0","","1","0","1","","0","N","","1","1","0","0","0","0","0","2","0","1","","","","N","","","","","","","","","",""
"2022002485","1320","1","0","0","0","0","0","0","0","0","1","0","","02","1","2022","6","40.350034","-79.894119","1315","11","0","0","0","0","0","1","0","0","","0","0","0","","","3","N","2","","40 21:00.121","","0","79 53:38.830","4","0","0","0","2423","0","0","0","N","0","0","0","3","02304","3","","1.0","","2","N","N","N","0","","0","0","1","","0","","","2","3","0","0","0","0","0","2","0","2","","","","N","","","","","","","","","",""
"2022005323","1342","1","0","0","0","0","0","0","0","0","4","0","","02","1","2022","7","40.379796","-79.808302","1335","11","0","0","0","0","0","1","0","0","","0","0","0","","","0","N","2","","40 22:47.266","4","0","79 48:29.886","0","0","0","0","2424","0","0","0","N","0","0","0","2","02424","0","","1.0","1403.0","1","N","N","N","1","","0","0","0","","2","N","","2","0","0","0","0","0","0","2","0","2","","03","","N","","","","","","","","","",""
"2022003098","1328","2","0","0","0","0","0","0","0","0","4","0","","02","1","2022","6","40.347644","-79.951869","1323","11","0","0","0","0","0","1","0","0","","0","0","0","","","1","","1","","40 20:51.517","","0","79 57:06.728","4","0","0","0","2473","0","0","0","N","0","0","0","3","02473","1","","1.0","","9","N","N","N","0","","0","0","0","","2","","","2","1","0","0","0","0","0","2","0","2","","10","","N","","","","","","","","","",""
"2022005355","2111","1","0","0","0","0","0","0","0","0","7","0","","02","1","2022","6","40.424916","-79.952089","2111","11","0","0","0","0","0","0","0","0","","0","0","0","","","0","","1","","40 25:29.698","2","0","79 57:07.520","0","0","0","0","2301","0","0","0","N","0","0","0","1","02301","0","","5.0","2130.0","1","N","N","N","0","","0","0","0","","0","N","","1","0","0","0","0","0","0","2","0","1","","03","","N","","","","","","","","","",""
"2022002422","1837","4","0","0","0","0","0","0","0","0","1","0","","02","1","2022","5","40.354899","-80.03558","1822","11","0","0","0","0","0","0","1","0","","0","0","0","","","0","N","0","","40 21:17.635","6","0","80 02:08.087","0","0","0","0","2109","0","0","0","N","0","0","0","6","02109","0","","1.0","1930.0","7","N","N","N","1","","0","0","0","","0","Y","","5","0","0","0","0","0","0","2","0","5","","","","N","","","","","","","","","",""
"2022003243","2120","2","0","0","0","0","0","0","0","0","1","0","","02","1","2022","5","40.435912","-79.959747","2100","11","0","0","0","0","0","2","0","0","","0","0","0","","","1","N","0","","40 26:09.282","1","0","79 57:35.090","3","0","0","0","2301","0","0","0","N","0","0","0","2","02301","0","","1.0","2200.0","7","N","N","N","0","","1","0","0","","0","N","","2","1","0","0","0","0","0","2","0","2","","02","","N","","","","","","","","","",""
"2022000247","1042","1","0","0","0","0","0","0","0","0","4","0","","02","1","2022","1","40.461672","-79.706018","1035","11","0","0","0","0","0","0","1","0","","0","0","0","","","0","N","0","","40 27:42.019","1","7","79 42:21.666","0","0","0","0","2466","0","0","0","N","0","0","0","6","02466","0","","1.0","1117.0","9","N","N","N","1","","0","0","1","","0","N","","3","0","0","0","0","0","0","2","0","3","","","","N","","","","","","","","","",""
"2022008979","0526","2","0","0","0","0","0","0","0","0","4","0","","02","1","2022","3","40.390108","-80.043499","0524","11","0","0","0","0","0","1","0","0","","0","0","0","","","0","","2","","40 23:24.388","","0","80 02:36.598","0","0","0","0","2109","0","0","0","N","0","0","0","2","02109","0","","1.0","","2","N","N","N","0","","0","0","0","","0","","","2","0","0","0","0","0","0","2","0","2","","","","N","","","","","","","","","",""
"2022000506","1025","1","0","0","0","0","0","0","0","0","2","1","","02","1","2022","2","40.477404","-79.993838","1024","11","0","0","0","0","0","0","0","0","","0","1","0","","","0","N","0","","40 28:38.654","1","7","79 59:37.816","0","0","0","0","2301","0","0","0","N","0","0","0","3","02301","0","","1.0","1100.0","6","N","N","N","0","","0","0","0","","0","N","","2","0","0","0","0","0","0","2","0","2","","03","","N","","","","","","","","","",""
"2022000395","2121","1","0","0","0","0","0","0","0","0","1","0","","02","1","2022","1","40.427827","-79.969802","2115","11","0","0","0","0","0","0","0","0","","0","0","0","","","0","","1","","40 25:40.177","3","0","79 58:11.287","0","0","0","0","2301","0","0","0","N","0","0","0","2","02301","0","","1.0","2216.0","1","N","N","N","0","","0","0","1","","0","N","","2","0","0","0","0","0","0","2","0","2","","03","","N","","","","","","","","","",""
"2022003446","1912","1","0","0","0","0","0","0","0","0","7","0","","02","1","2022","2","40.437704","-79.972679","1903","11","0","0","0","0","0","0","0","0","","0","0","0","","","1","N","1","","40 26:15.734","5","3","79 58:21.645","3","0","0","0","2301","0","0","0","N","0","0","0","1","02301","0","","5.0","1930.0","1","N","N","N","0","","1","0","0","","2","N","","1","1","1","0","0","0","0","2","0","1","","","","N","","","","","","","","","",""
"2022002163","1232","1","0","0","0","0","0","0","0","0","4","0","","02","1","2022","6","40.633276","-80.059528","1225","11","0","0","0","0","0","0","0","0","","0","0","0","","","1","N","1","","40 37:59.792","","0","80 03:34.299","3","0","0","0","2216","0","0","0","N","0","0","0","4","02505","0","","1.0","","1","N","N","N","0","","1","0","1","","2","","","3","1","0","0","0","0","0","2","1","3","","04","","N","","","","","","","","","",""