"CRN","ARRIVAL_TM","AUTOMOBILE_COUNT","BELTED_DEATH_COUNT","BELTED_SUSP_SERIOUS_INJ_COUNT","BICYCLE_COUNT","BICYCLE_DEATH_COUNT","BICYCLE_SUSP_SERIOUS_INJ_COUNT","BUS_COUNT","CHLDPAS_DEATH_COUNT","CHLDPAS_SUSP_SERIOUS_INJ_COUNT","COLLISION_TYPE","COMM_VEH_COUNT","CONS_ZONE_SPD_LIM","COUNTY","CRASH_MONTH","CRASH_YEAR","DAY_OF_WEEK","DEC_LATITUDE","DEC_LONGITUDE","DISPATCH_TM","DISTRICT","DRIVER_COUNT_16YR","DRIVER_COUNT_17YR","DRIVER_COUNT_18YR","DRIVER_COUNT_19YR","DRIVER_COUNT_20YR","DRIVER_COUNT_50_64YR","DRIVER_COUNT_65_74YR","DRIVER_COUNT_75PLUS","EST_HRS_CLOSED","FATAL_COUNT","HEAVY_TRUCK_COUNT","HORSE_BUGGY_COUNT","HOUR_OF_DAY","ILLUMINATION","INJURY_COUNT","INTERSECTION_RELATED","INTERSECT_TYPE","LANE_CLOSED","LATITUDE","LN_CLOSE_DIR","LOCATION_TYPE","LONGITUDE","MAX_SEVERITY_LEVEL","MCYCLE_DEATH_COUNT","MCYCLE_SUSP_SERIOUS_INJ_COUNT","MOTORCYCLE_COUNT","MUNICIPALITY","NONMOTR_COUNT","NONMOTR_DEATH_COUNT","NONMOTR_SUSP_SERIOUS_INJ_COUNT","NTFY_HIWY_MAINT","PED_COUNT","PED_DEATH_COUNT","PED_SUSP_SERIOUS_INJ_COUNT","PERSON_COUNT","POLICE_AGCY","POSSIBLE_INJ_COUNT","RDWY_SURF_TYPE_CD","RELATION_TO_ROAD","ROADWAY_CLEARED","ROAD_CONDITION","SCH_BUS_IND","SCH_ZONE_IND","SECONDARY_CRASH","SMALL_TRUCK_COUNT","SPEC_JURIS_CD","SUSP_MINOR_INJ_COUNT","SUSP_SERIOUS_INJ_COUNT","SUV_COUNT","TCD_FUNC_CD","TCD_TYPE","TFC_DETOUR_IND","TIME_OF_DAY","TOTAL_UNITS","TOT_INJ_COUNT","UNBELTED_OCC_COUNT","UNB_DEATH_COUNT","UNB_SUSP_SERIOUS_INJ_COUNT","UNK_INJ_DEG_COUNT","UNK_INJ_PER_COUNT","URBAN_RURAL","VAN_COUNT","VEHICLE_COUNT","WEATHER1","WEATHER2","WORKERS_PRES","WORK_ZONE_IND","WORK_ZONE_LOC","WORK_ZONE_TYPE","WZ_CLOSE_DETOUR","WZ_FLAGGER","WZ_LAW_OFFCR_IND","WZ_LN_CLOSURE","WZ_MOVING","WZ_OTHER","WZ_SHLDER_MDN","WZ_WORKERS_INJ_KILLED"
"2022004697","2157","2","0","0","0","0","0","0","0","0","6","0","","02","1","2022","1","40.360485","-79.90769","2155","11","0","0","1","0","0","1","0","0","","0","0","0","","","0","N","2","","40 21:37.746","5","0","79 54:27.685","0","0","0","0","2473","0","0","0","N","0","0","0","2","02473","0","","1.0","2230.0","1","N","N","N","0","","0","0","0","","2","N","","2","0","0","0","0","0","0","2","0","2","","","","N","","","","","","","","","",""
"2022002500","1123","2","0","0","0","0","0","0","0","0","2","0","","02","1","2022","7","40.433518","-79.918557","1117","11","0","0","0","0","0","0","1","0","","0","0","0","","","0","","2","","40 26:00.664","","0","79 55:06.805","0","0","0","0","2301","0","0","0","N","0","0","0","2","02301","0","","1.0","","9","N","N","N","0","","0","0","0","","3","","","2","0","0","0","0","0","0","2","0","2","","98","","N","","","","","","","","","",""
"2022002674","2010","1","0","0","0","0","0","0","0","0","7","0","","02","1","2022","7","40.379022","-79.923891","2004","11","0","0","0","0","0","0","0","0","","0","0","0","","","1","N","2","","40 22:44.480","1","0","79 55:26.006","3","0","0","0","2301","0","0","0","N","0","0","0","4","02301","0","","2.0","2145.0","9","N","N","N","0","","1","0","0","","0","Y","","1","1","0","0","0","0","0","2","0","1","","03","","N","","","","","","","","","",""
"2022003145","1247","1","0","0","0","0","0","0","0","0","5","1","","02","1","2022","3","40.544167","-80.032778","1241","11","0","0","0","0","0","1","0","0","","0","1","0","","","0","N","0","","40 32:39.000","","7","80 01:58.000","0","0","0","0","2116","0","0","0","N","0","0","0","2","02116","0","","4.0","","1","N","N","N","0","","0","0","0","","0","","","2","0","0","0","0","0","0","2","0","2","","","","N","","","","","","","","","",""
"2022002458","0850","1","0","0","0","0","0","0","0","0","1","0","","02","1","2022","6","40.356408","-80.119123","0844","11","0","0","0","0","0","0","0","0","","0","0","0","","","1","N","6","","40 21:23.069","","2","80 07:08.844","4","0","0","0","2119","0","0","0","N","0","0","0","3","02119","1","","1.0","","6","N","N","N","0","","0","0","1","","0","","","2","1","0","0","0","0","0","2","0","2","","","","N","","","","","","","","","",""
"2022002882","1513","2","0","0","0","0","0","0","0","0","5","0","","02","1","2022","1","40.400341","-80.028933","1509","11","0","0","0","0","0","0","1","0","","0","0","0","","","0","N","2","","40 24:01.227","","0","80 01:44.158","0","0","0","0","2301","0","0","0","N","0","0","0","2","02301","0","","1.0","","9","N","N","N","0","","0","0","0","","0","","","2","0","0","0","0","0","0","2","0","2","","98","","N","","","","","","","","","",""
"2022009824","0908","2","0","0","0","0","0","0","0","0","4","0","","02","1","2022","6","40.401964","-80.000683","0903","11","0","0","0","0","0","0","0","0","","0","0","0","","","1","","1","","40 24:07.069","","0","80 00:02.460","3","0","0","0","2301","0","0","0","N","0","0","0","2","02301","0","","1.0","","7","N","N","N","0","","1","0","0","","2","","","2","1","1","0","0","0","0","2","0","2","","","","N","","","","","","","","","",""
"2022001149","1504","1","0","0","0","0","0","1","0","0","4","1","","02","1","2022","3","40.427843","-79.980641","1500","11","0","0","0","0","0","1","0","1","","0","0","0","","","4","N","1","","40 25:40.234","7","0","79 58:50.306","3","0","0","0","2301","0","0","0","N","0","0","0","5","02503","2","","1.0","1540.0","1","N","N","N","0","","1","0","0","","2","Y","","2","4","0","0","0","1","0","2","0","2","","03","","N","","","","","","","","","",""
"2022002383","1702","0","0","0","0","0","0","0","0","0","7","0","","02","1","2022","6","40.386369","-79.829547","1959","11","0","0","0","0","0","0","0","0","","0","0","0","","","0","N","0","","40 23:10.927","2","0","79 49:46.368","0","0","0","0","2111","0","0","0","Y","0","0","0","1","02111","0","","4.0","1921.0","9","N","N","N","0","","0","0","1","","0","N","","1","0","0","0","0","0","0","2","0","1","","02","","N","","","","","","","","","",""
"2022031608","0142","1","0","0","0","0","0","0","0","0","7","0","","02","3","2022","1","40.51978","-80.217855","0140","11","0","0","1","0","0","0","0","0","","0","0","0","","","0","N","2","","40 31:11.207","3","0","80 13:04.279","0","0","0","0","2213","0","0","0","N","0","0","0","1","02213","0","","5.0","210.0","9","N","N","N","0","","0","0","0","","2","N","","1","0","0","0","0","0","0","2","0","1","","","","N","","","","","","","","","",""
"2022000055","0314","2","0","0","0","0","0","0","0","0","4","0","","02","1","2022","7","40.429459","-79.982702","0308","11","0","0","0","0","1","0","0","0","","0","0","0","","","0","","1","","40 25:46.054","","0","79 58:57.726","0","0","0","0","2301","0","0","0","N","0","0","0","3","02301","0","","1.0","","9","N","N","N","0","","0","0","0","","3","","","2","0","0","0","0","0","0","2","0","2","","","","N","","","","","","","","","",""
"2022007954","0555","2","0","0","0","0","0","0","0","0","1","0","","02","1","2022","1","40.410847","-79.834752","0550","11","0","0","0","0","0","0","0","0","","0","0","0","","","1","N","0","","40 24:39.048","6","0","79 50:05.108","3","0","0","0","2431","0","0","0","N","0","0","0","1","02431","0","","2.0","645.0","1","N","N","Y","0","","1","0","0","","0","Y","","2","1","0","0","0","0","0","2","0","2","","","","N","","","","","","","","","",""
"2022009083","1526","1","0","0","0","0","0","0","0","0","7","0","","02","1","2022","1","40.364308","-79.844087","1522","11","0","0","0","0","0","0","0","1","","0","0","0","","","0","","2","","40 21:51.508","6","0","79 50:38.713","9","0","0","0","2303","0","0","0","N","0","0","0","1","02303","0","","5.0","0.0","2","N","N","N","0","","0","0","0","","0","Y","","1","0","0","0","0","0","1","2","0","1","","98","","N","","","","","","","","","",""
"2022003327","1747","2","0","0","0","0","0","0","0","0","2","0","","02","1","2022","2","40.569605","-80.003854","1744","11","0","0","0","0","0","0","1","0","","0","0","0","","","0","N","2","","40 34:10.578","5","0","80 00:13.873","0","0","0","0","2108","0","0","0","N","0","0","0","2","02108","0","","1.0","1823.0","7","N","N","N","0","","0","0","0","","0","Y","","2","0","0","0","0","0","0","2","0","2","","","","N","","","","","","","","","",""
"2022001821","2014","1","0","0","0","0","0","0","0","0","7","0","","02","1","2022","4","40.614225","-79.901646","2010","11","0","0","0","0","0","0","0","0","","0","0","0","","","1","","3","","40 36:51.210","","0","79 54:05.925","3","0","0","0","2220","0","0","0","N","0","0","0","1","02220","0","","5.0","","1","N","N","N","0","","1","0","0","","0","","","1","1","0","0","0","0","0","2","0","1","","03","","N","","","","","","","","","",""
"2022007929","1505","1","0","0","0","0","0","0","0","0","7","0","","02","1","2022","1","40.451164","-79.868312","1452","11","0","0","0","0","0","0","0","0","","0","0","0","","","0","N","2","","40 27:04.192","","0","79 52:05.924","0","0","0","0","2301","0","0","0","N","0","0","0","1","02301","0","","1.0","","7","N","N","N","0","","0","0","0","","0","","","1","0","0","0","0","0","0","2","0","1","","","","N","","","","","","","","","",""
"2022002584","1620","0","0","0","0","0","0","0","0","0","98","0","","02","1","2022","7","40.563061","-80.060543","1615","11","0","1","0","0","0","0","0","0","","0","0","0","","","0","","2","","40 33:47.018","2","0","80 03:37.954","0","0","0","0","2108","0","0","0","N","0","0","0","1","02108","0","","5.0","1645.0","2","N","N","N","1","","0","0","0","","0","N","","1","0","0","0","0","0","0","2","0","1","","98","","N","","","","","","","","","",""
"2022030812","2159","0","0","0","0","0","0","0","0","0","7","0","55","02","3","2022","5","40.532133","-80.126722","2156","11","0","0","0","0","0","0","0","0","","0","0","0","","","1","N","0","","40 31:55.679","","0","80 07:36.198","3","0","0","1","2125","0","0","0","N","0","0","0","1","68B03","0","","4.0","","1","N","N","N","0","","1","0","0","","8","","","1","1","0","0","0","0","0","2","0","1","","03","Y","Y","3","1","N","N","Y","Y","N","N","N","N"
"2022002483","0833","1","0","0","0","0","0","0","0","0","7","0","","02","1","2022","7","40.536354","-80.161452","0828","11","0","0","0","0","0","0","0","0","","0","0","0","","","0","N","0","","40 32:10.876","","0","80 09:41.227","0","0","0","0","2125","0","0","0","N","0","0","0","1","02215","0","","5.0","","9","N","N","N","0","","0","0","0","","0","","","1","0","1","0","0","0","0","2","0","1","","","","N","","","","","","","","","",""
"2022001975","2020","1","0","0","0","0","0","0","0","0","98","0","","02","1","2022","5","40.451431","-79.815086","2011","11","0","0","0","0","0","1","0","0","","0","0","0","","","0","N","0","","40 27:05.152","","0","79 48:54.310","0","0","0","0","2113","0","0","0","N","0","0","0","1","02113","0","","5.0","","7","N","N","N","0","","0","0","0","","0","","","1","0","1","0","0","0","0","2","0","1","","10","","N","","","","","","","","","",""
"2022004532","1851","1","0","0","0","0","0","0","0","0","5","0","","02","1","2022","5","40.545801","-80.016622","1851","11","0","0","0","0","0","1","0","1","","0","0","0","","","0","N","1","","40 32:44.885","","0","80 00:59.838","9","0","0","0","2116","0","0","0","N","0","0","0","4","02116","0","","1.0","","7","N","N","Y","0","","0","0","2","","0","","","3","0","0","0","0","0","1","2","0","3","","02","","N","","","","","","","","","",""
"2022001487","1359","1","0","0","0","0","0","0","0","0","5","0","","02","1","2022","4","40.478643","-80.042794","1359","11","0","0","0","0","0","0","0","0","","0","0","0","","","1","N","0","","40 28:43.115","1","0","80 02:34.057","3","0","0","0","2301","0","0","0","N","0","0","0","2","02301","0","","1.0","1415.0","1","N","N","N","0","","1","0","1","","0","N","","2","1","0","0","0","0","0","2","0","2","","","","N","","","","","","","","","",""
"2022002293","1819","1","0","0","0","0","0","0","0","0","8","0","","02","1","2022","6","40.429179","-79.921213","1812","11","0","0","0","0","0","0","0","0","","0","0","0","","","1","","1","","40 25:45.044","","0","79 55:16.366","4","0","0","0","2301","1","0","0","N","1","0","0","2","02301","1","","1.0","","6","N","N","N","0","","0","0","0","","2","","","2","1","0","0","0","0","0","2","0","1","","10","","N","","","","","","","","","",""
"2022041134","1720","0","0","0","0","0","0","0","0","0","1","0","","02","4","2022","6","40.349301","-80.046942","1712","11","0","0","0","0","0","0","0","0","","0","0","0","","","0","N","0","","40 20:57.485","6","0","80 02:48.990","0","0","0","0","2407","0","0","0","N","0","0","0","4","02407","0","","1.0","1759.0","1","N","N","N","0","","0","0","2","","0","N","","2","0","0","0","0","0","0","2","0","2","","","","N","","","","","","","","","",""
"2022002287","1927","1","0","0","0","0","0","0","0","0","7","0","","02","1","2022","5","40.502351","-80.072824","1917","11","0","0","0","0","0","0","0","0","","0","0","0","","","0","N","1","","40 30:08.463","6","0","80 04:22.166","0","0","0","0","2402","0","0","0","N","0","0","0","1","02402","0","","5.0","1950.0","2","N","N","N","0","","0","0","0","","0","Y","","1","0","0","0","0","0","0","2","0","1","","06","","N","","","","","","","","","",""
"2022005230","0159","1","0","0","0","0","0","0","0","0","7","0","","02","1","2022","7","40.369439","-79.911369","0149","11","0","0","0","0","0","0","0","0","","0","0","0","","","0","","1","","40 22:09.981","","0","79 54:40.929","0","0","0","0","2301","0","0","0","N","0","0","0","1","02301","0","","5.0","","1","N","N","N","0","","0","0","0","","0","","","1","0","0","0","0","0","0","2","0","1","","","","N","","","","","","","","","",""
"2022002999","1339","2","0","0","0","0","0","0","0","0","4","0","","02","1","2022","6","40.397643","-80.106151","1331","11","0","0","0","0","0","1","0","0","","0","0","0","","","1","N","6","","40 23:51.513","","0","80 06:22.145","4","0","0","0","2102","0","0","0","N","0","0","0","3","02102","1","","1.0","","1","N","N","N","0","","0","0","0","","3","","","2","1","0","0","0","0","1","2","0","2","","03","","N","","","","","","","","","",""
"2022001492","1536","2","0","0","0","0","0","0","0","0","2","0","","02","1","2022","4","40.427386","-79.980691","1531","11","0","0","0","0","0","0","0","0","","0","0","0","","","1","N","3","","40 25:38.588","","0","79 58:50.487","4","0","0","0","2301","0","0","0","N","0","0","0","4","02301","1","","1.0","","1","N","N","N","0","","0","0","0","","0","","","2","1","0","0","0","0","0","2","0","2","","","","N","","","","","","","","","",""
"2022016046","2351","0","0","0","0","0","0","0","0","0","7","0","","02","2","2022","7","40.551197","-80.071684","2351","11","0","0","0","0","0","0","0","0","","0","0","0","","","0","N","0","","40 33:04.308","2","0","80 04:18.061","0","0","0","0","2481","0","0","0","N","0","0","0","3","02481","0","","2.0","32.0","1","N","N","N","0","","0","0","1","","0","N","","1","0","0","0","0","0","0","2","0","1","","03","","N","","","","","","","","","",""
"2022002574","1538","3","0","0","0","0","0","0","0","0","1","0","","02","1","2022","7","40.506739","-80.006878","1534","11","0","0","0","0","0","1","0","0","","0","0","0","","","0","","1","","40 30:24.261","1","0","80 00:24.762","0","0","0","0","2116","0","0","0","N","0","0","0","6","02116","0","","1.0","1600.0","1","N","N","N","0","","0","0","0","","2","N","","3","0","0","0","0","0","0","2","0","3","","03","","N","","","","","","","","","",""
"2022049739","1806","2","0","0","0","0","0","0","0","0","0","0","","02","5","2022","6","40.578102","-79.953751","1801","11","0","0","0","0","0","0","0","0","","0","0","0","","","1","N","2","","40 34:41.166","2","0","79 57:13.504","4","0","0","0","2207","0","0","0","N","0","0","0","4","02207","1","","2.0","1840.0","1","N","N","N","0","","0","0","0","","0","N","","2","1","0","0","0","0","0","2","0","2","","03","","N","","","","","","","","","",""
"2022007302","0708","3","0","0","0","0","0","0","0","0","1","0","","02","1","2022","2","40.407077","-79.913638","0704","11","0","0","0","0","0","0","0","0","","0","0","0","","","3","N","0","","40 24:25.477","5","3","79 54:49.098","3","0","0","0","2438","0","0","0","N","0","0","0","4","02438","0","","1.0","800.0","1","N","N","N","0","","3","0","0","","0","Y","","3","3","0","0","0","0","0","2","0","3","","03","","N","","","","","","","","","",""
"2022000665","1435","1","0","0","0","0","0","1","0","0","4","1","","02","1","2022","2","40.362099","-79.93217","1417","11","0","0","0","0","0","1","0","0","","0","0","0","","","0","N","1","","40 21:43.555","1","0","79 55:55.812","0","0","0","0","2473","0","0","0","N","0","0","0","2","02503","0","","1.0","1510.0","1","N","N","N","0","","0","0","0","","2","N","","2","0","0","0","0","0","0","2","0","2","","03","","N","","","","","","","","","",""
"2022001962","1938","1","0","0","0","0","0","0","0","0","4","0","","02","1","2022","5","40.451041","-80.027606","1930","11","0","0","0","0","0","0","0","0","","0","0","0","","","0","N","0","","40 27:03.746","","0","80 01:39.382","0","0","0","0","2301","0","0","0","N","0","0","0","1","02301","0","","3.0","","7","N","N","N","0","","0","0","0","","0","","","1","0","0","0","0","0","0","2","0","1","","","","N","","","","","","","","","",""
"2022046031","0800","2","0","0","0","0","0","0","0","0","1","0","","02","5","2022","3","40.478829","-80.04312","0745","11","0","0","0","0","0","0","0","0","","0","0","0","","","0","N","1","","40 28:43.784","2","0","80 02:35.231","0","0","0","0","2301","0","0","0","N","0","0","0","3","02301","0","","1.0","825.0","1","N","N","N","0","","0","0","0","","0","N","","2","0","0","0","0","0","0","2","0","2","","","","N","","","","","","","","","",""
"2022031599","1745","1","0","0","0","0","0","0","0","0","4","0","","02","3","2022","7","40.387817","-80.05218","1744","11","0","0","0","0","0","0","0","0","","0","0","0","","","1","","1","","40 23:16.141","","0","80 03:07.848","3","0","0","0","2109","0","0","0","N","0","0","0","3","02109","0","","1.0","","9","N","N","N","0","","1","0","0","","0","","","2","1","0","0","0","0","0","2","1","2","","","","N","","","","","","","","","",""
"2022051965","1406","1","0","0","0","0","0","0","0","0","1","0","","02","6","2022","6","40.387324","-79.828288","1402","11","0","0","0","0","1","0","1","0","","0","0","0","","","1","N","2","","40 23:14.366","","0","79 49:41.836","8","0","0","0","2111","0","0","0","N","0","0","0","3","02111","0","","1.0","","1","N","N","N","1","","0","0","0","","0","","","2","1","0","0","0","1","0","2","0","2","","03","","N","","","","","","","","","",""
"2022002766","1248","1","0","0","0","0","0","0","0","0","8","1","","02","1","2022","6","40.440078","-79.998671","1247","11","0","0","0","0","0","1","0","0","","0","0","0","","","1","","1","","40 26:24.280","","0","79 59:55.215","2","0","0","0","2301","1","0","1","N","1","0","1","2","02503","0","","1.0","","9","","","N","0","","0","1","0","","0","","","2","1","0","0","0","0","0","2","0","1","","10","","N","","","","","","","","","",""
"2022047241","1350","1","0","0","0","0","0","0","0","0","8","0","15","02","5","2022","4","40.366339","-80.025873","1345","11","0","0","0","0","0","1","0","0","","0","0","0","","","1","","2","","40 21:58.822","","0","80 01:33.143","3","0","0","0","2416","1","0","0","N","1","0","0","2","02416","0","","1.0","","1","N","N","N","0","","1","0","0","","7","","","2","1","0","0","0","0","0","2","0","1","","04","Y","Y","3","1","Y","Y","N","Y","N","N","N","Y"
"2022031262","0830","1","0","0","0","0","0","0","0","0","4","0","","02","3","2022","5","40.2728","-79.885166","0827","11","0","0","0","0","0","0","1","0","","0","0","0","","","1","","6","","40 16:22.081","1","2","79 53:06.598","3","0","0","0","2428","0","0","0","N","0","0","0","2","02428","0","","1.0","854.0","1","N","N","N","0","","1","0","1","","4","N","","2","1","0","0","0","0","0","2","0","2","","03","","N","","","","","","","","","",""
"2022007057","1508","0","0","0","0","0","0","0","0","0","1","0","","02","1","2022","5","40.380921","-79.814689","1505","11","0","0","0","0","0","1","0","0","","0","0","0","","","0","","3","","40 22:51.317","3","0","79 48:52.882","0","0","0","0","2424","0","0","0","N","0","0","0","2","02424","0","","1.0","1530.0","1","N","N","N","1","","0","0","1","","3","N","","2","0","1","0","0","0","0","2","0","2","","04","","N","","","","","","","","","",""
"2022002716","0231","1","0","0","0","0","0","0","0","0","7","0","","02","1","2022","1","40.419911","-79.881825","0229","11","0","0","0","0","0","0","0","0","","0","0","0","","","0","","2","","40 25:11.679","","0","79 52:54.569","0","0","0","0","2463","0","0","0","N","0","0","0","1","02463","0","","5.0","","2","N","N","N","0","","0","0","0","","3","","","1","0","0","0","0","0","0","2","0","1","","","","N","","","","","","","","","",""
"2022001088","1634","1","0","0","0","0","0","0","0","0","2","0","","02","1","2022","3","40.459969","-79.858456","1624","11","0","0","0","0","1","0","0","0","","0","0","0","","","0","N","0","","40 27:35.888","","0","79 51:30.442","0","0","0","0","2113","0","0","0","N","0","0","0","1","02113","0","","1.0","","1","N","N","N","0","","0","0","1","","0","","","2","0","0","0","0","0","0","2","0","2","","03","","N","","","","","","","","","",""
"2022000621","2213","2","0","0","0","0","0","0","0","0","4","0","","02","1","2022","1","40.550556","-80.019278","2209","11","0","0","0","0","0","0","0","0","","0","0","0","","","0","","2","","40 33:02.000","1","0","80 01:09.400","0","0","0","0","2116","0","0","0","N","0","0","0","2","02116","0","","1.0","2241.0","1","N","N","N","0","","0","0","0","","2","N","","2","0","0","0","0","0","0","2","0","2","","03","","N","","","","","","","","","",""
"2022002571","1440","3","0","0","0","0","0","0","0","0","1","0","","02","1","2022","7","40.365107","-79.908512","1426","11","0","0","0","1","0","2","0","0","","0","0","0","","","0","","3","","40 21:54.384","","0","79 54:30.643","0","0","0","0","2301","0","0","0","N","0","0","0","3","02301","0","","1.0","","1","N","N","Y","0","","0","0","0","","0","","","3","0","0","0","0","0","0","2","0","3","","03","","N","","","","","","","","","",""
"2022008155","0730","1","0","0","0","0","0","0","0","0","5","0","","02","1","2022","2","40.602107","-80.049468","0720","11","0","0","0","0","0","0","0","0","","0","0","0","","","1","N","0","","40 36:07.586","","0","80 02:58.083","4","0","0","0","2108","0","0","0","N","0","0","0","3","02108","1","","1.0","","7","N","N","N","0","","0","0","1","","0","","","2","1","0","0","0","0","0","2","0","2","","10","","N","","","","","","","","","",""
"2022001344","1245","0","0","0","0","0","0","0","0","0","7","0","","02","1","2022","3","40.611208","-79.894706","1240","11","0","0","0","0","0","1","0","0","","0","0","0","","","0","","3","","40 36:40.349","","0","79 53:40.941","0","0","0","0","2220","0","0","0","N","0","0","0","1","02220","0","","5.0","","1","N","N","N","1","","0","0","0","","0","","","1","0","0","0","0","0","0","2","0","1","","","","N","","","","","","","","","",""
"2022001964","1810","0","0","0","0","0","0","0","0","0","1","0","","02","1","2022","5","40.475472","-79.908124","1810","11","0","0","0","0","0","1","0","1","","0","0","0","","","0","N","0","","40 28:31.698","","0","79 54:29.248","9","0","0","0","2301","0","0","0","N","0","0","0","4","02301","0","","1.0","","7","N","N","N","0","","0","0","2","","0","","","2","0","0","0","0","0","2","2","0","2","","02","","N","","","","","","","","","",""
"2022002685","1943","1","0","0","0","0","0","0","0","0","7","0","","02","1","2022","7","40.463295","-79.951046","1934","11","0","0","0","0","0","0","0","0","","0","0","0","","","0","","2","","40 27:47.862","","0","79 57:03.765","0","0","0","0","2301","0","0","0","N","0","0","0","1","02301","0","","4.0","","7","N","N","N","0","","0","0","0","","3","","","1","0","0","0","0","0","0","2","0","1","","","","N","","","","","","","","","",""
"2022002692","0152","1","0","0","0","0","0","0","0","0","7","0","","02","1","2022","7","40.422636","-79.795562","0145","11","0","0","0","0","0","1","0","0","","0","0","0","","","0","","2","","40 25:21.489","3","0","79 47:44.023","0","0","0","0","2446","0","0","0","N","0","0","0","1","02446","0","","5.0","220.0","7","N","N","Y","0","","0","0","0","","0","N","","1","0","0","0","0","0","0","2","0","1","","10","","N","","","","","","","","","",""
"2022007859","0527","2","0","0","0","0","0","0","0","0","5","0","","02","1","2022","1","40.398591","-79.997874","0520","11","0","0","0","0","0","0","0","0","","0","0","0","","","0","N","0","","40 23:54.928","7","0","79 59:52.345","0","0","0","0","2301","0","0","0","N","0","0","0","2","02301","0","","1.0","730.0","2","N","N","N","0","","0","0","0","","0","N","","2","0","0","0","0","0","0","2","0","2","","03","","N","","","","","","","","","",""
"2022002401","0028","1","0","0","0","0","0","0","0","0","7","0","","02","1","2022","7","40.670686","-79.984574","0020","11","0","0","0","0","0","0","0","0","","0","0","0","","","0","N","0","","40 40:14.469","1","0","79 59:04.468","0","0","0","0","2217","0","0","0","N","0","0","0","1","02505","0","","5.0","128.0","1","N","N","N","0","","0","0","0","","0","N","","1","0","0","0","0","0","0","2","0","1","","","","N","","","","","","","","","",""
"2022042497","0951","1","0","0","0","0","0","0","0","0","2","0","","02","5","2022","7","40.388739","-80.00284","0939","11","0","0","0","0","0","0","0","0","","0","0","0","","","0","","11","","40 23:19.460","7","0","80 00:10.224","0","0","0","0","2301","0","0","0","N","0","0","0","2","02301","0","","1.0","1018.0","9","N","N","N","1","","0","0","0","","0","N","","2","0","0","0","0","0","0","2","0","2","","","","N","","","","","","","","","",""
"2022000497","0935","0","0","0","0","0","0","0","0","0","4","0","","02","1","2022","2","40.463249","-79.957378","0930","11","0","0","0","0","0","2","0","0","","0","0","0","","","0","","2","","40 27:47.698","","0","79 57:26.562","0","0","0","0","2301","0","0","0","N","0","0","0","2","02301","0","","1.0","","1","N","Y","N","0","","0","0","2","","0","N","","2","0","0","0","0","0","0","2","0","2","","","","N","","","","","","","","","",""
"2022025213","0706","0","0","0","0","0","0","0","0","0","7","0","","02","3","2022","7","40.348836","-79.877163","0704","11","0","0","0","0","0","1","0","0","","0","0","0","","","0","N","0","","40 20:55.810","6","0","79 52:37.786","0","0","0","0","2304","0","0","0","N","0","0","0","1","02304","0","","4.0","804.0","7","N","N","N","0","","0","0","1","","0","Y","","1","0","0","0","0","0","0","2","0","1","","","","N","","","","","","","","","",""
"2022002806","1240","2","0","0","0","0","0","0","0","0","4","0","","02","1","2022","1","40.451498","-80.018908","1236","11","0","0","0","0","0","1","0","0","","0","0","0","","","0","","1","","40 27:05.392","","0","80 01:08.070","0","0","0","0","2301","0","0","0","N","0","0","0","3","02301","0","","1.0","","9","N","N","N","0","","0","0","0","","2","","","2","0","0","0","0","0","0","2","0","2","","","","N","","","","","","","","","",""
"2022001978","2040","1","0","0","0","0","0","0","0","0","7","0","","02","1","2022","5","40.475659","-79.812262","2034","11","0","0","0","0","0","0","0","0","","0","0","0","","","0","N","2","","40 28:32.372","","0","79 48:44.143","0","0","0","0","2113","0","0","0","N","0","0","0","2","02113","0","","5.0","","7","N","N","N","0","","0","0","0","","3","","","1","0","0","0","0","0","0","2","0","1","","10","","N","","","","","","","","","",""
"2022020812","1651","2","0","0","0","0","0","0","0","0","4","0","","02","2","2022","1","40.452797","-80.03924","1651","11","0","0","0","0","1","1","0","0","","0","0","0","","","0","","2","","40 27:10.070","4","4","80 02:21.263","0","0","0","0","2301","0","0","0","N","0","0","0","4","02301","0","","1.0","1714.0","1","","","N","0","","0","0","0","","2","N","","2","0","0","0","0","0","0","2","0","2","","03","","N","","","","","","","","","",""
"2022004346","1640","1","0","0","0","0","0","0","0","0","4","0","","02","1","2022","4","40.427489","-80.054467","1621","11","0","0","0","0","0","0","0","0","","0","0","0","","","0","N","0","","40 25:38.959","4","7","80 03:16.081","0","0","0","0","2301","0","0","0","N","0","0","0","5","02301","0","","1.0","1700.0","1","N","N","N","0","","0","0","1","","0","N","","2","0","0","0","0","0","0","2","0","2","","03","","N","","","","","","","","","",""
"2022004110","1238","1","0","0","0","0","0","0","0","0","5","0","","02","1","2022","3","40.505969","-80.007938","1238","11","0","0","0","0","0","0","0","0","","0","0","0","","","0","N","0","","40 30:21.487","","0","80 00:28.578","0","0","0","0","2116","0","0","0","N","0","0","0","2","02116","0","","1.0","","1","","","N","0","","0","0","1","","0","","","2","0","0","0","0","0","0","2","0","2","","","","N","","","","","","","","","",""
"2022021016","0254","0","0","0","0","0","0","0","0","0","7","0","","02","2","2022","7","40.524026","-79.947139","0253","11","0","0","0","0","0","0","0","0","","0","0","0","","","0","N","0","","40 31:26.492","1","0","79 56:49.701","0","0","0","0","2118","0","0","0","Y","0","0","0","3","02118","0","","5.0","325.0","1","N","N","N","0","","0","0","1","","0","N","","1","0","0","0","0","0","0","2","0","1","","","","N","","","","","","","","","",""