"CRN","ARRIVAL_TM","AUTOMOBILE_COUNT","BELTED_DEATH_COUNT","BELTED_SUSP_SERIOUS_INJ_COUNT","BICYCLE_COUNT","BICYCLE_DEATH_COUNT","BICYCLE_SUSP_SERIOUS_INJ_COUNT","BUS_COUNT","CHLDPAS_DEATH_COUNT","CHLDPAS_SUSP_SERIOUS_INJ_COUNT","COLLISION_TYPE","COMM_VEH_COUNT","CONS_ZONE_SPD_LIM","COUNTY","CRASH_MONTH","CRASH_YEAR","DAY_OF_WEEK","DEC_LATITUDE","DEC_LONGITUDE","DISPATCH_TM","DISTRICT","DRIVER_COUNT_16YR","DRIVER_COUNT_17YR","DRIVER_COUNT_18YR","DRIVER_COUNT_19YR","DRIVER_COUNT_20YR","DRIVER_COUNT_50_64YR","DRIVER_COUNT_65_74YR","DRIVER_COUNT_75PLUS","EST_HRS_CLOSED","FATAL_COUNT","HEAVY_TRUCK_COUNT","HORSE_BUGGY_COUNT","HOUR_OF_DAY","ILLUMINATION","INJURY_COUNT","INTERSECTION_RELATED","INTERSECT_TYPE","LANE_CLOSED","LATITUDE","LN_CLOSE_DIR","LOCATION_TYPE","LONGITUDE","MAX_SEVERITY_LEVEL","MCYCLE_DEATH_COUNT","MCYCLE_SUSP_SERIOUS_INJ_COUNT","MOTORCYCLE_COUNT","MUNICIPALITY","NONMOTR_COUNT","NONMOTR_DEATH_COUNT","NONMOTR_SUSP_SERIOUS_INJ_COUNT","NTFY_HIWY_MAINT","PED_COUNT","PED_DEATH_COUNT","PED_SUSP_SERIOUS_INJ_COUNT","PERSON_COUNT","POLICE_AGCY","POSSIBLE_INJ_COUNT","RDWY_SURF_TYPE_CD","RELATION_TO_ROAD","ROADWAY_CLEARED","ROAD_CONDITION","SCH_BUS_IND","SCH_ZONE_IND","SECONDARY_CRASH","SMALL_TRUCK_COUNT","SPEC_JURIS_CD","SUSP_MINOR_INJ_COUNT","SUSP_SERIOUS_INJ_COUNT","SUV_COUNT","TCD_FUNC_CD","TCD_TYPE","TFC_DETOUR_IND","TIME_OF_DAY","TOTAL_UNITS","TOT_INJ_COUNT","UNBELTED_OCC_COUNT","UNB_DEATH_COUNT","UNB_SUSP_SERIOUS_INJ_COUNT","UNK_INJ_DEG_COUNT","UNK_INJ_PER_COUNT","URBAN_RURAL","VAN_COUNT","VEHICLE_COUNT","WEATHER1","WEATHER2","WORKERS_PRES","WORK_ZONE_IND","WORK_ZONE_LOC","WORK_ZONE_TYPE","WZ_CLOSE_DETOUR","WZ_FLAGGER","WZ_LAW_OFFCR_IND","WZ_LN_CLOSURE","WZ_MOVING","WZ_OTHER","WZ_SHLDER_MDN","WZ_WORKERS_INJ_KILLED"
"2022042085","0153","0","0","0","0","0","0","0","0","0","7","0","","02","4","2022","5","40.406226","-79.93248","0149","11","0","0","0","0","0","0","0","0","","0","0","0","","","0","N","0","","40 24:22.412","","0","79 55:56.928","9","0","0","0","2301","0","0","0","N","0","0","0","1","02301","0","","5.0","","1","N","N","N","0","","0","0","1","","0","","","1","0","0","0","0","0","1","2","0","1","","","","N","","","","","","","","","",""
"2022027325","1645","2","0","0","0","0","0","0","0","0","1","0","55","02","3","2022","3","40.652396","-80.051801","1637","11","0","0","1","0","0","0","0","0","","0","0","0","","","0","N","0","","40 39:08.624","","0","80 03:06.483","0","0","0","0","2216","0","0","0","N","0","0","0","5","68T02","0","","1.0","","1","N","N","N","0","","0","0","0","","0","","","2","0","0","0","0","0","0","2","0","2","","","N","Y","2","1","","","N","","","","Y","N"
"2022038600","2322","1","0","0","0","0","0","0","0","0","7","0","","02","4","2022","3","40.39256","-79.934208","2320","11","0","0","0","1","0","0","0","0","","0","0","0","","","0","N","0","","40 23:33.216","3","2","79 56:03.149","0","0","0","0","2301","0","0","0","N","0","0","0","2","02301","0","","2.0","2355.0","9","N","N","N","0","","0","0","0","","0","N","","1","0","0","0","0","0","0","2","0","1","","03","","N","","","","","","","","","",""
"2022029060","2235","2","0","0","0","0","0","0","0","0","4","0","","02","3","2022","4","40.42719","-79.962548","2218","11","0","0","0","0","0","0","0","0","","0","0","0","","","0","N","1","","40 25:37.883","","0","79 57:45.172","0","0","0","0","2301","0","0","0","N","0","0","0","2","02301","0","","1.0","","9","N","N","N","0","","0","0","0","","2","","","2","0","0","0","0","0","0","2","0","2","","","","N","","","","","","","","","",""
"2022045044","1718","2","0","0","0","0","0","0","0","0","6","0","","02","5","2022","6","40.392168","-80.013173","1703","11","0","0","0","0","0","1","0","0","","0","0","0","","","2","","1","","40 23:31.804","4","0","80 00:47.422","3","0","0","0","2301","0","0","0","N","0","0","0","2","02301","0","","1.0","1810.0","1","N","N","N","0","","2","0","0","","2","Y","","2","2","0","0","0","0","0","2","0","2","","","","N","","","","","","","","","",""
"2022039719","1622","1","0","0","0","0","0","0","0","0","1","0","","02","3","2022","7","40.428659","-79.928951","1550","11","0","0","0","0","0","1","0","0","","0","0","0","","","0","N","0","","40 25:43.172","4","0","79 55:44.224","0","0","0","0","2301","0","0","0","N","0","0","0","2","68B05","0","","1.0","1600.0","9","N","N","N","0","","0","0","1","","0","Y","","2","0","0","0","0","0","0","2","0","2","","","","N","","","","","","","","","",""
"2022016159","1825","2","0","0","0","0","0","0","0","0","4","0","","02","2","2022","7","40.340685","-79.964581","1815","11","0","0","0","0","0","0","1","0","","0","0","0","","","0","N","0","","40 20:26.465","2","7","79 57:52.493","0","0","0","0","2454","0","0","0","N","0","0","0","3","02454","0","","1.0","1900.0","1","N","N","N","0","","0","0","0","","0","N","","2","0","0","0","0","0","0","2","0","2","","03","","N","","","","","","","","","",""
"2022038588","1735","0","0","0","0","0","0","0","0","0","4","0","","02","3","2022","4","40.198941","-79.869395","1732","11","0","0","0","0","1","1","0","0","","0","0","0","","","4","N","3","","40 11:56.189","6","0","79 52:09.822","3","0","0","0","2204","0","0","0","N","0","0","0","4","02428","0","","1.0","1830.0","1","N","N","N","1","","4","0","1","","0","Y","","2","4","0","0","0","0","0","2","0","2","","","","N","","","","","","","","","",""
"2022033457","1540","2","0","0","0","0","0","0","0","0","4","0","","02","4","2022","4","40.524692","-79.962089","1538","11","0","0","0","0","0","0","0","0","","0","0","0","","","1","","1","","40 31:28.891","2","0","79 57:43.522","8","0","0","0","2118","0","0","0","N","0","0","0","2","02118","0","","1.0","1600.0","1","N","N","N","0","","0","0","0","","2","N","","2","1","0","0","0","1","0","2","0","2","","","","N","","","","","","","","","",""
"2022022624","1818","2","0","0","0","0","0","0","0","0","4","0","","02","3","2022","6","40.508542","-79.830922","1813","11","0","0","0","1","0","0","0","0","","0","0","0","","","0","N","1","","40 30:30.751","5","0","79 49:51.319","0","0","0","0","2113","0","0","0","N","0","0","0","2","02113","0","","1.0","1855.0","1","N","N","N","0","","0","0","0","","3","N","","2","0","1","0","0","0","0","2","0","2","","","","N","","","","","","","","","",""
"2022018017","0941","1","0","0","0","0","0","0","0","0","4","0","","02","2","2022","6","40.378363","-80.03359","0938","11","0","0","0","0","0","0","1","0","","0","0","0","","","0","","1","","40 22:42.106","","0","80 02:00.924","0","0","0","0","2109","0","0","0","N","0","0","0","3","02109","0","","1.0","","1","N","N","N","0","","0","0","0","","3","","","2","0","0","0","0","0","0","2","1","2","","","","N","","","","","","","","","",""
"2022049796","2103","1","0","0","0","0","0","0","0","0","7","0","","02","5","2022","4","40.586119","-79.786394","2053","11","0","1","0","0","0","0","0","0","","0","0","0","","","0","N","0","","40 35:10.030","1","0","79 47:11.019","0","0","0","0","2104","0","0","0","N","0","0","0","2","02514","0","","2.0","2134.0","1","N","N","N","0","","0","0","0","","0","N","","1","0","0","0","0","0","0","2","0","1","","03","","N","","","","","","","","","",""
"2022035234","1229","2","0","0","0","0","0","0","0","0","1","0","","02","4","2022","4","40.607275","-79.752443","1225","11","0","0","0","0","0","1","0","0","","0","0","0","","","0","N","0","","40 36:26.189","","0","79 45:08.796","0","0","0","0","2464","0","0","0","N","0","0","0","2","02464","0","","1.0","","1","N","N","N","0","","0","0","0","","0","","","3","0","0","0","0","0","0","2","1","3","","03","","N","","","","","","","","","",""
"2022020336","1615","2","0","0","0","0","0","0","0","0","1","0","","02","2","2022","6","40.442335","-79.836664","1609","11","0","0","0","0","0","0","0","1","","0","0","0","","","0","N","0","","40 26:32.407","4","2","79 50:11.991","0","0","0","0","2419","0","0","0","N","0","0","0","3","02419","0","","1.0","1657.0","1","N","N","N","0","","0","0","0","","0","Y","","2","0","0","0","0","0","0","2","0","2","","","","N","","","","","","","","","",""
"2022023296","1605","0","0","0","0","0","0","0","0","0","0","0","","02","3","2022","2","40.626766","-80.034346","1600","11","0","0","0","0","0","0","0","0","","0","0","0","","","0","N","0","","40 37:36.356","","0","80 02:03.646","0","0","0","0","2216","0","0","0","N","0","0","0","1","02505","0","","1.0","","9","N","N","N","0","","0","0","1","","0","","","1","0","0","0","0","0","0","1","0","1","","08","","N","","","","","","","","","",""
"2022047533","1500","0","0","0","0","0","0","0","0","0","0","0","","02","5","2022","7","40.393442","-79.775421","1454","11","0","0","0","0","0","0","0","0","","0","0","0","","","1","","1","","40 23:36.392","","0","79 46:31.514","8","0","0","1","2111","0","0","0","N","0","0","0","1","02111","0","","1.0","","1","N","N","N","0","","0","0","0","","2","","","1","1","0","0","0","1","0","2","0","1","","","","N","","","","","","","","","",""
"2022040018","2322","1","0","0","0","0","0","0","0","0","7","0","","02","4","2022","1","40.429348","-80.273813","2322","11","0","0","0","0","0","0","0","0","","0","0","0","","","0","N","0","","40 25:45.652","","0","80 16:25.727","0","0","0","0","2214","0","0","0","Y","0","0","0","1","68B03","0","","2.0","","1","N","N","N","0","","0","0","0","","0","","","1","0","0","0","0","0","0","1","0","1","","","","N","","","","","","","","","",""
"2022018315","1817","1","0","0","0","0","0","0","0","0","1","0","","02","2","2022","6","40.438743","-79.748563","1812","11","0","0","0","0","0","1","0","0","","0","0","0","","","0","N","0","","40 26:19.475","","0","79 44:54.825","0","0","0","0","2446","0","0","0","N","0","0","0","5","02446","0","","1.0","","1","N","N","N","0","","0","0","1","","0","N","","2","0","0","0","0","0","0","2","0","2","","03","","N","","","","","","","","","",""
"2022025983","1921","1","0","0","0","0","0","0","0","0","4","0","","02","2","2022","7","40.403686","-79.909106","1921","11","0","0","0","0","0","1","0","0","","0","0","0","","","0","","1","","40 24:13.268","","0","79 54:32.780","0","0","0","0","2438","0","0","0","N","0","0","0","5","02438","0","","1.0","","1","","","N","0","","0","0","1","","3","","","2","0","4","0","0","0","0","2","0","2","","","","N","","","","","","","","","",""
"2022049579","1641","2","0","0","0","0","0","0","0","0","4","0","","02","5","2022","6","40.486968","-79.815097","1620","11","0","0","0","0","0","1","0","0","","0","0","0","","","0","N","0","","40 29:13.083","","0","79 48:54.350","0","0","0","0","2113","0","0","0","N","0","0","0","2","02113","0","","1.0","","1","N","N","N","0","","0","0","0","","0","","","2","0","0","0","0","0","0","2","0","2","","","","N","","","","","","","","","",""
"2022048070","1345","1","0","0","0","0","0","0","0","0","5","0","","02","5","2022","3","40.459153","-79.907616","1340","11","0","0","0","0","0","0","1","1","","0","0","0","","","1","N","0","","40 27:32.950","","0","79 54:27.416","8","0","0","0","2301","0","0","0","N","0","0","0","2","02301","0","","1.0","","1","N","N","N","0","","0","0","1","","0","","","2","1","0","0","0","1","0","2","0","2","","","","N","","","","","","","","","",""
"2022018892","1029","0","0","0","0","0","0","0","0","0","7","0","","02","2","2022","6","40.608346","-79.945411","1020","11","0","0","0","0","0","1","0","0","","0","0","0","","","0","N","0","","40 36:30.046","3","2","79 56:43.480","0","0","0","0","2207","0","0","0","N","0","0","0","3","68T02","0","","3.0","840.0","1","N","N","N","0","","0","0","1","","8","N","","1","0","0","0","0","0","0","2","0","1","","","","N","","","","","","","","","",""
"2022051604","1637","1","0","0","0","0","0","0","0","0","7","0","","02","5","2022","5","40.593744","-80.09522","1609","11","0","0","0","0","0","0","0","0","","0","0","0","","","1","N","0","","40 35:37.477","","0","80 05:42.793","3","0","0","0","2481","0","0","0","N","0","0","0","1","68B03","0","","4.0","","1","N","N","N","0","","1","0","0","","0","","","1","1","0","0","0","0","0","2","0","1","","","","N","","","","","","","","","",""
"2022021058","2144","3","0","0","0","0","0","0","0","0","4","0","","02","2","2022","4","40.432875","-79.884778","2141","11","0","0","0","0","0","0","0","0","","0","0","0","","","0","N","0","","40 25:58.350","","0","79 53:05.200","9","0","0","0","2426","0","0","0","N","0","0","0","1","02426","0","","2.0","","1","N","N","N","0","","0","0","0","","0","","","3","0","0","0","0","0","1","2","0","3","","03","","N","","","","","","","","","",""
"2022016021","1937","0","0","0","0","0","0","0","0","0","1","0","","02","2","2022","7","40.4475","-80.165227","1931","11","0","0","0","0","0","1","1","0","","0","0","0","","","0","","6","","40 26:51.000","","2","80 09:54.818","0","0","0","0","2115","0","0","0","N","0","0","0","2","02115","0","","1.0","","1","","","N","0","","0","0","1","","3","","","2","0","0","0","0","0","0","2","1","2","","04","","N","","","","","","","","","",""
"2022045401","1440","0","0","0","0","0","0","0","0","0","7","0","","02","5","2022","6","40.5883","-80.203728","1434","11","0","0","0","0","0","0","0","0","","0","0","0","","","0","N","0","","40 35:17.880","","0","80 12:13.420","0","0","0","0","2480","0","0","0","N","0","0","0","2","02480","0","","5.0","","1","N","N","N","0","","0","0","0","","0","","","1","0","0","0","0","0","0","2","1","1","","","","N","","","","","","","","","",""
"2022037601","1627","1","0","0","0","0","0","0","0","0","5","0","","02","4","2022","5","40.445942","-79.981344","1625","11","0","0","0","0","0","1","0","0","","0","0","0","","","0","N","0","","40 26:45.390","","0","79 58:52.840","0","0","0","0","2301","0","0","0","N","0","0","0","1","02301","0","","1.0","","1","N","N","N","0","","0","0","1","","0","","","2","0","0","0","0","0","0","2","0","2","","03","","N","","","","","","","","","",""
"2022022928","2345","1","0","0","0","0","0","0","0","0","4","0","","02","3","2022","7","40.385659","-79.984154","2337","11","0","0","0","1","0","0","0","0","","0","0","0","","","0","N","1","","40 23:08.372","2","0","79 59:02.954","0","0","0","0","2301","0","0","0","N","0","0","0","2","02301","0","","1.0","55.0","1","N","N","N","0","","0","0","1","","3","Y","","2","0","0","0","0","0","0","2","0","2","","03","","N","","","","","","","","","",""
"2022029101","0700","1","0","0","0","0","0","0","0","0","1","0","","02","3","2022","5","40.428191","-79.999997","0655","11","0","0","0","0","0","0","0","0","","0","0","0","","","1","N","0","","40 25:41.486","1","0","79 59:59.989","3","0","0","0","2301","0","0","0","N","0","0","0","3","02301","0","","1.0","745.0","1","N","N","N","0","","1","0","2","","0","N","","3","1","0","0","0","0","0","2","0","3","","03","","N","","","","","","","","","",""
"2022041278","1430","1","0","0","0","0","0","0","0","0","4","0","","02","5","2022","2","40.444402","-79.954813","1410","11","0","0","0","0","0","0","0","0","","0","0","0","","","1","N","1","","40 26:39.847","","0","79 57:17.325","4","0","0","0","2301","0","0","0","N","0","0","0","3","02301","1","","1.0","","1","N","N","N","0","","0","0","1","","2","","","2","1","0","0","0","0","0","2","0","2","","","","N","","","","","","","","","",""
"2022015283","1732","1","0","0","0","0","0","0","0","0","1","0","","02","2","2022","5","40.534471","-80.035956","1725","11","0","0","1","0","0","1","0","1","","0","0","0","","","1","N","0","","40 32:04.097","1","0","80 02:09.443","3","0","0","0","2116","0","0","0","N","0","0","0","4","02116","0","","1.0","1840.0","1","N","N","N","1","","1","0","1","","0","Y","","3","1","0","0","0","0","0","2","0","3","","","","N","","","","","","","","","",""
"2022027787","1608","1","0","0","0","0","0","0","0","0","1","0","","02","3","2022","7","40.509414","-79.953795","1607","11","0","0","0","0","0","1","0","0","","0","0","0","","","2","N","2","","40 30:33.891","5","0","79 57:13.663","3","0","0","0","2118","0","0","0","N","0","0","0","6","02118","0","","1.0","1713.0","1","N","N","Y","0","","2","0","3","","0","Y","","4","2","0","0","0","0","0","2","0","4","","03","","N","","","","","","","","","",""
"2022030455","1403","1","0","0","0","0","0","0","0","0","7","0","","02","3","2022","2","40.456789","-79.89809","1359","11","0","0","0","0","0","1","0","0","","0","0","0","","","1","N","0","","40 27:24.441","3","0","79 53:53.125","8","0","0","0","2301","0","0","0","N","0","0","0","1","02301","0","","5.0","1420.0","1","N","N","N","0","","0","0","0","","0","N","","1","1","0","0","0","1","0","2","0","1","","03","","N","","","","","","","","","",""
"2022025059","2349","1","0","0","0","0","0","0","0","0","1","0","","02","3","2022","6","40.423773","-80.003011","2344","11","0","0","0","0","0","0","0","0","","0","0","0","","","0","N","0","","40 25:25.584","","4","80 00:10.838","0","0","0","0","2301","0","0","0","N","0","0","0","2","02301","0","","1.0","","2","N","N","N","0","","0","0","1","","0","","","2","0","0","0","0","0","0","2","0","2","","","","N","","","","","","","","","",""
"2022042060","2056","1","0","0","0","0","0","0","0","0","6","0","","02","5","2022","5","40.402769","-80.015826","2049","11","0","0","0","0","0","0","0","0","","0","0","0","","","1","N","2","","40 24:09.968","2","0","80 00:56.973","3","0","0","0","2301","0","0","0","N","0","0","0","2","02301","0","","1.0","2100.0","1","N","N","N","0","","1","0","1","","3","N","","2","1","0","0","0","0","0","2","0","2","","03","","N","","","","","","","","","",""
"2022048102","1548","2","0","0","0","0","0","0","0","0","1","0","","02","5","2022","2","40.439274","-79.919518","1543","11","0","0","0","0","0","0","0","0","","0","0","0","","","1","N","0","","40 26:21.388","2","0","79 55:10.266","3","0","0","0","2301","0","0","0","N","0","0","0","3","02301","0","","1.0","1620.0","1","N","N","N","0","","1","0","0","","0","N","","2","1","1","0","0","0","0","2","0","2","","04","","N","","","","","","","","","",""
"2022031064","0724","1","0","0","0","0","0","0","0","0","7","0","","02","3","2022","4","40.399746","-79.935847","0718","11","0","0","0","0","0","0","0","0","","0","0","0","","","0","N","0","","40 23:59.084","","3","79 56:09.049","0","0","0","0","2301","0","0","0","N","0","0","0","1","02301","0","","4.0","","2","N","N","Y","0","","0","0","0","","0","","","1","0","0","0","0","0","0","2","0","1","","04","","N","","","","","","","","","",""
"2022042084","0143","2","0","0","0","0","0","0","0","0","4","0","","02","5","2022","6","40.459223","-79.970688","0139","11","0","0","0","0","0","1","0","0","","0","0","0","","","0","N","1","","40 27:33.204","3","0","79 58:14.477","0","0","0","0","2301","0","0","0","N","0","0","0","2","02301","0","","1.0","210.0","9","N","N","N","0","","0","0","0","","2","N","","2","0","0","0","0","0","0","2","0","2","","07","","N","","","","","","","","","",""
"2022042675","0154","2","0","0","0","0","0","0","0","0","1","0","","02","5","2022","1","40.448804","-79.987505","0143","11","0","0","0","0","0","0","0","0","","0","0","0","","","0","N","1","","40 26:55.694","7","0","79 59:15.019","0","0","0","0","2301","0","0","0","N","0","0","0","2","02301","0","","1.0","214.0","1","N","N","N","0","","0","0","0","","2","N","","2","0","1","0","0","0","0","2","0","2","","","","N","","","","","","","","","",""
"2022039757","2104","1","0","0","0","0","0","0","0","0","4","1","","02","4","2022","5","40.450489","-80.168442","2057","11","0","0","0","0","0","0","0","0","","0","1","0","","","1","N","0","","40 27:01.761","3","0","80 10:06.391","8","0","0","0","2115","0","0","0","Y","0","0","0","2","68B03","0","","4.0","2152.0","1","N","N","N","0","","0","0","0","","0","N","","2","1","1","0","0","1","0","2","0","2","","","","N","","","","","","","","","",""
"2022036669","2304","3","0","0","0","0","0","0","0","0","5","0","","02","4","2022","2","40.453027","-79.961865","2302","11","0","0","0","0","1","0","0","0","","0","0","0","","","0","N","0","","40 27:10.897","1","0","79 57:42.715","0","0","0","0","2301","0","0","0","N","0","0","0","1","02301","0","","6.0","2347.0","1","N","N","N","0","","0","0","1","","0","N","","4","0","0","0","0","0","0","2","0","4","","","","N","","","","","","","","","",""
"2022020140","1711","0","0","0","0","0","0","0","0","0","6","0","","02","2","2022","5","40.491945","-80.329724","1707","11","0","0","0","0","0","0","0","0","","0","0","0","","","0","","1","","40 29:31.001","","0","80 19:47.007","0","0","0","0","2203","0","0","0","N","0","0","0","3","02203","0","","1.0","","1","N","N","N","0","","0","0","2","","3","","","2","0","0","0","0","0","0","1","0","2","","","","N","","","","","","","","","",""
"2022021056","1258","1","0","1","0","0","0","0","0","0","3","0","","02","2","2022","5","40.475833","-80.199909","1256","11","0","0","0","0","0","2","1","0","","0","0","0","","","3","N","0","","40 28:32.997","4","0","80 11:59.672","2","0","0","0","2213","0","0","0","N","0","0","0","4","02213","2","","1.0","100.0","1","N","N","N","1","","0","1","1","","0","N","","3","3","0","0","0","0","0","2","0","3","","03","","N","","","","","","","","","",""
"2022049355","1904","1","0","0","0","0","0","0","0","0","4","0","","02","5","2022","5","40.486524","-79.837318","1859","11","0","0","0","0","0","0","0","0","","0","0","0","","","1","","1","","40 29:11.486","","0","79 50:14.344","3","0","0","0","2113","0","0","0","N","0","0","0","2","02113","0","","1.0","","1","N","N","N","1","","1","0","0","","2","","","2","1","0","0","0","0","0","2","0","2","","98","","N","","","","","","","","","",""
"2022045741","1626","0","0","0","0","0","0","0","0","0","4","0","","02","5","2022","6","40.517229","-79.790322","1616","11","0","0","0","1","0","0","0","0","","0","0","0","","","1","","2","","40 31:02.024","","0","79 47:25.159","4","0","0","0","2466","0","0","0","N","0","0","0","4","02466","1","","1.0","","1","N","N","N","0","","0","0","2","","3","","","2","1","0","0","0","0","0","2","0","2","","","","N","","","","","","","","","",""
"2022037404","2311","1","0","0","0","0","0","0","0","0","4","0","","02","4","2022","4","40.457264","-79.934043","2307","11","0","0","0","0","0","0","0","0","","0","0","0","","","1","","1","","40 27:26.151","","0","79 56:02.553","4","0","0","0","2301","0","0","0","N","0","0","0","2","02301","1","","1.0","","1","N","N","N","0","","0","0","1","","2","","","2","1","0","0","0","0","0","2","0","2","","03","","N","","","","","","","","","",""
"2022039213","1844","2","0","0","0","0","0","0","0","0","4","0","","02","4","2022","3","40.425708","-80.050265","1842","11","0","0","0","0","0","1","0","0","","0","0","0","","","0","","2","","40 25:32.550","","0","80 03:00.953","0","0","0","0","2435","0","0","0","N","0","0","0","2","02435","0","","1.0","","1","N","N","N","0","","0","0","0","","3","","","2","0","0","0","0","0","0","2","0","2","","03","","N","","","","","","","","","",""
"2022017516","2244","0","0","0","0","0","0","0","0","0","7","0","","02","2","2022","4","40.423028","-79.904222","2240","11","0","0","0","0","0","0","0","0","","0","0","0","","","0","N","0","","40 25:22.900","","0","79 54:15.200","0","0","0","0","2301","0","0","0","N","0","0","0","1","02301","0","","2.0","","1","N","N","N","0","","0","0","1","","0","","","1","0","0","0","0","0","0","2","0","1","","03","","N","","","","","","","","","",""
"2022040836","0808","1","0","0","0","0","0","0","0","0","6","0","","02","5","2022","2","40.407036","-80.035442","0801","11","0","0","0","0","0","0","0","0","","0","1","0","","","0","N","0","","40 24:25.329","","0","80 02:07.591","0","0","0","0","2301","0","0","0","N","0","0","0","2","02301","0","","1.0","","1","N","N","N","0","","0","0","0","","0","","","2","0","0","0","0","0","0","2","0","2","","03","","N","","","","","","","","","",""
"2022033802","0714","0","0","0","0","0","0","0","0","0","7","0","","02","4","2022","6","40.441443","-79.985009","0710","11","0","0","0","0","0","0","0","0","","0","0","0","","","0","N","1","","40 26:29.194","","0","79 59:06.032","0","0","0","0","2301","0","0","0","N","0","0","0","1","02301","0","","5.0","","1","N","N","N","0","","0","0","1","","0","","","1","0","0","0","0","0","0","2","0","1","","03","","N","","","","","","","","","",""
"2022030615","1550","1","0","0","0","0","0","0","0","0","1","0","","02","3","2022","7","40.316539","-79.833374","1550","11","0","0","0","0","0","0","1","0","","0","0","0","","","0","N","2","","40 18:59.541","2","0","79 50:00.147","0","0","0","0","2469","0","0","0","N","0","0","0","2","02469","0","","1.0","1630.0","1","N","N","N","0","","0","0","1","","0","N","","2","0","0","0","0","0","0","2","0","2","","","","N","","","","","","","","","",""
"2022045191","1404","1","0","0","0","0","0","0","0","0","1","0","","02","5","2022","7","40.334541","-80.133065","1404","11","0","0","0","0","0","1","1","0","","0","0","0","","","0","N","0","","40 20:04.346","","0","80 07:59.035","0","0","0","0","2119","0","0","0","N","0","0","0","2","02119","0","","1.0","","1","N","N","N","0","","0","0","1","","0","","","2","0","1","0","0","0","0","2","0","2","","","","N","","","","","","","","","",""
"2022042391","0135","1","0","0","0","0","0","0","0","0","0","0","","02","5","2022","6","40.465589","-79.903264","0131","11","0","0","0","0","0","0","0","0","","0","0","0","","","0","N","0","","40 27:56.120","6","0","79 54:11.750","0","0","0","0","2301","0","0","0","N","0","0","0","1","02301","0","","1.0","220.0","9","N","N","Y","0","","0","0","2","","0","N","","3","0","0","0","0","0","0","2","0","3","","","","N","","","","","","","","","",""
"2022045251","1432","0","0","0","0","0","0","0","0","0","1","0","","02","5","2022","7","40.454041","-79.912396","1419","11","0","0","0","0","0","2","0","0","","0","0","0","","","1","N","1","","40 27:14.546","","0","79 54:44.625","3","0","0","0","2301","0","0","0","N","0","0","0","3","02301","0","","1.0","","1","N","N","N","1","","1","0","1","","2","","","2","1","0","0","0","0","0","2","0","2","","03","","N","","","","","","","","","",""
"2022030492","1537","1","0","0","0","0","0","1","0","0","4","1","","02","3","2022","2","40.407694","-80.089694","1521","11","0","0","0","0","0","1","0","0","","0","0","0","","","1","N","1","","40 24:27.700","7","0","80 05:22.900","3","0","0","0","2415","0","0","0","N","0","0","0","3","02503","0","","1.0","1556.0","1","N","N","N","0","","1","0","0","","2","Y","","2","1","0","0","0","0","0","2","0","2","","03","","N","","","","","","","","","",""
"2022033600","1001","1","0","0","0","0","0","0","0","0","8","0","","02","4","2022","5","40.441252","-79.963625","1001","11","0","0","0","0","0","0","0","0","","0","0","0","","","1","Y","0","","40 26:28.507","","7","79 57:49.049","8","0","0","0","2301","1","0","0","N","1","0","0","2","02506","0","","4.0","","9","N","N","N","0","","0","0","0","","3","","","2","1","0","0","0","1","0","2","0","1","","07","","N","","","","","","","","","",""
"2022032025","1402","2","0","0","0","0","0","0","0","0","5","0","","02","4","2022","6","40.443989","-79.924799","1359","11","0","0","0","0","0","0","0","0","","0","0","0","","","0","N","0","","40 26:38.360","","0","79 55:29.276","0","0","0","0","2301","0","0","0","N","0","0","0","1","02301","0","","2.0","","1","N","N","N","0","","0","0","0","","0","","","3","0","0","0","0","0","0","2","1","3","","03","","N","","","","","","","","","",""
"2022014492","1530","2","0","0","0","0","0","0","0","0","4","0","","02","2","2022","4","40.457404","-79.896284","1521","11","0","0","0","0","0","0","0","0","","0","0","0","","","0","N","1","","40 27:26.654","2","0","79 53:46.622","9","0","0","0","2301","0","0","0","N","0","0","0","3","02301","0","","1.0","20.0","1","N","N","N","0","","0","0","0","","2","N","","2","0","0","0","0","0","1","2","0","2","","03","","N","","","","","","","","","",""
"2022045930","2229","2","0","0","0","0","0","0","0","0","2","0","","02","5","2022","2","40.477751","-80.033668","2222","11","0","0","0","0","0","0","0","0","","0","0","0","","","0","N","0","","40 28:39.905","","0","80 02:01.203","0","0","0","0","2301","0","0","0","N","0","0","0","1","02301","0","","1.0","","1","N","N","N","0","","0","0","0","","0","","","2","0","0","0","0","0","0","2","0","2","","03","","N","","","","","","","","","",""
"2022042655","0336","1","0","0","0","0","0","0","0","0","7","0","","02","5","2022","7","40.429796","-79.838736","0332","11","0","0","0","0","0","0","0","0","","0","0","0","","","0","N","0","","40 25:47.267","5","0","79 50:19.451","0","0","0","0","2419","0","0","0","N","0","0","0","1","02419","0","","4.0","1000.0","9","N","N","N","0","","0","0","0","","0","Y","","1","0","0","0","0","0","0","2","0","1","","","","N","","","","","","","","","",""
"2022037893","0800","1","0","0","0","0","0","0","0","0","1","0","","02","4","2022","6","40.390545","-80.040197","0757","11","0","0","0","0","0","0","0","0","","0","0","0","","","0","N","0","","40 23:25.962","2","0","80 02:24.708","0","0","0","0","2422","0","0","0","N","0","0","0","3","02422","0","","1.0","820.0","1","N","N","N","0","","0","0","2","","0","N","","3","0","0","0","0","0","0","2","0","3","","","","N","","","","","","","","","",""