"CRN","ARRIVAL_TM","AUTOMOBILE_COUNT","BELTED_DEATH_COUNT","BELTED_SUSP_SERIOUS_INJ_COUNT","BICYCLE_COUNT","BICYCLE_DEATH_COUNT","BICYCLE_SUSP_SERIOUS_INJ_COUNT","BUS_COUNT","CHLDPAS_DEATH_COUNT","CHLDPAS_SUSP_SERIOUS_INJ_COUNT","COLLISION_TYPE","COMM_VEH_COUNT","CONS_ZONE_SPD_LIM","COUNTY","CRASH_MONTH","CRASH_YEAR","DAY_OF_WEEK","DEC_LATITUDE","DEC_LONGITUDE","DISPATCH_TM","DISTRICT","DRIVER_COUNT_16YR","DRIVER_COUNT_17YR","DRIVER_COUNT_18YR","DRIVER_COUNT_19YR","DRIVER_COUNT_20YR","DRIVER_COUNT_50_64YR","DRIVER_COUNT_65_74YR","DRIVER_COUNT_75PLUS","EST_HRS_CLOSED","FATAL_COUNT","HEAVY_TRUCK_COUNT","HORSE_BUGGY_COUNT","HOUR_OF_DAY","ILLUMINATION","INJURY_COUNT","INTERSECTION_RELATED","INTERSECT_TYPE","LANE_CLOSED","LATITUDE","LN_CLOSE_DIR","LOCATION_TYPE","LONGITUDE","MAX_SEVERITY_LEVEL","MCYCLE_DEATH_COUNT","MCYCLE_SUSP_SERIOUS_INJ_COUNT","MOTORCYCLE_COUNT","MUNICIPALITY","NONMOTR_COUNT","NONMOTR_DEATH_COUNT","NONMOTR_SUSP_SERIOUS_INJ_COUNT","NTFY_HIWY_MAINT","PED_COUNT","PED_DEATH_COUNT","PED_SUSP_SERIOUS_INJ_COUNT","PERSON_COUNT","POLICE_AGCY","POSSIBLE_INJ_COUNT","RDWY_SURF_TYPE_CD","RELATION_TO_ROAD","ROADWAY_CLEARED","ROAD_CONDITION","SCH_BUS_IND","SCH_ZONE_IND","SECONDARY_CRASH","SMALL_TRUCK_COUNT","SPEC_JURIS_CD","SUSP_MINOR_INJ_COUNT","SUSP_SERIOUS_INJ_COUNT","SUV_COUNT","TCD_FUNC_CD","TCD_TYPE","TFC_DETOUR_IND","TIME_OF_DAY","TOTAL_UNITS","TOT_INJ_COUNT","UNBELTED_OCC_COUNT","UNB_DEATH_COUNT","UNB_SUSP_SERIOUS_INJ_COUNT","UNK_INJ_DEG_COUNT","UNK_INJ_PER_COUNT","URBAN_RURAL","VAN_COUNT","VEHICLE_COUNT","WEATHER1","WEATHER2","WORKERS_PRES","WORK_ZONE_IND","WORK_ZONE_LOC","WORK_ZONE_TYPE","WZ_CLOSE_DETOUR","WZ_FLAGGER","WZ_LAW_OFFCR_IND","WZ_LN_CLOSURE","WZ_MOVING","WZ_OTHER","WZ_SHLDER_MDN","WZ_WORKERS_INJ_KILLED"
"2022033972","1826","0","0","0","0","0","0","0","0","0","8","0","","02","4","2022","6","40.446542","-79.951923","1822","11","0","0","0","0","0","0","0","0","","0","0","0","","","1","N","1","","40 26:47.551","","0","79 57:06.922","3","0","0","0","2301","1","0","0","N","1","0","0","2","02301","0","","1.0","","1","N","N","N","0","","1","0","1","","2","","","2","1","0","0","0","0","0","2","0","1","","03","","N","","","","","","","","","",""
"2022032162","0559","1","0","0","0","0","0","0","0","0","4","0","","02","4","2022","7","40.360409","-79.845409","0558","11","0","0","0","0","0","0","0","0","","0","0","0","","","0","N","6","","40 21:37.473","2","8","79 50:43.474","0","0","0","0","2303","0","0","0","N","0","0","0","2","02303","0","","1.0","630.0","1","N","N","N","0","","0","0","1","","4","N","","2","0","0","0","0","0","0","2","0","2","","03","","N","","","","","","","","","",""
"2022042770","2045","1","0","0","0","0","0","0","0","0","7","0","","02","5","2022","6","40.274654","-79.893461","2043","11","0","0","0","0","0","0","0","0","","0","0","0","","","0","N","0","","40 16:28.754","2","0","79 53:36.458","0","0","0","0","2471","0","0","0","N","0","0","0","1","02428","0","","2.0","2115.0","9","N","N","N","0","","0","0","0","","0","N","","1","0","0","0","0","0","0","2","0","1","","07","","N","","","","","","","","","",""
"2022028135","1048","0","0","0","0","0","0","0","0","0","4","0","","02","3","2022","2","40.46251","-79.927839","1044","11","0","0","0","0","0","1","0","0","","0","0","0","","","0","","1","","40 27:45.036","","0","79 55:40.220","0","0","0","0","2301","0","0","0","N","0","0","0","2","02301","0","","1.0","","1","N","N","N","0","","0","0","1","","2","","","2","0","0","0","0","0","0","2","1","2","","","","N","","","","","","","","","",""
"2022043653","1431","2","0","0","0","0","0","0","0","0","1","0","","02","5","2022","3","40.450391","-80.119223","1428","11","0","0","0","0","0","1","0","0","","0","0","0","","","1","N","0","","40 27:01.407","3","3","80 07:09.202","8","0","0","0","2301","0","0","0","N","0","0","0","4","02301","0","","1.0","1445.0","1","N","N","N","1","","0","0","0","","0","N","","3","1","2","0","0","1","0","2","0","3","","","","N","","","","","","","","","",""
"2022045078","0029","0","0","0","0","0","0","0","0","0","0","0","","02","5","2022","7","40.442145","-80.02275","0029","11","0","0","0","0","0","0","0","0","","0","0","0","","","0","N","0","","40 26:31.723","","0","80 01:21.901","0","0","0","1","2301","0","0","0","N","0","0","0","1","02301","0","","1.0","","1","N","N","N","0","","0","0","0","","0","N","","1","0","0","0","0","0","0","2","0","1","","03","","N","","","","","","","","","",""
"2022045654","0125","0","0","0","0","0","0","0","0","0","7","0","","02","5","2022","6","40.442735","-80.008965","0059","11","0","0","0","0","0","0","0","0","","1","0","0","","","1","N","0","","40 26:33.846","2","2","80 00:32.275","1","1","1","1","2301","0","0","0","N","0","0","0","2","02301","0","2","4.0","259.0","1","N","N","N","0","0","0","1","0","","0","Y","","1","1","0","0","0","0","0","2","0","1","","","","N","","","","","","","","","",""
"2022045220","1554","1","0","0","0","0","0","1","0","0","0","1","","02","5","2022","7","40.354452","-79.842393","1549","11","0","0","0","0","0","0","0","0","","0","0","0","","","0","N","6","","40 21:16.027","1","3","79 50:32.613","0","0","0","0","2304","0","0","0","N","0","0","0","3","02304","0","","1.0","1645.0","1","N","N","N","1","","0","0","0","","4","N","","3","0","0","0","0","0","0","2","0","3","","03","","N","","","","","","","","","",""
"2022017490","1859","1","0","0","0","0","0","0","0","0","2","0","","02","2","2022","4","40.380856","-79.81101","1859","11","0","0","0","0","0","0","0","0","","0","0","0","","","0","","2","","40 22:51.080","4","0","79 48:39.636","0","0","0","0","2424","0","0","0","N","0","0","0","2","02424","0","","4.0","2011.0","1","N","N","N","0","","0","0","1","","0","N","","2","0","0","0","0","0","0","2","0","2","","","","N","","","","","","","","","",""
"2022036015","1005","2","0","0","0","0","0","0","0","0","7","0","","02","4","2022","7","40.44758","-80.044011","1001","11","0","0","0","0","0","0","1","0","","0","0","0","","","1","N","0","","40 26:51.289","7","0","80 02:38.441","3","0","0","0","2301","0","0","0","N","0","0","0","1","02301","0","","2.0","1120.0","9","N","N","Y","0","","1","0","1","","0","Y","","3","1","1","0","0","0","0","2","0","3","","","","N","","","","","","","","","",""
"2022041369","2318","1","0","0","0","0","0","0","0","0","7","0","","02","2","2022","6","40.428826","-79.933343","2313","11","0","0","0","0","0","1","0","0","","0","0","0","","","1","N","0","","40 25:43.774","","0","79 56:00.034","3","0","0","0","2301","0","0","0","N","0","0","0","1","68B03","0","","2.0","","1","N","N","N","0","","1","0","0","","0","","","1","1","1","0","0","0","0","2","0","1","","","","N","","","","","","","","","",""
"2022042766","2248","1","0","0","0","0","0","0","0","0","7","0","","02","5","2022","7","40.638739","-79.816389","2241","11","0","1","0","0","0","0","0","0","","0","0","0","","","1","N","0","","40 38:19.460","6","0","79 48:59.000","4","0","0","0","2206","0","0","0","N","0","0","0","1","02220","1","","5.0","245.0","1","N","N","N","0","","0","0","0","","0","Y","","1","1","0","0","0","0","0","1","0","1","","03","","N","","","","","","","","","",""
"2022050294","1103","1","0","0","0","0","0","0","0","0","4","0","","02","5","2022","3","40.567435","-80.019489","1100","11","0","0","0","0","0","0","0","1","","0","0","0","","","0","N","0","","40 34:02.765","","7","80 01:10.162","9","0","0","0","2108","0","0","0","N","0","0","0","2","02108","0","","5.0","","1","N","N","N","0","","0","0","1","","0","","","2","0","0","0","0","0","1","2","0","2","","","","N","","","","","","","","","",""
"2022045691","1031","2","0","0","0","0","0","0","0","0","4","0","","02","5","2022","2","40.428657","-79.979129","1021","11","0","0","0","0","0","1","0","0","","0","0","0","","","1","","1","","40 25:43.166","","0","79 58:44.865","3","0","0","0","2301","0","0","0","N","0","0","0","2","02301","0","","1.0","","1","N","N","N","0","","1","0","0","","0","","","2","1","0","0","0","0","0","2","0","2","","04","","N","","","","","","","","","",""
"2022045725","1431","1","0","0","0","0","0","0","0","0","4","1","","02","5","2022","2","40.450192","-80.107651","1421","11","0","0","0","0","0","0","1","0","","0","1","0","","","1","","2","","40 27:00.691","","0","80 06:27.543","3","0","0","0","2126","0","0","0","N","0","0","0","2","02126","0","","1.0","","1","N","N","N","0","","1","0","0","","3","","","2","1","0","0","0","0","0","2","0","2","","","","N","","","","","","","","","",""
"2022037779","2237","2","0","0","0","0","0","0","0","0","4","0","","02","4","2022","5","40.461624","-79.907952","2222","11","0","0","0","0","0","0","0","0","","0","0","0","","","0","","1","","40 27:41.846","","0","79 54:28.627","0","0","0","0","2301","0","0","0","N","0","0","0","6","02301","0","","1.0","","9","N","N","N","0","","0","0","0","","2","","","2","0","0","0","0","0","0","2","0","2","","","","N","","","","","","","","","",""
"2022019882","0500","1","0","0","0","0","0","0","0","0","7","0","","02","2","2022","5","40.457238","-80.030291","0454","11","0","0","0","0","0","0","0","0","","0","0","0","","","0","","2","","40 27:26.056","","0","80 01:49.049","0","0","0","0","2301","0","0","0","N","0","0","0","1","02301","0","","5.0","","1","N","N","N","0","","0","0","0","","0","N","","1","0","0","0","0","0","0","2","0","1","","03","","N","","","","","","","","","",""
"2022030608","0945","1","0","0","0","0","0","0","0","0","7","0","","02","3","2022","1","40.60905","-79.947289","0937","11","0","0","0","0","0","0","0","0","","0","0","0","","","1","N","0","","40 36:32.579","","2","79 56:50.240","3","0","0","0","2207","0","0","0","N","0","0","0","1","68T02","0","","4.0","","7","N","N","N","0","","1","0","0","","0","","","1","1","0","0","0","0","0","2","0","1","","","","N","","","","","","","","","",""
"2022017900","2206","1","0","0","0","0","0","0","0","0","7","0","45","02","2","2022","1","40.495386","-79.90778","2202","11","0","0","0","0","0","0","0","0","","0","0","0","","","0","N","0","","40 29:43.391","","0","79 54:28.009","0","0","0","0","2401","0","0","0","Y","0","0","0","1","68D02","0","","4.0","","1","N","N","N","0","","0","0","0","","0","","","1","0","1","0","0","0","0","2","0","1","","","N","Y","4","1","","","N","","","","Y","N"
"2022049282","1819","0","0","0","0","0","0","0","0","0","1","0","","02","5","2022","5","40.481415","-79.883938","1815","11","0","0","0","0","0","1","0","0","","0","0","0","","","0","N","0","","40 28:53.094","","0","79 53:02.178","0","0","0","0","2113","0","0","0","N","0","0","0","3","02113","0","","1.0","","1","N","N","N","1","","0","0","1","","0","","","2","0","0","0","0","0","0","2","0","2","","03","","N","","","","","","","","","",""
"2022032185","2350","1","0","0","0","0","0","0","0","0","4","0","","02","4","2022","7","40.438111","-79.985103","2346","11","0","0","0","0","0","0","0","0","","0","0","0","","","0","","1","","40 26:17.198","","0","79 59:06.371","0","0","0","0","2301","0","0","0","N","0","0","0","2","02301","0","","1.0","","1","N","N","N","1","","0","0","0","","0","","","2","0","0","0","0","0","0","2","0","2","","","","N","","","","","","","","","",""
"2022032076","2313","0","0","0","0","0","0","0","0","0","7","0","","02","3","2022","5","40.371976","-79.996809","2310","11","0","0","0","0","0","0","0","0","","0","0","0","","","0","N","0","","40 22:19.114","5","0","79 59:48.511","0","0","0","0","2476","0","0","0","N","0","0","0","1","02476","0","","4.0","2345.0","1","N","N","N","1","","0","0","0","","0","N","","1","0","0","0","0","0","0","2","0","1","","","","N","","","","","","","","","",""
"2022052581","0709","1","0","0","0","0","0","0","0","0","7","0","","02","5","2022","2","40.420018","-79.990776","1708","11","0","0","0","0","0","0","0","0","","0","0","0","","","1","N","2","","40 25:12.063","","0","79 59:26.795","3","0","0","0","2301","0","0","0","N","0","0","0","1","02301","0","","5.0","","1","N","N","N","0","","1","0","0","","0","","","1","1","0","0","0","0","0","2","0","1","","03","","N","","","","","","","","","",""
"2022039924","1647","2","0","0","0","0","0","0","0","0","4","0","","02","4","2022","5","40.437475","-79.761319","1640","11","0","0","0","0","0","2","0","0","","0","0","0","","","1","N","0","","40 26:14.910","5","7","79 45:40.750","3","0","0","0","2446","0","0","0","N","0","0","0","2","02446","0","","1.0","1715.0","1","N","N","N","0","","1","0","0","","3","Y","","2","1","0","0","0","0","0","2","0","2","","03","","N","","","","","","","","","",""
"2022053299","2235","2","0","0","0","0","0","0","0","0","4","0","","02","6","2022","3","40.50105","-79.81434","2229","11","0","0","0","0","0","0","0","0","","0","0","0","","","0","N","0","","40 30:03.781","","0","79 48:51.623","0","0","0","0","2113","0","0","0","N","0","0","0","2","02113","0","","1.0","","9","N","N","N","0","","0","0","0","","0","","","2","0","0","0","0","0","0","2","0","2","","03","","N","","","","","","","","","",""
"2022053187","0422","1","0","0","0","0","0","0","0","0","7","0","","02","5","2022","7","40.434663","-79.733101","0419","11","0","0","0","0","0","0","0","0","","0","0","0","","","0","N","0","","40 26:04.788","4","0","79 43:59.165","0","0","0","0","2446","0","0","0","N","0","0","0","1","02446","0","","5.0","515.0","1","N","N","N","0","","0","0","0","","0","N","","1","0","0","0","0","0","0","2","0","1","","03","","N","","","","","","","","","",""
"2022047146","1703","1","0","0","0","0","0","0","0","0","8","0","","02","5","2022","2","40.63152","-80.054217","1702","11","0","0","0","0","0","0","1","0","","0","0","0","","","1","N","0","","40 37:53.471","","7","80 03:15.182","3","0","0","0","2216","1","0","0","N","1","0","0","2","02505","0","","6.0","","1","N","N","N","0","","1","0","0","","0","","","2","1","0","0","0","0","0","2","0","1","","03","","N","","","","","","","","","",""
"2022026707","0730","0","0","0","0","0","0","0","0","0","4","0","","02","3","2022","7","40.45173","-80.170459","0535","11","0","0","0","0","0","0","0","0","","0","0","0","","","1","N","0","","40 27:06.227","4","0","80 10:13.654","3","0","0","0","2115","0","0","0","N","0","0","0","2","68B03","0","","1.0","200.0","7","N","N","N","0","","1","0","2","","0","N","","2","1","0","0","0","0","0","2","0","2","","","","N","","","","","","","","","",""
"2022042769","1515","2","0","0","0","0","0","0","0","0","1","0","","02","5","2022","1","40.496167","-79.83679","1507","11","0","0","0","0","0","0","0","0","","0","0","0","","","0","","2","","40 29:46.201","","0","79 50:12.444","9","0","0","0","2113","0","0","0","N","0","0","0","3","02113","0","","1.0","","1","N","N","N","0","","0","0","0","","0","","","2","0","0","0","0","0","1","2","0","2","","","","N","","","","","","","","","",""
"2022050113","1605","0","0","0","0","0","0","0","0","0","4","0","","02","5","2022","2","40.396116","-79.997108","1558","11","0","0","0","0","0","0","0","1","","0","0","0","","","1","N","1","","40 23:46.019","2","0","79 59:49.588","8","0","0","0","2301","0","0","0","N","0","0","0","2","02301","0","","1.0","1635.0","1","N","N","N","1","","0","0","1","","3","N","","2","1","0","0","0","1","0","2","0","2","","03","","N","","","","","","","","","",""
"2022042090","0604","0","0","0","0","0","0","0","0","0","2","0","","02","5","2022","5","40.358236","-79.834892","0558","11","0","0","0","0","0","0","0","0","","0","0","0","","","2","N","0","","40 21:29.648","5","0","79 50:05.610","3","0","0","0","2304","0","0","0","N","0","0","0","3","02304","0","","1.0","646.0","1","N","N","N","0","","2","0","2","","0","Y","","2","2","0","0","0","0","0","2","0","2","","","","N","","","","","","","","","",""
"2022038227","1221","1","0","0","0","0","0","0","0","0","4","0","","02","4","2022","3","40.565467","-79.956093","1217","11","0","0","0","0","0","0","0","1","","0","0","0","","","0","N","0","","40 33:55.682","2","0","79 57:21.936","0","0","0","0","2207","0","0","0","N","0","0","0","10","02207","0","","1.0","1321.0","7","N","N","N","1","","0","0","1","","0","N","","4","0","0","0","0","0","0","2","1","4","","10","","N","","","","","","","","","",""
"2022031081","0917","1","0","0","0","0","0","0","0","0","5","0","","02","3","2022","4","40.479155","-79.929813","0911","11","0","0","0","0","0","0","0","0","","0","0","0","","","0","N","0","","40 28:44.957","","0","79 55:47.325","0","0","0","0","2301","0","0","0","N","0","0","0","1","02301","0","","6.0","","9","N","N","N","0","","0","0","1","","0","","","2","0","0","0","0","0","0","2","0","2","","07","","N","","","","","","","","","",""
"2022035929","1645","1","0","0","0","0","0","0","0","0","6","0","","02","4","2022","4","40.654499","-79.898194","1635","11","0","0","0","0","1","2","0","0","","0","0","0","","","0","N","0","","40 39:16.197","3","0","79 53:53.500","0","0","0","0","2220","0","0","0","N","0","0","0","3","02220","0","","1.0","1730.0","1","N","N","N","1","","0","0","1","","0","Y","","3","0","0","0","0","0","0","1","0","3","","","","N","","","","","","","","","",""
"2022034349","1333","1","0","0","0","0","0","0","0","0","1","0","","02","4","2022","1","40.44596","-79.848489","1326","11","0","0","0","0","0","0","1","0","","0","0","0","","","0","N","1","","40 26:45.457","","0","79 50:54.562","0","0","0","0","2419","0","0","0","N","0","0","0","3","02419","0","","1.0","","1","N","N","N","0","","0","0","1","","4","","","2","0","0","0","0","0","0","2","0","2","","03","","N","","","","","","","","","",""
"2022039876","1801","2","0","0","0","0","0","0","0","0","4","0","","02","4","2022","7","40.383768","-79.822825","1759","11","0","0","1","0","0","0","0","0","","0","0","0","","","1","","2","","40 23:01.566","6","0","79 49:22.170","8","0","0","0","2111","0","0","0","N","0","0","0","2","02111","0","","1.0","1826.0","1","N","N","N","0","","0","0","0","","2","N","","2","1","1","0","0","1","0","2","0","2","","03","","N","","","","","","","","","",""
"2022030937","2050","0","0","0","0","0","0","0","0","0","3","0","","02","3","2022","3","40.333111","-79.844595","2047","11","0","0","0","0","0","0","0","0","","0","0","0","","","0","N","0","","40 19:59.201","","0","79 50:40.542","9","0","0","0","2304","0","0","0","N","0","0","0","1","02304","0","","6.0","","1","N","N","N","0","","0","0","2","","0","","","2","0","0","0","0","0","1","2","0","2","","03","","N","","","","","","","","","",""
"2022029524","0314","1","0","0","0","0","0","0","0","0","7","0","","02","2","2022","1","40.615051","-80.095239","0300","11","0","0","0","0","0","0","0","0","","0","0","0","","","0","N","0","","40 36:54.182","","0","80 05:42.859","0","0","0","0","2481","0","0","0","Y","0","0","0","1","68B03","0","","2.0","","1","N","N","N","0","","0","0","0","","0","","","1","0","0","0","0","0","0","2","0","1","","","","N","","","","","","","","","",""
"2022015212","1502","0","0","0","0","0","0","0","0","0","7","0","","02","2","2022","5","40.450528","-80.00375","1459","11","0","0","0","0","0","0","0","0","","0","0","0","","","0","N","0","","40 27:01.900","3","0","80 00:13.500","9","0","0","0","2301","0","0","0","N","0","0","0","2","02301","0","","5.0","1530.0","1","N","N","N","0","","0","0","1","","0","N","","1","0","0","0","0","0","1","2","0","1","","03","","N","","","","","","","","","",""
"2022048100","1615","1","0","0","0","0","0","0","0","0","1","0","","02","5","2022","2","40.350024","-79.929124","1610","11","0","0","0","1","0","0","0","0","","0","0","0","","","0","N","0","","40 21:00.087","","7","79 55:44.846","0","0","0","0","2473","0","0","0","N","0","0","0","4","02473","0","","1.0","","1","N","N","N","1","","0","0","0","","0","","","2","0","0","0","0","0","0","2","0","2","","","","N","","","","","","","","","",""
"2022049169","0943","1","0","0","0","0","0","0","0","0","4","0","","02","5","2022","5","40.418069","-79.990262","0934","11","0","0","0","0","0","0","0","0","","0","1","0","","","0","N","0","","40 25:05.049","","0","79 59:24.943","0","0","0","0","2301","0","0","0","N","0","0","0","2","02301","0","","1.0","","1","N","N","N","0","","0","0","0","","0","","","2","0","0","0","0","0","0","2","0","2","","03","","N","","","","","","","","","",""
"2022041527","1152","0","0","0","0","0","0","0","0","0","7","0","","02","4","2022","4","40.436109","-80.207087","1125","11","0","0","0","0","0","0","1","0","","0","0","0","","","1","N","0","","40 26:09.994","","2","80 12:25.514","3","0","0","0","2214","0","0","0","N","0","0","0","1","68B03","0","","4.0","","1","N","N","N","0","","1","0","1","","0","","","1","1","0","0","0","0","0","1","0","1","","03","","N","","","","","","","","","",""
"2022040682","1817","2","0","0","0","0","0","0","0","0","4","0","","02","5","2022","1","40.477535","-79.759424","1809","11","0","0","0","0","0","0","0","0","","0","0","0","","","1","","3","","40 28:39.127","","0","79 45:33.926","8","0","0","0","2466","0","0","0","N","0","0","0","2","02466","0","","1.0","","9","N","N","N","0","","0","0","0","","0","N","","2","1","0","0","0","1","0","2","0","2","","","","N","","","","","","","","","",""
"2022041709","2046","2","0","0","0","0","0","0","0","0","4","0","","02","5","2022","2","40.332913","-79.813641","2044","11","0","0","1","0","0","0","0","0","","0","0","0","","","0","Y","0","","40 19:58.486","","7","79 48:49.109","0","0","0","0","2477","0","0","0","N","0","0","0","2","02477","0","","1.0","","1","N","N","N","0","","0","0","0","","2","N","","2","0","0","0","0","0","0","2","0","2","","","","N","","","","","","","","","",""
"2022031596","1329","2","0","0","0","0","0","0","0","0","4","0","","02","4","2022","6","40.379276","-79.806669","1327","11","0","0","0","0","0","1","1","0","","0","0","0","","","0","N","0","","40 22:45.395","","0","79 48:24.008","0","0","0","0","2111","0","0","0","N","0","0","0","2","02111","0","","1.0","","1","N","N","N","0","","0","0","0","","0","","","2","0","0","0","0","0","0","2","0","2","","04","","N","","","","","","","","","",""
"2022041948","1616","0","0","0","0","0","0","1","0","0","4","1","","02","5","2022","4","40.432162","-80.003954","1611","11","0","0","0","0","0","0","1","0","","0","0","0","","","4","N","1","","40 25:55.782","6","0","80 00:14.236","3","0","0","0","2301","0","0","0","N","0","0","0","6","02503","0","","1.0","1712.0","1","N","N","N","0","","1","0","1","","2","Y","","2","4","0","0","0","3","0","2","0","2","","03","","N","","","","","","","","","",""
"2022049620","1747","1","0","0","0","0","0","0","0","0","5","0","","02","5","2022","6","40.42961","-79.915435","1738","11","0","0","0","0","0","0","0","0","","0","0","0","","","0","N","0","","40 25:46.595","2","0","79 54:55.565","0","0","0","0","2301","0","0","0","N","0","0","0","1","02301","0","","5.0","1844.0","1","N","N","N","0","","0","0","0","","0","N","","2","0","0","0","0","0","0","2","1","2","","","","N","","","","","","","","","",""
"2022016727","2243","1","0","0","0","0","0","0","0","0","98","0","","02","2","2022","4","40.434753","-79.997294","2232","11","0","0","0","0","0","0","0","0","","0","0","0","","","0","N","0","","40 26:05.109","","0","79 59:50.257","0","0","0","0","2301","0","0","0","N","0","0","0","1","68B03","0","","1.0","","1","N","N","N","0","","0","0","0","","0","","","1","0","0","0","0","0","0","2","0","1","","","","N","","","","","","","","","",""
"2022021812","0705","3","0","0","0","0","0","0","0","0","1","0","","02","3","2022","4","40.323839","-79.943339","0701","11","0","0","0","0","0","0","0","0","","0","0","0","","","0","N","0","","40 19:25.820","","0","79 56:36.022","0","0","0","0","2454","0","0","0","N","0","0","0","3","02454","0","","1.0","","1","N","N","N","0","","0","0","0","","0","","","3","0","0","0","0","0","0","2","0","3","","03","","N","","","","","","","","","",""
"2022031559","1246","0","0","0","0","0","0","0","0","0","1","0","","02","3","2022","7","40.58229","-79.780194","1245","11","0","0","0","0","0","0","0","0","","0","0","0","","","0","N","6","","40 34:56.243","","2","79 46:48.698","0","0","0","0","2104","0","0","0","N","0","0","0","2","02514","0","","1.0","","1","N","N","N","1","","0","0","0","","3","","","2","0","0","0","0","0","0","2","1","2","","03","","N","","","","","","","","","",""
"2022025751","2205","2","0","0","0","0","0","0","0","0","6","0","","02","3","2022","1","40.444232","-80.028216","2159","11","0","0","0","0","0","0","0","0","","0","0","0","","","0","","1","","40 26:39.234","","3","80 01:41.577","9","0","0","0","2301","0","0","0","N","0","0","0","3","02301","0","","1.0","","1","N","N","N","0","","0","0","0","","2","","","2","0","0","0","0","0","1","2","0","2","","","","N","","","","","","","","","",""
"2022043360","1759","2","0","0","0","0","0","0","0","0","4","0","","02","5","2022","2","40.455247","-80.025175","1756","11","0","0","0","0","0","0","0","0","","0","0","0","","","1","N","0","","40 27:18.890","1","0","80 01:30.630","8","0","0","0","2301","0","0","0","N","0","0","0","1","02301","0","","1.0","1859.0","1","N","N","N","0","","0","0","1","","0","N","","4","1","0","0","0","1","0","2","1","4","","03","","N","","","","","","","","","",""
"2022042548","1809","2","0","0","0","0","0","0","0","0","1","0","","02","5","2022","6","40.578102","-79.953751","1806","11","0","0","0","1","0","0","1","0","","0","0","0","","","0","N","2","","40 34:41.166","5","0","79 57:13.504","0","0","0","0","2207","0","0","0","N","0","0","0","3","02207","0","","1.0","1855.0","9","N","N","Y","1","","0","0","0","","0","N","","3","0","1","0","0","0","0","2","0","3","","03","","N","","","","","","","","","",""
"2022038659","1335","1","0","0","0","0","0","0","0","0","7","0","","02","4","2022","5","40.496293","-79.939121","1314","11","0","0","0","0","1","0","0","0","","0","0","0","","","0","N","0","","40 29:46.656","2","0","79 56:20.834","0","0","0","0","2461","0","0","0","N","0","0","0","1","68D02","0","","2.0","1420.0","9","N","N","N","0","","0","0","0","","0","N","","1","0","0","0","0","0","0","2","0","1","","","","N","","","","","","","","","",""
"2022010977","1213","1","0","0","0","0","0","0","0","0","7","0","","02","1","2022","2","40.613533","-79.935888","1207","11","0","0","0","0","0","0","1","0","","0","0","0","","","1","N","0","","40 36:48.717","7","0","79 56:09.195","4","0","0","0","2207","0","0","0","N","0","0","0","1","02207","1","","5.0","1318.0","1","N","N","N","0","","0","0","0","","0","Y","","1","1","0","0","0","0","0","2","0","1","","03","","N","","","","","","","","","",""
"2022035536","0744","1","0","0","0","0","0","0","0","0","2","0","","02","4","2022","5","40.338748","-79.998834","0739","11","0","0","0","0","0","0","0","0","","0","0","0","","","0","N","0","","40 20:19.493","","0","79 59:55.804","0","0","0","0","2403","0","0","0","N","0","0","0","2","02403","0","","1.0","","1","N","N","N","1","","0","0","0","","0","","","2","0","0","0","0","0","0","2","0","2","","","","N","","","","","","","","","",""
"2022018464","1101","1","0","2","0","0","0","0","0","0","2","0","","02","2","2022","1","40.672283","-79.995211","1055","11","0","0","0","0","0","0","0","0","","0","0","0","","","2","N","0","","40 40:20.217","6","0","79 59:42.759","2","0","0","0","2216","0","0","0","N","0","0","0","3","02505","0","","1.0","1140.0","9","N","N","Y","0","","0","2","1","","0","N","","2","2","0","0","0","0","0","1","0","2","","98","","N","","","","","","","","","",""
"2022036107","1542","1","0","0","0","0","0","0","0","0","7","0","","02","4","2022","4","40.427028","-80.041439","1539","11","0","0","0","0","0","0","0","0","","0","0","0","","","1","N","0","","40 25:37.302","","0","80 02:29.182","3","0","0","0","2435","0","0","0","N","0","0","0","1","02435","0","","5.0","","1","N","N","N","0","","1","0","0","","0","","","1","1","0","0","0","0","0","2","0","1","","","","N","","","","","","","","","",""
"2022010140","1150","1","0","0","0","0","0","0","0","0","4","0","","02","1","2022","5","40.4388","-79.766252","1141","11","0","0","0","0","0","1","1","0","","0","0","0","","","0","","1","","40 26:19.679","3","7","79 45:58.506","0","0","0","0","2446","0","0","0","N","0","0","0","4","02446","0","","1.0","1215.0","1","N","N","N","1","","0","0","1","","2","N","","3","0","0","0","0","0","0","2","0","3","","03","","N","","","","","","","","","",""
"2022037672","1745","3","0","0","0","0","0","0","0","0","1","0","","02","4","2022","5","40.458727","-79.957908","1738","11","0","0","0","0","0","1","0","0","","0","0","0","","","0","N","2","","40 27:31.416","","0","79 57:28.469","0","0","0","0","2301","0","0","0","N","0","0","0","4","02301","0","","1.0","","1","N","N","N","0","","0","0","0","","2","N","","3","0","0","0","0","0","0","2","0","3","","03","","N","","","","","","","","","",""
"2022042938","1101","1","0","0","0","0","0","0","0","0","1","0","","02","5","2022","5","40.385245","-79.802708","1100","11","0","0","0","0","0","1","0","0","","0","0","0","","","0","","2","","40 23:06.881","","0","79 48:09.748","0","0","0","0","2424","0","0","0","N","0","0","0","3","02424","0","","1.0","","1","N","N","N","0","","0","0","2","","0","N","","3","0","1","0","0","0","0","2","0","3","","03","","N","","","","","","","","","",""