"CRN","ARRIVAL_TM","AUTOMOBILE_COUNT","BELTED_DEATH_COUNT","BELTED_SUSP_SERIOUS_INJ_COUNT","BICYCLE_COUNT","BICYCLE_DEATH_COUNT","BICYCLE_SUSP_SERIOUS_INJ_COUNT","BUS_COUNT","CHLDPAS_DEATH_COUNT","CHLDPAS_SUSP_SERIOUS_INJ_COUNT","COLLISION_TYPE","COMM_VEH_COUNT","CONS_ZONE_SPD_LIM","COUNTY","CRASH_MONTH","CRASH_YEAR","DAY_OF_WEEK","DEC_LATITUDE","DEC_LONGITUDE","DISPATCH_TM","DISTRICT","DRIVER_COUNT_16YR","DRIVER_COUNT_17YR","DRIVER_COUNT_18YR","DRIVER_COUNT_19YR","DRIVER_COUNT_20YR","DRIVER_COUNT_50_64YR","DRIVER_COUNT_65_74YR","DRIVER_COUNT_75PLUS","EST_HRS_CLOSED","FATAL_COUNT","HEAVY_TRUCK_COUNT","HORSE_BUGGY_COUNT","HOUR_OF_DAY","ILLUMINATION","INJURY_COUNT","INTERSECTION_RELATED","INTERSECT_TYPE","LANE_CLOSED","LATITUDE","LN_CLOSE_DIR","LOCATION_TYPE","LONGITUDE","MAX_SEVERITY_LEVEL","MCYCLE_DEATH_COUNT","MCYCLE_SUSP_SERIOUS_INJ_COUNT","MOTORCYCLE_COUNT","MUNICIPALITY","NONMOTR_COUNT","NONMOTR_DEATH_COUNT","NONMOTR_SUSP_SERIOUS_INJ_COUNT","NTFY_HIWY_MAINT","PED_COUNT","PED_DEATH_COUNT","PED_SUSP_SERIOUS_INJ_COUNT","PERSON_COUNT","POLICE_AGCY","POSSIBLE_INJ_COUNT","RDWY_SURF_TYPE_CD","RELATION_TO_ROAD","ROADWAY_CLEARED","ROAD_CONDITION","SCH_BUS_IND","SCH_ZONE_IND","SECONDARY_CRASH","SMALL_TRUCK_COUNT","SPEC_JURIS_CD","SUSP_MINOR_INJ_COUNT","SUSP_SERIOUS_INJ_COUNT","SUV_COUNT","TCD_FUNC_CD","TCD_TYPE","TFC_DETOUR_IND","TIME_OF_DAY","TOTAL_UNITS","TOT_INJ_COUNT","UNBELTED_OCC_COUNT","UNB_DEATH_COUNT","UNB_SUSP_SERIOUS_INJ_COUNT","UNK_INJ_DEG_COUNT","UNK_INJ_PER_COUNT","URBAN_RURAL","VAN_COUNT","VEHICLE_COUNT","WEATHER1","WEATHER2","WORKERS_PRES","WORK_ZONE_IND","WORK_ZONE_LOC","WORK_ZONE_TYPE","WZ_CLOSE_DETOUR","WZ_FLAGGER","WZ_LAW_OFFCR_IND","WZ_LN_CLOSURE","WZ_MOVING","WZ_OTHER","WZ_SHLDER_MDN","WZ_WORKERS_INJ_KILLED"
"2022037958","1417","2","0","0","0","0","0","0","0","0","3","0","","02","4","2022","6","40.395798","-80.033153","1417","11","0","0","0","0","0","1","0","0","","0","0","0","","","1","N","2","","40 23:44.872","","0","80 01:59.352","4","0","0","0","2301","0","0","0","N","0","0","0","2","02301","1","","1.0","","1","N","N","N","0","","0","0","0","","2","","","2","1","0","0","0","0","0","2","0","2","","","","N","","","","","","","","","",""
"2022009543","1620","1","0","0","0","0","0","0","0","0","1","0","","02","1","2022","5","40.449029","-80.022024","1615","11","0","0","0","1","0","0","0","0","","0","0","0","","","0","N","0","","40 26:56.504","","0","80 01:19.286","0","0","0","0","2301","0","0","0","N","0","0","0","8","02301","0","","1.0","","1","N","N","N","0","","0","0","1","","0","","","2","0","0","0","0","0","0","2","0","2","","04","","N","","","","","","","","","",""
"2022039128","1721","1","0","0","0","0","0","0","0","0","1","0","","02","4","2022","7","40.352546","-79.977751","1719","11","0","0","1","0","0","0","0","0","","0","0","0","","","3","N","0","","40 21:09.164","1","0","79 58:39.905","3","0","0","0","2476","0","0","0","N","0","0","0","9","02476","1","","1.0","1819.0","1","N","N","N","1","","2","0","2","","0","N","","4","3","0","0","0","0","0","2","0","4","","03","","N","","","","","","","","","",""
"2022011934","1646","1","0","0","0","0","0","0","0","0","1","0","","02","1","2022","7","40.493929","-79.86089","1646","11","0","0","0","0","0","1","0","1","","0","0","0","","","0","","2","","40 29:38.145","","0","79 51:39.203","0","0","0","0","2408","0","0","0","N","0","0","0","2","02408","0","","1.0","","1","N","N","N","0","","0","0","1","","0","","","2","0","0","0","0","0","0","2","0","2","","","","N","","","","","","","","","",""
"2022051069","0157","1","0","0","0","0","0","0","0","0","7","0","","02","5","2022","7","40.439574","-80.009272","0156","11","0","0","0","0","0","0","0","0","","0","0","0","","","0","N","0","","40 26:22.465","4","0","80 00:33.378","0","0","0","0","2301","0","0","0","N","0","0","0","2","68B03","0","","2.0","237.0","1","N","N","N","0","","0","0","0","","0","N","","1","0","1","0","0","0","0","2","0","1","","","","N","","","","","","","","","",""
"2022029266","1232","3","0","0","0","0","0","0","0","0","1","0","","02","3","2022","4","40.319505","-80.026949","1229","11","0","0","0","0","0","0","1","2","","0","0","0","","","0","","2","","40 19:10.219","","0","80 01:37.018","0","0","0","0","2407","0","0","0","N","0","0","0","4","02407","0","","1.0","","1","N","N","N","0","","0","0","0","","2","","","3","0","0","0","0","0","0","2","0","3","","","","N","","","","","","","","","",""
"2022042641","1726","2","0","0","0","0","0","0","0","0","2","0","","02","5","2022","7","40.478285","-80.031229","1720","11","0","0","0","0","0","0","0","0","","0","0","0","","","0","","1","","40 28:41.826","","0","80 01:52.424","0","0","0","0","2301","0","0","0","N","0","0","0","2","02301","0","","1.0","","9","N","N","N","0","","0","0","0","","3","","","2","0","0","0","0","0","0","2","0","2","","07","","N","","","","","","","","","",""
"2022036384","0859","2","0","0","0","0","0","0","0","0","4","0","","02","4","2022","2","40.371944","-79.852111","0848","11","0","0","0","0","0","0","0","0","","0","0","0","","","1","","2","","40 22:19.000","","0","79 51:07.600","3","0","0","0","2301","0","0","0","N","0","0","0","2","02301","0","","1.0","","9","N","N","N","0","","1","0","0","","2","","","2","1","0","0","0","0","0","2","0","2","","","","N","","","","","","","","","",""
"2022039073","1218","0","0","0","0","0","0","0","0","0","4","0","","02","4","2022","3","40.3381","-79.963467","1214","11","0","0","0","0","0","0","1","0","","0","0","0","","","0","","2","","40 20:17.160","","0","79 57:48.481","9","0","0","0","2454","0","0","0","N","0","0","0","2","02454","0","","1.0","","1","N","N","N","1","","0","0","1","","3","","","2","0","0","0","0","0","1","2","0","2","","","","N","","","","","","","","","",""
"2022050460","1915","1","0","0","0","0","0","0","0","0","4","0","","02","5","2022","3","40.378225","-80.064701","1910","11","0","0","0","0","0","1","1","0","","0","0","0","","","2","","5","","40 22:41.611","4","0","80 03:52.925","3","0","0","0","2109","0","0","0","N","0","0","0","3","02109","0","","1.0","1955.0","1","N","N","N","0","","2","0","1","","2","Y","","2","2","0","0","0","0","0","2","0","2","","05","","N","","","","","","","","","",""
"2022017282","0943","0","0","0","0","0","0","0","0","0","4","0","","02","2","2022","3","40.437728","-79.986514","0936","11","0","0","0","0","0","1","0","0","","0","0","0","","","2","N","1","","40 26:15.820","","0","79 59:11.450","3","0","0","0","2301","0","0","0","N","0","0","0","4","02301","0","","1.0","","1","N","N","N","0","","2","0","0","","3","","","2","2","1","0","0","0","1","2","2","2","","03","","N","","","","","","","","","",""
"2022049071","0117","2","0","0","0","0","0","0","0","0","2","0","","02","5","2022","1","40.456323","-79.940578","0116","11","0","0","0","0","0","0","0","0","","0","0","0","","","0","","1","","40 27:22.762","","0","79 56:26.079","0","0","0","0","2301","0","0","0","N","0","0","0","3","02301","0","","1.0","","1","N","N","N","0","","0","0","0","","2","","","2","0","0","0","0","0","0","2","0","2","","03","","N","","","","","","","","","",""
"2022041789","1650","2","0","0","0","0","0","0","0","0","4","0","","02","5","2022","4","40.33772","-79.951435","1639","11","0","0","1","0","0","0","0","0","","0","0","0","","","0","N","0","","40 20:15.793","1","7","79 57:05.166","0","0","0","0","2473","0","0","0","N","0","0","0","2","02473","0","","1.0","1715.0","1","N","N","N","0","","0","0","0","","1","N","","2","0","0","0","0","0","0","2","0","2","","03","","N","","","","","","","","","",""
"2022022992","0926","2","0","0","0","0","0","0","0","0","4","0","","02","3","2022","1","40.435426","-79.984403","0921","11","0","0","0","0","0","0","0","0","","0","0","0","","","0","","2","","40 26:07.534","","0","79 59:03.852","0","0","0","0","2301","0","0","0","N","0","0","0","2","02301","0","","1.0","","1","N","N","N","0","","0","0","0","","3","N","","2","0","0","0","0","0","0","2","0","2","","","","N","","","","","","","","","",""
"2022037220","0908","2","0","0","0","0","0","0","0","0","1","0","","02","4","2022","4","40.444582","-79.942976","0903","11","0","0","0","0","0","1","1","0","","0","0","0","","","1","","2","","40 26:40.496","","0","79 56:34.715","3","0","0","0","2301","0","0","0","N","0","0","0","4","02301","0","","1.0","","1","N","N","N","0","","1","0","1","","2","","","3","1","0","0","0","0","1","2","0","3","","98","","N","","","","","","","","","",""
"2022029447","2018","0","0","0","0","0","0","0","0","0","0","0","","02","3","2022","5","40.327371","-79.840252","2014","11","0","0","0","0","0","0","0","0","","0","0","0","","","0","N","0","","40 19:38.537","","0","79 50:24.908","0","0","0","0","2304","0","0","0","N","0","0","0","1","02304","0","","2.0","","1","N","N","N","0","","0","0","1","","0","","","1","0","1","0","0","0","0","2","0","1","","03","","N","","","","","","","","","",""
"2022038116","2131","1","0","0","0","0","0","0","0","0","7","0","","02","4","2022","6","40.42924","-79.727703","2125","11","0","0","0","0","0","1","0","0","","0","0","0","","","0","N","0","","40 25:45.263","","0","79 43:39.729","0","0","0","0","2446","0","0","0","N","0","0","0","1","02446","0","","3.0","","1","N","N","N","0","","0","0","0","","0","N","","1","0","0","0","0","0","0","2","0","1","","","","N","","","","","","","","","",""
"2022036150","0202","2","0","0","0","0","0","0","0","0","5","0","","02","4","2022","1","40.427629","-79.984072","0202","11","0","0","0","0","0","0","0","0","","0","0","0","","","0","","1","","40 25:39.466","2","0","79 59:02.659","0","0","0","0","2301","0","0","0","N","0","0","0","1","02301","0","","4.0","233.0","1","N","N","N","0","","0","0","0","","0","N","","2","0","0","0","0","0","0","2","0","2","","03","","N","","","","","","","","","",""
"2022029651","0756","0","0","0","0","0","0","0","0","0","4","0","","02","3","2022","6","40.450834","-79.906369","0744","11","0","0","0","0","0","0","0","0","","0","0","0","","","0","","2","","40 27:03.001","4","0","79 54:22.930","0","0","0","0","2301","0","0","0","N","0","0","0","2","02301","0","","1.0","830.0","1","N","N","N","0","","0","0","2","","3","N","","2","0","0","0","0","0","0","2","0","2","","03","","N","","","","","","","","","",""
"2022039054","1059","1","0","0","0","0","0","0","0","0","4","0","","02","4","2022","3","40.452917","-79.920736","1054","11","0","0","0","0","0","1","0","0","","0","0","0","","","2","N","1","","40 27:10.501","","0","79 55:14.649","3","0","0","0","2301","0","0","0","N","0","0","0","2","02301","0","","1.0","","1","N","N","N","0","","2","0","1","","2","","","2","2","0","0","0","0","0","2","0","2","","03","","N","","","","","","","","","",""
"2022046045","1456","1","0","0","0","0","0","0","0","0","4","0","","02","5","2022","6","40.493434","-79.914563","1454","11","0","1","0","0","0","1","0","0","","0","0","0","","","1","N","0","","40 29:36.361","5","7","79 54:52.426","8","0","0","1","2461","0","0","0","N","0","0","0","2","02461","0","","1.0","35.0","1","N","N","N","0","","0","0","0","","0","N","","2","1","0","0","0","1","0","2","0","2","","","","N","","","","","","","","","",""
"2022049797","1514","1","0","0","0","0","0","0","0","0","4","0","","02","3","2022","3","40.46374","-79.923809","1507","11","0","0","0","0","0","1","0","0","","0","0","0","","","1","N","1","","40 27:49.464","","0","79 55:25.712","3","0","0","0","2301","0","0","0","N","0","0","0","2","02301","0","","1.0","","1","N","N","N","0","","1","0","1","","2","N","","2","1","0","0","0","0","0","2","0","2","","03","","N","","","","","","","","","",""
"2022038324","0138","2","0","0","0","0","0","0","0","0","5","0","","02","4","2022","1","40.401964","-80.000683","0130","11","0","0","0","0","0","1","0","0","","0","0","0","","","1","N","1","","40 24:07.069","","0","80 00:02.460","3","0","0","0","2301","0","0","0","N","0","0","0","3","02301","0","","1.0","","1","N","N","N","0","","1","0","0","","2","N","","2","1","0","0","0","0","0","2","0","2","","03","","N","","","","","","","","","",""
"2022014112","0505","1","0","0","0","0","0","0","0","0","2","0","","02","1","2022","6","40.508977","-80.238502","0458","11","0","0","0","0","0","1","0","0","","0","0","0","","","0","","2","","40 30:32.316","3","0","80 14:18.607","0","0","0","0","2213","0","0","0","N","0","0","0","2","02213","0","","1.0","530.0","7","N","N","N","1","","0","0","0","","0","Y","","2","0","0","0","0","0","0","2","0","2","","06","","N","","","","","","","","","",""
"2022037064","0118","2","0","0","0","0","0","0","0","0","6","0","","02","4","2022","4","40.442168","-79.994957","0115","11","0","0","0","0","0","0","0","0","","0","0","0","","","1","N","1","","40 26:31.803","","0","79 59:41.846","4","0","0","0","2301","0","0","0","N","0","0","0","3","02301","1","","1.0","","1","N","N","N","0","","0","0","0","","0","","","2","1","0","0","0","0","0","2","0","2","","03","","N","","","","","","","","","",""
"2022023007","1430","2","0","0","0","0","0","0","0","0","4","0","","02","3","2022","7","40.448928","-80.000726","1425","11","0","0","0","0","0","1","0","0","","0","0","0","","","0","","1","","40 26:56.142","3","0","80 00:02.615","0","0","0","0","2301","0","0","0","N","0","0","0","2","02301","0","","1.0","1455.0","1","N","N","N","0","","0","0","0","","2","N","","2","0","0","0","0","0","0","2","0","2","","03","","N","","","","","","","","","",""
"2022045492","1849","1","0","0","0","0","0","0","0","0","1","0","","02","5","2022","1","40.408869","-79.905833","1849","11","0","0","0","0","0","0","0","1","","0","0","0","","","1","N","0","","40 24:31.930","","0","79 54:20.998","4","0","0","0","2448","0","0","0","N","0","0","0","1","02448","1","","4.0","","1","N","N","N","1","","0","0","0","","0","","","3","1","0","0","0","0","0","2","1","3","","03","","N","","","","","","","","","",""
"2022034574","1131","2","0","0","0","0","0","0","0","0","4","0","","02","4","2022","2","40.46068","-79.932399","1123","11","0","0","0","0","0","0","0","0","","0","0","0","","","0","","1","","40 27:38.447","","0","79 55:56.638","0","0","0","0","2301","0","0","0","N","0","0","0","2","02301","0","","1.0","","1","N","N","N","0","","0","0","0","","2","N","","2","0","0","0","0","0","0","2","0","2","","","","N","","","","","","","","","",""
"2022053737","2148","0","0","0","0","0","0","0","0","0","7","0","","02","6","2022","3","40.654483","-79.790217","2143","11","0","0","0","0","0","0","0","0","","0","0","0","","","6","N","0","","40 39:16.140","6","0","79 47:24.782","2","0","0","0","2202","0","0","0","Y","0","0","0","6","02202","0","","4.0","445.0","9","N","","N","1","","4","2","0","","0","Y","","1","6","4","0","1","0","0","1","0","1","","","","N","","","","","","","","","",""
"2022039723","1417","1","0","0","0","0","0","0","0","0","1","0","","02","4","2022","1","40.426631","-79.892875","1400","11","0","0","0","0","0","0","0","0","","0","0","0","","","0","N","0","","40 25:35.873","","2","79 53:34.351","0","0","0","0","2301","0","0","0","N","0","0","0","2","68B03","0","","1.0","","1","N","N","N","1","","0","0","0","","0","","","2","0","0","0","0","0","0","2","0","2","","","","N","","","","","","","","","",""
"2022010187","1350","0","0","0","0","0","0","0","0","0","1","0","","02","1","2022","7","40.428211","-79.971184","1342","11","0","0","0","0","0","1","0","0","","0","0","0","","","1","","1","","40 25:41.561","","0","79 58:16.263","3","0","0","0","2301","0","0","0","N","0","0","0","3","02301","0","","1.0","","1","N","N","N","1","","1","0","0","","2","","","2","1","0","0","0","0","0","2","1","2","","03","","N","","","","","","","","","",""
"2022044486","1126","2","0","0","0","0","0","0","0","0","4","0","","02","5","2022","4","40.432372","-79.864851","1120","11","0","1","0","0","0","1","0","0","","0","0","0","","","0","","1","","40 25:56.539","4","0","79 51:53.464","0","0","0","0","2431","0","0","0","N","0","0","0","2","02431","0","","1.0","1140.0","1","N","N","N","0","","0","0","0","","2","N","","2","0","0","0","0","0","0","2","0","2","","03","","N","","","","","","","","","",""
"2022011971","0805","1","0","0","0","0","0","0","0","0","7","0","","02","1","2022","4","40.515941","-80.219717","0802","11","0","0","0","0","0","0","0","0","","0","0","0","","","0","","2","","40 30:57.387","","7","80 13:10.982","0","0","0","0","2213","0","0","0","N","0","0","0","1","02213","0","","4.0","","1","N","N","N","0","","0","0","0","","0","","","1","0","0","0","0","0","0","2","0","1","","","","N","","","","","","","","","",""
"2022038582","1934","1","0","0","0","0","0","0","0","0","7","0","","02","4","2022","1","40.475086","-80.089348","1932","11","0","0","0","0","0","0","0","0","","0","0","0","","","3","N","0","","40 28:30.310","3","0","80 05:21.653","3","0","0","0","2126","0","0","0","N","0","0","0","3","02126","2","","2.0","2008.0","1","N","N","N","0","","1","0","0","","0","Y","","1","3","0","0","0","0","0","2","0","1","","03","","N","","","","","","","","","",""
"2022009988","0201","1","0","0","0","0","0","0","0","0","2","0","","02","1","2022","5","40.580586","-79.824812","0152","11","0","0","0","0","0","0","0","0","","0","0","0","","","0","N","0","","40 34:50.110","","0","79 49:29.322","0","0","0","0","2209","0","0","0","N","0","0","0","1","02209","0","","4.0","","1","N","N","N","0","","0","0","1","","0","","","2","0","1","0","0","0","0","2","0","2","","","","N","","","","","","","","","",""
"2022038599","2038","2","0","0","0","0","0","0","0","0","4","0","","02","4","2022","1","40.451215","-79.925799","2035","11","0","0","0","0","0","1","0","0","","0","0","0","","","0","N","2","","40 27:04.374","6","0","79 55:32.876","0","0","0","0","2301","0","0","0","N","0","0","0","2","02301","0","","1.0","2144.0","1","N","N","N","0","","0","0","0","","0","N","","2","0","0","0","0","0","0","2","0","2","","03","","N","","","","","","","","","",""
"2022037757","1527","2","0","0","0","0","0","0","0","0","2","0","","02","4","2022","5","40.464702","-79.936436","1527","11","0","0","0","0","0","0","1","0","","0","0","0","","","0","N","2","","40 27:52.927","5","0","79 56:11.169","0","0","0","0","2301","0","0","0","N","0","0","0","1","02301","0","","2.0","1545.0","1","N","N","N","0","","0","0","1","","0","Y","","3","0","0","0","0","0","0","2","0","3","","","","N","","","","","","","","","",""
"2022045557","0033","1","0","0","0","0","0","0","0","0","7","0","","02","5","2022","1","40.406281","-79.904042","0031","11","0","0","0","0","0","0","0","0","","0","0","0","","","0","N","0","","40 24:22.610","5","0","79 54:14.550","9","0","0","0","2448","0","0","0","N","0","0","0","1","02448","0","","5.0","141.0","1","N","N","N","0","","0","0","0","","0","N","","1","0","0","0","0","0","1","2","0","1","","03","","N","","","","","","","","","",""
"2022022050","0353","1","0","0","0","0","0","0","0","0","2","0","","02","3","2022","5","40.39255","-79.986589","0340","11","0","0","0","0","0","0","0","0","","0","0","0","","","0","N","0","","40 23:33.180","","0","79 59:11.720","9","0","0","0","2301","0","0","0","N","0","0","0","1","02301","0","","1.0","","9","N","N","N","0","","0","0","1","","0","","","2","0","0","0","0","0","1","2","0","2","","07","","N","","","","","","","","","",""
"2022025789","0237","0","0","0","0","0","0","0","0","0","7","0","","02","3","2022","2","40.449678","-80.018436","0235","11","0","0","0","0","0","0","0","0","","0","0","0","","","1","N","0","","40 26:58.840","","0","80 01:06.370","4","0","0","0","2301","0","0","0","N","0","0","0","1","02301","1","","5.0","","1","N","N","N","0","","0","0","1","","2","N","","1","1","0","0","0","0","0","2","0","1","","03","","N","","","","","","","","","",""
"2022034484","0649","1","0","0","0","0","0","0","0","0","4","0","","02","4","2022","6","40.449135","-80.119361","0645","11","0","0","1","0","0","0","0","0","","0","0","0","","","0","","2","","40 26:56.886","","0","80 07:09.698","0","0","0","0","2115","0","0","0","N","0","0","0","3","02115","0","","1.0","","1","N","N","N","0","","0","0","1","","3","","","2","0","0","0","0","0","0","2","0","2","","03","","N","","","","","","","","","",""
"2022042096","0213","0","0","0","0","0","0","0","0","0","7","0","","02","5","2022","6","40.445248","-80.099761","0210","11","0","0","0","0","0","0","0","0","","1","0","0","","","0","N","0","","40 26:42.891","6","0","80 05:59.141","1","0","0","0","2115","0","0","0","Y","0","0","0","1","02115","0","2","4.0","900.0","9","N","N","N","1","0","0","0","0","","0","Y","","1","0","1","1","0","0","0","2","0","1","","","","N","","","","","","","","","",""
"2022021911","1424","1","0","0","0","0","0","0","0","0","1","0","","02","3","2022","4","40.440787","-80.019186","1410","11","0","0","0","0","0","0","0","0","","0","0","0","","","1","N","0","","40 26:26.833","3","7","80 01:09.068","3","0","0","0","2301","0","0","0","N","0","0","0","3","02301","0","","1.0","1445.0","1","N","N","N","0","","1","0","0","","2","N","","2","1","0","0","0","0","0","2","1","2","","03","","N","","","","","","","","","",""
"2022009620","1844","2","0","0","0","0","0","0","0","0","1","0","","02","1","2022","5","40.473296","-79.969424","1840","11","0","0","0","0","0","1","0","0","","0","0","0","","","1","N","0","","40 28:23.866","3","3","79 58:09.926","8","0","0","0","2301","0","0","0","N","0","0","0","3","02301","0","","1.0","1920.0","9","N","N","N","0","","0","0","1","","8","N","","3","1","0","0","0","1","0","2","0","3","","04","","N","","","","","","","","","",""
"2022038773","1805","2","0","0","0","0","0","0","0","0","5","0","","02","4","2022","1","40.478727","-79.970992","1802","11","0","0","0","0","0","1","0","0","","0","0","0","","","1","N","1","","40 28:43.417","7","0","79 58:15.571","4","0","0","0","2445","0","0","0","N","0","0","0","2","02445","1","","1.0","1824.0","1","N","N","N","0","","0","0","0","","0","N","","2","1","0","0","0","0","0","2","0","2","","03","","N","","","","","","","","","",""
"2022011615","0042","0","0","0","0","0","0","0","0","0","7","0","","02","1","2022","7","40.440756","-79.831033","0033","11","0","0","0","0","0","0","0","0","","0","0","0","","","1","N","6","","40 26:26.723","6","2","79 49:51.720","8","0","0","0","2419","0","0","0","Y","0","0","0","1","68B03","0","","3.0","130.0","1","N","N","N","0","","0","0","1","","0","N","","1","1","1","0","0","1","0","2","0","1","","03","","N","","","","","","","","","",""
"2022017256","1450","1","0","0","0","0","0","0","0","0","1","0","","02","1","2022","2","40.349366","-80.051692","1423","11","0","0","0","0","0","1","0","0","","0","0","0","","","3","N","0","","40 20:57.718","2","0","80 03:06.091","3","0","0","0","2407","0","0","0","N","0","0","0","5","02407","1","","1.0","1521.0","1","N","N","N","0","","2","0","2","","0","N","","3","3","0","0","0","0","0","2","0","3","","","","N","","","","","","","","","",""
"2022022043","0122","0","0","0","0","0","0","0","0","0","4","0","","02","3","2022","5","40.443591","-80.030645","0117","11","0","0","0","0","0","1","0","0","","0","0","0","","","0","","3","","40 26:36.928","1","2","80 01:50.321","0","0","0","0","2301","0","0","0","N","0","0","0","2","02301","0","","1.0","145.0","9","N","N","N","0","","0","0","2","","3","N","","2","0","0","0","0","0","0","2","0","2","","","","N","","","","","","","","","",""
"2022046237","2011","1","0","0","0","0","0","0","0","0","4","0","","02","5","2022","6","40.442607","-79.810652","1955","11","0","0","0","0","0","1","0","0","","0","0","0","","","1","N","0","","40 26:33.386","3","0","79 48:38.347","8","0","0","0","2113","0","0","0","N","0","0","0","2","68B03","0","","1.0","2042.0","9","N","N","N","0","","0","0","1","","0","N","","2","1","0","0","0","1","0","2","0","2","","","","N","","","","","","","","","",""
"2022025424","0314","1","0","0","0","0","0","0","0","0","7","0","","02","3","2022","1","40.437081","-79.972458","0307","11","0","0","0","0","0","0","0","0","","0","0","0","","","1","N","6","","40 26:13.490","","2","79 58:20.848","3","0","0","0","2301","0","0","0","N","0","0","0","2","02301","0","","4.0","","1","N","N","N","0","","1","0","0","","2","","","2","1","0","0","0","0","0","2","0","1","","","","N","","","","","","","","","",""
"2022020277","0827","1","0","0","0","0","0","0","0","0","7","0","","02","2","2022","6","40.510081","-79.796181","0804","11","0","0","0","0","0","0","0","0","","0","0","0","","","0","N","0","","40 30:36.290","6","0","79 47:46.252","0","0","0","0","2113","0","0","0","Y","0","0","0","1","02113","0","","5.0","924.0","9","N","N","N","0","","0","0","0","","0","N","","1","0","0","0","0","0","0","2","0","1","","04","","N","","","","","","","","","",""
"2022032950","1745","1","0","0","0","0","0","0","0","0","0","0","","02","3","2022","4","40.361025","-80.028494","1743","11","0","0","0","0","0","1","0","0","","0","0","0","","","0","","1","","40 21:39.689","","0","80 01:42.578","0","0","0","0","2416","0","0","0","N","0","0","0","1","02416","0","","1.0","","1","N","N","N","0","","0","0","0","","2","","","1","0","0","0","0","0","0","2","0","1","","03","","N","","","","","","","","","",""
"2022040414","1233","0","0","0","0","0","0","0","0","0","4","0","","02","4","2022","5","40.378505","-79.990541","1230","11","0","0","0","0","0","0","0","1","","0","0","0","","","0","N","0","","40 22:42.619","5","7","79 59:25.947","0","0","0","0","2476","0","0","0","N","0","0","0","2","02476","0","","1.0","1300.0","1","N","N","N","0","","0","0","2","","0","N","","2","0","0","0","0","0","0","2","0","2","","","","N","","","","","","","","","",""
"2022014351","0830","0","0","0","0","0","0","0","0","0","7","0","35","02","2","2022","3","40.665547","-80.09581","0826","11","0","0","0","0","0","1","0","0","","0","0","0","","","0","N","0","","40 39:55.970","2","0","80 05:44.915","0","0","0","0","2212","0","0","0","Y","0","0","0","1","02505","0","","2.0","902.0","9","N","N","N","0","","0","0","1","","0","N","","1","0","0","0","0","0","0","2","0","1","","10","Y","Y","4","1","","","N","Y","","","Y","N"
"2022036202","1258","1","0","0","0","0","0","0","0","0","7","0","","02","4","2022","7","40.52269","-79.784634","1251","11","0","0","0","0","0","0","0","0","","0","0","0","","","0","N","2","","40 31:21.684","","0","79 47:04.682","0","0","0","0","2466","0","0","0","N","0","0","0","1","02466","0","","5.0","","9","N","N","N","0","","0","0","0","","0","","","1","0","0","0","0","0","0","2","0","1","","","","N","","","","","","","","","",""
"2022027120","1336","0","0","0","0","0","0","0","0","0","7","0","","02","3","2022","3","40.537508","-80.021218","1336","11","0","0","0","0","0","0","0","0","","0","0","0","","","1","","1","","40 32:15.028","7","0","80 01:16.384","3","0","0","0","2116","0","0","0","N","0","0","0","1","02116","0","","5.0","9999.0","1","N","N","N","0","","1","0","1","","3","Y","","2","1","0","0","0","0","0","2","0","1","","03","","N","","","","","","","","","",""
"2022036065","0010","1","0","0","0","0","0","0","0","0","4","0","","02","3","2022","7","40.359156","-80.036889","0002","11","0","1","0","0","0","0","0","0","","0","0","0","","","1","N","0","","40 21:32.960","5","0","80 02:12.800","3","0","0","0","2109","0","0","0","N","0","0","0","1","02109","0","","1.0","45.0","1","N","N","N","0","","1","0","1","","0","Y","","2","1","0","0","0","0","0","2","0","2","","03","","N","","","","","","","","","",""
"2022038459","1741","1","0","0","0","0","0","0","0","0","4","0","","02","4","2022","7","40.383422","-80.051065","1739","11","0","0","1","0","0","0","0","0","","0","0","0","","","1","","1","","40 23:00.319","","0","80 03:03.834","3","0","0","0","2109","0","0","0","N","0","0","0","4","02109","0","","1.0","","1","N","N","N","0","","1","0","1","","3","","","2","1","0","0","0","0","0","2","0","2","","03","","N","","","","","","","","","",""
"2022049944","1131","0","0","0","0","0","0","0","0","0","4","0","","02","5","2022","1","40.42694","-80.002114","1127","11","0","0","0","0","0","1","0","0","","0","0","0","","","0","N","2","","40 25:36.983","","0","80 00:07.610","0","0","0","0","2301","0","0","0","N","0","0","0","3","02301","0","","1.0","","1","N","N","N","0","","0","0","2","","3","","","2","0","0","0","0","0","0","2","0","2","","03","","N","","","","","","","","","",""
"2022050491","0850","1","0","0","0","0","0","0","0","0","7","0","","02","6","2022","4","40.325783","-79.839404","0848","11","0","0","0","0","0","0","0","0","","0","0","0","","","0","N","0","","40 19:32.817","","0","79 50:21.854","0","0","0","0","2304","0","0","0","N","0","0","0","1","02304","0","","2.0","","1","N","N","N","0","","0","0","0","","0","","","1","0","0","0","0","0","0","2","0","1","","03","","N","","","","","","","","","",""
"2022009511","2145","2","0","0","0","0","0","0","0","0","4","0","","02","1","2022","4","40.449839","-79.929647","2142","11","0","0","0","0","0","1","0","0","","0","0","0","","","1","","1","","40 26:59.420","","0","79 55:46.729","3","0","0","0","2301","0","0","0","N","0","0","0","5","02301","0","","1.0","","1","N","N","N","0","","1","0","1","","2","","","3","1","0","0","0","0","0","2","0","3","","","","N","","","","","","","","","",""