"CRN","ARRIVAL_TM","AUTOMOBILE_COUNT","BELTED_DEATH_COUNT","BELTED_SUSP_SERIOUS_INJ_COUNT","BICYCLE_COUNT","BICYCLE_DEATH_COUNT","BICYCLE_SUSP_SERIOUS_INJ_COUNT","BUS_COUNT","CHLDPAS_DEATH_COUNT","CHLDPAS_SUSP_SERIOUS_INJ_COUNT","COLLISION_TYPE","COMM_VEH_COUNT","CONS_ZONE_SPD_LIM","COUNTY","CRASH_MONTH","CRASH_YEAR","DAY_OF_WEEK","DEC_LATITUDE","DEC_LONGITUDE","DISPATCH_TM","DISTRICT","DRIVER_COUNT_16YR","DRIVER_COUNT_17YR","DRIVER_COUNT_18YR","DRIVER_COUNT_19YR","DRIVER_COUNT_20YR","DRIVER_COUNT_50_64YR","DRIVER_COUNT_65_74YR","DRIVER_COUNT_75PLUS","EST_HRS_CLOSED","FATAL_COUNT","HEAVY_TRUCK_COUNT","HORSE_BUGGY_COUNT","HOUR_OF_DAY","ILLUMINATION","INJURY_COUNT","INTERSECTION_RELATED","INTERSECT_TYPE","LANE_CLOSED","LATITUDE","LN_CLOSE_DIR","LOCATION_TYPE","LONGITUDE","MAX_SEVERITY_LEVEL","MCYCLE_DEATH_COUNT","MCYCLE_SUSP_SERIOUS_INJ_COUNT","MOTORCYCLE_COUNT","MUNICIPALITY","NONMOTR_COUNT","NONMOTR_DEATH_COUNT","NONMOTR_SUSP_SERIOUS_INJ_COUNT","NTFY_HIWY_MAINT","PED_COUNT","PED_DEATH_COUNT","PED_SUSP_SERIOUS_INJ_COUNT","PERSON_COUNT","POLICE_AGCY","POSSIBLE_INJ_COUNT","RDWY_SURF_TYPE_CD","RELATION_TO_ROAD","ROADWAY_CLEARED","ROAD_CONDITION","SCH_BUS_IND","SCH_ZONE_IND","SECONDARY_CRASH","SMALL_TRUCK_COUNT","SPEC_JURIS_CD","SUSP_MINOR_INJ_COUNT","SUSP_SERIOUS_INJ_COUNT","SUV_COUNT","TCD_FUNC_CD","TCD_TYPE","TFC_DETOUR_IND","TIME_OF_DAY","TOTAL_UNITS","TOT_INJ_COUNT","UNBELTED_OCC_COUNT","UNB_DEATH_COUNT","UNB_SUSP_SERIOUS_INJ_COUNT","UNK_INJ_DEG_COUNT","UNK_INJ_PER_COUNT","URBAN_RURAL","VAN_COUNT","VEHICLE_COUNT","WEATHER1","WEATHER2","WORKERS_PRES","WORK_ZONE_IND","WORK_ZONE_LOC","WORK_ZONE_TYPE","WZ_CLOSE_DETOUR","WZ_FLAGGER","WZ_LAW_OFFCR_IND","WZ_LN_CLOSURE","WZ_MOVING","WZ_OTHER","WZ_SHLDER_MDN","WZ_WORKERS_INJ_KILLED"
"2022038604","0532","1","0","0","0","0","0","0","0","0","2","0","","02","4","2022","7","40.441733","-80.035258","0529","11","0","0","0","0","0","0","0","0","","0","0","0","","","1","N","2","","40 26:30.238","","0","80 02:06.928","3","0","0","0","2301","0","0","0","N","0","0","0","1","02301","0","","1.0","","99","N","N","N","1","","1","0","0","","3","","","2","1","0","0","0","0","0","2","0","2","","","","N","","","","","","","","","",""
"2022032235","1059","1","0","0","0","0","0","0","0","0","1","0","","02","4","2022","1","40.326006","-79.793457","1054","11","0","0","1","0","0","1","0","0","","0","0","0","","","2","N","2","","40 19:33.622","4","0","79 47:36.446","4","0","0","0","2477","0","0","0","N","0","0","0","3","02477","2","","1.0","1133.0","1","N","N","N","0","","0","0","1","","0","N","","3","2","0","0","0","0","0","2","1","3","","04","","N","","","","","","","","","",""
"2022043437","0903","2","0","0","0","0","0","0","0","0","1","0","","02","5","2022","3","40.578102","-79.953751","0900","11","0","0","0","0","1","0","1","0","","0","0","0","","","2","N","2","","40 34:41.166","5","0","79 57:13.504","4","0","0","0","2207","0","0","0","N","0","0","0","3","02207","2","","1.0","930.0","1","N","N","N","0","","0","0","0","","0","N","","2","2","0","0","0","0","0","2","0","2","","03","","N","","","","","","","","","",""
"2022023463","1827","2","0","0","0","0","0","0","0","0","1","0","","02","3","2022","2","40.469232","-80.014566","1821","11","0","0","0","0","0","1","0","0","","0","0","0","","","0","","2","","40 28:09.235","2","0","80 00:52.437","0","0","0","0","2301","0","0","0","N","0","0","0","1","02301","0","","1.0","1843.0","9","N","N","N","0","","0","0","0","","3","N","","2","0","0","0","0","0","0","2","0","2","","07","","N","","","","","","","","","",""
"2022033868","2125","1","0","0","0","0","0","0","0","0","4","0","","02","4","2022","5","40.437524","-79.998064","2122","11","0","0","0","0","1","1","0","0","","0","0","0","","","0","","1","","40 26:15.086","3","0","79 59:53.029","0","0","0","0","2301","0","0","0","N","0","0","0","3","02301","0","","1.0","2210.0","1","N","N","N","0","","0","0","1","","2","N","","2","0","0","0","0","0","0","2","0","2","","03","","N","","","","","","","","","",""
"2022004951","1351","0","0","0","0","0","0","0","0","0","1","0","","02","1","2022","5","40.363848","-79.842953","1351","11","0","0","0","0","0","2","0","0","","0","0","0","","","0","N","0","","40 21:49.853","2","0","79 50:34.629","0","0","0","0","2303","0","0","0","N","0","0","0","2","02303","0","","1.0","1446.0","9","N","N","N","1","","0","0","1","","0","N","","2","0","0","0","0","0","0","2","0","2","","","","N","","","","","","","","","",""
"2022036324","2111","1","0","0","0","0","0","0","0","0","1","0","","02","4","2022","6","40.488234","-79.711124","2102","11","0","0","0","0","0","1","0","0","","0","0","0","","","0","N","0","","40 29:17.644","","0","79 42:40.047","0","0","0","0","2466","0","0","0","N","0","0","0","1","02466","0","","6.0","","1","N","N","N","1","","0","0","0","","0","","","2","0","0","0","0","0","0","2","0","2","","03","","N","","","","","","","","","",""
"2022020672","1940","1","0","0","0","0","0","0","0","0","8","0","","02","2","2022","7","40.442397","-80.000034","1940","11","0","0","0","0","0","0","0","0","","0","0","0","","","1","N","1","","40 26:32.630","","0","80 00:00.123","3","0","0","0","2301","1","0","0","N","1","0","0","2","02503","0","","1.0","","1","N","N","N","0","","1","0","0","","2","","","2","1","0","0","0","0","0","2","0","1","","","","N","","","","","","","","","",""
"2022027245","1835","0","0","0","0","0","0","0","0","0","4","0","","02","3","2022","5","40.435685","-79.994355","1823","11","0","0","0","0","0","1","0","0","","0","0","0","","","0","N","2","","40 26:08.467","","2","79 59:39.677","0","0","0","0","2301","0","0","0","N","0","0","0","2","02301","0","","1.0","","1","N","N","N","1","","0","0","1","","0","","","2","0","0","0","0","0","0","2","0","2","","03","","N","","","","","","","","","",""
"2022020426","1908","1","0","0","0","0","0","0","0","0","1","0","","02","2","2022","6","40.410282","-79.955224","1902","11","0","0","0","0","0","0","0","0","","0","0","0","","","0","N","0","","40 24:37.015","","0","79 57:18.807","9","0","0","0","2403","0","0","0","N","0","0","0","2","02403","0","","1.0","","2","N","N","N","0","","0","0","1","","0","","","2","0","0","0","0","0","1","2","0","2","","","","N","","","","","","","","","",""
"2022014616","1637","1","0","0","0","0","0","0","0","0","1","0","","02","2","2022","4","40.456601","-80.01675","1637","11","0","0","0","0","0","2","0","0","","0","0","0","","","0","","1","","40 27:23.763","","0","80 01:00.299","0","0","0","0","2301","0","0","0","N","0","0","0","2","02301","0","","1.0","","1","N","N","N","0","","0","0","1","","2","","","2","0","0","0","0","0","0","2","0","2","","03","","N","","","","","","","","","",""
"2022011242","2247","0","0","0","0","0","0","0","0","0","1","0","","02","1","2022","2","40.358309","-79.834821","2242","11","0","0","0","0","0","0","0","0","","0","0","0","","","0","N","0","","40 21:29.914","3","0","79 50:05.354","9","0","0","0","2304","0","0","0","N","0","0","0","1","02304","0","","2.0","1130.0","1","N","N","N","0","","0","0","2","","3","Y","","2","0","0","0","0","0","1","2","0","2","","03","","N","","","","","","","","","",""
"2022051305","2124","1","0","0","0","0","0","0","0","0","98","0","","02","5","2022","1","40.474334","-79.766499","2100","11","0","0","0","0","0","0","0","0","","0","0","0","","","0","N","0","","40 28:27.602","","0","79 45:59.397","0","0","0","0","2466","0","0","0","N","0","0","0","2","68T02","0","","1.0","","1","N","N","N","0","","0","0","0","","0","","","1","0","1","0","0","0","0","2","0","1","","","","N","","","","","","","","","",""
"2022011800","1733","1","0","0","0","0","0","0","0","0","1","0","","02","1","2022","6","40.42578","-79.910684","1647","11","0","0","0","0","0","0","0","0","","0","0","0","","","1","N","0","","40 25:32.809","4","0","79 54:38.462","3","0","0","0","2301","0","0","0","N","0","0","0","4","68B03","0","","1.0","1653.0","9","N","N","N","0","","1","0","2","","0","N","","3","1","0","0","0","0","0","2","0","3","","","","N","","","","","","","","","",""
"2022038825","1803","1","0","0","0","0","0","0","0","0","4","0","","02","4","2022","5","40.4375","-79.77","1751","11","0","0","0","0","0","0","1","0","","0","0","0","","","0","N","0","","40 26:15.000","","7","79 46:12.000","0","0","0","0","2446","0","0","0","N","0","0","0","2","02446","0","","1.0","","1","N","N","N","0","","0","0","1","","0","","","2","0","0","0","0","0","0","2","0","2","","03","","N","","","","","","","","","",""
"2022019868","0211","1","0","0","0","0","0","0","0","0","7","0","","02","2","2022","5","40.444177","-80.028142","0210","11","0","0","0","0","0","0","0","0","","0","0","0","","","1","N","1","","40 26:39.037","","3","80 01:41.310","2","0","0","0","2301","0","0","0","N","0","0","0","1","02301","0","","4.0","","1","N","N","N","0","","0","1","0","","2","","","1","1","1","0","1","0","0","2","0","1","","03","","N","","","","","","","","","",""
"2022029927","0925","0","0","0","0","0","0","0","0","0","7","0","","02","3","2022","7","40.549925","-79.971548","0921","11","0","0","0","0","0","0","0","0","","0","0","0","","","0","N","0","","40 32:59.731","2","0","79 58:17.573","0","0","0","0","2118","0","0","0","N","0","0","0","1","02118","0","","4.0","30.0","9","N","N","N","0","","0","0","1","","0","N","","1","0","0","0","0","0","0","2","0","1","","","","N","","","","","","","","","",""
"2022044870","0839","0","0","0","0","0","0","0","0","0","7","0","","02","5","2022","6","40.389827","","0829","11","0","0","0","0","0","1","0","0","","0","0","0","","","0","N","1","","40 23:23.377","","0","80 0:53.042","0","0","0","0","2301","0","0","0","N","0","0","0","1","02301","0","","5.0","","1","N","N","N","0","","0","0","1","","0","","","2","0","0","0","0","0","0","1","0","1","","03","","N","","","","","","","","","",""
"2022038429","1010","1","0","0","0","0","0","0","0","0","7","0","","02","4","2022","1","40.380991","-79.863588","1008","11","0","0","0","0","0","0","0","1","","0","0","0","","","0","N","0","","40 22:51.568","3","0","79 51:48.917","0","0","0","0","2303","0","0","0","N","0","0","0","1","02303","0","","4.0","1323.0","2","N","N","N","0","","0","0","0","","0","Y","","1","0","0","0","0","0","0","2","0","1","","","","N","","","","","","","","","",""
"2022027623","1815","1","0","0","0","0","0","0","0","0","5","0","","02","3","2022","3","40.370721","-79.828717","1810","11","0","0","0","0","0","1","0","0","","0","0","0","","","0","N","0","","40 22:14.594","2","0","79 49:43.382","0","0","0","0","2111","0","0","0","N","0","0","0","2","02111","0","","1.0","1845.0","1","N","N","N","0","","0","0","1","","0","N","","2","0","0","0","0","0","0","2","0","2","","03","","N","","","","","","","","","",""
"2022016940","1752","1","0","0","0","0","0","0","0","0","7","0","","02","2","2022","3","40.454079","-80.014578","1749","11","0","0","0","0","0","0","0","0","","0","0","0","","","0","N","0","","40 27:14.683","","0","80 00:52.481","0","0","0","0","2301","0","0","0","N","0","0","0","1","02301","0","","5.0","","1","N","N","N","0","","0","0","0","","0","","","1","0","0","0","0","0","0","2","0","1","","03","","N","","","","","","","","","",""
"2022024336","1745","0","0","0","0","0","0","0","0","0","7","0","","02","3","2022","7","40.356361","-80.112292","1745","11","0","0","0","0","0","0","0","1","","0","0","0","","","0","N","0","","40 21:22.900","7","7","80 06:44.250","0","0","0","0","2414","0","0","0","N","0","0","0","1","02414","0","","5.0","1835.0","1","N","N","N","1","","0","0","0","","0","Y","","1","0","0","0","0","0","0","2","0","1","","","","N","","","","","","","","","",""
"2022038752","1233","1","0","0","0","0","0","0","0","0","5","0","","02","4","2022","2","40.429336","-80.029373","1222","11","0","0","0","0","0","0","0","0","","0","0","0","","","0","N","0","","40 25:45.608","2","2","80 01:45.744","0","0","0","0","2301","0","0","0","N","0","0","0","2","02301","0","","1.0","1405.0","1","N","N","N","0","","0","0","1","","0","N","","2","0","1","0","0","0","0","2","0","2","","","","N","","","","","","","","","",""
"2022017259","1235","2","0","0","0","0","0","0","0","0","1","0","","02","2","2022","2","40.503448","-79.947286","1232","11","0","0","0","0","0","0","1","1","","0","0","0","","","1","","1","","40 30:12.414","1","0","79 56:50.228","4","0","0","0","2430","0","0","0","N","0","0","0","4","02430","1","","1.0","1300.0","1","N","N","N","1","","0","0","0","","2","N","","3","1","0","0","0","0","1","2","0","3","","","","N","","","","","","","","","",""
"2022042671","0028","2","0","0","0","0","0","0","0","0","2","0","","02","5","2022","1","40.428698","-79.988579","0024","11","0","0","0","0","0","0","0","0","","0","0","0","","","0","","1","","40 25:43.314","","0","79 59:18.885","0","0","0","0","2301","0","0","0","N","0","0","0","3","02301","0","","1.0","","1","N","N","N","0","","0","0","0","","2","","","2","0","0","0","0","0","0","2","0","2","","03","","N","","","","","","","","","",""
"2022045215","1740","0","0","0","0","0","0","0","0","0","7","0","","02","5","2022","4","40.380368","-79.826017","1740","11","0","0","0","0","0","0","0","0","","0","0","0","","","0","N","0","","40 22:49.326","7","0","79 49:33.660","0","0","0","0","2111","0","0","0","N","0","0","0","1","02111","0","","5.0","1844.0","1","N","N","N","0","","0","0","1","","0","Y","","1","0","1","0","0","0","0","2","0","1","","03","","N","","","","","","","","","",""
"2022037381","1715","0","0","0","0","0","0","0","0","0","1","0","","02","4","2022","4","40.344881","-79.795618","1710","11","0","0","0","0","0","2","0","0","","0","0","0","","","1","N","0","","40 20:41.572","","7","79 47:44.225","3","0","0","0","2477","0","0","0","N","0","0","0","2","02477","0","","1.0","","1","N","N","N","1","","1","0","1","","0","","","2","1","1","0","0","0","0","2","0","2","","03","","N","","","","","","","","","",""
"2022043873","1052","2","0","0","0","0","0","0","0","0","1","0","","02","5","2022","4","40.452673","-79.910385","1042","11","0","0","0","0","0","0","0","0","","0","0","0","","","0","N","1","","40 27:09.621","","0","79 54:37.385","0","0","0","0","2301","0","0","0","N","0","0","0","2","02301","0","","1.0","","1","N","N","N","0","","0","0","0","","2","","","2","0","0","0","0","0","0","2","0","2","","","","N","","","","","","","","","",""
"2022014472","1200","2","0","0","0","0","0","0","0","0","1","0","","02","2","2022","4","40.432388","-79.864866","1200","11","0","0","0","0","0","1","1","0","","0","0","0","","","1","","1","","40 25:56.596","3","7","79 51:53.518","3","0","0","0","2431","0","0","0","N","0","0","0","2","02431","0","","1.0","2133.0","1","N","N","N","0","","1","0","0","","2","N","","2","1","0","0","0","0","0","2","0","2","","","","N","","","","","","","","","",""
"2022048724","0025","1","0","0","0","0","0","0","0","0","6","0","","02","5","2022","4","40.457861","-79.843095","0020","11","0","0","0","0","0","1","0","0","","0","0","0","","","3","N","0","","40 27:28.301","5","0","79 50:35.143","3","0","0","0","2113","0","0","0","N","0","0","0","3","02113","0","","1.0","120.0","1","N","N","Y","1","","3","0","0","","0","N","","2","3","0","0","0","0","0","2","0","2","","","","N","","","","","","","","","",""
"2022031363","1607","1","0","0","0","0","0","0","0","0","7","0","","02","3","2022","5","40.556229","-80.203799","1607","11","0","0","0","0","0","0","0","0","","0","0","0","","","1","N","0","","40 33:22.425","2","0","80 12:13.676","3","0","0","0","2427","0","0","0","N","0","0","0","1","02427","0","","4.0","1644.0","1","N","N","N","0","","1","0","0","","0","N","","1","1","0","0","0","0","0","2","0","1","","","","N","","","","","","","","","",""
"2022037165","0720","1","0","0","0","0","0","0","0","0","7","1","","02","4","2022","4","40.459325","-79.956904","0710","11","0","0","0","0","0","1","0","0","","0","1","0","","","0","N","0","","40 27:33.569","","3","79 57:24.854","0","0","0","0","2301","0","0","0","N","0","0","0","7","02301","0","","3.0","","2","N","N","Y","2","","0","0","3","","0","","","7","0","1","0","0","0","0","2","0","7","","06","","N","","","","","","","","","",""
"2022047706","1154","1","0","0","0","0","0","0","0","0","7","0","","02","5","2022","6","40.587362","-79.777516","1136","11","0","0","0","0","0","0","0","0","","0","0","0","","","1","N","0","","40 35:14.503","2","3","79 46:39.059","3","0","0","0","2104","0","0","0","N","0","0","0","1","68D02","0","","2.0","1245.0","9","N","N","N","0","","1","0","0","","0","Y","","1","1","0","0","0","0","0","2","0","1","","","","N","","","","","","","","","",""
"2022036060","2228","1","0","0","0","0","0","0","0","0","4","0","","02","4","2022","3","40.531576","-80.035684","2226","11","0","0","0","0","0","1","0","0","","0","0","0","","","0","N","0","","40 31:53.675","2","0","80 02:08.462","9","0","0","0","2116","0","0","0","N","0","0","0","3","02116","0","","1.0","2256.0","1","N","N","N","0","","0","0","1","","0","N","","2","0","2","0","0","0","2","2","0","2","","03","","N","","","","","","","","","",""
"2022044008","0811","1","0","0","0","0","0","0","0","0","7","0","","02","5","2022","4","40.52409","-79.933531","0804","11","0","0","0","0","0","1","0","0","","0","0","0","","","0","N","0","","40 31:26.723","6","0","79 56:00.710","0","0","0","0","2112","0","0","0","N","0","0","0","1","02112","0","","5.0","1400.0","1","N","N","N","0","","0","0","0","","0","Y","","1","0","0","0","0","0","0","2","0","1","","98","","N","","","","","","","","","",""
"2022045047","1946","0","0","0","0","0","0","0","0","0","5","0","","02","5","2022","6","40.437444","-79.778108","1911","11","0","0","0","0","0","1","0","0","","0","0","0","","","0","N","0","","40 26:14.800","3","0","79 46:41.187","0","0","0","0","2446","0","0","0","N","0","0","0","3","02446","0","","1.0","1946.0","1","N","N","N","0","","0","0","2","","2","N","","2","0","0","0","0","0","0","2","0","2","","03","","N","","","","","","","","","",""
"2022038226","1541","1","0","0","0","0","0","0","0","0","7","0","","02","4","2022","7","40.407491","-80.033298","1537","11","0","0","0","0","0","0","0","0","","0","0","0","","","1","N","0","","40 24:26.968","2","0","80 01:59.871","8","0","0","0","2301","0","0","0","Y","0","0","0","1","02301","0","","2.0","1616.0","1","N","N","N","0","","0","0","0","","0","N","","1","1","0","0","0","1","0","2","0","1","","03","","N","","","","","","","","","",""
"2022016847","1156","2","0","0","0","0","0","0","0","0","5","0","","02","2","2022","3","40.441705","-79.941299","1150","11","0","0","0","0","0","0","0","0","","0","0","0","","","0","N","0","","40 26:30.139","","0","79 56:28.675","0","0","0","0","2301","0","0","0","N","0","0","0","2","02301","0","","1.0","","1","N","N","N","0","","0","0","0","","0","","","3","0","0","0","0","0","0","2","1","3","","03","","N","","","","","","","","","",""
"2022037447","0650","2","0","0","0","0","0","0","0","0","5","0","","02","4","2022","5","40.397783","-80.026482","0641","11","0","0","0","0","0","1","0","0","","0","0","0","","","1","N","0","","40 23:52.017","","0","80 01:35.335","8","0","0","0","2301","0","0","0","N","0","0","0","2","02301","0","","1.0","","9","N","N","N","0","","0","0","0","","0","","","2","1","0","0","0","1","1","2","0","2","","04","","N","","","","","","","","","",""
"2022037607","2343","1","0","0","0","0","0","0","0","0","5","0","","02","4","2022","7","40.392248","-80.045105","2338","11","0","0","0","0","0","0","0","0","","0","0","0","","","1","N","0","","40 23:32.094","7","0","80 02:42.379","4","0","0","0","2109","0","0","0","N","0","0","0","1","02109","1","","1.0","54.0","1","N","N","N","0","","0","0","1","","0","Y","","2","1","0","0","0","0","0","2","0","2","","","","N","","","","","","","","","",""
"2022029942","2111","1","0","0","0","0","0","0","0","0","7","0","","02","3","2022","6","40.507594","-79.774812","2105","11","0","0","0","0","0","0","0","0","","0","0","0","","","0","N","0","","40 30:27.338","1","0","79 46:29.322","0","0","0","0","2466","0","0","0","N","0","0","0","2","02466","0","","2.0","2206.0","1","N","N","N","0","","0","0","0","","0","N","","1","0","0","0","0","0","0","2","0","1","","03","","N","","","","","","","","","",""
"2022036141","0012","1","0","0","0","0","0","0","0","0","7","0","","02","4","2022","1","40.548522","-80.084486","0011","11","0","0","0","0","0","0","0","0","","0","0","0","","","0","N","0","","40 32:54.680","5","0","80 05:04.148","0","0","0","0","2215","0","0","0","Y","0","0","0","1","02215","0","","4.0","44.0","8","N","N","N","0","","0","0","0","","0","Y","","1","0","0","0","0","0","0","2","0","1","","","","N","","","","","","","","","",""
"2022041401","1205","2","0","0","0","0","0","0","0","0","4","0","","02","4","2022","4","40.399041","-79.834976","1131","11","0","0","0","0","0","1","0","0","","0","0","0","","","1","N","0","","40 23:56.549","","0","79 50:05.915","3","0","0","0","2425","0","0","0","N","0","0","0","2","68B03","0","","1.0","","1","N","N","N","0","","1","0","0","","2","","","2","1","0","0","0","0","0","2","0","2","","03","","N","","","","","","","","","",""
"2022046243","2002","1","0","0","0","0","0","0","0","0","1","0","","02","5","2022","1","40.42995","-79.88416","1951","11","0","0","0","0","0","2","0","0","","0","0","0","","","0","N","0","","40 25:47.820","","0","79 53:02.976","0","0","0","0","2426","0","0","0","N","0","0","0","4","68B03","0","","1.0","","1","N","N","N","0","","0","0","1","","0","","","2","0","0","0","0","0","0","2","0","2","","","","N","","","","","","","","","",""
"2022046110","1620","1","0","0","0","0","0","0","0","0","2","0","","02","5","2022","3","40.435673","-79.994514","1618","11","0","0","0","0","0","0","0","0","","0","0","0","","","1","N","2","","40 26:08.421","","0","79 59:40.251","3","0","0","0","2301","0","0","0","N","0","0","0","2","02301","0","","1.0","","1","N","N","N","0","","1","0","1","","3","","","2","1","0","0","0","0","0","2","0","2","","","","N","","","","","","","","","",""
"2022050609","1235","0","0","0","0","0","0","0","0","0","5","0","","02","6","2022","4","40.455322","-79.997215","1229","11","0","0","0","0","0","1","0","0","","0","0","0","","","0","","2","","40 27:19.158","1","0","79 59:49.975","0","0","0","0","2301","0","0","0","N","0","0","0","1","02301","0","","3.0","1250.0","1","N","N","N","0","","0","0","2","","0","N","","2","0","0","0","0","0","0","2","0","2","","03","","N","","","","","","","","","",""
"2022040303","0436","0","0","0","0","0","0","0","0","0","7","0","","02","4","2022","7","40.467842","-79.810992","0435","11","0","0","0","0","0","0","0","0","","0","0","0","","","0","N","0","","40 28:04.230","4","0","79 48:39.570","0","0","0","0","2113","0","0","0","N","0","0","0","1","02113","0","","5.0","515.0","1","N","N","N","0","","0","0","1","","0","N","","1","0","0","0","0","0","0","2","0","1","","03","","N","","","","","","","","","",""
"2022045743","2207","1","0","0","0","0","0","0","0","0","7","0","","02","5","2022","1","40.473493","-79.839273","2202","11","0","1","0","0","0","0","0","0","","0","0","0","","","0","N","0","","40 28:24.575","","0","79 50:21.382","0","0","0","0","2113","0","0","0","N","0","0","0","4","02113","0","","5.0","","1","N","N","N","0","","0","0","0","","0","","","1","0","0","0","0","0","0","2","0","1","","03","","N","","","","","","","","","",""
"2022039976","2151","0","0","0","0","0","0","0","0","0","98","0","","02","4","2022","5","40.357636","-80.12693","2151","11","0","0","0","0","0","0","0","0","","0","0","0","","","0","N","0","","40 21:27.490","","0","80 07:36.948","0","0","0","0","2119","0","0","0","N","0","0","0","1","02119","0","","1.0","","1","N","N","N","1","","0","0","0","","0","","","1","0","0","0","0","0","0","2","0","1","","","","N","","","","","","","","","",""
"2022049786","1438","0","0","0","0","0","0","0","0","0","4","0","","02","5","2022","7","40.481542","-79.829188","1433","11","0","0","0","0","0","0","0","0","","0","0","0","","","2","","2","","40 28:53.551","4","0","79 49:45.077","3","0","0","0","2113","0","0","0","N","0","0","0","3","02113","0","","1.0","1514.0","1","N","N","N","0","","2","0","2","","3","N","","2","2","0","0","0","0","0","2","0","2","","","","N","","","","","","","","","",""
"2022021680","1442","0","0","0","0","0","0","0","0","0","0","0","","02","3","2022","3","40.352953","-79.843789","1441","11","0","0","0","0","0","1","0","0","","0","0","0","","","0","N","0","","40 21:10.629","3","0","79 50:37.640","0","0","0","0","2304","0","0","0","N","0","0","0","1","02304","0","","5.0","1509.0","1","N","N","N","0","","0","0","0","","0","Y","","1","0","0","0","0","0","0","2","1","1","","03","","N","","","","","","","","","",""
"2022019228","0052","0","0","0","0","0","0","0","0","0","2","0","","02","2","2022","3","40.395618","-79.973874","0046","11","0","0","0","0","0","0","0","0","","0","0","0","","","0","N","1","","40 23:44.224","","0","79 58:25.946","0","0","0","0","2403","0","0","0","N","0","0","0","1","02403","0","","1.0","","1","N","N","N","1","","0","0","1","","0","","","2","0","1","0","0","0","0","2","0","2","","","","N","","","","","","","","","",""
"2022022417","0959","0","0","0","0","0","0","0","0","0","4","0","","02","3","2022","4","40.376341","-80.067646","0957","11","0","0","0","0","0","1","0","1","","0","0","0","","","0","","1","","40 22:34.827","","0","80 04:03.525","0","0","0","0","2109","0","0","0","N","0","0","0","2","02109","0","","1.0","","1","N","N","N","0","","0","0","2","","2","","","2","0","0","0","0","0","0","2","0","2","","","","N","","","","","","","","","",""
"2022040989","1715","2","0","0","0","0","0","0","0","0","1","0","","02","5","2022","2","40.379106","-79.92414","1704","11","0","0","0","0","0","0","0","0","","0","0","0","","","0","N","0","","40 22:44.781","7","0","79 55:26.905","0","0","0","0","2301","0","0","0","N","0","0","0","3","02301","0","","1.0","1800.0","9","N","N","N","0","","0","0","0","","0","N","","2","0","0","0","0","0","0","2","0","2","","","","N","","","","","","","","","",""
"2022047112","1415","1","0","0","0","0","0","0","0","0","4","0","","02","5","2022","2","40.454488","-79.760258","1408","11","0","0","0","0","1","0","1","0","","0","0","0","","","0","","2","","40 27:16.156","","0","79 45:36.928","0","0","0","0","2446","0","0","0","N","0","0","0","2","02446","0","","1.0","","1","N","N","N","0","","0","0","1","","0","","","2","0","0","0","0","0","0","2","0","2","","03","","N","","","","","","","","","",""
"2022036014","1842","1","0","0","0","0","0","0","0","0","4","0","","02","4","2022","5","40.483392","-79.907976","1842","11","0","0","0","0","0","0","0","0","","0","0","0","","","0","N","0","","40 29:00.211","1","0","79 54:28.714","0","0","0","0","2301","0","0","0","N","0","0","0","5","02301","0","","1.0","1931.0","1","N","N","N","0","","0","0","1","","0","N","","2","0","0","0","0","0","0","2","0","2","","03","","N","","","","","","","","","",""
"2022048387","1501","0","0","0","0","0","0","0","0","0","98","0","","02","5","2022","1","40.620313","-79.981788","1449","11","0","0","0","0","0","0","0","0","","0","0","0","","","2","N","0","","40 37:13.127","3","0","79 58:54.437","3","0","0","0","2217","0","0","0","N","0","0","0","2","68T02","0","","1.0","1511.0","9","N","N","N","0","","2","0","0","","0","N","","1","2","0","0","0","0","0","1","1","1","","","","N","","","","","","","","","",""
"2022037702","2332","0","0","0","0","0","0","0","0","0","7","0","","02","4","2022","5","40.247806","-79.875928","2327","11","0","0","0","0","0","0","0","0","","0","0","0","","","0","N","0","","40 14:52.101","5","0","79 52:33.339","0","0","0","0","2204","0","0","0","N","0","0","0","1","68B02","0","","1.0","23.0","9","N","N","N","0","","0","0","1","","0","Y","","1","0","0","0","0","0","0","1","0","1","","","","N","","","","","","","","","",""
"2022036118","1551","1","0","0","0","0","0","0","0","0","7","0","","02","3","2022","7","40.545844","-79.804153","1547","11","0","0","0","0","0","0","0","0","","0","0","0","","","0","N","0","","40 32:45.040","","0","79 48:14.950","0","0","0","0","2418","0","0","0","N","0","0","0","1","02514","0","","5.0","","1","N","N","N","0","","0","0","0","","0","","","1","0","0","0","0","0","0","2","0","1","","03","","N","","","","","","","","","",""
"2022039941","1503","1","0","0","0","0","0","0","0","0","2","0","","02","4","2022","5","40.449456","-80.107355","1452","11","0","0","0","0","0","1","0","1","","0","0","0","","","1","","1","","40 26:58.043","6","0","80 06:26.477","2","0","0","0","2115","0","0","0","N","0","0","0","2","02115","0","","1.0","1541.0","1","N","N","N","1","","0","1","0","","2","N","","2","1","1","0","1","0","0","2","0","2","","03","","N","","","","","","","","","",""
"2022022103","1315","1","0","0","0","0","0","0","0","0","4","0","","02","3","2022","4","40.453987","-79.997852","1302","11","0","0","0","0","0","0","1","0","","0","0","0","","","0","","1","","40 27:14.353","","0","79 59:52.267","0","0","0","0","2301","0","0","0","N","0","0","0","2","02301","0","","1.0","","1","N","N","N","0","","0","0","1","","2","","","2","0","0","0","0","0","0","2","0","2","","","","N","","","","","","","","","",""