"CRN","ARRIVAL_TM","AUTOMOBILE_COUNT","BELTED_DEATH_COUNT","BELTED_SUSP_SERIOUS_INJ_COUNT","BICYCLE_COUNT","BICYCLE_DEATH_COUNT","BICYCLE_SUSP_SERIOUS_INJ_COUNT","BUS_COUNT","CHLDPAS_DEATH_COUNT","CHLDPAS_SUSP_SERIOUS_INJ_COUNT","COLLISION_TYPE","COMM_VEH_COUNT","CONS_ZONE_SPD_LIM","COUNTY","CRASH_MONTH","CRASH_YEAR","DAY_OF_WEEK","DEC_LATITUDE","DEC_LONGITUDE","DISPATCH_TM","DISTRICT","DRIVER_COUNT_16YR","DRIVER_COUNT_17YR","DRIVER_COUNT_18YR","DRIVER_COUNT_19YR","DRIVER_COUNT_20YR","DRIVER_COUNT_50_64YR","DRIVER_COUNT_65_74YR","DRIVER_COUNT_75PLUS","EST_HRS_CLOSED","FATAL_COUNT","HEAVY_TRUCK_COUNT","HORSE_BUGGY_COUNT","HOUR_OF_DAY","ILLUMINATION","INJURY_COUNT","INTERSECTION_RELATED","INTERSECT_TYPE","LANE_CLOSED","LATITUDE","LN_CLOSE_DIR","LOCATION_TYPE","LONGITUDE","MAX_SEVERITY_LEVEL","MCYCLE_DEATH_COUNT","MCYCLE_SUSP_SERIOUS_INJ_COUNT","MOTORCYCLE_COUNT","MUNICIPALITY","NONMOTR_COUNT","NONMOTR_DEATH_COUNT","NONMOTR_SUSP_SERIOUS_INJ_COUNT","NTFY_HIWY_MAINT","PED_COUNT","PED_DEATH_COUNT","PED_SUSP_SERIOUS_INJ_COUNT","PERSON_COUNT","POLICE_AGCY","POSSIBLE_INJ_COUNT","RDWY_SURF_TYPE_CD","RELATION_TO_ROAD","ROADWAY_CLEARED","ROAD_CONDITION","SCH_BUS_IND","SCH_ZONE_IND","SECONDARY_CRASH","SMALL_TRUCK_COUNT","SPEC_JURIS_CD","SUSP_MINOR_INJ_COUNT","SUSP_SERIOUS_INJ_COUNT","SUV_COUNT","TCD_FUNC_CD","TCD_TYPE","TFC_DETOUR_IND","TIME_OF_DAY","TOTAL_UNITS","TOT_INJ_COUNT","UNBELTED_OCC_COUNT","UNB_DEATH_COUNT","UNB_SUSP_SERIOUS_INJ_COUNT","UNK_INJ_DEG_COUNT","UNK_INJ_PER_COUNT","URBAN_RURAL","VAN_COUNT","VEHICLE_COUNT","WEATHER1","WEATHER2","WORKERS_PRES","WORK_ZONE_IND","WORK_ZONE_LOC","WORK_ZONE_TYPE","WZ_CLOSE_DETOUR","WZ_FLAGGER","WZ_LAW_OFFCR_IND","WZ_LN_CLOSURE","WZ_MOVING","WZ_OTHER","WZ_SHLDER_MDN","WZ_WORKERS_INJ_KILLED"
"2022030797","1116","2","0","0","0","0","0","0","0","0","1","0","","02","3","2022","7","40.459785","-79.920855","1109","11","0","0","0","0","0","1","0","0","","0","0","0","","","0","N","2","","40 27:35.225","","0","79 55:15.079","9","0","0","0","2301","0","0","0","N","0","0","0","2","02301","0","","1.0","","1","N","N","N","0","","0","0","0","","2","","","2","0","2","0","0","0","1","2","0","2","","","","N","","","","","","","","","",""
"2022028810","1155","2","0","0","0","0","0","0","0","0","4","0","","02","3","2022","1","40.614425","-80.091661","1151","11","0","0","0","0","0","0","0","1","","0","0","0","","","0","N","0","","40 36:51.930","2","7","80 05:29.980","0","0","0","0","2481","0","0","0","N","0","0","0","2","02481","0","","1.0","1250.0","9","N","N","N","0","","0","0","0","","2","N","","2","0","0","0","0","0","0","2","0","2","","","","N","","","","","","","","","",""
"2022040340","1005","1","0","0","0","0","0","0","0","0","98","0","","02","4","2022","5","40.521098","-79.8123","0956","11","0","0","0","0","0","0","0","0","","0","0","0","","","0","N","0","","40 31:15.953","","0","79 48:44.281","0","0","0","0","2466","0","0","0","N","0","0","0","1","68T02","0","","1.0","","1","N","N","N","0","","0","0","0","","0","","","1","0","0","0","0","0","0","2","0","1","","","","N","","","","","","","","","",""
"2022042308","1848","2","0","0","0","0","0","0","0","0","4","0","","02","5","2022","6","40.45294","-79.932877","1838","11","0","0","0","0","0","0","0","0","","0","0","0","","","0","N","0","","40 27:10.584","","0","79 55:58.357","0","0","0","0","2301","0","0","0","N","0","0","0","3","02301","0","","1.0","","9","N","N","N","0","","0","0","0","","0","","","2","0","0","0","0","0","0","2","0","2","","04","","N","","","","","","","","","",""
"2022045307","2359","1","0","0","0","0","0","0","0","0","5","0","","02","5","2022","7","40.458278","-79.944194","2353","11","0","0","0","0","0","0","0","0","","0","0","0","","","0","N","0","","40 27:29.800","","0","79 56:39.100","0","0","0","0","2301","0","0","0","N","0","0","0","1","02301","0","","1.0","","1","N","N","N","0","","0","0","2","","0","","","3","0","0","0","0","0","0","2","0","3","","03","","N","","","","","","","","","",""
"2022049976","1710","2","0","0","0","0","0","0","0","0","4","0","","02","5","2022","1","40.410965","-80.006047","1706","11","0","0","0","0","0","0","1","0","","0","0","0","","","0","N","1","","40 24:39.473","","0","80 00:21.770","0","0","0","0","2301","0","0","0","N","0","0","0","3","02301","0","","1.0","","1","N","N","N","0","","0","0","0","","2","","","2","0","0","0","0","0","0","2","0","2","","03","","N","","","","","","","","","",""
"2022030239","1727","1","0","0","0","0","0","0","0","0","7","0","","02","3","2022","1","40.480191","-79.979172","1720","11","0","0","0","0","0","0","0","0","","0","0","0","","","1","N","0","","40 28:48.688","7","0","79 58:45.019","3","0","0","0","2445","0","0","0","N","0","0","0","1","02445","0","","4.0","1820.0","1","N","N","N","0","","1","0","0","","0","Y","","1","1","1","0","0","0","0","2","0","1","","03","","N","","","","","","","","","",""
"2022020332","1709","0","0","0","0","0","0","0","0","0","7","0","","02","2","2022","6","40.478035","-79.75047","1700","11","0","0","0","0","0","0","0","0","","0","0","0","","","0","N","0","","40 28:40.925","6","0","79 45:01.693","0","0","0","0","2466","0","0","0","N","0","0","0","2","02466","0","","5.0","1803.0","2","N","N","N","1","","0","0","0","","0","N","","1","0","0","0","0","0","0","2","0","1","","98","","N","","","","","","","","","",""
"2022049791","2206","1","0","0","0","0","0","0","0","0","98","0","","02","5","2022","6","40.661276","-80.033524","2206","11","0","0","0","0","0","0","0","0","","0","0","0","","","0","N","0","","40 39:40.595","","0","80 02:00.685","0","0","0","0","2216","0","0","0","N","0","0","0","1","02505","0","","1.0","","1","N","N","N","0","","0","0","0","","0","","","1","0","0","0","0","0","0","1","0","1","","","","N","","","","","","","","","",""
"2022043134","1748","1","0","0","0","0","0","1","0","0","4","1","","02","5","2022","2","40.443902","-79.950708","1741","11","0","0","0","0","0","0","0","0","","0","0","0","","","0","N","2","","40 26:38.048","3","0","79 57:02.548","0","0","0","0","2301","0","0","0","N","0","0","0","2","02503","0","","1.0","1804.0","1","N","N","N","0","","0","0","0","","2","Y","","2","0","0","0","0","0","0","2","0","2","","","","N","","","","","","","","","",""
"2022015010","1944","0","0","0","0","0","0","0","0","0","7","0","","02","2","2022","4","40.281019","-79.907763","1941","11","0","0","0","0","0","0","0","0","","0","0","0","","","0","N","0","","40 16:51.668","1","0","79 54:27.948","0","0","0","0","2440","0","0","0","Y","0","0","0","1","02440","0","","3.0","2124.0","1","N","N","N","1","","0","0","0","","0","Y","","1","0","0","0","0","0","0","2","0","1","","","","N","","","","","","","","","",""
"2022045990","1101","0","0","0","0","0","0","0","0","0","7","0","","02","5","2022","2","40.483093","-80.262283","1056","11","0","0","0","0","0","0","0","0","","0","0","0","","","1","N","0","","40 28:59.136","","0","80 15:44.217","8","0","0","0","2203","0","0","0","Y","0","0","0","1","68B03","0","","3.0","","1","N","N","N","0","","0","0","1","","0","","","1","1","0","0","0","1","0","2","0","1","","","","N","","","","","","","","","",""
"2022016045","0129","1","0","0","0","0","0","0","0","0","5","0","","02","2","2022","1","40.472809","-79.958791","0111","11","0","0","0","0","0","0","0","0","","0","0","0","","","0","","1","","40 28:22.112","","0","79 57:31.649","0","0","0","0","2301","0","0","0","N","0","0","0","1","02301","0","","1.0","","1","N","N","N","0","","0","0","0","","2","","","2","0","0","0","0","0","0","2","0","1","","03","","N","","","","","","","","","",""
"2022025526","1047","1","0","0","0","0","0","0","0","0","1","0","","02","3","2022","3","40.445944","-79.84844","1043","11","0","0","0","0","0","1","0","0","","0","0","0","","","1","","1","","40 26:45.400","","0","79 50:54.384","8","0","0","0","2419","0","0","0","N","0","0","0","2","02419","0","","1.0","","1","N","N","N","0","","0","0","1","","2","N","","2","1","0","0","0","1","0","2","0","2","","03","","N","","","","","","","","","",""
"2022024769","0035","1","0","0","0","0","0","0","0","0","4","0","","02","3","2022","6","40.424422","-79.977992","0034","11","0","0","0","0","0","0","0","0","","0","0","0","","","1","N","0","","40 25:27.920","","0","79 58:40.770","3","0","0","0","2301","0","0","0","N","0","0","0","1","02301","0","","1.0","","1","N","N","N","1","","1","0","1","","0","","","3","1","1","0","0","0","0","2","0","3","","03","","N","","","","","","","","","",""
"2022034268","0325","1","0","0","0","0","0","0","0","0","4","0","","02","4","2022","1","40.429365","-79.9991","0322","11","0","0","0","0","0","0","0","0","","0","0","0","","","2","","1","","40 25:45.714","1","4","79 59:56.761","3","0","0","0","2301","0","0","0","N","0","0","0","2","02301","0","","1.0","410.0","9","N","N","N","0","","2","0","1","","2","N","","2","2","0","0","0","0","0","2","0","2","","","","N","","","","","","","","","",""
"2022052957","0835","1","0","0","0","0","0","0","0","0","7","0","","02","6","2022","1","40.541054","-79.804127","0832","11","0","0","0","0","0","0","0","0","","0","0","0","","","0","N","0","","40 32:27.793","1","7","79 48:14.858","0","0","0","0","2418","0","0","0","N","0","0","0","1","02514","0","","4.0","900.0","1","N","N","N","0","","0","0","0","","0","N","","1","0","0","0","0","0","0","2","0","1","","","","N","","","","","","","","","",""
"2022042988","1438","1","0","0","0","0","0","0","0","0","1","0","","02","5","2022","5","40.489267","-80.295231","1438","11","0","0","0","1","0","0","1","0","","0","0","0","","","0","","1","","40 29:21.362","","0","80 17:42.831","0","0","0","0","2203","0","0","0","N","0","0","0","2","02203","0","","1.0","","1","N","N","N","0","","0","0","0","","4","","","2","0","0","0","0","0","0","2","1","2","","","","N","","","","","","","","","",""
"2022043310","0631","1","0","0","0","0","0","0","0","0","7","0","","02","5","2022","3","40.406664","-79.967558","0620","11","0","0","0","0","0","0","0","0","","0","0","0","","","0","N","0","","40 24:23.990","4","0","79 58:03.210","0","0","0","0","2301","0","0","0","N","0","0","0","1","02301","0","","2.0","704.0","1","N","N","N","0","","0","0","0","","0","N","","1","0","0","0","0","0","0","2","0","1","","03","","N","","","","","","","","","",""
"2022040132","1725","1","0","0","0","0","0","0","0","0","4","0","","02","4","2022","6","40.455301","-79.976372","1715","11","0","0","0","0","0","0","0","0","","0","0","0","","","0","","1","","40 27:19.082","3","0","79 58:34.938","0","0","0","0","2301","0","0","0","N","0","0","0","3","02301","0","","1.0","1745.0","1","N","N","N","0","","0","0","1","","3","N","","2","0","0","0","0","0","0","2","0","2","","03","","N","","","","","","","","","",""
"2022039754","0927","0","0","0","0","0","0","0","0","0","7","0","","02","4","2022","5","40.412033","-79.727988","0851","11","0","0","0","0","0","0","0","0","","0","0","0","","","0","N","0","","40 24:43.319","","0","79 43:40.758","0","0","0","0","2446","0","0","0","N","0","0","0","1","68T09","0","","4.0","","9","N","N","N","0","","0","0","1","","0","","","1","0","0","0","0","0","0","2","0","1","","","","N","","","","","","","","","",""
"2022034942","1906","1","0","0","0","0","0","0","0","0","4","0","","02","4","2022","1","40.555493","-79.808442","1902","11","0","0","0","0","0","0","0","0","","0","0","0","","","2","N","2","","40 33:19.775","6","0","79 48:30.392","3","0","0","0","2121","0","0","0","N","0","0","0","2","02514","0","","1.0","1932.0","1","N","N","N","0","","2","0","1","","0","N","","2","2","0","0","0","0","0","2","0","2","","03","","N","","","","","","","","","",""
"2022049837","1623","2","0","0","0","0","0","0","0","0","1","0","35","02","5","2022","7","40.423618","-79.857166","1617","11","0","0","0","0","0","1","0","0","","0","0","0","","","1","N","0","","40 25:25.025","4","0","79 51:25.796","3","0","0","0","2431","0","0","0","N","0","0","0","3","02431","0","","1.0","1625.0","1","N","N","N","0","","1","0","0","","2","N","","2","1","0","0","0","0","0","2","0","2","","","N","Y","4","1","","","N","Y","","","","N"
"2022035788","0719","2","0","0","0","0","0","1","0","0","1","1","","02","4","2022","6","40.487504","-79.939747","0657","11","0","0","0","0","0","1","0","0","","0","0","0","","","1","Y","0","","40 29:15.015","4","0","79 56:23.090","3","0","0","0","2301","0","0","0","N","0","0","0","3","02503","0","","1.0","742.0","1","N","N","Y","0","","1","0","0","","0","Y","","3","1","1","0","0","0","0","2","0","3","","03","","N","","","","","","","","","",""
"2022025070","2200","2","0","0","0","0","0","0","0","0","1","0","","02","3","2022","6","40.422742","-80.003711","2157","11","0","0","0","0","0","1","0","0","","0","0","0","","","1","Y","0","","40 25:21.872","","4","80 00:13.361","3","0","0","0","2301","0","0","0","N","0","0","0","4","02301","0","","1.0","","9","N","N","N","0","","1","0","1","","2","","","3","1","0","0","0","0","0","2","0","3","","03","","N","","","","","","","","","",""
"2022045545","1220","2","0","0","0","0","0","0","0","0","4","0","","02","5","2022","4","40.390669","-79.869136","1219","11","0","0","0","0","1","0","0","0","","0","0","0","","","2","","1","","40 23:26.410","5","0","79 52:08.888","3","0","0","0","2473","0","0","0","N","0","0","0","5","02473","0","","1.0","1300.0","1","N","N","N","0","","2","0","0","","2","N","","2","2","0","0","0","0","0","2","0","2","","03","","N","","","","","","","","","",""
"2022015786","0304","0","0","0","0","0","0","0","0","0","4","0","","02","2","2022","7","40.443849","-79.920578","0259","11","0","0","0","0","0","1","0","0","","0","0","0","","","1","N","1","","40 26:37.855","","0","79 55:14.081","8","0","0","0","2301","0","0","0","N","0","0","0","2","02301","0","","1.0","","9","N","N","N","0","","0","0","2","","2","","","2","1","0","0","0","1","1","2","0","2","","04","","N","","","","","","","","","",""
"2022042868","0524","2","0","0","0","0","0","0","0","0","1","0","","02","5","2022","5","40.400805","-80.106418","0511","11","0","0","0","0","0","0","0","0","","0","0","0","","","0","","7","","40 24:02.898","","2","80 06:23.103","0","0","0","0","2102","0","0","0","N","0","0","0","2","68B03","0","","1.0","","1","N","N","N","0","","0","0","0","","0","","","2","0","0","0","0","0","0","2","0","2","","","","N","","","","","","","","","",""
"2022031427","2114","1","0","0","0","0","0","0","0","0","7","0","","02","3","2022","5","","","2103","11","0","0","0","0","0","0","0","0","","0","0","0","","","0","N","0","","","2","0","","0","0","0","0","2301","0","0","0","N","0","0","0","1","02301","0","","3.0","2145.0","9","N","N","N","0","","0","0","0","","4","N","","1","0","0","0","0","0","0","1","0","1","","","","N","","","","","","","","","",""
"2022017501","2154","1","0","0","0","0","0","0","0","0","7","0","","02","2","2022","4","40.435963","-80.026607","2111","11","0","0","0","0","0","0","0","0","","0","0","0","","","1","N","0","","40 26:09.465","7","0","80 01:35.786","4","0","0","0","2301","0","0","0","Y","0","0","0","1","02301","1","","5.0","2150.0","1","N","N","N","0","","0","0","0","","0","N","","1","1","0","0","0","0","0","2","0","1","","03","","N","","","","","","","","","",""
"2022030444","1218","1","0","0","0","0","0","0","0","0","7","0","","02","3","2022","2","","","1214","11","0","0","0","0","0","0","0","0","","0","0","0","","","0","N","0","","40 28:19.6","","0","80 01:23.1","9","0","0","0","2301","0","0","0","N","0","0","0","1","02301","0","","4.0","","2","N","N","N","0","","0","0","0","","0","","","1","0","0","0","0","0","1","1","0","1","","02","","N","","","","","","","","","",""
"2022030006","1735","1","0","0","0","0","0","0","0","0","7","0","","02","3","2022","6","40.394281","-79.826309","1729","11","0","0","0","0","0","0","0","0","","0","0","0","","","0","N","0","","40 23:39.412","","0","79 49:34.711","0","0","0","0","2111","0","0","0","Y","0","0","0","1","02111","0","","4.0","","9","N","N","N","0","","0","0","0","","2","","","1","0","0","0","0","0","0","2","0","1","","","","N","","","","","","","","","",""
"2022042551","2325","1","0","0","0","0","0","0","0","0","7","0","","02","5","2022","6","40.384236","-80.055881","2319","11","0","0","0","0","0","1","0","0","","0","0","0","","","1","N","0","","40 23:03.250","4","0","80 03:21.170","3","0","0","0","2109","0","0","0","N","0","0","0","1","02109","0","","5.0","2.0","9","N","N","N","0","","1","0","1","","0","N","","2","1","0","0","0","0","0","2","0","2","","","","N","","","","","","","","","",""
"2022024117","1020","1","0","0","0","0","0","0","0","0","4","0","","02","3","2022","4","40.428546","-80.006387","1009","11","0","0","0","0","0","0","0","0","","0","0","0","","","0","","2","","40 25:42.765","2","0","80 00:22.993","0","0","0","0","2301","0","0","0","N","0","0","0","5","02301","0","","1.0","1105.0","7","N","N","Y","0","","0","0","2","","0","N","","3","0","0","0","0","0","0","2","0","3","","04","","N","","","","","","","","","",""
"2022025988","1707","0","0","0","0","0","0","0","0","0","4","0","","02","3","2022","7","40.418633","-79.883509","1701","11","0","0","0","0","0","1","0","0","","0","0","0","","","0","N","1","","40 25:07.078","6","0","79 53:00.632","0","0","0","0","2463","0","0","0","N","0","0","0","3","02463","0","","1.0","1725.0","9","N","N","N","0","","0","0","2","","3","Y","","2","0","0","0","0","0","0","2","0","2","","03","","N","","","","","","","","","",""
"2022025726","0505","0","0","0","0","0","0","0","0","0","7","0","","02","3","2022","7","40.519014","-79.860206","0503","11","0","0","0","0","0","1","0","0","","0","0","0","","","0","N","0","","40 31:08.450","","0","79 51:36.740","0","0","0","0","2112","0","0","0","N","0","0","0","4","02112","0","","4.0","","7","N","N","N","0","","0","0","1","","0","","","1","0","0","0","0","0","0","2","0","1","","10","","N","","","","","","","","","",""
"2022042190","1053","2","0","0","0","0","0","0","0","0","1","0","","02","5","2022","6","40.413623","-80.030353","1053","11","0","0","0","0","0","1","0","0","","0","0","0","","","1","N","0","","40 24:49.043","1","0","80 01:49.272","3","0","0","0","2301","0","0","0","N","0","0","0","2","02301","0","","1.0","1130.0","9","N","N","N","0","","1","0","0","","0","Y","","2","1","0","0","0","0","0","2","0","2","","07","","N","","","","","","","","","",""
"2022034245","2250","2","0","0","0","0","0","0","0","0","1","0","","02","4","2022","7","40.425765","-80.01976","2244","11","0","0","0","0","0","1","0","0","","0","0","0","","","1","N","1","","40 25:32.754","","0","80 01:11.135","4","0","0","0","2301","0","0","0","N","0","0","0","5","02301","1","","1.0","","1","N","N","N","0","","0","0","1","","2","","","3","1","0","0","0","0","0","2","0","3","","03","","N","","","","","","","","","",""
"2022041457","2015","0","0","0","0","0","0","0","0","0","4","1","","02","5","2022","3","40.449706","-80.025099","2015","11","0","0","0","0","0","0","0","0","","0","1","0","","","0","","1","","40 26:58.940","","8","80 01:30.356","0","0","0","0","2301","0","0","0","N","0","0","0","2","02301","0","","1.0","","9","N","N","N","0","","0","0","1","","2","N","","2","0","0","0","0","0","0","2","0","2","","","","N","","","","","","","","","",""
"2022034998","1540","1","0","0","0","0","0","0","0","0","4","0","","02","4","2022","3","40.495863","-80.051695","1538","11","0","0","0","0","0","0","0","0","","0","0","0","","","0","","1","","40 29:45.106","","0","80 03:06.101","0","0","0","0","2404","0","0","0","N","0","0","0","2","02404","0","","1.0","","1","N","N","N","0","","0","0","1","","3","","","2","0","0","0","0","0","0","2","0","2","","03","","N","","","","","","","","","",""
"2022028802","0815","1","0","0","0","0","0","0","0","0","4","0","","02","3","2022","4","40.337522","-79.950891","0809","11","0","0","0","0","0","1","1","0","","0","0","0","","","2","N","0","","40 20:15.078","4","7","79 57:03.206","3","0","0","0","2473","0","0","0","N","0","0","0","3","02473","0","","1.0","900.0","9","N","N","N","1","","2","0","0","","2","Y","","2","2","0","0","0","0","0","2","0","2","","","","N","","","","","","","","","",""
"2022039693","2056","0","0","0","0","0","0","0","0","0","8","0","","02","4","2022","7","40.474734","-80.028692","2056","11","0","0","0","0","0","0","0","0","","0","0","0","","","1","","1","","40 28:29.042","","0","80 01:43.291","2","0","0","0","2301","1","0","1","N","1","0","1","2","02301","0","","1.0","","1","N","N","N","0","","0","1","0","","0","N","","2","1","0","0","0","0","1","2","0","1","","03","","N","","","","","","","","","",""
"2022044878","1147","1","0","0","0","0","0","0","0","0","4","0","","02","5","2022","6","40.338905","-79.96017","1145","11","0","0","0","1","0","2","0","0","","0","0","0","","","1","N","0","","40 20:20.059","1","0","79 57:36.613","8","0","0","0","2454","0","0","0","N","0","0","0","5","02454","0","","1.0","1215.0","1","N","N","Y","0","","0","0","3","","0","N","","4","1","0","0","0","1","0","2","0","4","","03","","N","","","","","","","","","",""
"2022029911","0635","0","0","0","0","0","0","0","0","0","0","0","","02","3","2022","7","40.376472","-79.894194","0630","11","0","0","0","0","1","0","0","0","","0","0","0","","","0","N","0","","40 22:35.300","7","0","79 53:39.100","0","0","0","0","2473","0","0","0","N","0","0","0","2","02473","0","","1.0","700.0","9","N","N","N","0","","0","0","1","","0","Y","","1","0","1","0","0","0","0","2","0","1","","","","N","","","","","","","","","",""
"2022041806","0132","1","0","0","0","0","0","0","0","0","1","0","","02","5","2022","1","40.428518","-79.999772","0125","11","0","0","0","0","0","0","0","0","","0","0","0","","","0","N","0","","40 25:42.665","","4","79 59:59.180","0","0","0","1","2301","0","0","0","N","0","0","0","3","02301","0","","1.0","","1","N","N","N","0","","0","0","0","","0","","","2","0","0","0","0","0","0","2","0","2","","03","","N","","","","","","","","","",""
"2022037787","0030","1","0","0","0","0","0","0","0","0","2","1","","02","4","2022","5","40.458533","-80.110009","0028","11","0","0","0","0","0","1","1","0","","0","1","0","","","1","N","0","","40 27:30.717","6","0","80 06:36.033","2","0","0","0","2126","0","0","0","N","0","0","0","2","02126","0","","1.0","457.0","1","N","N","N","0","","0","1","0","","0","N","","2","1","1","0","1","0","0","2","0","2","","03","","N","","","","","","","","","",""
"2022038921","0148","1","0","0","0","0","0","0","0","0","7","0","","02","4","2022","2","40.41809","-79.848966","0146","11","0","0","0","0","0","0","0","0","","0","0","0","","","1","N","0","","40 25:05.124","4","0","79 50:56.277","3","0","0","0","2431","0","0","0","N","0","0","0","1","02431","0","","3.0","230.0","1","N","N","N","0","","1","0","0","","0","N","","1","1","0","0","0","0","0","2","0","1","","03","","N","","","","","","","","","",""
"2022027076","0745","1","0","0","0","0","0","0","0","0","7","0","","02","3","2022","1","40.46509","-80.033535","0740","11","0","0","0","0","0","0","0","0","","0","0","0","","","0","Y","0","","40 27:54.323","","0","80 02:00.726","0","0","0","0","2301","0","0","0","N","0","0","0","1","02301","0","","2.0","","1","N","N","N","0","","0","0","0","","0","","","1","0","0","0","0","0","0","2","0","1","","04","","N","","","","","","","","","",""
"2022042503","1018","2","0","0","0","0","0","0","0","0","5","0","","02","5","2022","7","40.432693","-79.996791","1015","11","0","0","0","0","0","0","0","0","","0","0","0","","","0","N","0","","40 25:57.695","1","3","79 59:48.449","0","0","0","0","2301","0","0","0","N","0","0","0","2","02301","0","","1.0","1045.0","9","N","N","N","0","","0","0","0","","0","N","","2","0","0","0","0","0","0","2","0","2","","07","","N","","","","","","","","","",""
"2022027739","1246","1","0","0","0","0","0","0","0","0","4","0","","02","3","2022","7","40.428567","-79.977106","1239","11","0","0","0","0","0","0","0","0","","0","0","0","","","0","","1","","40 25:42.841","","0","79 58:37.583","0","0","0","0","2301","0","0","0","N","0","0","0","2","02301","0","","1.0","","9","","","N","0","","0","0","1","","0","","","2","0","0","0","0","0","0","2","0","2","","","","N","","","","","","","","","",""
"2022046305","0011","0","0","0","0","0","0","0","0","0","7","0","35","02","5","2022","3","40.424081","-79.858459","0009","11","0","0","0","0","0","0","0","0","","0","0","0","","","0","N","0","","40 25:26.693","6","0","79 51:30.453","9","0","0","0","2431","0","0","0","Y","0","0","0","1","02431","0","","3.0","45.0","1","N","N","N","0","","0","0","1","","0","N","","1","0","0","0","0","0","1","2","0","1","","03","Y","Y","8","1","","","N","Y","","","","N"
"2022043582","2139","1","0","0","0","0","0","0","0","0","98","0","","02","5","2022","5","40.345736","-80.197858","2113","11","0","0","0","0","0","0","1","0","","0","0","0","","","0","N","0","","40 20:44.650","","0","80 11:52.290","0","0","0","0","2119","0","0","0","N","0","0","0","1","68T09","0","","1.0","","1","N","N","N","0","","0","0","0","","0","","","1","0","0","0","0","0","0","1","0","1","","03","","N","","","","","","","","","",""
"2022029807","1610","2","0","0","0","0","0","0","0","0","5","0","","02","3","2022","6","40.434472","-79.989778","1604","11","0","0","0","0","0","0","0","0","","0","0","0","","","0","N","1","","40 26:04.100","","3","79 59:23.200","0","0","0","0","2301","0","0","0","N","0","0","0","3","02301","0","","1.0","","9","N","Y","N","0","","0","0","1","","0","","","3","0","1","0","0","0","0","2","0","3","","","","N","","","","","","","","","",""
"2022027443","0815","0","0","0","0","0","0","0","0","0","4","0","","02","3","2022","6","40.438056","-79.924139","0809","11","0","0","0","1","0","0","0","0","","0","0","0","","","0","N","0","","40 26:17.000","","7","79 55:26.900","0","0","0","0","2301","0","0","0","N","0","0","0","3","02301","0","","1.0","","1","N","N","N","0","","0","0","2","","0","","","2","0","0","0","0","0","0","2","0","2","","03","","N","","","","","","","","","",""
"2022049524","1921","1","0","0","0","0","0","0","0","0","7","0","","02","5","2022","5","40.359969","-80.111573","1920","11","0","0","0","0","0","0","0","0","","0","0","0","","","1","","1","","40 21:35.888","1","0","80 06:41.661","4","0","0","0","2414","0","0","0","N","0","0","0","1","02414","1","","2.0","2004.0","9","N","N","N","0","","0","0","0","","0","N","","1","1","0","0","0","0","0","2","0","1","","04","","N","","","","","","","","","",""
"2022012909","1932","0","0","0","0","0","0","0","0","0","1","0","","02","2","2022","6","40.409428","-79.994025","1918","11","0","0","0","0","0","1","0","0","","0","0","0","","","0","N","0","","40 24:33.940","4","0","79 59:38.490","0","0","0","0","2301","0","0","0","N","0","0","0","1","02301","0","","1.0","2100.0","7","N","N","N","0","","0","0","2","","0","Y","","2","0","0","0","0","0","0","2","0","2","","10","","N","","","","","","","","","",""
"2022036167","1019","0","0","0","0","0","0","0","0","0","7","0","","02","3","2022","1","40.552171","-80.086412","1002","11","0","0","0","0","1","0","0","0","","0","0","0","","","0","N","0","","40 33:07.816","1","0","80 05:11.082","0","0","0","0","2215","0","0","0","Y","0","0","0","1","68B03","0","","4.0","1100.0","9","N","N","N","0","","0","0","1","","0","N","","1","0","0","0","0","0","0","2","0","1","","","","N","","","","","","","","","",""
"2022034198","0920","1","0","0","0","0","0","0","0","0","7","0","","02","3","2022","1","40.429296","-79.93152","0905","11","0","0","0","0","0","0","0","0","","0","0","0","","","1","N","0","","40 25:45.465","","2","79 55:53.473","3","0","0","0","2301","0","0","0","N","0","0","0","1","68B03","0","","5.0","","1","N","N","N","0","","1","0","0","","0","","","1","1","0","0","0","0","0","2","0","1","","03","","N","","","","","","","","","",""
"2022037972","1533","1","0","0","0","0","0","0","0","0","4","0","","02","4","2022","6","40.449213","-79.90132","1525","11","0","0","0","0","0","0","1","0","","0","0","0","","","0","N","1","","40 26:57.165","","0","79 54:04.753","0","0","0","0","2301","0","0","0","N","0","0","0","4","02301","0","","1.0","","1","N","N","N","0","","0","0","3","","2","","","4","0","0","0","0","0","0","2","0","4","","03","","N","","","","","","","","","",""
"2022036195","0108","2","0","0","0","0","0","0","0","0","4","0","","02","4","2022","7","40.435261","-79.998224","0108","11","0","0","0","0","0","0","0","0","","0","0","0","","","0","N","0","","40 26:06.940","","0","79 59:53.607","0","0","0","0","2301","0","0","0","N","0","0","0","3","68B03","0","","1.0","","1","N","N","N","0","","0","0","0","","0","","","2","0","0","0","0","0","0","2","0","2","","","","N","","","","","","","","","",""
"2022012762","1125","1","0","0","0","0","0","0","0","0","7","0","","02","2","2022","6","40.377428","-79.920907","1117","11","0","0","0","0","0","0","0","0","","0","0","0","","","1","N","0","","40 22:38.739","4","0","79 55:15.265","4","0","0","0","2301","0","0","0","N","0","0","0","1","02301","1","","4.0","1230.0","7","N","N","N","0","","0","0","0","","0","Y","","1","1","0","0","0","0","0","2","0","1","","","","N","","","","","","","","","",""