"CRN","ARRIVAL_TM","AUTOMOBILE_COUNT","BELTED_DEATH_COUNT","BELTED_SUSP_SERIOUS_INJ_COUNT","BICYCLE_COUNT","BICYCLE_DEATH_COUNT","BICYCLE_SUSP_SERIOUS_INJ_COUNT","BUS_COUNT","CHLDPAS_DEATH_COUNT","CHLDPAS_SUSP_SERIOUS_INJ_COUNT","COLLISION_TYPE","COMM_VEH_COUNT","CONS_ZONE_SPD_LIM","COUNTY","CRASH_MONTH","CRASH_YEAR","DAY_OF_WEEK","DEC_LATITUDE","DEC_LONGITUDE","DISPATCH_TM","DISTRICT","DRIVER_COUNT_16YR","DRIVER_COUNT_17YR","DRIVER_COUNT_18YR","DRIVER_COUNT_19YR","DRIVER_COUNT_20YR","DRIVER_COUNT_50_64YR","DRIVER_COUNT_65_74YR","DRIVER_COUNT_75PLUS","EST_HRS_CLOSED","FATAL_COUNT","HEAVY_TRUCK_COUNT","HORSE_BUGGY_COUNT","HOUR_OF_DAY","ILLUMINATION","INJURY_COUNT","INTERSECTION_RELATED","INTERSECT_TYPE","LANE_CLOSED","LATITUDE","LN_CLOSE_DIR","LOCATION_TYPE","LONGITUDE","MAX_SEVERITY_LEVEL","MCYCLE_DEATH_COUNT","MCYCLE_SUSP_SERIOUS_INJ_COUNT","MOTORCYCLE_COUNT","MUNICIPALITY","NONMOTR_COUNT","NONMOTR_DEATH_COUNT","NONMOTR_SUSP_SERIOUS_INJ_COUNT","NTFY_HIWY_MAINT","PED_COUNT","PED_DEATH_COUNT","PED_SUSP_SERIOUS_INJ_COUNT","PERSON_COUNT","POLICE_AGCY","POSSIBLE_INJ_COUNT","RDWY_SURF_TYPE_CD","RELATION_TO_ROAD","ROADWAY_CLEARED","ROAD_CONDITION","SCH_BUS_IND","SCH_ZONE_IND","SECONDARY_CRASH","SMALL_TRUCK_COUNT","SPEC_JURIS_CD","SUSP_MINOR_INJ_COUNT","SUSP_SERIOUS_INJ_COUNT","SUV_COUNT","TCD_FUNC_CD","TCD_TYPE","TFC_DETOUR_IND","TIME_OF_DAY","TOTAL_UNITS","TOT_INJ_COUNT","UNBELTED_OCC_COUNT","UNB_DEATH_COUNT","UNB_SUSP_SERIOUS_INJ_COUNT","UNK_INJ_DEG_COUNT","UNK_INJ_PER_COUNT","URBAN_RURAL","VAN_COUNT","VEHICLE_COUNT","WEATHER1","WEATHER2","WORKERS_PRES","WORK_ZONE_IND","WORK_ZONE_LOC","WORK_ZONE_TYPE","WZ_CLOSE_DETOUR","WZ_FLAGGER","WZ_LAW_OFFCR_IND","WZ_LN_CLOSURE","WZ_MOVING","WZ_OTHER","WZ_SHLDER_MDN","WZ_WORKERS_INJ_KILLED"
"2022012679","0152","1","0","0","0","0","0","0","0","0","7","0","45","02","2","2022","5","40.337108","-80.134062","0141","11","0","0","0","0","0","0","0","0","","0","0","0","","","1","N","0","","40 20:13.588","2","0","80 08:02.624","3","0","0","0","2119","0","0","0","Y","0","0","0","1","68B03","0","","2.0","30.0","9","N","N","N","0","","1","0","0","","0","N","","1","1","0","0","0","0","0","2","0","1","","07","N","Y","3","1","","","N","","","","Y","N"
"2022026438","1715","2","0","0","0","0","0","0","0","0","4","0","","02","3","2022","2","40.506052","-80.208221","1714","11","0","0","0","1","0","0","0","0","","0","0","0","","","0","N","0","","40 30:21.786","","7","80 12:29.595","0","0","0","0","2213","0","0","0","N","0","0","0","2","02213","0","","1.0","","1","N","N","N","0","","0","0","0","","0","","","2","0","0","0","0","0","0","2","0","2","","","","N","","","","","","","","","",""
"2022036447","1140","0","0","0","0","0","0","0","0","0","4","1","40","02","4","2022","5","40.343383","-80.060258","1137","11","0","0","0","0","0","0","1","0","","0","0","0","","","1","","1","","40 20:36.178","","0","80 03:36.928","3","0","0","0","2123","0","0","0","N","0","0","0","2","02123","0","","1.0","","9","N","N","N","0","","1","0","1","","2","","","2","1","0","0","0","0","0","2","1","2","","","Y","Y","4","2","N","N","N","Y","N","N","Y","N"
"2022008742","2159","2","0","0","0","0","0","0","0","0","7","0","","02","1","2022","2","40.456229","-79.990908","2152","11","0","0","0","0","0","0","0","1","","0","0","0","","","0","N","0","","40 27:22.426","4","0","79 59:27.269","0","0","0","0","2301","0","0","0","N","0","0","0","3","02301","0","","5.0","2230.0","6","N","N","N","0","","0","0","1","","0","Y","","3","0","0","0","0","0","0","2","0","3","","03","","N","","","","","","","","","",""
"2022015532","1045","0","0","0","0","0","0","0","0","0","4","0","","02","2","2022","6","40.447942","-79.991434","1033","11","0","0","0","0","0","0","0","0","","0","0","0","","","0","N","0","","40 26:52.590","","8","79 59:29.161","0","0","0","0","2301","0","0","0","N","0","0","0","2","02301","0","","2.0","","9","N","N","N","0","","0","0","0","","0","","","1","0","0","0","0","0","0","2","1","1","","","","N","","","","","","","","","",""
"2022037436","1910","0","0","0","0","0","0","0","0","0","4","0","","02","4","2022","4","40.452795","-79.981469","1859","11","0","0","0","0","0","0","0","0","","0","0","0","","","0","","1","","40 27:10.063","4","0","79 58:53.290","0","0","0","0","2301","0","0","0","N","0","0","0","2","02301","0","","1.0","1925.0","1","N","N","Y","0","","0","0","4","","3","Y","","4","0","0","0","0","0","0","2","0","4","","03","","N","","","","","","","","","",""
"2022036131","1540","1","0","0","0","0","0","0","0","0","7","0","","02","4","2022","4","40.279216","-79.807342","1535","11","0","0","0","0","0","1","0","0","","0","0","0","","","1","N","0","","40 16:45.179","5","0","79 48:26.430","4","0","0","0","2105","0","0","0","N","0","0","0","1","02105","1","","5.0","1716.0","1","N","N","N","0","","0","0","0","","0","Y","","1","1","1","0","0","0","0","1","0","1","","03","","N","","","","","","","","","",""
"2022037059","1505","1","0","0","0","0","0","0","0","0","5","0","","02","4","2022","7","40.34881","-80.050766","1457","11","0","0","0","0","0","1","0","1","","0","0","0","","","0","N","0","","40 20:55.716","4","0","80 03:02.758","0","0","0","0","2407","0","0","0","N","0","0","0","3","02407","0","","1.0","1610.0","9","N","N","N","0","","0","0","1","","0","N","","2","0","0","0","0","0","0","2","0","2","","04","","N","","","","","","","","","",""
"2022030375","1008","1","0","0","0","0","0","0","0","0","7","0","","02","3","2022","1","40.504439","-80.049513","1000","11","0","0","1","0","0","0","0","0","","0","0","0","","","0","N","0","","40 30:15.979","2","0","80 02:58.245","0","0","0","0","2116","0","0","0","N","0","0","0","1","02116","0","","4.0","1056.0","7","N","N","N","0","","0","0","0","","0","N","","1","0","1","0","0","0","0","2","0","1","","10","","N","","","","","","","","","",""
"2022042424","1733","1","0","0","0","0","0","0","0","0","7","0","","02","5","2022","2","40.547571","-79.780515","1728","11","0","0","0","0","0","0","0","0","","0","0","0","","","0","N","0","","40 32:51.255","","0","79 46:49.855","0","0","0","0","2121","0","0","0","N","0","0","0","3","02514","0","","5.0","","1","N","N","N","0","","0","0","0","","0","","","1","0","0","0","0","0","0","1","0","1","","03","","N","","","","","","","","","",""
"2022028533","1710","1","0","0","0","0","0","0","0","0","4","0","","02","3","2022","3","40.50635","-80.223249","1705","11","0","0","2","0","0","0","0","0","","0","0","0","","","0","Y","0","","40 30:22.861","","0","80 13:23.695","0","0","0","0","2213","0","0","0","N","0","0","0","2","02213","0","","1.0","","1","N","N","N","0","","0","0","1","","0","","","2","0","0","0","0","0","0","2","0","2","","","","N","","","","","","","","","",""
"2022029348","1638","1","0","0","0","0","0","0","0","0","5","1","","02","3","2022","5","40.437274","-79.963311","1634","11","0","0","0","0","0","1","0","0","","0","1","0","","","0","N","0","","40 26:14.187","","0","79 57:47.918","0","0","0","0","2301","0","0","0","N","0","0","0","3","02301","0","","1.0","","1","N","N","N","0","","0","0","0","","0","","","2","0","0","0","0","0","0","2","0","2","","03","","N","","","","","","","","","",""
"2022048368","1938","1","0","0","0","0","0","0","0","0","7","0","","02","5","2022","2","40.306619","-80.093982","1934","11","0","0","0","0","0","1","0","0","","0","0","0","","","0","N","0","","40 18:23.828","1","0","80 05:38.334","0","0","0","0","2123","0","0","0","N","0","0","0","1","02123","0","","2.0","1954.0","1","N","N","N","0","","0","0","0","","0","N","","1","0","0","0","0","0","0","2","0","1","","","","N","","","","","","","","","",""
"2022034802","0330","1","0","0","0","0","0","0","0","0","7","0","","02","4","2022","1","40.360414","-79.845385","0328","11","0","0","0","0","0","0","0","0","","0","0","0","","","0","Y","0","","40 21:37.490","3","3","79 50:43.385","0","0","0","0","2303","0","0","0","N","0","0","0","1","02303","0","","2.0","350.0","1","N","N","N","0","","0","0","0","","0","Y","","1","0","0","0","0","0","0","2","0","1","","03","","N","","","","","","","","","",""
"2022015027","0226","0","0","0","0","0","0","0","0","0","7","0","","02","2","2022","5","40.456239","-79.965564","0226","11","0","0","0","0","0","0","0","0","","0","0","0","","","0","N","0","","40 27:22.461","","0","79 57:56.029","0","0","0","0","2301","0","0","0","N","0","0","0","1","02301","0","","5.0","","1","N","N","N","0","","0","0","1","","0","","","1","0","0","0","0","0","0","2","0","1","","03","","N","","","","","","","","","",""
"2022039025","1512","1","0","0","0","0","0","0","0","0","4","0","","02","4","2022","2","40.513856","-79.951587","1510","11","0","0","0","0","0","0","0","0","","0","0","0","","","2","","2","","40 30:49.880","2","0","79 57:05.712","2","0","0","0","2118","0","0","0","N","0","0","0","3","02118","1","","1.0","1702.0","1","N","N","N","1","","0","1","0","","2","Y","","2","2","2","0","1","0","0","2","0","2","","03","","N","","","","","","","","","",""
"2022047757","1109","2","0","0","0","0","0","0","0","0","4","0","","02","5","2022","1","40.347644","-79.951869","1106","11","0","0","0","0","0","0","0","1","","0","0","0","","","1","","1","","40 20:51.517","4","0","79 57:06.728","3","0","0","0","2473","0","0","0","N","0","0","0","3","02473","0","","1.0","1150.0","1","N","N","N","0","","1","0","0","","8","N","","2","1","0","0","0","0","0","2","0","2","","98","","N","","","","","","","","","",""
"2022007745","1210","1","0","0","0","0","0","0","0","0","1","0","","02","1","2022","6","40.523709","-80.134903","1203","11","0","0","1","0","0","0","0","0","","0","0","0","","","0","N","0","","40 31:25.354","","0","80 08:05.652","0","0","0","0","2434","0","0","0","N","0","0","0","2","68B03","0","","1.0","","1","N","N","N","0","","0","0","1","","0","","","2","0","0","0","0","0","0","1","0","2","","03","","N","","","","","","","","","",""
"2022043666","1647","2","0","0","0","0","0","0","0","0","1","0","","02","3","2022","5","40.432521","-80.140136","1647","11","0","0","1","0","0","0","0","0","","0","0","0","","","0","N","0","","40 25:57.074","","0","80 08:24.488","0","0","0","0","2115","0","0","0","N","0","0","0","4","68B03","0","","1.0","","1","N","N","N","0","","0","0","0","","0","","","2","0","0","0","0","0","0","2","0","2","","03","","N","","","","","","","","","",""
"2022052930","0931","1","0","0","0","0","0","0","0","0","7","0","","02","6","2022","3","40.4301","-79.985326","0927","11","0","0","0","0","0","1","0","0","","0","0","0","","","0","N","0","","40 25:48.361","","0","79 59:07.173","0","0","0","0","2301","0","0","0","N","0","0","0","1","02301","0","","5.0","","9","N","N","N","0","","0","0","0","","0","","","1","0","0","0","0","0","0","2","0","1","","","","N","","","","","","","","","",""
"2022039122","1630","1","0","0","0","0","0","0","0","0","6","0","","02","4","2022","3","40.543934","-80.192777","1630","11","0","0","1","0","0","0","0","0","","0","0","0","","","0","","1","","40 32:38.161","2","0","80 11:33.998","0","0","0","0","2427","0","0","0","Y","0","0","0","5","02427","0","","1.0","502.0","1","N","N","Y","0","","0","0","1","","2","Y","","2","0","0","0","0","0","0","2","0","2","","","","N","","","","","","","","","",""
"2022035765","0852","0","0","0","0","0","0","0","0","0","1","0","","02","3","2022","3","40.443317","-80.179952","0833","11","0","0","0","0","0","0","0","0","","0","0","0","","","0","N","0","","40 26:35.940","","0","80 10:47.826","0","0","0","0","2214","0","0","0","N","0","0","0","2","68B03","0","","1.0","","1","N","N","N","0","","0","0","2","","0","","","2","0","0","0","0","0","0","1","0","2","","","","N","","","","","","","","","",""
"2022013295","2150","2","0","0","0","0","0","0","0","0","4","0","","02","2","2022","7","40.499597","-79.790579","2142","11","0","0","0","0","0","0","0","0","","0","0","0","","","1","N","0","","40 29:58.550","5","0","79 47:26.084","3","0","0","0","2113","0","0","0","N","0","0","0","4","02113","0","","1.0","2258.0","1","N","N","Y","1","","1","0","0","","0","N","","3","1","0","0","0","0","0","2","0","3","","03","","N","","","","","","","","","",""
"2022024922","1525","1","0","0","0","0","0","0","0","0","4","0","","02","3","2022","6","40.486905","-79.915963","1519","11","0","0","0","0","0","0","0","1","","0","0","0","","","0","","6","","40 29:12.859","3","2","79 54:57.465","0","0","0","0","2301","0","0","0","N","0","0","0","3","02301","0","","1.0","1600.0","1","N","N","N","0","","0","0","1","","0","Y","","2","0","0","0","0","0","0","2","0","2","","03","","N","","","","","","","","","",""
"2022042677","0133","1","0","0","0","0","0","0","0","0","1","0","","02","5","2022","1","40.429854","-79.751251","0129","11","0","0","0","0","0","1","0","0","","0","0","0","","","1","","5","","40 25:47.476","","0","79 45:04.504","8","0","0","0","2446","0","0","0","N","0","0","0","3","02446","0","","1.0","","1","N","N","N","0","","0","0","1","","2","","","2","1","0","0","0","1","0","2","0","2","","","","N","","","","","","","","","",""
"2022030179","1001","0","0","0","0","0","0","0","0","0","7","0","","02","3","2022","1","40.469371","-80.089147","0957","11","0","0","0","0","0","0","0","0","","0","0","0","","","1","N","0","","40 28:09.735","6","0","80 05:20.928","3","0","0","0","2126","0","0","0","N","0","0","0","1","02126","0","","5.0","1039.0","7","N","N","N","0","","1","0","1","","0","Y","","1","1","0","0","0","0","0","2","0","1","","","","N","","","","","","","","","",""
"2022030645","2231","1","0","0","0","0","0","0","0","0","7","0","","02","3","2022","2","40.443155","-80.057911","2228","11","0","0","0","0","0","0","0","0","","0","0","0","","","0","","1","","40 26:35.357","","0","80 03:28.479","0","0","0","0","2301","0","0","0","N","0","0","0","1","02301","0","","4.0","","1","N","N","N","0","","0","0","0","","3","","","1","0","0","0","0","0","0","2","0","1","","03","","N","","","","","","","","","",""
"2022038061","1121","2","0","0","0","0","0","0","0","0","1","0","","02","4","2022","7","40.427208","-79.920264","1047","11","0","0","0","0","0","1","0","0","","0","0","0","","","1","N","0","","40 25:37.948","4","0","79 55:12.951","8","0","0","0","2301","0","0","0","N","0","0","0","3","68B03","0","","1.0","1140.0","1","N","N","N","0","","0","0","1","","0","N","","3","1","0","0","0","1","0","2","0","3","","03","","N","","","","","","","","","",""
"2022037058","1136","3","0","0","0","0","0","0","0","0","1","0","","02","4","2022","7","40.334319","-80.051426","1130","11","0","0","0","0","0","1","1","0","","0","0","0","","","1","N","0","","40 20:03.549","2","0","80 03:05.132","3","0","0","0","2407","0","0","0","N","0","0","0","3","02407","0","","1.0","1205.0","1","N","N","N","0","","1","0","0","","0","Y","","3","1","0","0","0","0","0","2","0","3","","","","N","","","","","","","","","",""
"2022037391","0622","1","0","0","0","0","0","0","0","0","5","0","","02","4","2022","4","40.582125","-80.029576","0617","11","0","0","1","0","0","1","0","0","","0","0","0","","","0","","7","","40 34:55.649","4","2","80 01:46.475","0","0","0","0","2108","0","0","0","N","0","0","0","2","02108","0","","1.0","718.0","2","N","N","N","0","","0","0","1","","0","Y","","2","0","0","0","0","0","0","2","0","2","","","","N","","","","","","","","","",""
"2022034235","2024","1","0","0","0","0","0","0","0","0","7","0","","02","4","2022","7","40.4521","-79.96338","2017","11","0","0","0","0","0","0","0","0","","0","0","0","","","1","N","2","","40 27:07.559","","0","79 57:48.168","2","0","0","0","2301","0","0","0","N","0","0","0","2","02301","0","","4.0","","9","N","N","N","0","","0","1","0","","0","","","1","1","0","0","0","0","0","2","0","1","","","","N","","","","","","","","","",""
"2022042026","1309","1","0","0","0","0","0","0","0","0","1","0","","02","4","2022","4","40.434083","-79.991442","1256","11","0","0","0","0","0","0","0","0","","0","0","0","","","2","N","0","","40 26:02.698","4","0","79 59:29.192","8","0","0","0","2301","0","0","0","N","0","0","0","4","68B03","0","","1.0","1404.0","1","N","N","N","0","","0","0","1","","0","N","","2","2","0","0","0","2","0","2","0","2","","03","","N","","","","","","","","","",""
"2022031123","1727","1","0","0","0","0","0","0","0","0","1","0","","02","3","2022","3","40.476273","-79.969327","1720","11","0","0","0","0","0","0","1","0","","0","0","0","","","0","N","0","","40 28:34.583","1","0","79 58:09.577","0","0","0","0","2118","0","0","0","N","0","0","0","5","02118","0","","1.0","1800.0","1","N","N","N","0","","0","0","2","","0","N","","3","0","0","0","0","0","0","2","0","3","","03","","N","","","","","","","","","",""
"2022033108","0201","1","0","0","0","0","0","0","0","0","4","0","","02","4","2022","3","40.458269","-79.900172","0155","11","0","0","0","0","0","0","0","0","","0","0","0","","","0","N","0","","40 27:29.770","","0","79 54:00.620","0","0","0","0","2301","0","0","0","N","0","0","0","1","02301","0","","6.0","","1","N","N","N","0","","0","0","1","","0","","","2","0","0","0","0","0","0","2","0","2","","","","N","","","","","","","","","",""
"2022031268","1842","0","0","0","0","0","0","0","0","0","0","0","","02","3","2022","7","40.478047","-80.007766","1823","11","0","0","0","0","0","0","0","0","","0","0","0","","","1","N","0","","40 28:40.968","","0","80 00:27.957","3","0","0","1","2301","0","0","0","N","0","0","0","1","68B03","0","","1.0","","1","N","N","N","0","","1","0","0","","0","","","1","1","0","0","0","0","0","2","0","1","","","","N","","","","","","","","","",""
"2022042882","0806","1","0","0","0","0","0","0","0","0","4","0","","02","5","2022","7","40.461252","-80.192408","0754","11","0","0","0","0","0","0","0","0","","0","0","0","","","1","N","0","","40 27:40.506","","0","80 11:32.670","8","0","0","0","2213","0","0","0","N","0","0","0","1","68B03","0","","3.0","","9","N","N","N","0","","0","0","0","","0","","","1","1","0","0","0","1","0","2","0","1","","07","","N","","","","","","","","","",""
"2022037294","1601","0","0","0","0","0","0","0","0","0","0","0","","02","4","2022","4","40.258362","-79.904466","1554","11","0","0","0","0","0","1","0","0","","0","0","0","","","1","N","0","","40 15:30.102","","0","79 54:16.076","8","0","0","1","2105","0","0","0","N","0","0","0","1","02105","0","","2.0","","1","N","N","N","0","","0","0","0","","0","","","1","1","0","0","0","1","0","1","0","1","","","","N","","","","","","","","","",""
"2022018009","2130","1","0","0","0","0","0","0","0","0","4","0","","02","2","2022","5","40.461417","-80.050248","2120","11","0","0","0","0","0","0","0","0","","0","0","0","","","0","N","0","","40 27:41.102","","0","80 03:00.894","0","0","0","0","2301","0","0","0","N","0","0","0","1","02301","0","","2.0","","9","N","N","N","0","","0","0","0","","0","","","1","0","0","0","0","0","0","2","0","1","","98","","N","","","","","","","","","",""
"2022021364","2136","0","0","0","0","0","0","0","0","0","7","0","","02","2","2022","7","40.549031","-80.086065","2125","11","0","0","0","0","0","0","0","0","","0","0","0","","","0","N","0","","40 32:56.513","","0","80 05:09.834","0","0","0","0","2215","0","0","0","Y","0","0","0","2","68B03","0","","4.0","","1","N","N","N","0","","0","0","1","","0","","","1","0","0","0","0","0","0","2","0","1","","03","","N","","","","","","","","","",""
"2022031462","2339","1","0","0","0","0","0","0","0","0","7","0","","02","3","2022","5","40.472992","-79.888502","2335","11","0","0","0","0","0","0","0","0","","0","0","0","","","0","N","0","","40 28:22.772","","0","79 53:18.608","0","0","0","0","2301","0","0","0","N","0","0","0","1","02301","0","","4.0","","1","N","N","N","0","","0","0","0","","3","","","1","0","1","0","0","0","0","2","0","1","","","","N","","","","","","","","","",""
"2022052288","1753","0","0","0","0","0","0","0","0","0","4","0","","02","6","2022","1","40.444173","-80.147166","1748","11","0","0","0","0","0","1","1","0","","0","0","0","","","2","","2","","40 26:39.024","4","0","80 08:49.799","3","0","0","0","2115","0","0","0","N","0","0","0","2","02115","0","","1.0","1833.0","1","N","N","N","1","","1","0","1","","2","N","","2","2","0","0","0","1","0","2","0","2","","","","N","","","","","","","","","",""
"2022032503","1106","0","0","0","0","0","0","0","0","0","5","1","","02","4","2022","2","40.445171","-80.027692","1101","11","0","0","0","0","0","2","0","1","","0","1","0","","","0","N","0","","40 26:42.614","7","3","80 01:39.692","0","0","0","0","2301","0","0","0","N","0","0","0","7","02301","0","","1.0","1156.0","1","N","N","N","1","","0","0","4","","0","Y","","6","0","0","0","0","0","0","2","0","6","","03","","N","","","","","","","","","",""
"2022052013","0745","1","0","0","0","0","0","0","0","0","1","0","","02","5","2022","6","40.473423","-79.972396","0740","11","0","0","0","0","0","0","0","0","","0","0","0","","","0","N","6","","40 28:24.321","2","2","79 58:20.624","0","0","0","0","2445","0","0","0","N","0","0","0","3","02445","0","","7.0","829.0","1","N","N","N","0","","0","0","2","","4","Y","","3","0","0","0","0","0","0","2","0","3","","03","","N","","","","","","","","","",""
"2022020285","0909","1","0","0","0","0","0","0","0","0","7","0","","02","2","2022","3","40.350667","-79.849756","0909","11","0","0","0","0","0","0","0","1","","1","0","0","","","0","N","0","","40 21:02.400","2","7","79 50:59.120","1","0","0","0","2304","0","0","0","N","0","0","0","1","02304","0","2","5.0","920.0","1","N","N","N","0","0","0","0","0","","0","N","","1","0","1","1","0","0","0","2","0","1","","03","","N","","","","","","","","","",""
"2022017507","0656","0","0","0","0","0","0","0","0","0","1","0","","02","2","2022","3","40.405801","-80.003143","0652","11","0","0","0","0","0","1","0","0","","0","0","0","","","0","Y","0","","40 24:20.885","","0","80 00:11.314","0","0","0","0","2301","0","0","0","N","0","0","0","2","02301","0","","1.0","","1","N","N","N","1","","0","0","1","","0","","","2","0","0","0","0","0","0","2","0","2","","","","N","","","","","","","","","",""
"2022042550","1546","0","0","0","0","0","0","0","0","0","1","0","","02","5","2022","6","40.382503","-80.052328","1546","11","0","0","0","0","0","1","1","0","","0","0","0","","","0","N","0","","40 22:57.009","","0","80 03:08.380","0","0","0","0","2109","0","0","0","N","0","0","0","2","02109","0","","1.0","","9","N","N","N","0","","0","0","2","","0","","","2","0","0","0","0","0","0","2","0","2","","07","","N","","","","","","","","","",""
"2022009858","1856","0","0","0","0","0","0","0","0","0","4","0","","02","1","2022","6","40.330966","-80.022341","1856","11","0","0","0","0","0","1","0","0","","0","0","0","","","1","N","0","","40 19:51.476","","7","80 01:20.426","3","0","0","0","2407","0","0","0","N","0","0","0","2","02407","0","","1.0","","1","N","N","N","0","","1","0","1","","0","","","2","1","0","0","0","0","0","2","1","2","","","","N","","","","","","","","","",""
"2022015383","0200","1","0","0","0","0","0","0","0","0","7","0","","02","1","2022","7","40.419694","-80.008917","0156","11","0","0","0","0","0","0","0","0","","0","0","0","","","0","N","0","","40 25:10.900","","0","80 00:32.100","9","0","0","0","2301","0","0","0","N","0","0","0","1","02301","0","","2.0","","1","N","N","N","0","","0","0","0","","0","","","1","0","0","0","0","0","1","2","0","1","","10","","N","","","","","","","","","",""
"2022024233","2332","0","0","0","0","0","0","0","0","0","8","0","","02","2","2022","1","40.416594","-79.877744","2330","11","0","0","0","0","0","0","0","0","","0","0","0","","","1","N","0","","40 24:59.740","","0","79 52:39.880","2","0","0","0","2463","1","0","1","N","1","0","1","2","02463","0","","1.0","","1","N","N","N","0","","0","1","0","","0","","","2","1","0","0","0","0","1","2","0","1","","03","","N","","","","","","","","","",""
"2022022641","1239","2","0","0","0","0","0","0","0","0","5","0","","02","2","2022","4","40.427982","-79.926617","1239","11","0","0","1","0","0","0","0","1","","0","0","0","","","2","N","0","","40 25:40.734","3","4","79 55:35.822","3","0","0","0","2301","0","0","0","N","0","0","0","2","68B03","0","","1.0","1400.0","1","N","N","N","0","","2","0","0","","0","N","","2","2","0","0","0","0","0","2","0","2","","03","","N","","","","","","","","","",""
"2022020992","0925","1","0","0","0","0","0","0","0","0","0","0","","02","2","2022","2","40.450553","-79.978353","0916","11","0","0","0","0","0","0","0","0","","0","0","0","","","0","N","0","","40 27:01.990","1","0","79 58:42.072","0","0","0","0","2301","0","0","0","N","0","0","0","2","02301","0","","1.0","1010.0","1","N","N","N","0","","0","0","0","","0","N","","1","0","0","0","0","0","0","2","0","1","","03","","N","","","","","","","","","",""
"2022024102","0918","2","0","0","0","0","0","0","0","0","5","0","","02","3","2022","4","40.484744","-80.013553","0904","11","0","0","0","0","0","0","0","0","","0","0","0","","","0","N","0","","40 29:05.080","","99","80 00:48.790","0","0","0","0","2301","0","0","0","N","0","0","0","2","02301","0","","2.0","","7","N","N","N","0","","0","0","1","","0","","","3","0","0","0","0","0","0","2","0","3","","10","","N","","","","","","","","","",""
"2022022748","1713","1","0","0","0","0","0","0","0","0","4","0","","02","2","2022","4","40.442209","-80.159462","1713","11","0","0","0","0","0","0","1","0","","0","0","0","","","0","N","0","","40 26:31.951","","0","80 09:34.064","0","0","0","0","2115","0","0","0","N","0","0","0","2","68B03","0","","1.0","","1","N","N","N","0","","0","0","1","","0","","","2","0","0","0","0","0","0","2","0","2","","03","","N","","","","","","","","","",""
"2022037701","2150","0","0","0","0","0","0","0","0","0","7","1","","02","4","2022","5","40.419236","-80.103141","2143","11","0","0","0","0","0","1","0","0","","0","0","0","","","0","N","0","","40 25:09.248","","0","80 06:11.308","0","0","0","0","2115","0","0","0","Y","0","0","0","1","68B03","0","","4.0","","1","N","N","N","1","","0","0","0","","0","","","1","0","1","0","0","0","0","2","0","1","","","","N","","","","","","","","","",""
"2022042052","1742","1","0","0","0","0","0","0","0","0","1","0","35","02","5","2022","5","40.424677","-79.859302","1735","11","0","0","0","0","0","0","0","0","","0","0","0","","","0","N","1","","40 25:28.836","4","0","79 51:33.488","0","0","0","0","2431","0","0","0","N","0","0","0","3","02431","0","","1.0","1750.0","1","N","N","N","0","","0","0","1","","2","N","","2","0","0","0","0","0","0","2","0","2","","03","N","Y","4","1","Y","","N","Y","","","","N"
"2022050823","0710","0","0","0","0","0","0","0","0","0","4","1","","02","6","2022","4","40.397069","-79.7933","0701","11","0","0","0","0","0","0","0","0","","0","1","0","","","0","N","0","","40 23:49.448","","7","79 47:35.880","0","0","0","0","2446","0","0","0","N","0","0","0","2","02446","0","","1.0","","9","N","N","N","0","","0","0","1","","0","","","2","0","0","0","0","0","0","2","0","2","","98","","N","","","","","","","","","",""
"2022052666","2308","2","0","0","0","0","0","0","0","0","4","0","","02","6","2022","7","40.417286","-79.848536","2304","11","0","0","0","0","0","0","0","0","","0","0","0","","","3","","1","","40 25:02.230","3","0","79 50:54.729","3","0","0","0","2431","0","0","0","N","0","0","0","3","02431","0","","1.0","3.0","1","N","N","N","0","","3","0","0","","2","Y","","2","3","0","0","0","0","0","2","0","2","","","","N","","","","","","","","","",""
"2022044159","1545","2","0","0","0","0","0","0","0","0","2","0","","02","5","2022","4","40.450025","-79.903741","1537","11","0","0","0","0","0","1","0","0","","0","0","0","","","2","N","1","","40 27:00.090","","0","79 54:13.466","3","0","0","0","2301","0","0","0","N","0","0","0","2","02301","0","","1.0","","1","N","N","N","0","","2","0","0","","2","","","2","2","0","0","0","0","0","2","0","2","","03","","N","","","","","","","","","",""
"2022015486","0425","1","0","0","0","0","0","0","0","0","4","0","","02","2","2022","6","40.468839","-80.009431","0421","11","0","0","0","0","0","0","0","0","","0","0","0","","","0","N","0","","40 28:07.820","","0","80 00:33.950","9","0","0","0","2301","0","0","0","N","0","0","0","6","02301","0","","5.0","","1","N","N","N","1","","0","0","1","","0","N","","3","0","0","0","0","0","6","2","0","3","","03","","N","","","","","","","","","",""
"2022031828","2205","1","0","0","0","0","0","0","0","0","7","0","","02","3","2022","5","40.440015","-80.009244","2150","11","0","0","0","1","0","0","0","0","","0","0","0","","","0","N","7","","40 26:24.054","","2","80 00:33.277","0","0","0","0","2301","0","0","0","N","0","0","0","1","02301","0","","4.0","","1","N","N","N","0","","0","0","0","","0","","","2","0","0","0","0","0","0","2","0","1","","","","N","","","","","","","","","",""
"2022016724","0542","0","0","0","0","0","0","0","0","0","7","0","","02","2","2022","4","40.420643","-80.032088","0525","11","0","0","0","0","0","0","0","0","","0","0","0","","","1","N","0","","40 25:14.313","4","0","80 01:55.516","4","0","0","0","2301","0","0","0","N","0","0","0","1","68B03","1","","4.0","615.0","1","N","N","N","1","","0","0","0","","0","N","","1","1","0","0","0","0","0","2","0","1","","","","N","","","","","","","","","",""