"CRN","ARRIVAL_TM","AUTOMOBILE_COUNT","BELTED_DEATH_COUNT","BELTED_SUSP_SERIOUS_INJ_COUNT","BICYCLE_COUNT","BICYCLE_DEATH_COUNT","BICYCLE_SUSP_SERIOUS_INJ_COUNT","BUS_COUNT","CHLDPAS_DEATH_COUNT","CHLDPAS_SUSP_SERIOUS_INJ_COUNT","COLLISION_TYPE","COMM_VEH_COUNT","CONS_ZONE_SPD_LIM","COUNTY","CRASH_MONTH","CRASH_YEAR","DAY_OF_WEEK","DEC_LATITUDE","DEC_LONGITUDE","DISPATCH_TM","DISTRICT","DRIVER_COUNT_16YR","DRIVER_COUNT_17YR","DRIVER_COUNT_18YR","DRIVER_COUNT_19YR","DRIVER_COUNT_20YR","DRIVER_COUNT_50_64YR","DRIVER_COUNT_65_74YR","DRIVER_COUNT_75PLUS","EST_HRS_CLOSED","FATAL_COUNT","HEAVY_TRUCK_COUNT","HORSE_BUGGY_COUNT","HOUR_OF_DAY","ILLUMINATION","INJURY_COUNT","INTERSECTION_RELATED","INTERSECT_TYPE","LANE_CLOSED","LATITUDE","LN_CLOSE_DIR","LOCATION_TYPE","LONGITUDE","MAX_SEVERITY_LEVEL","MCYCLE_DEATH_COUNT","MCYCLE_SUSP_SERIOUS_INJ_COUNT","MOTORCYCLE_COUNT","MUNICIPALITY","NONMOTR_COUNT","NONMOTR_DEATH_COUNT","NONMOTR_SUSP_SERIOUS_INJ_COUNT","NTFY_HIWY_MAINT","PED_COUNT","PED_DEATH_COUNT","PED_SUSP_SERIOUS_INJ_COUNT","PERSON_COUNT","POLICE_AGCY","POSSIBLE_INJ_COUNT","RDWY_SURF_TYPE_CD","RELATION_TO_ROAD","ROADWAY_CLEARED","ROAD_CONDITION","SCH_BUS_IND","SCH_ZONE_IND","SECONDARY_CRASH","SMALL_TRUCK_COUNT","SPEC_JURIS_CD","SUSP_MINOR_INJ_COUNT","SUSP_SERIOUS_INJ_COUNT","SUV_COUNT","TCD_FUNC_CD","TCD_TYPE","TFC_DETOUR_IND","TIME_OF_DAY","TOTAL_UNITS","TOT_INJ_COUNT","UNBELTED_OCC_COUNT","UNB_DEATH_COUNT","UNB_SUSP_SERIOUS_INJ_COUNT","UNK_INJ_DEG_COUNT","UNK_INJ_PER_COUNT","URBAN_RURAL","VAN_COUNT","VEHICLE_COUNT","WEATHER1","WEATHER2","WORKERS_PRES","WORK_ZONE_IND","WORK_ZONE_LOC","WORK_ZONE_TYPE","WZ_CLOSE_DETOUR","WZ_FLAGGER","WZ_LAW_OFFCR_IND","WZ_LN_CLOSURE","WZ_MOVING","WZ_OTHER","WZ_SHLDER_MDN","WZ_WORKERS_INJ_KILLED"
"2022050606","1230","2","0","0","0","0","0","0","0","0","4","0","","02","6","2022","4","40.451473","-79.949247","1221","11","0","0","0","0","0","0","0","0","","0","0","0","","","0","","2","","40 27:05.302","","0","79 56:57.289","0","0","0","0","2301","0","0","0","N","0","0","0","2","02301","0","","1.0","","1","N","N","N","0","","0","0","0","","3","","","2","0","0","0","0","0","0","2","0","2","","","","N","","","","","","","","","",""
"2022032821","1420","1","0","0","0","0","0","0","0","0","7","0","","02","3","2022","4","40.42458","-80.294628","1417","11","0","0","0","0","0","0","0","0","","0","0","0","","","0","N","0","","40 25:28.487","1","0","80 17:40.659","0","0","0","0","2214","0","0","0","N","0","0","0","2","62422","0","","2.0","1457.0","1","N","N","N","0","","0","0","0","","0","N","","1","0","0","0","0","0","0","1","0","1","","03","","N","","","","","","","","","",""
"2022037395","0426","1","0","0","0","0","0","0","0","0","6","0","","02","4","2022","1","40.418312","-79.99933","0424","11","0","0","0","0","0","0","0","0","","0","0","0","","","0","","1","","40 25:05.923","","0","79 59:57.589","0","0","0","0","2301","0","0","0","N","0","0","0","1","02301","0","","4.0","","1","N","N","N","1","","0","0","0","","0","","","2","0","0","0","0","0","0","2","0","2","","03","","N","","","","","","","","","",""
"2022026296","0850","2","0","0","0","0","0","0","0","0","1","0","","02","3","2022","2","40.57861","-80.0953","0813","11","0","0","0","0","0","0","0","0","","0","0","0","","","0","N","0","","40 34:42.995","1","0","80 05:43.079","0","0","0","0","2481","0","0","0","N","0","0","0","2","68B03","0","","1.0","100.0","9","N","N","N","0","","0","0","0","","0","Y","","2","0","0","0","0","0","0","2","0","2","","","","N","","","","","","","","","",""
"2022051006","2253","1","0","0","0","0","0","0","0","0","7","0","","02","5","2022","2","40.398549","-79.836113","2231","11","0","0","0","0","0","0","0","0","","0","0","0","","","0","N","0","","40 23:54.778","4","0","79 50:10.006","0","0","0","0","2425","0","0","0","Y","0","0","0","1","68B03","0","","3.0","2231.0","1","N","N","N","0","","0","0","0","","0","N","","1","0","0","0","0","0","0","2","0","1","","03","","N","","","","","","","","","",""
"2022047991","0823","1","0","0","0","0","0","0","0","0","7","0","","02","5","2022","2","40.422812","-80.102825","0817","11","0","0","0","0","0","0","0","0","","0","0","0","","","0","N","0","","40 25:22.122","3","0","80 06:10.171","0","0","0","0","2115","0","0","0","N","0","0","0","1","68B03","0","","2.0","40.0","9","N","N","N","0","","0","0","0","","0","N","","1","0","1","0","0","0","0","2","0","1","","","","N","","","","","","","","","",""
"2022049535","1553","5","0","0","0","0","0","0","0","0","1","0","","02","5","2022","5","40.482883","-79.809644","1545","11","0","0","0","0","0","2","0","0","","0","0","0","","","4","N","2","","40 28:58.380","6","0","79 48:34.720","3","0","0","0","2113","0","0","0","N","0","0","0","7","02113","0","","1.0","1631.0","1","N","N","N","0","","4","0","0","","2","Y","","5","4","0","0","0","0","0","2","0","5","","03","","N","","","","","","","","","",""
"2022032373","2023","4","0","0","0","0","0","0","0","0","1","0","","02","3","2022","1","40.365432","-79.865917","2019","11","0","0","0","0","0","0","0","0","","0","0","0","","","1","N","0","","40 21:55.556","6","0","79 51:57.300","2","0","0","0","2473","0","0","0","N","0","0","0","1","02473","0","","6.0","2210.0","1","N","N","N","0","","0","1","0","","0","Y","","4","1","1","0","1","0","0","2","0","4","","03","","N","","","","","","","","","",""
"2022041720","0151","0","0","0","0","0","0","0","0","0","7","0","","02","4","2022","1","40.439791","-79.860523","0140","11","0","0","0","0","0","0","0","0","","0","0","0","","","0","N","0","","40 26:23.247","3","0","79 51:37.884","0","0","0","0","2419","0","0","0","Y","0","0","0","2","68B03","0","","3.0","242.0","1","N","N","N","1","","0","0","1","","0","N","","2","0","1","0","0","0","0","2","0","2","","03","","N","","","","","","","","","",""
"2022042140","0759","2","0","0","0","0","0","0","0","0","2","0","","02","5","2022","3","40.45088","-79.906338","0759","11","0","0","0","0","0","0","0","0","","0","0","0","","","0","","2","","40 27:03.168","","0","79 54:22.817","0","0","0","0","2301","0","0","0","N","0","0","0","5","02301","0","","1.0","","1","N","N","N","0","","0","0","0","","0","","","2","0","0","0","0","0","0","2","0","2","","","","N","","","","","","","","","",""
"2022050035","0026","3","0","0","0","0","0","0","0","0","6","0","","02","5","2022","2","40.493778","-79.781664","0023","11","0","0","0","0","0","0","0","0","","0","0","0","","","1","N","0","","40 29:37.600","6","0","79 46:53.989","4","0","0","0","2466","0","0","0","N","0","0","0","1","02466","1","","1.0","115.0","1","N","N","N","0","","0","0","0","","0","N","","3","1","0","0","0","0","0","2","0","3","","03","","N","","","","","","","","","",""
"2022052019","1657","2","0","0","0","0","0","0","0","0","2","0","","02","6","2022","7","40.579923","-80.037701","1653","11","0","0","0","0","0","0","0","0","","0","0","0","","","2","N","0","","40 34:47.721","5","7","80 02:15.724","8","0","0","0","2108","0","0","0","N","0","0","0","2","02108","0","","1.0","1726.0","1","N","N","N","0","","0","0","0","","8","Y","","2","2","0","0","0","2","0","2","0","2","","03","","N","","","","","","","","","",""
"2022034661","1515","0","0","0","0","0","0","0","0","0","7","0","","02","4","2022","2","40.408872","-79.820222","1512","11","0","0","0","0","0","0","0","0","","0","0","0","","","1","N","2","","40 24:31.939","5","0","79 49:12.799","3","0","0","0","2467","0","0","0","N","0","0","0","1","02467","0","","4.0","1516.0","9","N","N","N","0","","1","0","1","","0","N","","1","1","0","0","0","0","0","2","0","1","","","","N","","","","","","","","","",""
"2022020334","1613","0","0","0","0","0","0","0","0","0","4","0","","02","2","2022","5","40.410765","-80.081526","1612","11","0","0","0","0","0","0","0","0","","0","0","0","","","1","","2","","40 24:38.755","","0","80 04:53.493","8","0","0","0","2415","0","0","0","N","0","0","0","3","02415","0","","1.0","","1","N","N","N","1","","0","0","1","","3","","","2","1","0","0","0","1","0","2","0","2","","","","N","","","","","","","","","",""
"2022039127","2307","1","0","0","0","0","0","0","0","0","7","0","","02","4","2022","6","40.433243","-79.888534","2305","11","0","0","0","0","0","0","0","0","","0","0","0","","","0","","1","","40 25:59.674","","0","79 53:18.722","0","0","0","0","2426","0","0","0","N","0","0","0","1","02426","0","","4.0","","1","N","N","N","0","","0","0","0","","3","","","1","0","0","0","0","0","0","2","0","1","","03","","N","","","","","","","","","",""
"2022051045","1744","0","0","0","0","0","0","0","0","0","7","0","","02","5","2022","5","40.454122","-80.180919","1744","11","0","0","0","0","0","0","0","0","","0","0","0","","","1","N","0","","40 27:14.839","4","0","80 10:51.307","3","0","0","0","2214","0","0","0","N","0","0","0","1","68B03","0","","4.0","1839.0","1","N","N","N","0","","1","0","1","","0","N","","1","1","0","0","0","0","0","2","0","1","","","","N","","","","","","","","","",""
"2022024962","2103","2","0","0","0","0","0","0","0","0","4","0","","02","3","2022","2","40.454656","-79.897525","2101","11","0","0","0","0","0","0","1","0","","0","0","0","","","0","","1","","40 27:16.761","","0","79 53:51.089","0","0","0","0","2301","0","0","0","N","0","0","0","2","02301","0","","1.0","","9","N","N","N","0","","0","0","0","","2","","","2","0","0","0","0","0","0","2","0","2","","07","","N","","","","","","","","","",""
"2022044543","2212","2","0","0","0","0","0","0","0","0","4","0","","02","5","2022","4","40.399403","-80.082122","2158","11","0","0","0","0","1","0","0","0","","0","0","0","","","0","","1","","40 23:57.850","","0","80 04:55.639","0","0","0","0","2415","0","0","0","N","0","0","0","3","02415","0","","1.0","","1","N","N","N","0","","0","0","0","","0","N","","2","0","0","0","0","0","0","2","0","2","","03","","N","","","","","","","","","",""
"2022045616","1400","1","0","2","0","0","0","0","0","0","2","0","","02","5","2022","7","40.382695","-79.872654","1356","11","0","0","0","0","0","1","0","0","","0","0","0","","","2","N","3","","40 22:57.702","6","0","79 52:21.553","2","0","0","0","2473","0","0","0","Y","0","0","0","6","02473","0","","1.0","1530.0","1","N","N","N","0","","0","2","1","","0","N","","2","2","0","0","0","0","0","2","0","2","","03","","N","","","","","","","","","",""
"2022039950","2231","1","0","0","0","0","0","0","0","0","7","0","","02","4","2022","5","40.363158","-79.949946","2230","11","0","0","0","0","0","1","0","0","","0","0","0","","","0","N","0","","40 21:47.367","1","0","79 56:59.807","0","0","0","0","2403","0","0","0","N","0","0","0","1","02403","0","","5.0","2322.0","1","N","N","N","0","","0","0","0","","0","N","","1","0","0","0","0","0","0","2","0","1","","03","","N","","","","","","","","","",""
"2022018342","0055","0","0","0","0","0","0","0","0","0","7","0","","02","2","2022","7","40.318201","-79.907879","0048","11","0","0","0","0","0","0","0","0","","0","0","0","","","0","N","0","","40 19:05.524","6","0","79 54:28.363","0","0","0","0","2440","0","0","0","N","0","0","0","1","02440","0","","5.0","213.0","2","N","N","N","0","","0","0","1","","0","Y","","1","0","0","0","0","0","0","2","0","1","","","","N","","","","","","","","","",""
"2022044332","0104","0","0","0","0","0","0","0","0","0","7","0","","02","5","2022","5","40.54514","-79.962912","0104","11","0","0","0","0","0","0","0","0","","0","0","0","","","0","N","0","","40 32:42.504","","0","79 57:46.483","0","0","0","0","2118","0","0","0","Y","0","0","0","1","02118","0","","4.0","","1","N","N","N","0","","0","0","1","","0","","","1","0","0","0","0","0","0","2","0","1","","03","","N","","","","","","","","","",""
"2022042027","1407","1","0","0","0","0","0","0","0","0","4","0","","02","5","2022","4","40.38563","-79.97872","1400","11","0","0","0","0","0","1","0","0","","0","0","0","","","0","N","2","","40 23:08.268","7","0","79 58:43.391","0","0","0","0","2301","0","0","0","N","0","0","0","3","02301","0","","1.0","1445.0","1","N","N","N","0","","0","0","1","","0","Y","","2","0","0","0","0","0","0","2","0","2","","03","","N","","","","","","","","","",""
"2022030331","1037","0","0","0","0","0","0","0","0","0","5","0","","02","3","2022","1","40.457327","-79.917236","1033","11","0","0","0","0","0","0","0","0","","0","0","0","","","0","N","0","","40 27:26.377","","0","79 55:02.051","0","0","0","0","2301","0","0","0","N","0","0","0","5","02301","0","","1.0","","2","N","N","N","0","","0","0","2","","0","","","3","0","0","0","0","0","0","2","0","3","","10","","N","","","","","","","","","",""
"2022023920","1817","3","0","0","0","0","0","0","0","0","4","0","","02","3","2022","3","40.488174","-79.921541","1806","11","0","0","0","0","0","0","0","0","","0","0","0","","","0","","2","","40 29:17.428","","0","79 55:17.549","0","0","0","0","2301","0","0","0","N","0","0","0","4","02301","0","","1.0","","1","N","N","N","0","","0","0","0","","3","","","3","0","0","0","0","0","0","2","0","3","","03","","N","","","","","","","","","",""
"2022034126","1259","1","0","0","0","0","0","0","0","0","2","0","","02","4","2022","7","40.427843","-79.980641","1251","11","0","0","0","0","0","0","0","0","","0","0","0","","","0","N","1","","40 25:40.234","","0","79 58:50.306","0","0","0","0","2301","0","0","0","N","0","0","0","2","02301","0","","1.0","","9","N","N","N","0","","0","0","1","","2","","","2","0","0","0","0","0","0","2","0","2","","07","","N","","","","","","","","","",""
"2022053371","0458","1","0","0","0","0","0","0","0","0","4","1","","02","6","2022","6","40.360112","-79.845257","0454","11","0","0","0","1","0","0","0","0","","0","1","0","","","0","N","0","","40 21:36.403","1","8","79 50:42.926","0","0","0","0","2303","0","0","0","N","0","0","0","2","02303","0","","1.0","529.0","1","N","N","N","0","","0","0","0","","0","N","","2","0","0","0","0","0","0","2","0","2","","03","","N","","","","","","","","","",""
"2022047503","1055","1","0","0","0","0","0","0","0","0","1","0","","02","5","2022","7","40.453616","-80.053061","1053","11","0","0","0","0","0","0","0","0","","0","0","0","","","0","N","2","","40 27:13.017","","0","80 03:11.019","0","0","0","0","2301","0","0","0","N","0","0","0","2","02301","0","","1.0","","1","N","N","Y","0","","0","0","1","","0","","","2","0","1","0","0","0","0","2","0","2","","03","","N","","","","","","","","","",""
"2022033362","1611","0","0","0","0","0","0","0","0","0","4","0","","02","4","2022","4","40.448489","-80.177281","1606","11","0","0","0","0","0","1","0","0","","0","0","0","","","1","N","0","","40 26:54.560","3","7","80 10:38.210","8","0","0","0","2214","0","0","0","N","0","0","0","2","02214","0","","1.0","1656.0","1","N","N","N","0","","0","0","2","","3","N","","2","1","0","0","0","1","0","2","0","2","","","","N","","","","","","","","","",""
"2022025222","0822","1","0","0","0","0","0","0","0","0","4","0","","02","3","2022","7","40.353802","-79.836804","0822","11","0","0","0","0","0","0","0","0","","0","0","0","","","0","Y","0","","40 21:13.686","","7","79 50:12.496","0","0","0","0","2304","0","0","0","N","0","0","0","3","02304","0","","3.0","","7","N","N","N","0","","0","0","0","","0","","","2","0","0","0","0","0","0","2","1","2","","02","","N","","","","","","","","","",""
"2022041442","0848","0","0","0","0","0","0","0","0","0","7","0","","02","5","2022","1","40.442307","-79.837727","0840","11","0","0","0","0","0","0","0","0","","0","0","0","","","1","N","0","","40 26:32.306","3","0","79 50:15.818","8","0","0","0","2419","0","0","0","N","0","0","0","1","68B03","0","","3.0","927.0","9","N","N","N","0","","0","0","1","","0","N","","1","1","1","0","0","1","0","2","0","1","","","","N","","","","","","","","","",""
"2022049364","2207","2","0","0","0","0","0","0","0","0","2","0","","02","5","2022","5","40.471917","-80.030349","2200","11","0","0","0","0","0","1","0","0","","0","0","0","","","1","","1","","40 28:18.901","","0","80 01:49.256","8","0","0","0","2301","0","0","0","N","0","0","0","2","02301","0","","1.0","","9","N","N","N","0","","0","0","0","","0","","","2","1","1","0","0","1","0","2","0","2","","07","","N","","","","","","","","","",""
"2022020443","1921","0","0","0","0","0","0","0","0","0","1","0","","02","2","2022","6","40.434919","-79.989887","1913","11","0","0","0","1","0","0","0","0","","0","0","0","","","0","N","0","","40 26:05.710","","0","79 59:23.592","0","0","0","0","2301","0","0","0","N","0","0","0","2","02301","0","","1.0","","1","N","N","N","1","","0","0","1","","0","","","2","0","0","0","0","0","0","2","0","2","","","","N","","","","","","","","","",""
"2022042197","0935","0","0","0","0","0","0","0","0","0","1","0","","02","5","2022","3","40.275657","-79.892693","0930","11","0","0","0","0","0","0","0","1","","0","0","0","","","1","","6","","40 16:32.364","1","2","79 53:33.694","4","0","0","0","2440","0","0","0","N","0","0","0","2","02440","1","","1.0","1010.0","1","N","N","N","0","","0","0","1","","3","N","","2","1","0","0","0","0","0","2","1","2","","03","","N","","","","","","","","","",""
"2022045900","1647","1","0","0","0","0","0","0","0","0","4","0","","02","5","2022","1","40.576692","-80.222432","1644","11","0","0","0","0","0","1","0","0","","0","0","0","","","2","","2","","40 34:36.090","3","0","80 13:20.756","3","0","0","1","2441","0","0","0","N","0","0","0","2","02441","0","","1.0","1720.0","1","N","N","N","0","","2","0","0","","2","Y","","2","2","0","0","0","0","0","2","0","2","","03","","N","","","","","","","","","",""
"2022021287","1915","0","0","0","0","0","0","0","0","0","7","0","","02","2","2022","6","40.330083","-80.056417","1912","11","0","0","0","0","0","0","0","0","","0","0","0","","","0","N","0","","40 19:48.300","","0","80 03:23.100","0","0","0","0","2407","0","0","0","N","0","0","0","1","02407","0","","5.0","","2","N","N","N","1","","0","0","0","","0","","","1","0","0","0","0","0","0","2","0","1","","","","N","","","","","","","","","",""
"2022030829","1525","1","0","0","0","0","0","0","0","0","7","0","","02","3","2022","3","40.436575","-79.973449","1515","11","0","0","0","0","0","0","0","0","","0","0","0","","","1","N","7","","40 26:11.669","3","2","79 58:24.418","4","0","0","0","2301","0","0","0","Y","0","0","0","1","02301","1","","7.0","1745.0","1","N","N","N","0","","0","0","0","","0","Y","","1","1","0","0","0","0","0","2","0","1","","03","","N","","","","","","","","","",""
"2022041814","2254","1","0","0","0","0","0","0","0","0","4","0","","02","5","2022","4","40.484674","-80.035306","2141","11","0","0","0","0","0","0","0","0","","0","0","0","","","0","N","0","","40 29:04.827","","0","80 02:07.101","0","0","0","0","2301","0","0","0","N","0","0","0","1","02301","0","","1.0","","1","N","N","N","0","","0","0","0","","0","","","2","0","0","0","0","0","0","2","1","2","","03","","N","","","","","","","","","",""
"2022017379","1832","1","0","0","0","0","0","0","0","0","6","0","","02","2","2022","4","","","1825","11","0","0","0","0","0","1","1","0","","0","0","0","","","0","","2","","","","0","","0","0","0","0","2304","0","0","0","N","0","0","0","3","02304","0","","1.0","","1","N","N","N","0","","0","0","1","","0","","","2","0","0","0","0","0","0","1","0","2","","03","","N","","","","","","","","","",""
"2022047347","1536","2","0","0","0","0","0","0","0","0","4","0","","02","5","2022","4","40.395426","-80.086804","1536","11","0","0","0","0","0","0","0","1","","0","0","0","","","1","N","0","","40 23:43.535","6","7","80 05:12.494","8","0","0","0","2102","0","0","0","N","0","0","0","2","02102","0","","1.0","1621.0","1","N","N","N","0","","0","0","0","","0","Y","","2","1","0","0","0","1","0","2","0","2","","03","","N","","","","","","","","","",""
"2022034025","2254","2","0","0","0","0","0","0","0","0","4","0","","02","4","2022","6","40.429251","-79.931571","2246","11","0","0","0","0","0","0","0","0","","0","0","0","","","0","N","0","","40 25:45.302","","2","79 55:53.654","9","0","0","0","2301","0","0","0","N","0","0","0","2","02301","0","","1.0","","9","N","N","N","0","","0","0","0","","0","","","2","0","0","0","0","0","1","2","0","2","","","","N","","","","","","","","","",""
"2022039351","1340","2","0","0","0","0","0","0","0","0","3","0","","02","4","2022","3","40.369728","-79.912992","1319","11","0","0","0","0","0","0","0","0","","0","0","0","","","1","","2","","40 22:11.022","","0","79 54:46.770","8","0","0","0","2301","0","0","0","N","0","0","0","2","02301","0","","1.0","","1","N","N","N","0","","0","0","0","","2","","","2","1","1","0","0","1","0","2","0","2","","03","","N","","","","","","","","","",""
"2022032945","1704","1","0","0","0","0","0","0","0","0","5","0","","02","4","2022","3","40.427678","-79.968311","1647","11","0","0","0","0","0","0","0","0","","0","0","0","","","0","N","0","","40 25:39.640","","0","79 58:05.920","0","0","0","0","2301","0","0","0","N","0","0","0","2","02301","0","","1.0","","9","N","N","N","0","","0","0","1","","0","","","2","0","0","0","0","0","0","2","0","2","","07","","N","","","","","","","","","",""
"2022024743","1847","2","0","0","0","0","0","0","0","0","4","0","","02","3","2022","6","40.407158","-79.908663","1844","11","0","0","0","0","0","0","0","0","","0","0","0","","","0","N","0","","40 24:25.768","","0","79 54:31.186","0","0","0","0","2438","0","0","0","N","0","0","0","5","02438","0","","1.0","","1","","","Y","0","","0","0","0","","0","","","3","0","3","0","0","0","0","2","1","3","","03","","N","","","","","","","","","",""
"2022042462","1613","0","0","0","0","0","0","0","0","0","1","0","","02","5","2022","2","40.604322","-79.765498","1548","11","0","0","0","0","0","2","0","0","","0","0","0","","","1","N","0","","40 36:15.558","1","0","79 45:55.793","8","0","0","0","2464","0","0","0","N","0","0","0","2","68D02","0","","1.0","1635.0","1","N","N","N","0","","0","0","1","","0","N","","2","1","0","0","0","1","0","2","1","2","","","","N","","","","","","","","","",""
"2022046120","1137","0","0","0","0","0","0","0","0","0","1","0","","02","5","2022","7","40.54028","-80.219089","1124","11","0","0","0","0","0","0","0","0","","0","0","0","","","0","N","0","","40 32:25.009","","0","80 13:08.720","0","0","0","0","2213","0","0","0","N","0","0","0","2","02213","0","","1.0","","1","N","N","N","0","","0","0","2","","0","","","2","0","1","0","0","0","0","2","0","2","","","","N","","","","","","","","","",""
"2022037909","1245","1","0","0","0","0","0","0","0","0","4","0","","02","4","2022","3","40.558678","-80.039617","1241","11","0","0","0","0","0","1","1","1","","0","0","0","","","0","N","0","","40 33:31.242","2","0","80 02:22.622","0","0","0","0","2108","0","0","0","N","0","0","0","3","02108","0","","1.0","1330.0","7","N","N","N","0","","0","0","2","","0","N","","3","0","0","0","0","0","0","2","0","3","","10","","N","","","","","","","","","",""
"2022048295","0014","1","0","0","0","0","0","0","0","0","7","0","","02","5","2022","2","40.441032","-79.993814","0005","11","0","0","0","0","0","0","0","0","","0","0","0","","","1","","1","","40 26:27.714","4","0","79 59:37.731","4","0","0","0","2301","0","0","0","N","0","0","0","1","02301","1","","2.0","31.0","1","N","N","N","0","","0","0","0","","2","N","","1","1","1","0","0","0","0","2","0","1","","03","","N","","","","","","","","","",""
"2022034453","0611","1","0","0","0","0","0","0","0","0","0","0","","02","4","2022","6","40.369506","-79.874834","0609","11","0","0","0","0","0","0","0","0","","0","0","0","","","0","N","9","","40 22:10.222","","0","79 52:29.402","0","0","0","0","2473","0","0","0","N","0","0","0","1","02473","0","","4.0","","1","N","N","Y","0","","0","0","0","","5","","","1","0","0","0","0","0","0","2","0","1","","03","","N","","","","","","","","","",""
"2022043276","0553","2","0","0","0","0","0","0","0","0","4","0","","02","5","2022","1","40.347644","-79.951869","0549","11","0","0","0","0","0","1","0","0","","0","0","0","","","2","","1","","40 20:51.517","3","0","79 57:06.728","3","0","0","0","2473","0","0","0","N","0","0","0","2","02473","0","","1.0","635.0","1","N","N","N","0","","2","0","0","","2","N","","2","2","0","0","0","0","0","2","0","2","","","","N","","","","","","","","","",""
"2022030380","1550","2","0","0","0","0","0","0","0","0","4","0","","02","3","2022","1","40.342923","-80.053143","1536","11","0","0","1","0","0","0","0","1","","0","0","0","","","0","","2","","40 20:34.522","2","7","80 03:11.314","0","0","0","0","2407","0","0","0","N","0","0","0","2","02407","0","","1.0","1500.0","1","N","N","N","0","","0","0","0","","2","N","","2","0","0","0","0","0","0","2","0","2","","","","N","","","","","","","","","",""
"2022020827","1747","0","0","0","0","0","0","0","0","0","7","0","","02","2","2022","1","40.39267","-79.934439","1737","11","0","0","0","0","0","0","0","0","","0","0","0","","","3","N","0","","40 23:33.611","1","2","79 56:03.979","3","0","0","0","2301","0","0","0","N","0","0","0","5","02301","0","","5.0","1800.0","1","N","N","N","0","","3","0","1","","0","N","","1","3","0","0","0","0","0","2","0","1","","03","","N","","","","","","","","","",""
"2022037784","0316","3","0","0","0","0","0","0","0","0","1","0","","02","3","2022","1","40.421461","-79.890122","0316","11","0","0","0","0","0","0","0","0","","0","0","0","","","0","N","0","","40 25:17.259","","0","79 53:24.440","0","0","0","0","2463","0","0","0","N","0","0","0","1","02463","0","","6.0","","1","N","N","N","0","","0","0","0","","0","","","3","0","0","0","0","0","0","2","0","3","","03","","N","","","","","","","","","",""
"2022033066","2030","2","0","0","0","0","0","0","0","0","1","0","45","02","4","2022","6","40.494216","-79.903712","2015","11","0","0","0","1","1","0","0","0","","0","0","0","","","0","N","0","","40 29:39.178","2","0","79 54:13.362","0","0","0","0","2401","0","0","0","N","0","0","0","3","68D02","0","","1.0","2125.0","1","N","N","N","0","","0","0","1","","0","N","","3","0","0","0","0","0","0","2","0","3","","03","N","Y","4","1","","","N","","","","Y","N"
"2022029329","1429","2","0","1","0","0","0","0","0","0","6","0","","02","3","2022","5","40.54326","-80.19226","1427","11","0","0","0","0","0","0","0","1","","0","0","0","","","3","Y","0","","40 32:35.737","2","7","80 11:32.136","2","0","0","0","2427","0","0","0","N","0","0","0","3","02427","1","","1.0","1511.0","1","N","N","N","0","","1","1","0","","0","Y","","2","3","1","0","0","0","0","2","0","2","","03","","N","","","","","","","","","",""
"2022043213","2133","1","0","0","0","0","0","0","0","0","0","0","","02","5","2022","5","40.433728","-79.963366","2107","11","0","0","0","0","0","0","0","0","","0","0","0","","","1","N","0","","40 26:01.421","","0","79 57:48.118","3","0","0","0","2301","0","0","0","N","0","0","0","1","68B03","0","","4.0","","1","N","N","N","0","","1","0","0","","0","","","1","1","0","0","0","0","0","2","0","1","","","","N","","","","","","","","","",""
"2022043471","1549","0","0","0","0","0","0","0","0","0","1","0","","02","5","2022","3","40.433662","-80.029234","1543","11","0","0","0","0","0","1","0","0","","0","0","0","","","1","Y","0","","40 26:01.183","2","0","80 01:45.244","4","0","0","0","2301","0","0","0","N","0","0","0","3","02301","1","","1.0","1620.0","1","N","N","N","0","","0","0","2","","0","N","","2","1","0","0","0","0","0","2","0","2","","03","","N","","","","","","","","","",""
"2022043649","2312","1","0","0","0","0","0","0","0","0","7","0","","02","5","2022","3","40.510518","-79.946298","2309","11","0","0","0","0","0","0","0","0","","0","0","0","","","0","N","0","","40 30:37.863","1","0","79 56:46.672","0","0","0","0","2118","0","0","0","N","0","0","0","1","02118","0","","5.0","630.0","1","N","N","N","0","","0","0","0","","0","Y","","1","0","0","0","0","0","0","2","0","1","","","","N","","","","","","","","","",""
"2022029421","1735","2","0","0","0","0","0","0","0","0","6","0","","02","3","2022","1","40.55234","-80.118513","1728","11","0","2","0","0","0","0","0","0","","0","0","0","","","0","","1","","40 33:08.425","","2","80 07:06.646","0","0","0","0","2215","0","0","0","N","0","0","0","6","02215","0","","1.0","","1","N","N","N","0","","0","0","0","","0","","","2","0","0","0","0","0","0","2","0","2","","03","","N","","","","","","","","","",""
"2022045558","2313","0","0","0","0","0","0","0","0","0","0","0","","02","5","2022","1","40.361342","-79.831022","2301","11","0","0","0","0","0","0","1","0","","0","0","0","","","1","N","0","","40 21:40.830","6","0","79 49:51.680","8","0","0","1","2304","0","0","0","N","0","0","0","1","02304","0","","1.0","2340.0","1","N","N","N","0","","0","0","0","","0","N","","1","1","0","0","0","1","0","2","0","1","","03","","N","","","","","","","","","",""