"CRN","ARRIVAL_TM","AUTOMOBILE_COUNT","BELTED_DEATH_COUNT","BELTED_SUSP_SERIOUS_INJ_COUNT","BICYCLE_COUNT","BICYCLE_DEATH_COUNT","BICYCLE_SUSP_SERIOUS_INJ_COUNT","BUS_COUNT","CHLDPAS_DEATH_COUNT","CHLDPAS_SUSP_SERIOUS_INJ_COUNT","COLLISION_TYPE","COMM_VEH_COUNT","CONS_ZONE_SPD_LIM","COUNTY","CRASH_MONTH","CRASH_YEAR","DAY_OF_WEEK","DEC_LATITUDE","DEC_LONGITUDE","DISPATCH_TM","DISTRICT","DRIVER_COUNT_16YR","DRIVER_COUNT_17YR","DRIVER_COUNT_18YR","DRIVER_COUNT_19YR","DRIVER_COUNT_20YR","DRIVER_COUNT_50_64YR","DRIVER_COUNT_65_74YR","DRIVER_COUNT_75PLUS","EST_HRS_CLOSED","FATAL_COUNT","HEAVY_TRUCK_COUNT","HORSE_BUGGY_COUNT","HOUR_OF_DAY","ILLUMINATION","INJURY_COUNT","INTERSECTION_RELATED","INTERSECT_TYPE","LANE_CLOSED","LATITUDE","LN_CLOSE_DIR","LOCATION_TYPE","LONGITUDE","MAX_SEVERITY_LEVEL","MCYCLE_DEATH_COUNT","MCYCLE_SUSP_SERIOUS_INJ_COUNT","MOTORCYCLE_COUNT","MUNICIPALITY","NONMOTR_COUNT","NONMOTR_DEATH_COUNT","NONMOTR_SUSP_SERIOUS_INJ_COUNT","NTFY_HIWY_MAINT","PED_COUNT","PED_DEATH_COUNT","PED_SUSP_SERIOUS_INJ_COUNT","PERSON_COUNT","POLICE_AGCY","POSSIBLE_INJ_COUNT","RDWY_SURF_TYPE_CD","RELATION_TO_ROAD","ROADWAY_CLEARED","ROAD_CONDITION","SCH_BUS_IND","SCH_ZONE_IND","SECONDARY_CRASH","SMALL_TRUCK_COUNT","SPEC_JURIS_CD","SUSP_MINOR_INJ_COUNT","SUSP_SERIOUS_INJ_COUNT","SUV_COUNT","TCD_FUNC_CD","TCD_TYPE","TFC_DETOUR_IND","TIME_OF_DAY","TOTAL_UNITS","TOT_INJ_COUNT","UNBELTED_OCC_COUNT","UNB_DEATH_COUNT","UNB_SUSP_SERIOUS_INJ_COUNT","UNK_INJ_DEG_COUNT","UNK_INJ_PER_COUNT","URBAN_RURAL","VAN_COUNT","VEHICLE_COUNT","WEATHER1","WEATHER2","WORKERS_PRES","WORK_ZONE_IND","WORK_ZONE_LOC","WORK_ZONE_TYPE","WZ_CLOSE_DETOUR","WZ_FLAGGER","WZ_LAW_OFFCR_IND","WZ_LN_CLOSURE","WZ_MOVING","WZ_OTHER","WZ_SHLDER_MDN","WZ_WORKERS_INJ_KILLED"
"2022050405","2155","0","0","0","0","0","0","0","0","0","2","0","","02","5","2022","1","40.386423","-79.796261","2153","11","0","0","0","0","0","0","0","0","","0","0","0","","","0","N","0","","40 23:11.122","","0","79 47:46.539","0","0","0","0","2111","0","0","0","N","0","0","0","1","02111","0","","1.0","","1","N","N","N","2","","0","0","0","","0","","","2","0","1","0","0","0","0","2","0","2","","03","","N","","","","","","","","","",""
"2022041647","1605","0","0","0","0","0","0","0","0","0","0","0","","02","5","2022","4","40.408254","-80.149941","1600","11","0","0","0","0","0","0","0","0","","0","0","0","","","1","N","0","","40 24:29.716","5","0","80 08:59.786","2","0","1","1","2102","0","0","0","N","0","0","0","2","02102","0","","1.0","1655.0","1","N","N","N","0","","0","1","0","","0","N","","1","1","0","0","0","0","0","1","0","1","","04","","N","","","","","","","","","",""
"2022043436","1244","1","0","0","0","0","0","0","0","0","4","0","","02","5","2022","3","40.377712","-79.802559","1242","11","0","0","0","0","0","0","0","1","","0","0","0","","","3","","2","","40 22:39.764","3","0","79 48:09.214","8","0","0","0","2111","0","0","0","N","0","0","0","3","02111","0","","1.0","1323.0","1","N","N","N","1","","0","0","0","","0","Y","","2","3","0","0","0","3","0","2","0","2","","03","","N","","","","","","","","","",""
"2022029517","0330","1","0","0","0","0","0","0","0","0","7","0","","02","2","2022","6","40.427911","-79.926143","0304","11","0","0","0","1","0","0","0","0","","0","0","0","","","2","N","0","","40 25:40.480","3","4","79 55:34.116","3","0","0","0","2301","0","0","0","N","0","0","0","2","68B03","0","","2.0","310.0","9","N","N","N","0","","2","0","0","","0","N","","1","2","2","0","0","0","0","2","0","1","","","","N","","","","","","","","","",""
"2022024612","1450","0","0","0","0","0","0","0","0","0","7","1","","02","3","2022","5","40.515763","-79.933152","1436","11","0","0","0","0","0","0","0","0","","0","0","0","","","0","N","0","","40 30:56.748","6","0","79 55:59.347","0","0","0","0","2112","0","0","0","N","0","0","0","1","02112","0","","2.0","1800.0","1","N","N","N","0","","0","0","0","","0","Y","","1","0","0","0","0","0","0","2","1","1","","03","","N","","","","","","","","","",""
"2022029437","1123","0","0","0","1","0","0","0","0","0","8","0","","02","3","2022","5","40.463181","-79.930877","1119","11","0","0","0","0","0","0","1","0","","0","0","0","","","1","Y","0","","40 27:47.452","","0","79 55:51.158","8","0","0","0","2301","1","0","0","N","0","0","0","2","02301","0","","1.0","","1","N","N","N","0","","0","0","1","","0","N","","2","1","0","0","0","1","0","2","0","1","","03","","N","","","","","","","","","",""
"2022040990","1739","1","0","0","0","0","0","0","0","0","1","0","","02","5","2022","2","40.417661","-79.956476","1728","11","0","0","0","0","0","0","0","0","","0","0","0","","","1","N","0","","40 25:03.579","","0","79 57:23.315","3","0","0","0","2301","0","0","0","N","0","0","0","2","02301","0","","1.0","","1","N","N","Y","0","","1","0","1","","2","","","2","1","0","0","0","0","0","2","0","2","","03","","N","","","","","","","","","",""
"2022045819","0054","0","0","0","0","0","0","0","0","0","7","0","","02","3","2022","4","40.420923","-80.047398","0047","11","0","0","0","0","0","1","0","0","","0","0","0","","","0","","7","","40 25:15.323","","0","80 02:50.631","0","0","0","0","2435","0","0","0","Y","0","0","0","2","68B03","0","","2.0","","1","N","N","N","0","","0","0","1","","0","","","1","0","0","0","0","0","0","2","0","1","","","","N","","","","","","","","","",""
"2022038695","1235","1","0","0","0","0","0","0","0","0","4","0","","02","4","2022","1","40.449213","-79.901322","1230","11","0","0","0","0","0","0","0","0","","0","0","0","","","0","N","1","","40 26:57.168","","0","79 54:04.760","9","0","0","0","2301","0","0","0","N","0","0","0","2","02301","0","","1.0","","1","N","N","N","0","","0","0","1","","2","","","2","0","0","0","0","0","1","2","0","2","","03","","N","","","","","","","","","",""
"2022045620","1252","0","0","0","0","0","0","0","0","0","7","0","","02","5","2022","3","40.5432","-79.823749","1241","11","0","0","0","0","0","0","0","0","","0","0","0","","","0","N","0","","40 32:35.519","4","2","79 49:25.495","0","0","0","0","2208","0","0","0","N","0","0","0","1","68T02","0","","4.0","1306.0","1","N","N","N","0","","0","0","1","","0","N","","1","0","0","0","0","0","0","2","0","1","","","","N","","","","","","","","","",""
"2022038501","1837","1","0","0","0","0","0","0","0","0","8","0","","02","4","2022","1","40.441794","-79.958505","1827","11","0","0","0","0","0","0","0","0","","0","0","0","","","1","N","2","","40 26:30.459","","0","79 57:30.618","3","0","0","0","2301","1","0","0","N","1","0","0","2","02301","0","","1.0","","1","N","N","N","0","","1","0","0","","2","","","2","1","0","0","0","0","0","2","0","1","","","","N","","","","","","","","","",""
"2022051877","2157","4","0","0","0","0","0","0","0","0","5","0","","02","6","2022","6","40.484374","-80.040113","2149","11","0","0","0","0","0","0","0","0","","0","0","0","","","0","N","0","","40 29:03.748","3","0","80 02:24.405","9","0","0","0","2301","0","0","0","N","0","0","0","2","02301","0","","1.0","2300.0","1","N","N","Y","0","","0","0","0","","0","N","","4","0","0","0","0","0","1","2","0","4","","03","","N","","","","","","","","","",""
"2022020329","1834","0","0","0","0","0","0","0","0","0","5","0","","02","2","2022","5","40.410061","-80.080742","1831","11","0","0","0","0","0","0","0","0","","0","0","0","","","1","","1","","40 24:36.218","","0","80 04:50.671","4","0","0","0","2415","0","0","0","N","0","0","0","5","02415","1","","1.0","","9","N","N","N","0","","0","0","2","","0","","","2","1","0","0","0","0","0","2","0","2","","","","N","","","","","","","","","",""
"2022017639","0912","0","0","0","0","0","0","0","0","0","6","0","","02","2","2022","5","40.503442","-80.056503","0908","11","0","0","0","0","0","0","0","0","","0","0","0","","","0","N","0","","40 30:12.390","3","0","80 03:23.410","0","0","0","0","2404","0","0","0","N","0","0","0","1","02404","0","","1.0","934.0","9","N","N","N","0","","0","0","1","","0","N","","2","0","0","0","0","0","0","2","1","2","","","","N","","","","","","","","","",""
"2022031231","2247","1","0","0","0","0","0","0","0","0","5","0","","02","3","2022","4","40.429211","-79.980512","2238","11","0","0","1","0","0","0","0","0","","0","0","0","","","0","N","0","","40 25:45.160","","0","79 58:49.843","0","0","0","0","2301","0","0","0","N","0","0","0","4","02301","0","","6.0","","1","N","N","N","0","","0","0","1","","0","","","2","0","0","0","0","0","0","2","0","2","","03","","N","","","","","","","","","",""
"2022023840","1737","1","0","0","0","0","0","0","0","0","7","0","","02","3","2022","3","40.461391","-79.906074","1732","11","0","0","0","0","0","0","1","0","","0","0","0","","","1","N","0","","40 27:41.009","6","0","79 54:21.868","3","0","0","0","2301","0","0","0","N","0","0","0","1","02301","0","","5.0","1900.0","1","N","N","N","0","","1","0","0","","0","Y","","1","1","0","0","0","0","0","2","0","1","","03","","N","","","","","","","","","",""
"2022023048","1708","1","0","0","0","0","0","0","0","0","4","0","","02","3","2022","1","40.449201","-79.901467","1705","11","0","0","0","0","0","0","0","0","","0","0","0","","","2","N","1","","40 26:57.122","","0","79 54:05.280","3","0","0","0","2301","0","0","0","N","0","0","0","3","02301","0","","1.0","","1","N","N","N","0","","2","0","1","","2","","","2","2","0","0","0","0","0","2","0","2","","","","N","","","","","","","","","",""
"2022042105","1312","1","0","0","0","0","0","0","0","0","5","1","","02","5","2022","5","40.343106","-79.829154","1311","11","0","0","0","0","0","0","0","0","","0","1","0","","","1","N","0","","40 20:35.181","2","0","79 49:44.955","8","0","0","0","2304","0","0","0","N","0","0","0","2","02304","0","","2.0","1336.0","1","N","N","N","0","","0","0","0","","0","N","","2","1","0","0","0","1","0","2","0","2","","03","","N","","","","","","","","","",""
"2022038934","0555","2","0","0","0","0","0","0","0","0","5","0","","02","4","2022","2","40.448647","-79.899636","0548","11","0","0","0","0","0","0","0","0","","0","0","0","","","0","N","1","","40 26:55.128","4","0","79 53:58.690","0","0","0","0","2301","0","0","0","N","0","0","0","2","02301","0","","1.0","645.0","1","N","N","N","0","","0","0","0","","0","N","","2","0","0","0","0","0","0","2","0","2","","","","N","","","","","","","","","",""
"2022028109","1410","0","0","0","0","0","0","0","0","0","4","0","","02","3","2022","7","40.433126","-79.789501","1405","11","0","0","0","0","0","0","1","0","","0","0","0","","","0","","2","","40 25:59.254","3","7","79 47:22.204","0","0","0","0","2446","0","0","0","N","0","0","0","2","02446","0","","1.0","1445.0","1","N","N","N","0","","0","0","2","","3","N","","2","0","0","0","0","0","0","2","0","2","","03","","N","","","","","","","","","",""
"2022046803","2248","0","0","0","0","0","0","0","0","0","7","0","","02","5","2022","5","40.337573","-80.010865","2246","11","0","0","0","0","0","0","0","0","","0","0","0","","","0","N","0","","40 20:15.263","","0","80 00:39.114","0","0","0","0","2407","0","0","0","N","0","0","0","1","02407","0","","4.0","","1","N","N","N","0","","0","0","1","","0","","","1","0","0","0","0","0","0","2","0","1","","03","","N","","","","","","","","","",""
"2022051119","0727","0","0","0","0","0","0","0","0","0","0","1","","02","5","2022","3","40.510319","-79.790196","0701","11","0","0","1","0","0","0","0","0","","0","1","0","","","0","N","0","","40 30:37.148","4","0","79 47:24.706","0","0","0","0","2466","0","0","0","N","0","0","0","2","68T02","0","","2.0","910.0","1","N","N","N","0","","0","0","0","","0","Y","","1","0","0","0","0","0","0","2","0","1","","","","N","","","","","","","","","",""
"2022046916","1908","0","0","0","0","0","0","0","0","0","7","0","","02","4","2022","1","40.429353","-79.931304","1905","11","0","0","0","0","0","0","1","0","","0","0","0","","","1","N","0","","40 25:45.670","4","2","79 55:52.693","3","0","0","0","2301","0","0","0","N","0","0","0","1","68B03","0","","3.0","30.0","1","N","N","N","0","","1","0","1","","0","N","","1","1","0","0","0","0","0","2","0","1","","03","","N","","","","","","","","","",""
"2022037788","2255","0","0","0","0","0","0","0","0","0","7","0","","02","4","2022","4","40.382931","-79.808342","2255","11","0","0","0","0","0","0","0","0","","0","0","0","","","2","N","0","","40 22:58.550","7","0","79 48:30.030","2","0","0","0","2424","0","0","0","N","0","0","0","2","02424","0","","5.0","2352.0","1","N","N","N","0","","0","2","1","","0","Y","","1","2","2","0","2","0","0","2","0","1","","03","","N","","","","","","","","","",""
"2022016244","2221","0","0","0","0","0","0","0","0","0","7","0","","02","2","2022","7","40.587394","-80.036671","2218","11","0","0","0","0","0","0","0","0","","0","0","0","","","0","","11","","40 35:14.618","7","0","80 02:12.015","0","0","0","0","2108","0","0","0","N","0","0","0","1","02108","0","","4.0","900.0","1","N","N","N","1","","0","0","0","","0","Y","","1","0","0","0","0","0","0","2","0","1","","","","N","","","","","","","","","",""
"2022042209","1430","1","0","0","0","0","0","1","0","0","5","1","","02","5","2022","5","40.455683","-79.941808","1423","11","0","0","0","0","0","0","0","0","","0","0","0","","","0","N","0","","40 27:20.458","","0","79 56:30.509","0","0","0","0","2301","0","0","0","N","0","0","0","2","02503","0","","6.0","","1","N","N","N","0","","0","0","0","","0","","","2","0","0","0","0","0","0","2","0","2","","","","N","","","","","","","","","",""
"2022047493","1030","1","0","0","0","0","0","0","0","0","8","0","","02","5","2022","7","40.445339","-79.895885","1029","11","0","0","0","0","0","0","0","1","","0","0","0","","","1","N","2","","40 26:43.222","","0","79 53:45.187","8","0","0","0","2301","1","0","0","N","1","0","0","2","02301","0","","1.0","","1","N","N","N","0","","0","0","0","","0","","","2","1","0","0","0","1","0","2","0","1","","03","","N","","","","","","","","","",""
"2022045068","2319","0","0","0","0","0","0","0","0","0","0","0","","02","5","2022","6","40.451401","-80.050538","2319","11","0","0","0","0","0","1","0","0","","0","0","0","","","1","N","2","","40 27:05.043","","0","80 03:01.936","3","0","0","1","2301","0","0","0","N","0","0","0","2","02301","0","","1.0","","1","N","N","N","0","","1","0","0","","3","","","2","1","0","0","0","0","0","2","0","1","","","","N","","","","","","","","","",""
"2022041896","0725","1","0","0","0","0","0","0","0","0","98","0","","02","5","2022","5","40.215913","-79.955394","0705","11","0","0","0","0","0","0","0","0","","0","0","0","","","0","N","0","","40 12:57.285","4","0","79 57:19.420","0","0","0","0","2204","0","0","0","N","0","0","0","1","02105","0","","1.0","740.0","1","N","N","N","0","","0","0","0","","0","N","","1","0","0","0","0","0","0","1","0","1","","","","N","","","","","","","","","",""
"2022015164","0845","0","0","0","0","0","0","0","0","0","1","0","","02","2","2022","5","40.408614","-80.026428","0827","11","0","0","0","0","0","0","0","0","","0","0","0","","","0","N","1","","40 24:31.010","","0","80 01:35.140","0","0","0","0","2301","0","0","0","N","0","0","0","1","02301","0","","2.0","","1","N","N","N","0","","0","0","1","","0","","","2","0","1","0","0","0","0","2","1","2","","03","","N","","","","","","","","","",""
"2022047016","0710","0","0","0","0","0","0","0","0","0","4","0","","02","5","2022","5","40.422355","-80.010162","0704","11","0","0","0","0","0","0","0","0","","0","0","0","","","0","N","0","","40 25:20.478","","0","80 00:36.583","0","0","0","0","2301","0","0","0","N","0","0","0","1","02301","0","","4.0","","1","N","N","N","0","","0","0","1","","0","","","2","0","0","0","0","0","0","2","0","2","","03","","N","","","","","","","","","",""
"2022018736","0751","0","0","0","0","0","0","0","0","0","1","0","","02","2","2022","3","40.504302","-80.082786","0749","11","0","0","0","0","0","0","0","0","","0","0","0","","","0","Y","0","","40 30:15.488","1","0","80 04:58.031","0","0","0","0","2405","0","0","0","N","0","0","0","2","02215","0","","1.0","811.0","1","","","N","0","","0","0","2","","0","N","","2","0","0","0","0","0","0","2","0","2","","98","","N","","","","","","","","","",""
"2022041049","1611","1","0","0","0","0","0","0","0","0","1","0","","02","4","2022","3","40.428074","-79.948059","1545","11","0","0","0","0","0","1","0","0","","0","0","0","","","0","N","0","","40 25:41.067","","0","79 56:53.011","0","0","0","0","2301","0","0","0","N","0","0","0","2","68B03","0","","1.0","","1","N","N","N","1","","0","0","0","","0","","","2","0","0","0","0","0","0","2","0","2","","","","N","","","","","","","","","",""
"2022022312","2030","1","0","0","0","0","0","0","0","0","1","0","","02","2","2022","7","40.455112","-79.885976","0229","11","0","0","0","0","0","0","0","0","","0","0","0","","","0","N","2","","40 27:18.403","","0","79 53:09.513","9","0","0","0","2301","0","0","0","N","0","0","0","1","02301","0","","6.0","","1","N","N","N","0","","0","0","3","","0","","","4","0","0","0","0","0","1","2","0","4","","03","","N","","","","","","","","","",""
"2022049493","0908","2","0","0","0","0","0","0","0","0","4","0","","02","5","2022","6","40.458822","-79.972785","0851","11","0","0","0","0","0","1","1","0","","0","0","0","","","0","N","1","","40 27:31.760","","0","79 58:22.026","0","0","0","0","2301","0","0","0","N","0","0","0","2","02301","0","","1.0","","9","N","N","N","0","","0","0","0","","0","N","","2","0","0","0","0","0","0","2","0","2","","07","","N","","","","","","","","","",""
"2022031467","0049","1","0","0","0","0","0","0","0","0","4","0","","02","4","2022","6","40.347615","-79.832533","0046","11","0","0","0","0","0","0","0","0","","0","0","0","","","1","","1","","40 20:51.413","7","0","79 49:57.117","2","0","1","1","2304","0","0","0","N","0","0","0","5","02304","0","","1.0","236.0","1","N","N","N","0","","0","1","0","","2","Y","","2","1","0","0","0","0","0","2","0","2","","03","","N","","","","","","","","","",""
"2022045431","1312","1","0","0","0","0","0","0","0","0","4","0","","02","5","2022","1","40.299005","-79.962433","1305","11","0","1","0","0","0","0","0","0","","0","0","0","","","0","N","0","","40 17:56.418","2","0","79 57:44.760","0","0","0","0","2440","0","0","0","N","0","0","0","1","02440","0","","1.0","1444.0","1","N","N","N","0","","0","0","0","","0","N","","2","0","0","0","0","0","0","2","1","2","","03","","N","","","","","","","","","",""
"2022027544","1519","0","0","1","0","0","0","0","0","0","7","0","25","02","3","2022","6","40.437172","-80.034681","1519","11","0","0","0","0","0","0","0","0","","0","0","0","","","1","N","0","","40 26:13.820","3","0","80 02:04.850","2","0","0","0","2301","0","0","0","N","0","0","0","1","02301","0","","5.0","1610.0","1","N","N","N","0","","0","1","1","","0","N","","1","1","0","0","0","0","0","2","0","1","","","N","Y","4","1","","","N","","","","Y","N"
"2022016371","1542","2","0","0","0","0","0","0","0","0","1","0","","02","2","2022","7","40.275142","-79.892555","1539","11","0","0","0","0","0","1","0","0","","0","0","0","","","1","","6","","40 16:30.511","","2","79 53:33.198","3","0","0","0","2471","0","0","0","N","0","0","0","2","02428","0","","1.0","","1","N","N","N","0","","1","0","0","","3","N","","2","1","0","0","0","0","0","2","0","2","","03","","N","","","","","","","","","",""
"2022029291","0928","1","0","0","0","0","0","0","0","0","7","0","","02","3","2022","1","40.31247","-80.066018","0859","11","0","0","0","1","0","0","0","0","","0","0","0","","","0","N","0","","40 18:44.893","1","0","80 03:57.665","0","0","0","0","2407","0","0","0","N","0","0","0","1","02407","0","","5.0","1012.0","2","N","N","N","0","","0","0","0","","0","N","","1","0","0","0","0","0","0","2","0","1","","","","N","","","","","","","","","",""
"2022017272","1052","2","0","0","0","0","0","0","0","0","4","0","","02","2","2022","4","40.454241","-79.948723","1046","11","0","0","0","0","0","0","0","0","","0","0","0","","","0","N","0","","40 27:15.269","","7","79 56:55.402","0","0","0","0","2301","0","0","0","N","0","0","0","2","02301","0","","1.0","","1","N","N","N","0","","0","0","0","","0","","","2","0","0","0","0","0","0","2","0","2","","03","","N","","","","","","","","","",""
"2022025754","0306","0","0","0","0","0","0","0","0","0","7","0","","02","3","2022","7","40.411969","-80.002419","0300","11","0","0","0","0","0","0","0","0","","0","0","0","","","0","N","0","","40 24:43.090","","0","80 00:08.710","0","0","0","0","2301","0","0","0","N","0","0","0","1","02301","0","","5.0","","1","N","N","N","0","","0","0","1","","0","","","1","0","1","0","0","0","0","2","0","1","","03","","N","","","","","","","","","",""
"2022043223","1248","1","0","0","0","0","0","0","0","0","1","0","","02","5","2022","6","40.411704","-80.076434","1246","11","0","0","0","0","0","0","0","0","","0","0","0","","","0","N","0","","40 24:42.133","","0","80 04:35.163","0","0","0","0","2117","0","0","0","N","0","0","0","2","68B03","0","","1.0","","9","N","N","N","1","","0","0","0","","0","","","2","0","0","0","0","0","0","2","0","2","","","","N","","","","","","","","","",""
"2022024761","2337","2","0","0","0","0","0","0","0","0","1","0","","02","3","2022","5","40.422766","-80.003601","2338","11","0","0","0","0","0","0","0","0","","0","0","0","","","0","N","0","","40 25:21.958","","4","80 00:12.962","9","0","0","0","2301","0","0","0","N","0","0","0","3","02301","0","","1.0","","1","N","N","N","0","","0","0","2","","2","","","4","0","3","0","0","0","1","2","0","4","","03","","N","","","","","","","","","",""
"2022041946","1743","0","0","0","0","0","0","0","0","0","4","0","","02","4","2022","4","40.441347","-79.959058","1738","11","0","0","0","0","0","0","0","0","","0","0","0","","","0","N","0","","40 26:28.849","","0","79 57:32.607","0","0","0","0","2301","0","0","0","N","0","0","0","2","02301","0","","1.0","","1","N","N","N","0","","0","0","2","","0","","","2","0","0","0","0","0","0","2","0","2","","03","","N","","","","","","","","","",""
"2022042530","2046","0","0","0","0","0","0","0","0","0","8","0","","02","5","2022","6","40.458692","-79.908057","2045","11","0","0","0","0","0","0","0","0","","0","0","0","","","1","","1","","40 27:31.292","","0","79 54:29.006","8","0","0","0","2301","1","0","0","N","1","0","0","2","02301","0","","1.0","","9","N","N","N","0","","0","0","0","","0","","","2","1","0","0","0","1","1","2","0","1","","07","","N","","","","","","","","","",""
"2022024641","1500","2","0","0","0","0","0","0","0","0","1","0","","02","3","2022","5","40.482525","-80.0414","1451","11","0","0","0","0","0","1","1","0","","0","0","0","","","3","N","0","","40 28:57.090","1","0","80 02:29.040","3","0","0","0","2301","0","0","0","N","0","0","0","5","02301","0","","2.0","1545.0","1","N","N","Y","2","","3","0","2","","0","N","","6","3","0","0","0","0","0","2","0","6","","","","N","","","","","","","","","",""
"2022050347","1526","0","0","0","0","0","0","0","0","0","4","0","","02","5","2022","3","40.336999","-79.809472","1524","11","0","0","0","0","0","0","1","0","","0","0","0","","","1","","2","","40 20:13.198","","0","79 48:34.099","4","0","0","0","2477","0","0","0","N","0","0","0","2","02477","1","","1.0","","1","N","N","N","0","","0","0","2","","3","N","","2","1","0","0","0","0","0","2","0","2","","","","N","","","","","","","","","",""
"2022041240","0922","2","0","0","0","0","0","0","0","0","4","0","","02","5","2022","3","40.491133","-80.019914","0916","11","0","0","0","0","0","0","0","1","","0","0","0","","","1","N","2","","40 29:28.079","","0","80 01:11.692","3","0","0","0","2301","0","0","0","N","0","0","0","3","02301","0","","1.0","","1","N","N","N","0","","1","0","0","","3","","","2","1","0","0","0","0","0","2","0","2","","03","","N","","","","","","","","","",""
"2022036327","2005","0","0","0","0","0","0","0","0","0","7","0","","02","4","2022","7","40.328172","-79.892622","2004","11","0","0","0","0","0","0","0","1","","0","0","0","","","1","N","0","","40 19:41.420","5","0","79 53:33.440","4","0","0","0","2433","0","0","0","N","0","0","0","1","02433","1","","5.0","2036.0","1","N","N","N","0","","0","0","1","","0","Y","","1","1","0","0","0","0","0","2","0","1","","","","N","","","","","","","","","",""
"2022030209","1828","2","0","0","0","0","0","0","0","0","1","0","","02","3","2022","1","40.428363","-79.973629","1815","11","0","0","0","0","0","0","0","0","","0","0","0","","","0","N","2","","40 25:42.107","","3","79 58:25.066","9","0","0","0","2301","0","0","0","N","0","0","0","2","02301","0","","1.0","","1","N","N","N","0","","0","0","0","","0","N","","2","0","0","0","0","0","1","2","0","2","","03","","N","","","","","","","","","",""
"2022046838","1218","2","0","0","0","0","0","0","0","0","5","0","","02","5","2022","2","40.348951","-80.104603","1217","11","0","0","0","0","0","1","0","0","","0","0","0","","","3","","2","","40 20:56.225","","0","80 06:16.572","3","0","0","0","2414","0","0","0","N","0","0","0","3","02414","2","","1.0","","9","N","N","N","0","","1","0","0","","3","","","2","3","0","0","0","0","0","2","0","2","","04","","N","","","","","","","","","",""
"2022037970","1529","1","0","0","0","0","0","0","0","0","1","0","","02","4","2022","6","40.586387","-80.039575","1523","11","0","0","0","0","0","0","3","0","","0","0","0","","","2","Y","0","","40 35:10.994","5","0","80 02:22.469","8","0","0","0","2108","0","0","0","N","0","0","0","7","02108","0","","1.0","1630.0","1","N","N","N","1","","0","0","3","","2","N","","5","2","0","0","0","2","0","2","0","5","","03","","N","","","","","","","","","",""
"2022034722","1459","1","0","0","0","0","0","0","0","0","1","0","","02","4","2022","4","40.44227","-79.837658","1431","11","0","0","0","0","0","1","1","0","","0","0","0","","","1","N","0","","40 26:32.173","3","0","79 50:15.567","3","0","0","0","2419","0","0","0","N","0","0","0","2","68B03","0","","1.0","1549.0","1","N","N","N","0","","1","0","1","","0","N","","2","1","0","0","0","0","0","2","0","2","","04","","N","","","","","","","","","",""
"2022020976","1352","1","0","0","0","0","0","0","0","0","6","0","","02","2","2022","1","40.369889","-79.830083","1348","11","0","0","0","0","0","0","0","0","","0","0","0","","","3","N","0","","40 22:11.600","1","0","79 49:48.300","8","0","0","0","2111","0","0","0","N","0","0","0","3","02111","0","","1.0","1439.0","1","N","N","N","0","","0","0","1","","0","N","","2","3","0","0","0","3","0","2","0","2","","03","","N","","","","","","","","","",""
"2022038326","0242","2","0","0","0","0","0","0","0","0","1","0","","02","4","2022","1","40.467514","-79.957706","0233","11","0","0","0","0","0","0","0","0","","0","0","0","","","1","N","0","","40 28:03.050","1","0","79 57:27.740","3","0","0","0","2301","0","0","0","N","0","0","0","4","02301","0","","6.0","330.0","1","N","N","Y","0","","1","0","1","","0","N","","3","1","0","0","0","0","0","2","0","3","","03","","N","","","","","","","","","",""
"2022038821","2043","2","0","0","0","0","0","0","0","0","4","0","","02","4","2022","6","40.44796","-79.947695","2039","11","0","0","0","0","0","0","0","0","","0","0","0","","","0","N","2","","40 26:52.655","1","0","79 56:51.702","0","0","0","0","2301","0","0","0","N","0","0","0","2","02503","0","","1.0","2119.0","1","N","N","N","0","","0","0","0","","3","N","","2","0","0","0","0","0","0","2","0","2","","","","N","","","","","","","","","",""
"2022016513","1825","0","0","0","0","0","0","0","0","0","4","0","","02","2","2022","1","40.412561","-79.818437","1819","11","0","0","0","0","0","2","0","0","","0","0","0","","","0","N","2","","40 24:45.219","","0","79 49:06.373","0","0","0","0","2467","0","0","0","N","0","0","0","2","02467","0","","1.0","","1","N","N","N","0","","0","0","2","","3","","","2","0","0","0","0","0","0","2","0","2","","","","N","","","","","","","","","",""
"2022015567","1307","0","0","0","0","0","0","0","0","0","7","0","","02","2","2022","6","40.386438","-80.190425","1300","11","0","0","0","0","0","0","0","0","","0","0","0","","","0","N","0","","40 23:11.177","","0","80 11:25.529","0","0","0","0","2119","0","0","0","N","0","0","0","1","02119","0","","5.0","","1","N","N","N","0","","0","0","1","","0","","","1","0","0","0","0","0","0","1","0","1","","03","","N","","","","","","","","","",""
"2022044298","2033","1","0","0","0","0","0","0","0","0","4","0","","02","5","2022","4","40.458542","-79.972452","2024","11","0","0","0","0","0","1","0","0","","0","0","0","","","1","","1","","40 27:30.750","","0","79 58:20.827","3","0","0","0","2301","0","0","0","N","0","0","0","4","02301","0","","1.0","","1","N","N","N","1","","1","0","0","","0","","","2","1","2","0","0","0","0","2","0","2","","03","","N","","","","","","","","","",""
"2022015873","2321","1","0","0","0","0","0","0","0","0","7","0","","02","2","2022","4","40.327319","-79.885008","2319","11","0","0","0","0","0","1","0","0","","0","0","0","","","0","N","0","","40 19:38.347","7","0","79 53:06.028","0","0","0","0","2433","0","0","0","N","0","0","0","2","02433","0","","2.0","104.0","1","N","N","N","0","","0","0","0","","0","Y","","1","0","0","0","0","0","0","2","0","1","","","","N","","","","","","","","","",""