"CRN","ARRIVAL_TM","AUTOMOBILE_COUNT","BELTED_DEATH_COUNT","BELTED_SUSP_SERIOUS_INJ_COUNT","BICYCLE_COUNT","BICYCLE_DEATH_COUNT","BICYCLE_SUSP_SERIOUS_INJ_COUNT","BUS_COUNT","CHLDPAS_DEATH_COUNT","CHLDPAS_SUSP_SERIOUS_INJ_COUNT","COLLISION_TYPE","COMM_VEH_COUNT","CONS_ZONE_SPD_LIM","COUNTY","CRASH_MONTH","CRASH_YEAR","DAY_OF_WEEK","DEC_LATITUDE","DEC_LONGITUDE","DISPATCH_TM","DISTRICT","DRIVER_COUNT_16YR","DRIVER_COUNT_17YR","DRIVER_COUNT_18YR","DRIVER_COUNT_19YR","DRIVER_COUNT_20YR","DRIVER_COUNT_50_64YR","DRIVER_COUNT_65_74YR","DRIVER_COUNT_75PLUS","EST_HRS_CLOSED","FATAL_COUNT","HEAVY_TRUCK_COUNT","HORSE_BUGGY_COUNT","HOUR_OF_DAY","ILLUMINATION","INJURY_COUNT","INTERSECTION_RELATED","INTERSECT_TYPE","LANE_CLOSED","LATITUDE","LN_CLOSE_DIR","LOCATION_TYPE","LONGITUDE","MAX_SEVERITY_LEVEL","MCYCLE_DEATH_COUNT","MCYCLE_SUSP_SERIOUS_INJ_COUNT","MOTORCYCLE_COUNT","MUNICIPALITY","NONMOTR_COUNT","NONMOTR_DEATH_COUNT","NONMOTR_SUSP_SERIOUS_INJ_COUNT","NTFY_HIWY_MAINT","PED_COUNT","PED_DEATH_COUNT","PED_SUSP_SERIOUS_INJ_COUNT","PERSON_COUNT","POLICE_AGCY","POSSIBLE_INJ_COUNT","RDWY_SURF_TYPE_CD","RELATION_TO_ROAD","ROADWAY_CLEARED","ROAD_CONDITION","SCH_BUS_IND","SCH_ZONE_IND","SECONDARY_CRASH","SMALL_TRUCK_COUNT","SPEC_JURIS_CD","SUSP_MINOR_INJ_COUNT","SUSP_SERIOUS_INJ_COUNT","SUV_COUNT","TCD_FUNC_CD","TCD_TYPE","TFC_DETOUR_IND","TIME_OF_DAY","TOTAL_UNITS","TOT_INJ_COUNT","UNBELTED_OCC_COUNT","UNB_DEATH_COUNT","UNB_SUSP_SERIOUS_INJ_COUNT","UNK_INJ_DEG_COUNT","UNK_INJ_PER_COUNT","URBAN_RURAL","VAN_COUNT","VEHICLE_COUNT","WEATHER1","WEATHER2","WORKERS_PRES","WORK_ZONE_IND","WORK_ZONE_LOC","WORK_ZONE_TYPE","WZ_CLOSE_DETOUR","WZ_FLAGGER","WZ_LAW_OFFCR_IND","WZ_LN_CLOSURE","WZ_MOVING","WZ_OTHER","WZ_SHLDER_MDN","WZ_WORKERS_INJ_KILLED"
"2022047867","2043","0","0","0","0","0","0","0","0","0","98","0","","02","5","2022","3","40.566028","-79.798931","2032","11","0","0","0","0","0","0","0","0","","0","0","0","","","0","N","0","","40 33:57.700","","0","79 47:56.153","0","0","0","0","2206","0","0","0","N","0","0","0","1","68D02","0","","1.0","","1","N","N","N","0","","0","0","1","","0","","","1","0","0","0","0","0","0","2","0","1","","","","N","","","","","","","","","",""
"2022031584","1227","0","0","0","0","0","0","0","0","0","1","0","","02","4","2022","6","40.458127","-79.973775","1210","11","0","0","0","0","0","0","0","0","","0","0","0","","","1","N","0","","40 27:29.256","4","0","79 58:25.591","3","0","0","0","2301","0","0","0","N","0","0","0","1","02301","0","","6.0","1245.0","1","N","N","N","0","","1","0","2","","0","N","","2","1","0","0","0","0","0","2","0","2","","03","","N","","","","","","","","","",""
"2022046277","0115","1","0","0","0","0","0","0","0","0","98","0","","02","5","2022","2","40.563229","-79.851959","0105","11","0","0","0","0","0","1","0","0","","0","0","0","","","1","N","0","","40 33:47.624","","0","79 51:07.053","3","0","0","0","2208","0","0","0","N","0","0","0","2","68T02","0","","1.0","","1","N","N","N","0","","1","0","0","","0","","","1","1","0","0","0","0","0","2","0","1","","03","","N","","","","","","","","","",""
"2022023689","1507","2","0","0","0","0","0","0","0","0","4","0","","02","3","2022","3","40.487119","-79.916675","1455","11","0","0","0","0","0","1","0","0","","0","0","0","","","0","N","0","","40 29:13.630","2","0","79 55:00.029","0","0","0","0","2301","0","0","0","N","0","0","0","2","02301","0","","1.0","1542.0","1","N","N","N","0","","0","0","0","","0","N","","2","0","0","0","0","0","0","2","0","2","","03","","N","","","","","","","","","",""
"2022048305","1842","2","0","0","0","0","0","0","0","0","1","0","","02","5","2022","1","40.388391","-80.042939","1830","11","0","0","0","0","0","0","0","0","","0","0","0","","","0","","2","","40 23:18.206","","0","80 02:34.581","0","0","0","0","2109","0","0","0","N","0","0","0","2","02109","0","","1.0","","1","N","N","N","0","","0","0","0","","0","","","2","0","2","0","0","0","0","2","0","2","","03","","N","","","","","","","","","",""
"2022033244","0946","1","0","0","0","0","0","0","0","0","1","0","","02","4","2022","4","40.535419","-80.185325","0943","11","0","0","0","0","0","0","0","0","","0","0","0","","","1","N","0","","40 32:07.509","5","3","80 11:07.169","8","0","0","0","2458","0","0","0","N","0","0","0","2","02458","0","","1.0","1005.0","1","N","N","N","1","","0","0","0","","0","N","","2","1","0","0","0","1","0","2","0","2","","03","","N","","","","","","","","","",""
"2022025758","0034","5","0","0","0","0","0","0","0","0","4","0","","02","3","2022","2","40.453433","-80.061892","0026","11","0","0","0","0","0","0","0","0","","0","0","0","","","1","N","0","","40 27:12.360","","0","80 03:42.810","4","0","0","0","2301","0","0","0","N","0","0","0","1","02301","1","","1.0","","1","N","N","Y","0","","0","0","0","","0","","","5","1","1","0","0","0","0","2","0","5","","10","","N","","","","","","","","","",""
"2022045417","2312","0","0","0","0","0","0","0","0","0","8","0","","02","5","2022","7","40.357155","-79.832751","2309","11","0","0","0","0","0","0","0","0","","1","0","0","","","0","N","3","","40 21:25.758","7","0","79 49:57.902","1","0","0","0","2304","1","1","0","N","1","1","0","2","02304","0","2","1.0","209.0","1","N","N","N","0","0","0","0","1","","2","Y","","2","0","0","0","0","0","1","2","0","1","","04","","N","","","","","","","","","",""
"2022035660","1658","0","0","0","0","0","0","0","0","0","4","0","","02","4","2022","5","40.552889","-80.022583","1655","11","0","0","0","0","0","0","0","0","","0","0","0","","","2","N","0","","40 33:10.400","3","7","80 01:21.300","3","0","0","0","2116","0","0","0","N","0","0","0","2","02116","0","","1.0","1730.0","1","N","N","N","0","","2","0","2","","0","N","","2","2","0","0","0","0","0","2","0","2","","","","N","","","","","","","","","",""
"2022022721","0224","0","0","0","0","0","0","0","0","0","7","0","","02","3","2022","7","40.519","-79.860231","0219","11","0","1","0","0","0","0","0","0","","0","0","0","","","0","N","0","","40 31:08.400","","0","79 51:36.830","0","0","0","0","2112","0","0","0","N","0","0","0","1","02112","0","","5.0","","1","N","N","N","0","","0","0","1","","0","N","","1","0","0","0","0","0","0","2","0","1","","","","N","","","","","","","","","",""
"2022023124","0255","0","0","0","0","0","0","0","0","0","7","0","","02","3","2022","2","40.427511","-79.995094","0249","11","0","0","0","0","0","0","0","0","","0","0","0","","","1","N","0","","40 25:39.040","7","0","79 59:42.338","3","0","0","0","2301","0","0","0","N","0","0","0","1","02301","0","","5.0","320.0","9","N","N","N","0","","1","0","1","","0","Y","","1","1","0","0","0","0","0","2","0","1","","07","","N","","","","","","","","","",""
"2022006229","1021","2","0","0","0","0","0","0","0","0","4","0","","02","1","2022","3","40.444313","-79.917831","1021","11","0","0","0","0","0","1","0","0","","0","0","0","","","0","","1","","40 26:39.527","6","0","79 55:04.192","0","0","0","0","2301","0","0","0","N","0","0","0","4","02301","0","","1.0","1106.0","9","N","N","N","0","","0","0","1","","2","N","","3","0","0","0","0","0","0","2","0","3","","","","N","","","","","","","","","",""
"2022005676","0105","4","0","0","0","0","0","0","0","0","1","0","","02","1","2022","1","40.412689","-80.086417","0102","11","0","0","0","0","0","0","0","0","","0","0","0","","","0","N","0","","40 24:45.680","","0","80 05:11.100","0","0","0","0","2415","0","0","0","N","0","0","0","1","02415","0","","1.0","","1","N","N","N","0","","0","0","0","","0","","","4","0","0","0","0","0","0","2","0","4","","03","","N","","","","","","","","","",""
"2022002504","1118","0","0","0","0","0","0","0","0","0","6","0","","02","1","2022","7","40.432807","-80.00792","1109","11","0","0","0","0","0","1","0","0","","0","0","0","","","0","N","0","","40 25:58.104","5","0","80 00:28.512","0","0","0","0","2301","0","0","0","N","0","0","0","2","02301","0","","1.0","1153.0","2","N","N","N","0","","0","0","2","","0","N","","2","0","0","0","0","0","0","2","0","2","","","","N","","","","","","","","","",""
"2022034077","0156","1","0","0","0","0","0","0","0","0","7","0","","02","4","2022","6","40.379242","-80.098765","0145","11","0","0","0","0","0","0","0","0","","0","0","0","","","0","N","0","","40 22:45.270","","0","80 05:55.555","0","0","0","0","2102","0","0","0","N","0","0","0","1","68B03","0","","4.0","","1","N","N","N","0","","0","0","0","","0","","","1","0","1","0","0","0","0","2","0","1","","","","N","","","","","","","","","",""
"2022048946","1835","1","0","0","1","0","0","0","0","0","8","0","","02","5","2022","4","40.434592","-79.954597","1830","11","0","0","0","0","0","0","0","0","","0","0","0","","","1","N","1","","40 26:04.531","","0","79 57:16.549","3","0","0","0","2301","1","0","0","N","0","0","0","3","02301","0","","1.0","","1","N","N","N","0","","1","0","0","","2","","","2","1","0","0","0","0","0","2","0","1","","03","","N","","","","","","","","","",""
"2022044753","0401","1","0","0","0","0","0","0","0","0","7","0","","02","5","2022","6","40.452403","-80.006628","0356","11","0","0","0","0","0","0","0","0","","0","0","0","","","0","N","0","","40 27:08.650","","0","80 00:23.860","9","0","0","0","2301","0","0","0","N","0","0","0","1","02301","0","","4.0","","1","N","N","N","0","","0","0","0","","0","","","1","0","0","0","0","0","1","2","0","1","","","","N","","","","","","","","","",""
"2022034333","1400","2","0","0","0","0","0","0","0","0","2","0","","02","4","2022","7","40.419603","-79.933873","1356","11","0","0","0","0","0","0","0","0","","0","0","0","","","0","N","0","","40 25:10.572","","0","79 56:01.941","0","0","0","0","2301","0","0","0","N","0","0","0","4","02301","0","","1.0","","9","N","N","N","0","","0","0","0","","0","","","2","0","0","0","0","0","0","2","0","2","","07","","N","","","","","","","","","",""
"2022024865","0812","1","0","0","0","0","0","1","0","0","2","1","","02","3","2022","2","40.402524","-79.821309","0806","11","0","0","0","0","0","0","0","0","","0","0","0","","","2","","2","","40 24:09.088","5","0","79 49:16.713","3","0","0","0","2467","0","0","0","N","0","0","0","3","02503","0","","1.0","840.0","1","","","N","0","","2","0","0","","0","N","","2","2","0","0","0","0","0","2","0","2","","04","","N","","","","","","","","","",""
"2022034558","0858","2","0","0","0","0","0","0","0","0","4","0","","02","4","2022","2","40.478908","-80.043019","0854","11","0","0","0","0","0","1","0","0","","0","0","0","","","1","N","1","","40 28:44.067","","0","80 02:34.868","8","0","0","0","2301","0","0","0","N","0","0","0","3","02301","0","","1.0","","1","N","N","N","0","","0","0","0","","2","","","2","1","0","0","0","1","0","2","0","2","","","","N","","","","","","","","","",""
"2022045700","0904","0","0","0","0","0","0","0","0","0","7","0","","02","5","2022","2","40.489428","-80.021551","0856","11","0","0","0","0","0","0","0","0","","0","0","0","","","0","N","0","","40 29:21.940","3","0","80 01:17.584","0","0","0","0","2301","0","0","0","N","0","0","0","1","02301","0","","4.0","915.0","9","N","N","N","0","","0","0","1","","0","N","","1","0","0","0","0","0","0","2","0","1","","07","","N","","","","","","","","","",""
"2022006973","1005","0","0","0","0","0","0","0","0","0","4","0","","02","1","2022","5","40.437635","-79.777749","1000","11","0","0","0","0","0","0","0","0","","0","0","0","","","0","N","1","","40 26:15.487","4","0","79 46:39.897","0","0","0","0","2446","0","0","0","N","0","0","0","3","02446","0","","1.0","1030.0","1","N","N","N","0","","0","0","2","","2","N","","2","0","0","0","0","0","0","2","0","2","","03","","N","","","","","","","","","",""
"2022034745","1537","1","0","0","0","0","0","0","0","0","7","0","","02","4","2022","6","40.51354","-80.051357","1512","11","0","0","0","0","0","0","0","0","","0","0","0","","","0","N","0","","40 30:48.743","","0","80 03:04.885","0","0","0","0","2116","0","0","0","Y","0","0","0","1","68B03","0","","3.0","","1","N","N","N","0","","0","0","0","","0","","","1","0","0","0","0","0","0","2","0","1","","","","N","","","","","","","","","",""
"2022006935","1235","1","0","0","0","0","0","0","0","0","4","0","","02","1","2022","4","40.447677","-80.16438","1230","11","0","0","0","0","1","1","0","0","","0","0","0","","","0","N","2","","40 26:51.637","","0","80 09:51.769","0","0","0","0","2115","0","0","0","N","0","0","0","2","02115","0","","1.0","","1","N","N","N","0","","0","0","0","","2","","","2","0","0","0","0","0","0","2","1","2","","03","","N","","","","","","","","","",""
"2022011460","1012","0","0","0","0","0","0","0","0","0","7","0","","02","2","2022","3","40.405261","-80.020373","0956","11","0","0","0","0","0","0","0","1","","0","0","0","","","0","N","11","","40 24:18.941","","0","80 01:13.341","0","0","0","0","2301","0","0","0","N","0","0","0","1","02301","0","","5.0","","1","N","N","N","0","","0","0","1","","0","","","1","0","0","0","0","0","0","2","0","1","","03","","N","","","","","","","","","",""
"2022005668","0545","2","0","0","0","0","0","0","0","0","1","0","","02","1","2022","4","40.408471","-79.998316","0539","11","0","0","0","0","0","0","0","0","","0","0","0","","","0","N","0","","40 24:30.496","","0","79 59:53.939","0","0","0","0","2301","0","0","0","N","0","0","0","1","02301","0","","1.0","","1","N","N","N","0","","0","0","0","","0","","","2","0","0","0","0","0","0","2","0","2","","03","","N","","","","","","","","","",""
"2022049026","1601","2","0","0","0","0","0","0","0","0","1","0","45","02","5","2022","2","40.521694","-79.852754","1545","11","0","0","0","0","0","0","0","0","","0","0","0","","","0","N","0","","40 31:18.100","","0","79 51:09.915","0","0","0","0","2112","0","0","0","N","0","0","0","2","68D02","0","","1.0","","1","N","N","N","0","","0","0","0","","1","","","2","0","0","0","0","0","0","2","0","2","","","Y","Y","3","2","N","N","N","Y","Y","N","Y","N"
"2022033871","1503","0","0","0","0","0","0","0","0","0","7","0","","02","4","2022","3","40.276763","-79.904533","1503","11","0","0","0","0","0","1","0","0","","0","0","0","","","0","N","0","","40 16:36.348","","0","79 54:16.317","0","0","0","0","2440","0","0","0","N","0","0","0","1","02440","0","","2.0","","1","N","N","N","0","","0","0","1","","0","","","1","0","0","0","0","0","0","2","0","1","","","","N","","","","","","","","","",""
"2022005825","1312","1","0","0","0","0","0","0","0","0","7","0","","02","1","2022","2","40.474642","-79.971524","1303","11","0","0","0","0","0","0","0","0","","0","0","0","","","0","N","0","","40 28:28.711","","0","79 58:17.487","0","0","0","0","2301","0","0","0","N","0","0","0","1","02301","0","","2.0","","9","N","N","N","0","","0","0","0","","0","","","1","0","0","0","0","0","0","2","0","1","","04","","N","","","","","","","","","",""
"2022005566","1128","0","0","0","0","0","0","0","0","0","4","0","","02","1","2022","6","40.512165","-79.949407","1126","11","0","0","0","0","0","1","0","0","","0","0","0","","","0","Y","0","","40 30:43.793","2","7","79 56:57.864","0","0","0","0","2118","0","0","0","N","0","0","0","5","02118","0","","1.0","1212.0","1","N","N","N","1","","0","0","1","","2","Y","","2","0","0","0","0","0","0","2","0","2","","","","N","","","","","","","","","",""
"2022002532","0334","1","0","0","0","0","0","0","0","0","7","0","","02","1","2022","6","40.608976","-79.947084","0328","11","0","0","0","0","0","0","1","0","","0","0","0","","","0","N","0","","40 36:32.313","","0","79 56:49.502","0","0","0","0","2207","0","0","0","N","0","0","0","1","68T02","0","","4.0","","9","N","N","N","0","","0","0","0","","0","","","1","0","0","0","0","0","0","2","0","1","","03","","N","","","","","","","","","",""
"2022011428","0815","1","0","0","0","0","0","0","0","0","1","0","","02","2","2022","3","40.484577","-79.816508","0808","11","0","0","0","0","0","0","1","0","","0","0","0","","","0","N","0","","40 29:04.476","3","0","79 48:59.428","0","0","0","0","2113","0","0","0","N","0","0","0","2","02113","0","","1.0","827.0","1","N","N","N","1","","0","0","0","","0","N","","2","0","0","0","0","0","0","2","0","2","","03","","N","","","","","","","","","",""
"2022005637","1850","1","0","0","0","0","0","0","0","0","1","0","","02","1","2022","1","40.38205","-79.9764","1835","11","0","0","0","0","0","0","0","0","","0","0","0","","","0","N","0","","40 22:55.380","","0","79 58:35.040","9","0","0","0","2301","0","0","0","N","0","0","0","1","02301","0","","2.0","","2","N","N","N","0","","0","0","1","","0","","","3","0","0","0","0","0","1","2","0","3","","10","","N","","","","","","","","","",""
"2022004956","1401","1","0","0","0","0","0","0","0","0","7","0","","02","1","2022","5","40.333359","-79.880165","1344","11","0","0","0","0","0","0","0","0","","0","0","0","","","0","N","0","","40 20:00.091","","0","79 52:48.593","0","0","0","0","2455","0","0","0","N","0","0","0","1","02304","0","","2.0","","9","N","N","N","0","","0","0","0","","0","","","1","0","0","0","0","0","0","2","0","1","","07","","N","","","","","","","","","",""
"2022034943","2154","1","0","0","0","0","0","0","0","0","2","0","","02","4","2022","2","40.459785","-79.920855","2150","11","0","0","0","0","0","0","0","1","","0","0","0","","","0","","2","","40 27:35.225","","0","79 55:15.079","9","0","0","0","2301","0","0","0","N","0","0","0","2","02301","0","","1.0","","9","N","N","N","0","","0","0","1","","2","","","2","0","0","0","0","0","1","2","0","2","","03","","N","","","","","","","","","",""
"2022002364","1900","0","0","0","0","0","0","0","0","0","4","0","","02","1","2022","6","40.473389","-80.013778","1848","11","0","0","0","0","0","1","0","0","","0","0","0","","","1","N","0","","40 28:24.200","","0","80 00:49.600","3","0","0","0","2301","0","0","0","N","0","0","0","2","02301","0","","1.0","","7","N","N","N","0","","1","0","2","","0","N","","2","1","0","0","0","0","0","2","0","2","","02","","N","","","","","","","","","",""
"2022007357","0751","0","0","0","0","0","0","0","0","0","5","0","","02","1","2022","3","40.587748","-80.102333","0745","11","0","0","0","0","0","0","0","0","","0","0","0","","","0","N","0","","40 35:15.894","1","7","80 06:08.397","0","0","0","0","2481","0","0","0","N","0","0","0","2","02481","0","","1.0","824.0","9","N","N","N","2","","0","0","0","","0","N","","2","0","1","0","0","0","0","2","0","2","","03","","N","","","","","","","","","",""
"2022033696","1810","2","0","0","0","0","0","0","0","0","1","0","","02","4","2022","5","40.605523","-79.947104","1804","11","0","0","0","0","0","1","0","0","","0","0","0","","","1","","2","","40 36:19.884","","7","79 56:49.574","4","0","0","0","2207","0","0","0","N","0","0","0","2","02207","1","","1.0","","8","N","N","N","0","","0","0","0","","2","","","2","1","0","0","0","0","0","2","0","2","","04","","N","","","","","","","","","",""
"2022006346","0110","1","0","0","0","0","0","0","0","0","7","0","","02","1","2022","5","40.34925","-79.935617","0107","11","0","0","0","0","0","0","0","0","","0","0","0","","","0","N","0","","40 20:57.300","","7","79 56:08.221","9","0","0","0","2473","0","0","0","N","0","0","0","2","02473","0","","3.0","","1","N","N","N","0","","0","0","0","","2","","","1","0","0","0","0","0","1","2","0","1","","","","N","","","","","","","","","",""
"2022005228","0241","1","0","0","0","0","0","0","0","0","2","0","","02","1","2022","7","40.397312","-80.029174","0234","11","0","0","0","0","0","0","0","0","","0","0","0","","","2","N","0","","40 23:50.323","5","0","80 01:45.025","3","0","0","0","2301","0","0","0","N","0","0","0","5","02301","0","","1.0","320.0","1","N","N","N","1","","2","0","0","","0","Y","","2","2","0","0","0","0","2","2","0","2","","","","N","","","","","","","","","",""
"2022028353","0142","1","0","0","0","0","0","0","0","0","0","0","","02","3","2022","3","40.428843","-79.982544","0136","11","0","0","0","0","0","0","0","0","","0","0","0","","","0","N","0","","40 25:43.836","","0","79 58:57.157","0","0","0","0","2301","0","0","0","N","0","0","0","1","02301","0","","1.0","","1","N","N","N","0","","0","0","0","","1","","","1","0","0","0","0","0","0","2","0","1","","03","","N","","","","","","","","","",""
"2022019534","0447","0","0","0","0","0","0","0","0","0","7","0","","02","1","2022","6","40.21245","-79.841504","0433","11","0","0","0","0","0","0","0","0","","0","0","0","","","0","N","0","","40 12:44.820","2","0","79 50:29.415","0","0","0","0","2204","0","0","0","N","0","0","0","1","02204","0","","4.0","530.0","7","N","N","N","1","","0","0","0","","0","N","","1","0","0","0","0","0","0","1","0","1","","02","","N","","","","","","","","","",""
"2022021972","0618","1","0","0","0","0","0","0","0","0","1","0","","02","2","2022","7","40.434605","-79.988108","0602","11","0","0","0","0","0","0","0","0","","0","0","0","","","0","N","0","","40 26:04.579","4","0","79 59:17.189","0","0","0","0","2301","0","0","0","N","0","0","0","1","68B03","0","","1.0","630.0","1","N","N","N","0","","0","0","0","","1","N","","2","0","0","0","0","0","0","2","0","2","","","","N","","","","","","","","","",""
"2022035270","1655","0","0","0","0","0","0","0","0","0","8","0","","02","4","2022","4","40.454348","-79.921607","1651","11","0","0","0","0","0","0","0","0","","0","0","0","","","1","N","0","","40 27:15.654","","0","79 55:17.785","3","0","0","0","2301","1","0","0","N","1","0","0","3","02301","0","","1.0","","1","N","N","N","0","","1","0","1","","0","","","2","1","0","0","0","0","0","2","0","1","","","","N","","","","","","","","","",""
"2022006482","1845","0","0","0","0","0","0","0","0","0","5","0","","02","1","2022","7","40.520482","-79.971943","1840","11","0","0","0","0","0","2","0","0","","0","0","0","","","2","N","0","","40 31:13.734","6","0","79 58:18.995","3","0","0","0","2118","0","0","0","N","0","0","0","3","02118","1","","1.0","2012.0","1","N","N","N","0","","1","0","2","","0","Y","","2","2","0","0","0","0","0","2","0","2","","03","","N","","","","","","","","","",""
"2022005212","2330","0","0","0","0","0","0","0","0","0","7","0","","02","1","2022","6","40.474743","-79.822067","2327","11","0","0","0","0","0","0","0","0","","0","0","0","","","1","N","0","","40 28:29.075","6","0","79 49:19.441","8","0","0","0","2113","0","0","0","N","0","0","0","1","02113","0","","5.0","10.0","1","N","N","N","1","","0","0","0","","0","Y","","1","1","0","0","0","1","0","2","0","1","","03","","N","","","","","","","","","",""
"2022034463","2338","2","0","0","0","0","0","0","0","0","2","0","","02","4","2022","1","40.407832","-79.90932","2336","11","0","1","0","0","0","0","0","0","","0","0","0","","","2","","1","","40 24:28.195","","0","79 54:33.551","8","0","0","0","2438","0","0","0","N","0","0","0","3","02438","0","","1.0","","1","N","N","N","0","","0","0","0","","2","","","2","2","0","0","0","2","0","2","0","2","","03","","N","","","","","","","","","",""
"2022034405","1900","2","0","0","0","0","0","0","0","0","4","0","","02","4","2022","7","40.558125","-79.984706","1848","11","0","0","0","0","0","1","0","0","","0","0","0","","","1","","2","","40 33:29.250","4","0","79 59:04.942","4","0","0","0","2207","0","0","0","N","0","0","0","3","02207","1","","1.0","1934.0","1","N","N","N","0","","0","0","0","","3","N","","2","1","1","0","0","0","0","2","0","2","","03","","N","","","","","","","","","",""
"2022034098","1237","1","0","0","0","0","0","0","0","0","4","0","","02","4","2022","6","40.343965","-79.946753","1237","11","0","0","0","0","0","0","0","1","","0","0","0","","","1","N","0","","40 20:38.273","","7","79 56:48.312","3","0","0","0","2473","0","0","0","N","0","0","0","2","02473","0","","1.0","","9","N","N","N","0","","1","0","1","","0","","","2","1","0","0","0","0","0","2","0","2","","04","","N","","","","","","","","","",""
"2022005146","1710","0","0","0","0","0","0","0","0","0","8","0","","02","1","2022","6","40.436252","-79.969391","1703","11","0","0","0","0","1","0","0","0","","0","0","0","","","1","N","6","","40 26:10.507","","2","79 58:09.807","8","0","0","0","2301","1","0","0","N","1","0","0","2","02301","0","","1.0","","1","N","N","N","0","","0","0","1","","0","","","2","1","0","0","0","1","0","2","0","1","","","","N","","","","","","","","","",""
"2022006354","1810","0","0","0","0","0","0","0","0","0","98","0","","02","1","2022","3","40.512111","-79.885217","1758","11","0","0","0","0","0","0","0","0","","0","0","0","","","0","N","0","","40 30:43.600","3","0","79 53:06.780","0","0","0","0","2432","0","0","0","N","0","0","0","1","02432","0","","1.0","1830.0","9","N","N","N","0","","0","0","1","","0","N","","1","0","0","0","0","0","0","2","0","1","","","","N","","","","","","","","","",""
"2022033469","0343","1","0","0","0","0","0","0","0","0","7","0","","02","4","2022","1","40.391074","-79.985719","0339","11","0","0","0","0","0","0","0","0","","0","0","0","","","0","N","0","","40 23:27.865","","0","79 59:08.590","0","0","0","0","2301","0","0","0","N","0","0","0","1","02301","0","","5.0","","1","N","N","N","0","","0","0","0","","0","","","1","0","0","0","0","0","0","2","0","1","","03","","N","","","","","","","","","",""
"2022008181","1241","1","0","0","0","0","0","0","0","0","1","0","","02","1","2022","5","40.526478","-80.159125","1234","11","0","0","0","0","0","0","0","0","","0","0","0","","","0","","5","","40 31:35.322","1","0","80 09:32.850","0","0","0","0","2436","0","0","0","N","0","0","0","3","02458","0","","1.0","1308.0","1","N","N","N","0","","0","0","2","","2","N","","3","0","0","0","0","0","0","2","0","3","","03","","N","","","","","","","","","",""
"2022011959","1538","0","0","0","0","0","0","0","0","0","1","0","","02","2","2022","4","40.438258","-79.994161","1534","11","0","0","0","0","0","1","0","0","","0","0","0","","","0","N","0","","40 26:17.728","","2","79 59:38.979","0","0","0","0","2301","0","0","0","N","0","0","0","5","02301","0","","1.0","","1","N","N","N","0","","0","0","3","","0","","","3","0","0","0","0","0","0","2","0","3","","03","","N","","","","","","","","","",""
"2022041804","0349","1","0","0","0","0","0","0","0","0","7","0","","02","4","2022","5","40.416001","-79.799697","0344","11","0","0","0","0","0","0","0","0","","0","0","0","","","0","","1","","40 24:57.603","3","0","79 47:58.909","0","0","0","0","2446","0","0","0","N","0","0","0","1","02446","0","","9.0","410.0","1","N","N","N","0","","0","0","0","","3","N","","1","0","0","0","0","0","0","2","0","1","","","","N","","","","","","","","","",""
"2022030741","1021","1","0","0","0","0","0","0","0","0","7","0","","02","3","2022","1","40.475112","-79.774619","0957","11","0","0","0","0","0","1","0","0","","0","0","0","","","0","N","0","","40 28:30.403","","0","79 46:28.630","0","0","0","0","2466","0","0","0","N","0","0","0","1","02466","0","","5.0","","9","N","N","N","0","","0","0","0","","0","","","1","0","0","0","0","0","0","2","0","1","","06","","N","","","","","","","","","",""
"2022034925","1113","2","0","0","0","0","0","0","0","0","4","0","","02","4","2022","3","40.437867","-79.963972","1103","11","0","0","0","0","0","0","1","0","","0","0","0","","","1","N","1","","40 26:16.320","","0","79 57:50.300","3","0","0","0","2301","0","0","0","N","0","0","0","3","02301","0","","1.0","","1","N","N","N","0","","1","0","0","","2","","","2","1","0","0","0","0","0","2","0","2","","","","N","","","","","","","","","",""
"2022034479","0220","1","0","0","0","0","0","0","0","0","2","0","","02","4","2022","2","40.468913","-79.886784","0217","11","0","0","0","0","0","0","0","0","","0","0","0","","","0","N","0","","40 28:08.086","6","0","79 53:12.421","0","0","0","0","2113","0","0","0","N","0","0","0","1","02113","0","","2.0","252.0","1","N","N","N","0","","0","0","1","","0","N","","2","0","1","0","0","0","0","2","0","2","","03","","N","","","","","","","","","",""
"2022035477","0327","1","0","0","0","0","0","0","0","0","1","1","","02","4","2022","4","40.44273","-79.813997","0319","11","0","0","0","0","0","1","0","0","","0","0","0","","","0","N","0","","40 26:33.829","3","0","79 48:50.390","0","0","0","0","2113","0","0","0","N","0","0","0","2","68B03","0","","1.0","415.0","9","N","N","N","1","","0","0","0","","0","N","","2","0","0","0","0","0","0","2","0","2","","","","N","","","","","","","","","",""
"2022034061","0941","0","0","0","0","0","0","0","0","0","4","0","","02","3","2022","4","40.477736","-80.007434","0935","11","0","0","0","0","0","0","0","0","","0","0","0","","","0","N","0","","40 28:39.850","","0","80 00:26.762","0","0","0","0","2301","0","0","0","N","0","0","0","2","68B03","0","","1.0","","6","N","N","N","2","","0","0","0","","0","","","2","0","0","0","0","0","0","2","0","2","","","","N","","","","","","","","","",""
"2022002409","1905","1","0","0","0","0","0","0","0","0","2","0","","02","1","2022","6","40.359144","-80.109622","1905","11","0","0","0","0","0","0","1","0","","0","0","0","","","1","","2","","40 21:32.918","3","0","80 06:34.639","3","0","0","0","2414","0","0","0","N","0","0","0","2","02414","0","","1.0","1940.0","9","N","N","N","0","","1","0","1","","0","Y","","2","1","0","0","0","0","0","2","0","2","","","","N","","","","","","","","","",""