"CRN","ARRIVAL_TM","AUTOMOBILE_COUNT","BELTED_DEATH_COUNT","BELTED_SUSP_SERIOUS_INJ_COUNT","BICYCLE_COUNT","BICYCLE_DEATH_COUNT","BICYCLE_SUSP_SERIOUS_INJ_COUNT","BUS_COUNT","CHLDPAS_DEATH_COUNT","CHLDPAS_SUSP_SERIOUS_INJ_COUNT","COLLISION_TYPE","COMM_VEH_COUNT","CONS_ZONE_SPD_LIM","COUNTY","CRASH_MONTH","CRASH_YEAR","DAY_OF_WEEK","DEC_LATITUDE","DEC_LONGITUDE","DISPATCH_TM","DISTRICT","DRIVER_COUNT_16YR","DRIVER_COUNT_17YR","DRIVER_COUNT_18YR","DRIVER_COUNT_19YR","DRIVER_COUNT_20YR","DRIVER_COUNT_50_64YR","DRIVER_COUNT_65_74YR","DRIVER_COUNT_75PLUS","EST_HRS_CLOSED","FATAL_COUNT","HEAVY_TRUCK_COUNT","HORSE_BUGGY_COUNT","HOUR_OF_DAY","ILLUMINATION","INJURY_COUNT","INTERSECTION_RELATED","INTERSECT_TYPE","LANE_CLOSED","LATITUDE","LN_CLOSE_DIR","LOCATION_TYPE","LONGITUDE","MAX_SEVERITY_LEVEL","MCYCLE_DEATH_COUNT","MCYCLE_SUSP_SERIOUS_INJ_COUNT","MOTORCYCLE_COUNT","MUNICIPALITY","NONMOTR_COUNT","NONMOTR_DEATH_COUNT","NONMOTR_SUSP_SERIOUS_INJ_COUNT","NTFY_HIWY_MAINT","PED_COUNT","PED_DEATH_COUNT","PED_SUSP_SERIOUS_INJ_COUNT","PERSON_COUNT","POLICE_AGCY","POSSIBLE_INJ_COUNT","RDWY_SURF_TYPE_CD","RELATION_TO_ROAD","ROADWAY_CLEARED","ROAD_CONDITION","SCH_BUS_IND","SCH_ZONE_IND","SECONDARY_CRASH","SMALL_TRUCK_COUNT","SPEC_JURIS_CD","SUSP_MINOR_INJ_COUNT","SUSP_SERIOUS_INJ_COUNT","SUV_COUNT","TCD_FUNC_CD","TCD_TYPE","TFC_DETOUR_IND","TIME_OF_DAY","TOTAL_UNITS","TOT_INJ_COUNT","UNBELTED_OCC_COUNT","UNB_DEATH_COUNT","UNB_SUSP_SERIOUS_INJ_COUNT","UNK_INJ_DEG_COUNT","UNK_INJ_PER_COUNT","URBAN_RURAL","VAN_COUNT","VEHICLE_COUNT","WEATHER1","WEATHER2","WORKERS_PRES","WORK_ZONE_IND","WORK_ZONE_LOC","WORK_ZONE_TYPE","WZ_CLOSE_DETOUR","WZ_FLAGGER","WZ_LAW_OFFCR_IND","WZ_LN_CLOSURE","WZ_MOVING","WZ_OTHER","WZ_SHLDER_MDN","WZ_WORKERS_INJ_KILLED"
"2022003014","2105","2","0","0","0","0","0","0","0","0","1","0","","02","1","2022","1","40.456889","-80.030167","2100","11","0","0","0","0","0","1","0","0","","0","0","0","","","1","N","0","","40 27:24.800","2","0","80 01:48.600","3","0","0","0","2301","0","0","0","N","0","0","0","3","02301","0","","1.0","2200.0","9","N","N","N","0","","1","0","0","","2","N","","2","1","0","0","0","0","0","2","0","2","","03","","N","","","","","","","","","",""
"2022049478","0605","2","0","0","0","0","0","0","0","0","4","0","","02","5","2022","6","40.462834","-79.957259","0555","11","0","0","0","0","0","0","1","0","","0","0","0","","","1","N","1","","40 27:46.203","1","0","79 57:26.131","4","0","0","0","2301","0","0","0","N","0","0","0","2","02301","1","","1.0","630.0","9","N","N","N","0","","0","0","0","","1","N","","2","1","0","0","0","0","0","2","0","2","","","","N","","","","","","","","","",""
"2022005218","0854","0","0","0","0","0","0","0","0","0","0","0","","02","1","2022","1","40.338422","-79.896365","0854","11","0","0","0","0","0","0","0","0","","0","0","0","","","0","N","0","","40 20:18.319","4","0","79 53:46.915","0","0","0","0","2473","0","0","0","N","0","0","0","1","02473","0","","2.0","1000.0","2","N","N","N","1","","0","0","0","","0","Y","","1","0","0","0","0","0","0","2","0","1","","07","","N","","","","","","","","","",""
"2022004105","0713","1","0","0","0","0","0","0","0","0","2","0","","02","1","2022","4","40.508979","-79.763064","0709","11","1","0","0","0","0","0","0","0","","0","0","0","","","0","N","2","","40 30:32.326","2","0","79 45:47.029","0","0","0","0","2466","0","0","0","N","0","0","0","4","02466","0","","1.0","750.0","1","N","N","N","0","","0","0","1","","0","N","","2","0","0","0","0","0","0","1","0","2","","03","","N","","","","","","","","","",""
"2022034206","1040","1","0","0","0","0","0","0","0","0","6","1","","02","3","2022","2","40.438876","-80.006936","1030","11","0","0","0","0","0","0","0","0","","0","1","0","","","0","N","0","","40 26:19.953","4","0","80 00:24.971","0","0","0","0","2301","0","0","0","N","0","0","0","3","68B03","0","","1.0","30.0","9","N","N","N","0","","0","0","0","","0","Y","","2","0","0","0","0","0","0","2","0","2","","","","N","","","","","","","","","",""
"2022024640","1804","1","0","0","0","0","0","0","0","0","4","0","","02","3","2022","5","40.449993","-79.903856","1754","11","0","0","0","0","0","0","0","0","","0","0","0","","","1","","1","","40 26:59.973","","0","79 54:13.880","3","0","0","0","2301","0","0","0","N","0","0","0","5","02301","0","","1.0","","1","N","N","N","0","","1","0","1","","2","","","2","1","0","0","0","0","0","2","0","2","","03","","N","","","","","","","","","",""
"2022051380","1445","1","0","0","0","0","0","0","0","0","7","0","","02","6","2022","5","40.582729","-80.002778","1439","11","0","0","0","0","0","0","0","1","","0","0","0","","","0","N","0","","40 34:57.824","","0","80 00:10.000","0","0","0","0","2108","0","0","0","Y","0","0","0","1","02108","0","","5.0","","1","N","N","N","0","","0","0","0","","0","","","1","0","0","0","0","0","0","2","0","1","","04","","N","","","","","","","","","",""
"2022043608","1631","0","0","0","0","0","0","0","0","0","5","0","","02","5","2022","3","40.52983","-80.170018","1630","11","0","0","0","0","0","1","0","0","","0","1","0","","","2","N","0","","40 31:47.389","2","0","80 10:12.064","4","0","0","1","2458","0","0","0","N","0","0","0","4","02458","2","","1.0","1715.0","1","N","N","N","0","","0","0","0","","0","N","","2","2","1","0","0","0","0","2","0","2","","03","","N","","","","","","","","","",""
"2022003493","1600","0","0","0","0","0","0","0","0","0","4","0","","02","1","2022","1","40.386663","-80.046159","1559","11","0","0","0","0","0","1","0","0","","0","0","0","","","1","","1","","40 23:11.986","6","0","80 02:46.172","4","0","0","0","2109","0","0","0","N","0","0","0","2","02109","1","","1.0","1630.0","9","N","N","N","0","","0","0","2","","0","N","","2","1","0","0","0","0","0","2","0","2","","","","N","","","","","","","","","",""
"2022002113","0357","1","0","0","0","0","0","0","0","0","7","0","","02","1","2022","6","40.493474","-79.91478","0353","11","0","0","0","0","0","0","0","0","","0","0","0","","","0","N","0","","40 29:36.505","4","0","79 54:53.208","0","0","0","0","2461","0","0","0","N","0","0","0","1","02461","0","","4.0","30.0","7","N","Y","N","0","","0","0","0","","0","N","","1","0","0","0","0","0","0","2","0","1","","","","N","","","","","","","","","",""
"2022031377","1741","0","0","0","0","0","0","0","0","0","4","0","","02","3","2022","5","40.501268","-79.975863","1734","11","0","0","0","0","0","0","0","0","","0","0","0","","","2","","2","","40 30:04.566","7","0","79 58:33.107","3","0","0","0","2118","0","0","0","N","0","0","0","4","02118","0","","1.0","1815.0","1","N","N","N","0","","1","0","2","","3","Y","","2","2","0","0","0","1","0","2","0","2","","03","","N","","","","","","","","","",""
"2022005418","1742","0","0","0","0","0","0","0","0","0","1","0","","02","1","2022","5","40.493128","-79.89871","1714","11","0","0","0","0","0","0","0","0","","0","0","0","","","1","N","0","","40 29:35.262","","2","79 53:55.356","8","0","0","0","2401","0","0","0","N","0","0","0","2","68D02","0","","1.0","","9","N","N","N","0","","0","0","2","","4","","","2","1","0","0","0","1","0","2","0","2","","07","","N","","","","","","","","","",""
"2022004826","1842","0","0","0","0","0","0","0","0","0","7","0","","02","1","2022","4","40.406783","-79.761525","1842","11","0","0","0","0","0","0","0","0","","0","0","0","","","2","N","0","","40 24:24.420","","0","79 45:41.489","2","0","0","0","2446","0","0","0","N","0","0","0","2","02446","0","","5.0","","1","N","N","N","0","","0","2","0","","0","","","1","2","0","0","0","0","0","2","1","1","","03","","N","","","","","","","","","",""
"2022002494","1105","1","0","0","0","0","0","0","0","0","4","0","","02","1","2022","7","40.39025","-79.982694","1100","11","0","0","0","0","0","0","0","0","","0","0","0","","","1","N","0","","40 23:24.900","","0","79 58:57.700","3","0","0","0","2301","0","0","0","N","0","0","0","1","02301","0","","4.0","","2","N","N","Y","1","","1","0","1","","0","","","3","1","1","0","0","0","0","2","0","3","","03","","N","","","","","","","","","",""
"2022032179","0532","1","0","0","0","0","0","0","0","0","5","1","","02","4","2022","6","40.318181","-79.940852","0527","11","0","0","0","0","0","1","0","0","","0","1","0","","","0","N","0","","40 19:05.453","1","0","79 56:27.068","0","0","0","0","2454","0","0","0","N","0","0","0","3","02454","0","","1.0","607.0","1","N","N","N","0","","0","0","0","","0","N","","2","0","0","0","0","0","0","2","0","2","","04","","N","","","","","","","","","",""
"2022002752","0744","0","0","0","0","0","0","0","0","0","7","0","","02","1","2022","1","40.413833","-79.905139","0736","11","0","0","0","0","0","1","0","0","","0","0","0","","","0","N","0","","40 24:49.800","","7","79 54:18.500","0","0","0","0","2448","0","0","0","N","0","0","0","1","02448","0","","5.0","","9","N","N","N","0","","0","0","1","","0","N","","1","0","0","0","0","0","0","2","0","1","","07","","N","","","","","","","","","",""
"2022039831","1110","2","0","0","0","0","0","0","0","0","4","0","","02","4","2022","5","40.456302","-79.904728","1101","11","0","0","0","0","0","1","0","0","","0","0","0","","","1","","1","","40 27:22.687","6","0","79 54:17.019","4","0","0","0","2301","0","0","0","N","0","0","0","3","02301","1","","1.0","1140.0","1","N","N","N","0","","0","0","0","","2","Y","","2","1","0","0","0","0","0","2","0","2","","03","","N","","","","","","","","","",""
"2022021462","0312","0","0","0","0","0","0","0","0","0","1","0","","02","2","2022","1","40.451118","-79.976738","0254","11","0","0","0","0","0","0","0","0","","0","0","0","","","1","N","0","","40 27:04.025","4","0","79 58:36.258","2","0","0","0","2301","0","0","0","N","0","0","0","2","02301","0","","1.0","503.0","2","N","N","N","0","","0","1","2","","0","Y","","2","1","2","0","1","0","0","2","0","2","","","","N","","","","","","","","","",""
"2022033247","0906","2","0","0","0","0","0","0","0","0","1","0","","02","4","2022","4","40.489434","-79.707427","0906","11","0","0","0","0","0","1","0","0","","0","0","0","","","0","N","0","","40 29:21.962","","0","79 42:26.736","0","0","0","0","2466","0","0","0","N","0","0","0","2","02466","0","","1.0","","1","N","N","N","0","","0","0","0","","0","","","2","0","0","0","0","0","0","1","0","2","","98","","N","","","","","","","","","",""
"2022002244","0725","0","0","0","0","0","0","0","0","0","4","0","","02","1","2022","6","40.612331","-80.077029","0719","11","0","1","0","0","0","0","0","0","","0","0","0","","","1","","2","","40 36:44.391","2","0","80 04:37.304","3","0","0","0","2481","0","0","0","N","0","0","0","3","02481","0","","1.0","754.0","6","N","N","N","0","","1","0","2","","3","N","","2","1","0","0","0","0","0","2","0","2","","","","N","","","","","","","","","",""
"2022035561","1330","2","0","0","0","0","0","0","0","0","1","0","","02","4","2022","2","40.342986","-80.053014","1328","11","0","0","0","0","0","1","0","0","","0","0","0","","","0","","1","","40 20:34.749","","0","80 03:10.850","0","0","0","0","2407","0","0","0","N","0","0","0","2","02407","0","","1.0","","1","N","N","N","0","","0","0","0","","2","","","2","0","0","0","0","0","0","2","0","2","","","","N","","","","","","","","","",""
"2022017476","1306","1","0","0","0","0","0","0","0","0","5","0","","02","1","2022","7","40.455466","-80.184903","1305","11","0","0","0","0","0","0","1","0","","0","0","0","","","1","N","0","","40 27:19.676","","0","80 11:05.650","3","0","0","0","2203","0","0","0","N","0","0","0","2","68B03","0","","1.0","","1","N","N","N","0","","1","0","1","","0","","","2","1","0","0","0","0","0","2","0","2","","03","","N","","","","","","","","","",""
"2022007334","1145","1","0","0","0","0","0","0","0","0","7","0","","02","1","2022","5","40.463306","-79.812583","1139","11","0","0","0","0","0","0","0","0","","0","0","0","","","0","N","0","","40 27:47.900","","0","79 48:45.300","0","0","0","0","2113","0","0","0","N","0","0","0","1","02113","0","","5.0","","1","N","N","N","0","","0","0","0","","0","","","1","0","0","0","0","0","0","2","0","1","","","","N","","","","","","","","","",""
"2022005187","1915","2","0","0","0","0","0","0","0","0","4","0","","02","1","2022","6","40.343972","-79.946111","1910","11","0","0","0","0","0","1","0","0","","0","0","0","","","0","N","0","","40 20:38.300","","0","79 56:46.000","0","0","0","0","2473","0","0","0","N","0","0","0","2","02473","0","","1.0","","1","N","N","N","0","","0","0","0","","0","","","2","0","1","0","0","0","0","2","0","2","","03","","N","","","","","","","","","",""
"2022039882","1706","1","0","0","0","0","0","0","0","0","1","0","","02","4","2022","4","40.378862","-80.045597","1701","11","0","0","0","0","0","0","0","0","","0","0","0","","","0","N","0","","40 22:43.903","2","0","80 02:44.150","0","0","0","0","2109","0","0","0","N","0","0","0","2","02109","0","","1.0","1739.0","1","N","N","N","0","","0","0","1","","0","N","","2","0","0","0","0","0","0","2","0","2","","","","N","","","","","","","","","",""
"2022005655","0438","1","0","0","0","0","0","0","0","0","2","0","","02","1","2022","1","40.40705","-80.045106","0432","11","0","0","0","0","0","0","0","0","","0","0","0","","","1","N","0","","40 24:25.380","7","0","80 02:42.380","8","0","0","0","2301","0","0","0","N","0","0","0","1","02301","0","","5.0","515.0","1","N","N","N","0","","0","0","0","","0","Y","","1","1","1","0","0","1","0","2","0","1","","","","N","","","","","","","","","",""
"2022006471","1632","1","0","0","0","0","0","0","0","0","7","0","","02","1","2022","2","40.482903","-79.780519","1628","11","0","0","0","0","0","0","0","0","","0","0","0","","","0","N","0","","40 28:58.450","5","0","79 46:49.870","0","0","0","0","2466","0","0","0","N","0","0","0","1","02466","0","","5.0","1930.0","7","N","N","N","0","","0","0","0","","0","Y","","1","0","0","0","0","0","0","2","0","1","","","","N","","","","","","","","","",""
"2022006807","0034","0","0","0","0","0","0","0","0","0","1","0","","02","1","2022","4","40.615478","-79.790175","0022","11","0","0","0","1","0","0","0","0","","0","0","0","","","1","N","0","","40 36:55.720","3","0","79 47:24.630","4","0","0","0","2206","0","0","0","Y","0","0","0","2","02206","1","","2.0","222.0","9","","","N","0","","0","0","1","","0","Y","","2","1","0","0","0","0","0","1","1","2","","","","N","","","","","","","","","",""
"2022035851","1620","1","0","0","0","0","0","0","0","0","4","0","","02","4","2022","3","40.366428","-80.028939","1617","11","0","0","0","0","0","0","0","0","","0","0","0","","","1","N","0","","40 21:59.140","6","0","80 01:44.180","8","0","0","0","2416","0","0","0","N","0","0","0","1","02416","0","","2.0","1730.0","1","N","N","N","0","","0","0","1","","0","Y","","2","1","0","0","0","1","0","2","0","2","","03","","N","","","","","","","","","",""
"2022034207","1710","0","0","0","0","0","0","0","0","0","0","0","","02","3","2022","4","40.578083","-80.094937","1655","11","0","0","0","0","0","0","0","0","","0","0","0","","","0","N","0","","40 34:41.100","","0","80 05:41.772","0","0","0","0","2481","0","0","0","N","0","0","0","1","68B03","0","","1.0","","1","N","N","N","0","","0","0","1","","0","","","1","0","0","0","0","0","0","2","0","1","","03","","N","","","","","","","","","",""
"2022034116","0735","2","0","0","0","0","0","0","0","0","5","0","","02","4","2022","7","40.417338","-79.973691","0730","11","0","0","0","0","0","0","0","0","","0","0","0","","","0","N","0","","40 25:02.418","6","0","79 58:25.286","9","0","0","0","2301","0","0","0","N","0","0","0","1","02301","0","","6.0","1400.0","9","N","N","Y","0","","0","0","0","","0","Y","","2","0","0","0","0","0","1","2","0","2","","","","N","","","","","","","","","",""
"2022003330","1850","1","0","0","0","0","0","0","0","0","1","0","","02","1","2022","1","40.487303","-79.88458","1850","11","0","0","0","0","0","0","0","0","","0","0","0","","","0","","2","","40 29:14.289","","0","79 53:04.487","0","0","0","0","2112","0","0","0","N","0","0","0","2","02112","0","","1.0","","1","N","N","N","0","","0","0","1","","2","","","2","0","0","0","0","0","0","2","0","2","","","","N","","","","","","","","","",""
"2022032445","0700","2","0","0","0","0","0","0","0","0","4","0","","02","4","2022","2","40.451476","-79.908173","0650","11","0","0","0","0","0","1","0","1","","0","0","0","","","1","N","2","","40 27:05.312","","0","79 54:29.421","8","0","0","0","2301","0","0","0","N","0","0","0","2","02301","0","","1.0","","1","N","N","N","0","","0","0","0","","2","","","2","1","0","0","0","1","0","2","0","2","","","","N","","","","","","","","","",""
"2022035154","0459","1","0","0","0","0","0","0","0","0","7","0","","02","3","2022","1","40.558248","-79.803625","0439","11","0","0","0","0","0","0","0","0","","0","0","0","","","0","N","0","","40 33:29.691","","0","79 48:13.049","0","0","0","0","2121","0","0","0","Y","0","0","0","2","68D02","0","","4.0","","9","N","N","N","0","","0","0","0","","0","","","1","0","0","0","0","0","0","2","0","1","","02","","N","","","","","","","","","",""
"2022037426","0421","1","0","0","0","0","0","0","0","0","7","0","","02","3","2022","1","40.413118","-79.84513","0419","11","0","0","0","0","0","0","0","0","","0","0","0","","","2","","2","","40 24:47.225","6","0","79 50:42.467","2","0","0","0","2431","0","0","0","N","0","0","0","2","02431","0","","3.0","1030.0","1","N","N","N","0","","0","2","0","","2","Y","","1","2","0","0","0","0","0","2","0","1","","03","","N","","","","","","","","","",""
"2022005581","1519","1","0","0","0","0","0","0","0","0","7","0","","02","1","2022","1","40.410668","-80.014729","1514","11","0","0","0","0","0","0","0","0","","0","0","0","","","1","N","0","","40 24:38.404","","0","80 00:53.025","3","0","0","0","2301","0","0","0","N","0","0","0","1","02301","0","","2.0","","7","N","N","N","0","","1","0","0","","0","","","1","1","0","0","0","0","0","2","0","1","","","","N","","","","","","","","","",""
"2022034013","1911","2","0","0","0","0","0","0","0","0","4","0","","02","4","2022","5","40.444288","-79.75892","1911","11","0","0","0","0","0","0","0","0","","0","0","0","","","0","","1","","40 26:39.436","","0","79 45:32.112","0","0","0","0","2446","0","0","0","N","0","0","0","2","02446","0","","1.0","","1","N","N","N","0","","0","0","0","","2","","","2","0","0","0","0","0","0","2","0","2","","","","N","","","","","","","","","",""
"2022034724","1929","1","0","0","0","0","0","0","0","0","7","0","","02","4","2022","4","40.548908","-80.085987","1929","11","0","0","0","0","1","0","0","0","","0","0","0","","","1","N","0","","40 32:56.070","1","0","80 05:09.554","8","0","0","0","2215","0","0","0","Y","0","0","0","1","68B03","0","","3.0","35.0","9","N","N","N","0","","0","0","0","","0","N","","1","1","0","0","0","1","0","2","0","1","","","","N","","","","","","","","","",""
"2022001996","1529","1","0","0","0","0","0","0","0","0","1","0","","02","1","2022","5","40.568615","-79.797605","1526","11","0","0","0","0","0","0","0","0","","0","0","0","","","0","N","0","","40 34:07.014","4","3","79 47:51.379","9","0","0","0","2206","0","0","0","N","0","0","0","2","02206","0","","1.0","1607.0","1","N","N","N","0","","0","0","1","","2","N","","2","0","0","0","0","0","1","2","0","2","","04","","N","","","","","","","","","",""
"2022026314","1609","1","0","0","0","0","0","0","0","0","1","0","","02","3","2022","6","40.442905","-79.838847","1540","11","0","0","0","0","0","0","1","0","","0","0","0","","","0","N","0","","40 26:34.457","","0","79 50:19.850","0","0","0","0","2419","0","0","0","N","0","0","0","3","68B03","0","","1.0","","1","N","N","N","0","","0","0","1","","0","","","3","0","0","0","0","0","0","2","1","3","","03","","N","","","","","","","","","",""
"2022040784","0212","0","0","0","0","0","0","0","0","0","4","0","","02","5","2022","1","40.444078","-79.997096","0211","11","0","0","0","0","0","0","0","0","","0","0","0","","","1","N","0","","40 26:38.681","4","0","79 59:49.545","4","0","0","0","2301","0","0","0","N","0","0","0","2","02301","1","","6.0","300.0","1","N","N","N","1","","0","0","1","","0","N","","2","1","0","0","0","0","0","2","0","2","","03","","N","","","","","","","","","",""
"2022011691","2001","0","0","0","0","0","0","0","0","0","7","0","","02","2","2022","3","40.496409","-79.893008","1956","11","0","0","0","0","0","0","1","0","","0","0","0","","","0","N","2","","40 29:47.072","7","0","79 53:34.828","9","0","0","0","2432","0","0","0","N","0","0","0","1","02432","0","","2.0","2300.0","1","N","N","N","0","","0","0","1","","0","Y","","1","0","0","0","0","0","1","2","0","1","","03","","N","","","","","","","","","",""
"2022006279","1816","0","0","0","0","0","0","0","0","0","7","0","","02","1","2022","2","40.453219","-79.730988","1810","11","0","0","0","0","0","0","0","0","","0","0","0","","","0","N","0","","40 27:11.589","","0","79 43:51.558","0","0","0","0","2446","0","0","0","N","0","0","0","3","02446","0","","5.0","","6","N","N","N","0","","0","0","1","","0","","","1","0","0","0","0","0","0","2","0","1","","","","N","","","","","","","","","",""
"2022014487","1035","0","0","0","0","0","0","0","0","0","98","0","","02","2","2022","4","40.510191","-80.094312","1034","11","0","0","0","0","0","0","0","1","","0","0","0","","","0","N","0","","40 30:36.687","","0","80 05:39.523","0","0","0","0","2429","0","0","0","N","0","0","0","1","02215","0","","2.0","","1","N","N","N","1","","0","0","0","","2","","","1","0","0","0","0","0","0","2","0","1","","03","","N","","","","","","","","","",""
"2022035227","1200","2","0","0","0","0","0","0","0","0","1","0","","02","4","2022","4","40.449249","-79.901434","1154","11","0","0","0","0","0","0","0","0","","0","0","0","","","0","","2","","40 26:57.297","3","0","79 54:05.161","0","0","0","0","2301","0","0","0","N","0","0","0","3","02301","0","","1.0","1225.0","1","N","N","N","0","","0","0","0","","0","N","","2","0","0","0","0","0","0","2","0","2","","03","","N","","","","","","","","","",""
"2022033302","0116","0","0","0","0","0","0","0","0","0","1","0","","02","4","2022","1","40.537807","-80.180009","0116","11","0","0","0","0","0","0","0","0","","0","0","0","","","0","N","0","","40 32:16.106","2","0","80 10:48.031","0","0","0","0","2458","0","0","0","N","0","0","0","1","02458","0","","1.0","157.0","1","N","N","N","1","","0","0","1","","0","N","","2","0","1","0","0","0","0","2","0","2","","03","","N","","","","","","","","","",""
"2022050614","1139","2","0","0","0","0","0","0","0","0","5","0","","02","6","2022","4","40.544909","-80.030379","1129","11","0","0","0","0","0","1","1","1","","0","0","0","","","0","N","0","","40 32:41.671","","7","80 01:49.366","0","0","0","0","2116","0","0","0","N","0","0","0","4","02116","0","","1.0","","1","N","N","Y","0","","0","0","1","","0","","","3","0","0","0","0","0","0","2","0","3","","","","N","","","","","","","","","",""
"2022036446","1646","2","0","0","0","0","0","0","0","0","4","0","","02","4","2022","3","40.377923","-80.055224","1642","11","0","1","0","0","0","0","0","0","","0","0","0","","","1","","1","","40 22:40.522","1","0","80 03:18.806","4","0","0","0","2109","0","0","0","N","0","0","0","2","02109","1","","1.0","1753.0","1","N","N","N","0","","0","0","0","","3","N","","2","1","0","0","0","0","0","2","0","2","","","","N","","","","","","","","","",""
"2022002712","0224","1","0","0","0","0","0","0","0","0","1","0","","02","1","2022","1","40.402833","-80.016014","0214","11","0","0","0","1","0","0","0","0","","0","0","0","","","1","N","0","","40 24:10.200","5","0","80 00:57.650","3","0","0","0","2301","0","0","0","N","0","0","0","1","02301","0","","6.0","330.0","2","N","N","N","0","","1","0","0","","0","N","","2","1","0","0","0","0","0","2","1","2","","07","","N","","","","","","","","","",""
"2022034690","1844","1","0","0","0","0","0","0","0","0","7","0","","02","4","2022","2","40.399653","-80.044235","1843","11","0","0","0","0","0","0","1","0","","0","0","0","","","0","N","1","","40 23:58.752","","0","80 02:39.247","0","0","0","0","2301","0","0","0","N","0","0","0","1","02301","0","","2.0","","9","N","N","N","0","","0","0","0","","0","","","1","0","0","0","0","0","0","2","0","1","","07","","N","","","","","","","","","",""
"2022011972","1347","1","0","0","0","0","0","0","0","0","4","0","","02","2","2022","3","40.502343","-80.222073","1345","11","0","0","0","0","0","0","0","1","","0","0","0","","","1","N","0","","40 30:08.433","2","0","80 13:19.463","4","0","0","0","2213","0","0","0","N","0","0","0","2","02213","1","","1.0","100.0","1","N","N","N","0","","0","0","1","","0","N","","2","1","0","0","0","0","0","2","0","2","","03","","N","","","","","","","","","",""
"2022034721","0925","1","0","0","0","0","0","0","0","0","1","0","55","02","4","2022","4","40.523855","-80.131079","0925","11","0","0","0","0","0","0","0","0","","0","0","0","","","0","N","0","","40 31:25.877","","0","80 07:51.884","0","0","0","0","2434","0","0","0","N","0","0","0","2","68B03","0","","1.0","","9","N","N","N","0","","0","0","1","","0","","","2","0","0","0","0","0","0","2","0","2","","","Y","Y","2","1","N","N","Y","Y","N","N","N","N"
"2022002710","2144","1","0","0","0","0","0","0","0","0","0","0","","02","1","2022","7","40.396964","-79.978661","2136","11","0","0","0","0","0","0","0","0","","0","0","0","","","0","N","0","","40 23:49.071","7","0","79 58:43.179","0","0","0","0","2301","0","0","0","N","0","0","0","1","02301","0","","1.0","2246.0","2","N","N","N","0","","0","0","0","","0","N","","1","0","0","0","0","0","0","2","0","1","","06","","N","","","","","","","","","",""
"2022004892","1748","0","0","0","0","0","0","0","0","0","2","0","","02","1","2022","5","40.446485","-79.848378","1743","11","0","0","0","0","0","0","0","0","","0","0","0","","","1","N","2","","40 26:47.346","","0","79 50:54.159","3","0","0","0","2419","0","0","0","N","0","0","0","2","02419","0","","1.0","","9","N","N","N","0","","1","0","2","","0","N","","2","1","0","0","0","0","0","2","0","2","","","","N","","","","","","","","","",""
"2022005140","1740","2","0","0","0","0","0","0","0","0","4","0","","02","1","2022","6","40.464795","-79.960262","1733","11","0","0","0","0","0","0","0","0","","0","0","0","","","1","N","2","","40 27:53.261","","0","79 57:36.943","3","0","0","0","2301","0","0","0","N","0","0","0","3","02301","0","","1.0","","1","N","N","N","0","","1","0","0","","0","","","2","1","1","0","0","0","0","2","0","2","","03","","N","","","","","","","","","",""
"2022005145","1819","2","0","0","0","0","0","0","0","0","4","0","","02","1","2022","6","40.413889","-79.905056","1813","11","0","0","0","0","0","0","1","0","","0","0","0","","","0","N","0","","40 24:50.000","","7","79 54:18.200","0","0","0","0","2448","0","0","0","N","0","0","0","2","02448","0","","1.0","","1","N","N","N","0","","0","0","0","","3","","","2","0","0","0","0","0","0","2","0","2","","03","","N","","","","","","","","","",""
"2022035491","1211","0","0","0","0","0","0","0","0","0","1","0","45","02","4","2022","7","40.493727","-79.901961","1208","11","0","0","1","0","0","1","0","0","","0","0","0","","","0","N","0","","40 29:37.416","","0","79 54:07.060","0","0","0","0","2401","0","0","0","N","0","0","0","5","68D02","0","","1.0","","9","N","N","N","0","","0","0","3","","0","","","3","0","0","0","0","0","0","2","0","3","","04","Y","Y","8","1","N","N","N","N","N","N","Y","N"
"2022035193","1500","0","0","0","0","0","0","0","0","0","1","0","","02","4","2022","3","40.620669","-79.729073","1500","11","0","0","0","0","0","0","1","0","","0","0","0","","","1","N","0","","40 37:14.409","2","7","79 43:44.664","2","0","1","1","2106","0","0","0","N","0","0","0","2","02106","0","","1.0","1525.0","1","N","N","N","1","","0","1","0","","0","Y","","2","1","0","0","0","0","0","2","0","2","","03","","N","","","","","","","","","",""
"2022007088","1912","1","0","0","0","0","0","0","0","0","1","0","","02","1","2022","5","40.419077","-79.94151","1854","11","0","0","0","0","0","1","0","0","","0","0","0","","","0","N","0","","40 25:08.678","","0","79 56:29.436","0","0","0","0","2301","0","0","0","N","0","0","0","2","02301","0","","1.0","","9","N","N","N","0","","0","0","1","","0","N","","2","0","0","0","0","0","0","2","0","2","","","","N","","","","","","","","","",""
"2022034961","1441","1","0","0","0","0","0","0","0","0","7","0","","02","4","2022","2","40.330358","-80.094378","1437","11","0","0","0","1","0","0","0","0","","0","0","0","","","1","N","0","","40 19:49.290","6","7","80 05:39.760","3","0","0","0","2123","0","0","0","N","0","0","0","4","02123","0","","4.0","1843.0","9","N","N","N","0","","1","0","0","","0","Y","","1","1","2","0","0","0","0","2","0","1","","04","","N","","","","","","","","","",""
"2022012280","2147","2","0","0","0","0","0","0","0","0","1","0","","02","1","2022","5","40.435613","-79.866848","2128","11","0","0","0","0","0","1","0","0","","0","0","0","","","0","N","0","","40 26:08.206","3","0","79 52:00.654","0","0","0","0","2478","0","0","0","N","0","0","0","2","68B03","0","","1.0","2235.0","1","N","N","N","0","","0","0","0","","0","N","","2","0","0","0","0","0","0","2","0","2","","","","N","","","","","","","","","",""