"CRN","ARRIVAL_TM","AUTOMOBILE_COUNT","BELTED_DEATH_COUNT","BELTED_SUSP_SERIOUS_INJ_COUNT","BICYCLE_COUNT","BICYCLE_DEATH_COUNT","BICYCLE_SUSP_SERIOUS_INJ_COUNT","BUS_COUNT","CHLDPAS_DEATH_COUNT","CHLDPAS_SUSP_SERIOUS_INJ_COUNT","COLLISION_TYPE","COMM_VEH_COUNT","CONS_ZONE_SPD_LIM","COUNTY","CRASH_MONTH","CRASH_YEAR","DAY_OF_WEEK","DEC_LATITUDE","DEC_LONGITUDE","DISPATCH_TM","DISTRICT","DRIVER_COUNT_16YR","DRIVER_COUNT_17YR","DRIVER_COUNT_18YR","DRIVER_COUNT_19YR","DRIVER_COUNT_20YR","DRIVER_COUNT_50_64YR","DRIVER_COUNT_65_74YR","DRIVER_COUNT_75PLUS","EST_HRS_CLOSED","FATAL_COUNT","HEAVY_TRUCK_COUNT","HORSE_BUGGY_COUNT","HOUR_OF_DAY","ILLUMINATION","INJURY_COUNT","INTERSECTION_RELATED","INTERSECT_TYPE","LANE_CLOSED","LATITUDE","LN_CLOSE_DIR","LOCATION_TYPE","LONGITUDE","MAX_SEVERITY_LEVEL","MCYCLE_DEATH_COUNT","MCYCLE_SUSP_SERIOUS_INJ_COUNT","MOTORCYCLE_COUNT","MUNICIPALITY","NONMOTR_COUNT","NONMOTR_DEATH_COUNT","NONMOTR_SUSP_SERIOUS_INJ_COUNT","NTFY_HIWY_MAINT","PED_COUNT","PED_DEATH_COUNT","PED_SUSP_SERIOUS_INJ_COUNT","PERSON_COUNT","POLICE_AGCY","POSSIBLE_INJ_COUNT","RDWY_SURF_TYPE_CD","RELATION_TO_ROAD","ROADWAY_CLEARED","ROAD_CONDITION","SCH_BUS_IND","SCH_ZONE_IND","SECONDARY_CRASH","SMALL_TRUCK_COUNT","SPEC_JURIS_CD","SUSP_MINOR_INJ_COUNT","SUSP_SERIOUS_INJ_COUNT","SUV_COUNT","TCD_FUNC_CD","TCD_TYPE","TFC_DETOUR_IND","TIME_OF_DAY","TOTAL_UNITS","TOT_INJ_COUNT","UNBELTED_OCC_COUNT","UNB_DEATH_COUNT","UNB_SUSP_SERIOUS_INJ_COUNT","UNK_INJ_DEG_COUNT","UNK_INJ_PER_COUNT","URBAN_RURAL","VAN_COUNT","VEHICLE_COUNT","WEATHER1","WEATHER2","WORKERS_PRES","WORK_ZONE_IND","WORK_ZONE_LOC","WORK_ZONE_TYPE","WZ_CLOSE_DETOUR","WZ_FLAGGER","WZ_LAW_OFFCR_IND","WZ_LN_CLOSURE","WZ_MOVING","WZ_OTHER","WZ_SHLDER_MDN","WZ_WORKERS_INJ_KILLED"
"2022033090","1840","2","0","0","0","0","0","0","0","0","1","0","","02","4","2022","3","40.497059","-80.069038","1840","11","0","0","0","0","0","1","0","0","","0","0","0","","","2","N","0","","40 29:49.413","6","0","80 04:08.538","4","0","0","0","2402","0","0","0","N","0","0","0","3","02402","1","","1.0","1912.0","9","N","N","N","0","","0","0","0","","0","Y","","2","2","2","0","0","1","0","2","0","2","","","","N","","","","","","","","","",""
"2022031095","0500","2","0","0","0","0","0","0","0","0","2","0","","02","3","2022","4","40.280134","-79.913655","0454","11","0","0","0","0","0","0","0","1","","0","0","0","","","0","N","0","","40 16:48.484","","0","79 54:49.159","0","0","0","0","2440","0","0","0","N","0","0","0","1","02440","0","","2.0","","1","N","N","N","0","","0","0","0","","0","","","2","0","0","0","0","0","0","2","0","2","","","","N","","","","","","","","","",""
"2022034716","1935","0","0","0","0","0","0","0","0","0","7","0","","02","4","2022","2","40.672191","-80.094599","1935","11","0","0","0","1","0","0","0","0","","0","0","0","","","0","N","0","","40 40:19.889","","0","80 05:40.557","0","0","0","0","2212","0","0","0","Y","0","0","0","1","68B03","0","","2.0","","1","N","N","N","0","","0","0","1","","0","","","1","0","0","0","0","0","0","2","0","1","","03","","N","","","","","","","","","",""
"2022004894","1848","1","0","0","0","0","0","0","0","0","7","0","","02","1","2022","5","40.481116","-79.803168","1843","11","0","0","0","0","0","1","0","0","","0","0","0","","","0","N","0","","40 28:52.016","3","0","79 48:11.403","0","0","0","0","2113","0","0","0","N","0","0","0","1","02113","0","","2.0","1913.0","9","N","N","N","0","","0","0","0","","0","N","","1","0","0","0","0","0","0","2","0","1","","07","","N","","","","","","","","","",""
"2022013803","1235","0","0","0","0","0","0","0","0","0","7","0","","02","1","2022","2","40.430449","-79.957697","1220","11","0","0","0","0","0","0","0","0","","0","0","0","","","0","N","0","","40 25:49.618","3","0","79 57:27.708","0","0","0","0","2301","0","0","0","N","0","0","0","1","68B03","0","","4.0","1300.0","9","N","N","N","0","","0","0","1","","0","N","","1","0","0","0","0","0","0","2","0","1","","","","N","","","","","","","","","",""
"2022002616","1731","3","0","0","0","0","0","0","0","0","4","0","","02","1","2022","7","40.347279","-79.944672","1729","11","0","0","0","0","1","0","0","0","","0","0","0","","","0","","1","","40 20:50.204","3","0","79 56:40.818","0","0","0","0","2473","0","0","0","N","0","0","0","4","02473","0","","1.0","1750.0","1","N","N","N","0","","0","0","0","","3","N","","3","0","0","0","0","0","0","2","0","3","","03","","N","","","","","","","","","",""
"2022002755","1354","1","0","0","0","0","0","0","0","0","4","0","","02","1","2022","7","40.446993","-79.911407","1349","11","0","0","0","0","0","0","1","1","","0","0","0","","","0","","2","","40 26:49.173","2","0","79 54:41.064","0","0","0","0","2301","0","0","0","N","0","0","0","2","02301","0","","1.0","1440.0","1","N","N","N","0","","0","0","1","","2","Y","","2","0","0","0","0","0","0","2","0","2","","","","N","","","","","","","","","",""
"2022019764","2200","1","0","0","0","0","0","0","0","0","7","0","","02","2","2022","4","40.424252","-80.106026","2157","11","0","0","0","0","0","0","0","0","","0","0","0","","","1","N","0","","40 25:27.308","1","2","80 06:21.695","8","0","0","0","2115","0","0","0","Y","0","0","0","1","68B03","0","","4.0","1047.0","9","N","N","N","0","","0","0","0","","0","Y","","1","1","0","0","0","1","0","2","0","1","","","","N","","","","","","","","","",""
"2022005195","2031","2","0","0","0","0","0","0","0","0","1","0","","02","1","2022","6","40.464219","-79.980406","2030","11","0","0","0","0","0","1","0","0","","0","0","0","","","0","N","0","","40 27:51.189","","2","79 58:49.460","0","0","0","0","2301","0","0","0","N","0","0","0","2","02301","0","","1.0","","1","N","N","N","0","","0","0","0","","0","","","2","0","0","0","0","0","0","2","0","2","","03","","N","","","","","","","","","",""
"2022010115","0731","1","0","0","0","0","0","0","0","0","1","0","","02","1","2022","5","40.436809","-79.736719","0721","11","0","0","0","1","0","1","0","0","","0","0","0","","","0","Y","0","","40 26:12.513","4","0","79 44:12.190","0","0","0","0","2446","0","0","0","N","0","0","0","3","02446","0","","1.0","815.0","1","N","N","N","0","","0","0","1","","0","N","","3","0","0","0","0","0","0","2","1","3","","","","N","","","","","","","","","",""
"2022002149","1119","1","0","0","0","0","0","0","0","0","2","0","","02","1","2022","6","40.469444","-79.921167","1110","11","0","0","0","0","0","0","1","0","","0","0","0","","","0","N","0","","40 28:10.000","7","0","79 55:16.200","0","0","0","0","2301","0","0","0","N","0","0","0","2","02301","0","","1.0","1145.0","6","N","N","N","0","","0","0","1","","0","N","","2","0","0","0","0","0","0","2","0","2","","","","N","","","","","","","","","",""
"2022031379","1938","2","0","1","0","0","0","0","0","0","4","0","","02","3","2022","3","40.515098","-79.952885","1934","11","0","0","2","0","0","0","0","0","","0","0","0","","","2","N","0","","40 30:54.354","5","0","79 57:10.387","2","0","0","0","2118","0","0","0","N","0","0","0","2","02118","0","","1.0","2144.0","1","N","N","N","0","","0","2","0","","0","Y","","2","2","0","0","0","0","0","2","0","2","","","","N","","","","","","","","","",""
"2022011969","1830","1","0","0","0","0","0","0","0","0","4","0","","02","1","2022","1","40.475403","-80.199922","1820","11","0","0","0","0","0","0","0","0","","0","0","0","","","0","N","0","","40 28:31.450","","0","80 11:59.719","0","0","0","0","2213","0","0","0","N","0","0","0","2","02213","0","","1.0","","7","N","N","N","0","","0","0","1","","0","","","2","0","0","0","0","0","0","2","0","2","","","","N","","","","","","","","","",""
"2022005451","0010","2","0","0","0","0","0","0","0","0","4","0","","02","1","2022","7","40.42719","-79.962548","0004","11","1","0","0","0","0","0","0","0","","0","0","0","","","0","N","1","","40 25:37.883","","0","79 57:45.172","0","0","0","0","2301","0","0","0","N","0","0","0","3","02301","0","","1.0","","1","N","N","N","0","","0","0","0","","0","","","2","0","0","0","0","0","0","2","0","2","","03","","N","","","","","","","","","",""
"2022007599","1256","1","0","0","0","0","0","0","0","0","2","0","","02","1","2022","1","40.321943","-80.057019","1254","11","0","0","0","0","0","1","0","0","","0","0","0","","","2","N","0","","40 19:18.993","5","0","80 03:25.270","8","0","0","0","2407","0","0","0","Y","0","0","0","2","02407","0","","1.0","145.0","1","N","N","Y","0","","0","0","0","","0","Y","","2","2","0","0","0","2","0","2","1","2","","","","N","","","","","","","","","",""
"2022005105","1204","0","0","0","0","0","0","0","0","0","5","0","","02","1","2022","6","40.416398","-79.814808","1200","11","0","0","0","0","0","0","0","0","","0","0","0","","","1","","2","","40 24:59.032","","0","79 48:53.308","8","0","0","0","2467","0","0","0","N","0","0","0","2","02467","0","","1.0","","1","N","N","N","0","","0","0","2","","0","","","2","1","0","0","0","1","0","2","0","2","","","","N","","","","","","","","","",""
"2022002541","1315","2","0","0","0","0","0","0","0","0","6","0","","02","1","2022","7","40.396246","-79.998129","1256","11","0","0","0","0","0","0","0","0","","0","0","0","","","0","N","2","","40 23:46.484","","0","79 59:53.264","0","0","0","0","2301","0","0","0","N","0","0","0","5","02301","0","","4.0","","9","N","N","N","0","","0","0","1","","2","","","3","0","0","0","0","0","0","2","0","3","","10","","N","","","","","","","","","",""
"2022008261","1107","0","0","0","0","0","0","0","0","0","7","0","","02","1","2022","3","40.500044","-80.221987","1104","11","0","0","0","0","0","1","0","0","","0","0","0","","","1","","1","","40 30:00.157","1","2","80 13:19.152","4","0","0","0","2213","0","0","0","N","0","0","0","1","02213","1","","4.0","1139.0","6","N","N","N","0","","0","0","1","","2","N","","1","1","0","0","0","0","0","2","0","1","","","","N","","","","","","","","","",""
"2022034455","0201","3","0","0","0","0","0","0","0","0","4","0","","02","4","2022","7","40.43887","-79.760568","0201","11","0","0","0","0","0","0","0","0","","0","0","0","","","5","","5","","40 26:19.931","7","0","79 45:38.044","4","0","0","0","2446","0","0","0","N","0","0","0","9","02446","5","","1.0","300.0","1","N","N","Y","0","","0","0","0","","2","Y","","3","5","0","0","0","0","0","2","0","3","","03","","N","","","","","","","","","",""
"2022002715","0255","2","0","0","0","0","0","0","0","0","2","0","","02","1","2022","1","40.461772","-79.936304","0250","11","0","0","0","0","0","0","0","0","","0","0","0","","","0","","1","","40 27:42.379","","0","79 56:10.694","0","0","0","0","2301","0","0","0","N","0","0","0","1","02301","0","","1.0","","2","N","N","N","0","","0","0","0","","3","","","2","0","0","0","0","0","0","2","0","2","","09","","N","","","","","","","","","",""
"2022011453","0936","2","0","0","0","0","0","0","0","0","4","0","","02","2","2022","3","40.487612","-80.04072","0927","11","0","0","0","0","0","0","0","0","","0","0","0","","","0","","1","","40 29:15.403","1","0","80 02:26.591","9","0","0","0","2301","0","0","0","N","0","0","0","2","02301","0","","1.0","1020.0","1","N","N","N","0","","0","0","0","","3","N","","2","0","0","0","0","0","1","2","0","2","","","","N","","","","","","","","","",""
"2022005356","1410","0","0","0","0","0","0","0","0","0","6","0","","02","1","2022","7","40.403471","-80.020028","1402","11","0","0","0","0","0","1","0","0","","0","0","0","","","0","N","0","","40 24:12.495","","0","80 01:12.099","0","0","0","0","2301","0","0","0","N","0","0","0","2","02301","0","","1.0","","1","N","N","N","0","","0","0","2","","0","","","2","0","0","0","0","0","0","2","0","2","","03","","N","","","","","","","","","",""
"2022034904","0948","0","0","0","0","0","0","0","0","0","1","0","","02","4","2022","3","40.423489","-79.989051","0944","11","0","0","0","0","0","1","0","0","","0","0","0","","","2","N","0","","40 25:24.562","","1","79 59:20.583","8","0","0","2","2301","0","0","0","N","0","0","0","2","02301","0","","1.0","","1","N","N","N","0","","0","0","0","","0","","","2","2","0","0","0","2","0","2","0","2","","03","","N","","","","","","","","","",""
"2022034083","0822","1","0","0","0","0","0","0","0","0","1","0","","02","4","2022","5","40.599833","-80.093673","0756","11","0","0","0","0","0","0","0","0","","0","0","0","","","0","N","0","","40 35:59.399","2","0","80 05:37.223","0","0","0","0","2481","0","0","0","N","0","0","0","2","68B03","0","","1.0","100.0","9","N","N","N","0","","0","0","1","","0","N","","2","0","0","0","0","0","0","2","0","2","","","","N","","","","","","","","","",""
"2022034912","1012","0","0","0","0","0","0","0","0","0","5","1","","02","4","2022","3","40.418139","-79.926139","0957","11","0","0","0","0","0","1","1","0","","0","1","0","","","0","N","0","","40 25:05.300","2","0","79 55:34.100","0","0","0","0","2301","0","0","0","N","0","0","0","2","02301","0","","1.0","1056.0","1","N","N","N","0","","0","0","1","","2","N","","2","0","0","0","0","0","0","2","0","2","","04","","N","","","","","","","","","",""
"2022031565","1354","2","0","0","0","0","0","0","0","0","4","0","","02","3","2022","4","40.339481","-79.967952","1351","11","0","0","0","0","0","0","0","0","","0","0","0","","","1","N","2","","40 20:22.132","4","0","79 58:04.626","8","0","0","0","2454","0","0","0","N","0","0","0","3","02454","0","","1.0","1430.0","1","N","N","N","0","","0","0","0","","3","N","","2","1","1","0","0","1","0","2","0","2","","","","N","","","","","","","","","",""
"2022034703","2022","0","0","0","0","0","0","0","0","0","7","0","","02","3","2022","7","40.651394","-80.093969","2002","11","0","0","0","0","0","0","0","0","","0","0","0","","","1","N","0","","40 39:05.018","1","0","80 05:38.287","8","0","0","0","2212","0","0","0","Y","0","0","0","3","68B03","0","","4.0","2138.0","9","N","N","N","0","","0","0","1","","0","N","","1","1","0","0","0","1","0","2","0","1","","10","","N","","","","","","","","","",""
"2022002012","2249","0","0","0","0","0","0","0","0","0","5","0","","02","1","2022","5","40.405704","-79.999267","2239","11","0","0","0","0","0","0","0","0","","0","0","0","","","0","","2","","40 24:20.534","","0","79 59:57.361","9","0","0","0","2301","0","0","0","N","0","0","0","1","02301","0","","4.0","","2","N","N","N","0","","0","0","1","","0","","","2","0","0","0","0","0","1","2","0","2","","02","","N","","","","","","","","","",""
"2022005111","0300","0","0","0","0","0","0","0","0","0","7","0","","02","1","2022","1","40.39025","-79.982694","0252","11","0","0","0","0","0","0","0","0","","0","0","0","","","0","Y","0","","40 23:24.900","7","0","79 58:57.700","0","0","0","0","2303","0","0","0","N","0","0","0","1","02303","0","","2.0","441.0","2","N","N","N","0","","0","0","1","","0","N","","1","0","0","0","0","0","0","2","0","1","","10","","N","","","","","","","","","",""
"2022002774","0746","1","0","0","0","0","0","0","0","0","7","0","","02","1","2022","1","40.652323","-79.913913","0734","11","0","0","0","0","0","0","0","0","","0","0","0","","","1","N","0","","40 39:08.363","3","0","79 54:50.087","4","0","0","0","2220","0","0","0","N","0","0","0","2","02220","1","","2.0","831.0","2","N","N","N","0","","0","0","0","","0","N","","1","1","0","0","0","0","0","1","0","1","","","","N","","","","","","","","","",""
"2022001990","1856","0","0","0","0","0","0","0","0","0","2","0","","02","1","2022","5","40.383028","-79.809194","1856","11","0","0","0","0","0","0","0","0","","0","0","0","","","0","N","0","","40 22:58.900","5","0","79 48:33.100","0","0","0","0","2424","0","0","0","N","0","0","0","2","02424","0","","1.0","1930.0","7","N","N","N","1","","0","0","1","","0","Y","","2","0","0","0","0","0","0","2","0","2","","10","","N","","","","","","","","","",""
"2022006042","0541","1","0","0","0","0","0","0","0","0","7","0","","02","1","2022","1","40.28542","-79.998414","0535","11","0","0","0","0","0","0","0","0","","0","0","0","","","0","N","0","","40 17:07.513","","0","79 59:54.291","0","0","0","0","2219","0","0","0","N","0","0","0","1","02219","0","","4.0","","7","N","N","N","0","","0","0","0","","0","","","1","0","0","0","0","0","0","2","0","1","","06","","N","","","","","","","","","",""
"2022005460","0304","2","0","0","0","0","0","0","0","0","5","0","","02","1","2022","1","40.427392","-79.972483","0259","11","0","0","0","0","0","0","0","0","","0","0","0","","","0","N","0","","40 25:38.610","4","0","79 58:20.940","0","0","0","0","2301","0","0","0","N","0","0","0","1","02301","0","","6.0","344.0","1","N","N","N","0","","0","0","1","","0","N","","3","0","0","0","0","0","0","2","0","3","","03","","N","","","","","","","","","",""
"2022002875","1454","2","0","0","0","0","0","0","0","0","4","0","","02","1","2022","1","40.42875","-79.980559","1447","11","0","0","0","0","0","1","0","0","","0","0","0","","","1","N","1","","40 25:43.501","","0","79 58:50.013","8","0","0","0","2301","0","0","0","N","0","0","0","2","02301","0","","1.0","","1","N","N","N","0","","0","0","0","","1","","","2","1","0","0","0","1","0","2","0","2","","03","","N","","","","","","","","","",""
"2022011515","1454","0","0","0","0","0","0","0","0","0","1","0","","02","2","2022","3","40.422788","-80.003586","1446","11","0","0","0","0","0","0","1","0","","0","0","0","","","1","N","0","","40 25:22.038","1","4","80 00:12.908","3","0","0","0","2301","0","0","0","N","0","0","0","3","02301","0","","1.0","1530.0","1","N","N","N","1","","1","0","1","","0","N","","3","1","0","0","0","0","0","2","1","3","","03","","N","","","","","","","","","",""
"2022005104","1158","2","0","0","0","0","0","0","0","0","4","0","","02","1","2022","5","40.401321","-79.880683","1153","11","0","0","0","0","0","0","0","0","","0","0","0","","","0","","2","","40 24:04.754","","0","79 52:50.458","0","0","0","0","2475","0","0","0","N","0","0","0","2","02475","0","","1.0","","1","N","N","N","0","","0","0","0","","2","N","","2","0","0","0","0","0","0","2","0","2","","","","N","","","","","","","","","",""
"2022010676","2300","2","0","0","0","0","0","0","0","0","4","0","","02","1","2022","5","40.436099","-79.772451","2300","11","0","0","0","0","0","0","2","0","","0","0","0","","","0","","1","","40 26:09.956","","0","79 46:20.822","0","0","0","0","2446","0","0","0","N","0","0","0","2","02446","0","","1.0","","9","N","N","N","0","","0","0","0","","2","N","","2","0","0","0","0","0","0","2","0","2","","02","","N","","","","","","","","","",""
"2022005445","2233","1","0","0","0","0","0","0","0","0","6","0","","02","1","2022","7","40.476444","-80.032583","2228","11","0","0","0","0","0","0","0","1","","0","0","0","","","0","N","0","","40 28:35.200","4","0","80 01:57.300","9","0","0","0","2301","0","0","0","N","0","0","0","1","02301","0","","5.0","2315.0","1","N","N","N","0","","0","0","0","","0","N","","2","0","0","0","0","0","1","2","1","2","","03","","N","","","","","","","","","",""
"2022003437","2018","2","0","0","0","0","0","0","0","0","1","0","","02","1","2022","1","40.339178","-80.13149","2010","11","0","0","0","0","0","0","0","0","","0","0","0","","","2","N","0","","40 20:21.040","2","0","80 07:53.363","3","0","0","0","2119","0","0","0","N","0","0","0","2","68B03","1","","1.0","2040.0","1","N","N","N","0","","1","0","0","","0","N","","2","2","0","0","0","0","0","2","0","2","","","","N","","","","","","","","","",""
"2022003028","0311","1","0","0","0","0","0","0","0","0","7","0","","02","1","2022","1","40.427823","-79.766791","0303","11","0","0","0","0","0","0","0","0","","0","0","0","","","0","N","0","","40 25:40.162","1","0","79 46:00.447","0","0","0","0","2446","0","0","0","N","0","0","0","2","02446","0","","5.0","430.0","2","N","N","N","0","","0","0","0","","0","N","","1","0","0","0","0","0","0","2","0","1","","07","","N","","","","","","","","","",""
"2022011196","1626","1","0","0","0","0","0","0","0","0","4","0","35","02","1","2022","4","40.493191","-79.9098","1555","11","0","0","0","0","0","0","0","0","","0","0","0","","","0","N","0","","40 29:35.486","","3","79 54:35.281","0","0","0","0","2461","0","0","0","N","0","0","0","2","68D02","0","","1.0","","1","N","N","N","0","","0","0","1","","0","","","2","0","0","0","0","0","0","2","0","2","","","N","Y","4","1","","","N","","","","Y","N"
"2022013086","1606","2","0","0","0","0","0","0","0","0","4","0","","02","2","2022","4","40.406403","-79.910147","1603","11","0","0","0","0","0","1","0","0","","0","0","0","","","1","","1","","40 24:23.050","","0","79 54:36.529","4","0","0","0","2438","0","0","0","N","0","0","0","2","02438","1","","1.0","","1","N","N","N","0","","0","0","0","","3","","","2","1","0","0","0","0","0","2","0","2","","","","N","","","","","","","","","",""
"2022033363","1636","1","0","0","0","0","0","0","0","0","7","0","","02","4","2022","3","40.52724","-79.950348","1633","11","0","0","0","0","0","0","1","0","","0","0","0","","","0","","2","","40 31:38.063","5","0","79 57:01.251","9","0","0","0","2118","0","0","0","N","0","0","0","1","02118","0","","5.0","2241.0","1","N","N","N","0","","0","0","0","","2","Y","","1","0","0","0","0","0","1","2","0","1","","","","N","","","","","","","","","",""
"2022001874","1730","1","0","0","0","0","0","0","0","0","4","0","","02","1","2022","5","40.469083","-79.96275","1719","11","0","0","0","0","0","0","0","0","","0","0","0","","","0","N","0","","40 28:08.700","","7","79 57:45.900","0","0","0","0","2301","0","0","0","N","0","0","0","2","02301","0","","1.0","","9","N","N","N","0","","0","0","1","","0","","","2","0","0","0","0","0","0","2","0","2","","10","","N","","","","","","","","","",""
"2022019536","2139","1","0","0","0","0","0","0","0","0","7","0","","02","1","2022","3","40.239013","-79.936101","2125","11","0","0","0","0","0","1","0","0","","0","0","0","","","0","N","2","","40 14:20.448","6","0","79 56:09.962","0","0","0","0","2204","0","0","0","N","0","0","0","2","02204","0","","5.0","2235.0","2","N","N","N","0","","0","0","0","","0","N","","1","0","0","0","0","0","0","1","0","1","","","","N","","","","","","","","","",""
"2022007775","1806","1","0","0","0","0","0","0","0","0","7","0","","02","1","2022","1","40.510404","-80.097656","1803","11","0","0","0","0","0","0","0","0","","0","0","0","","","0","N","0","","40 30:37.454","2","0","80 05:51.561","0","0","0","0","2429","0","0","0","N","0","0","0","3","02215","0","","5.0","1832.0","7","N","N","N","0","","0","0","0","","0","N","","1","0","0","0","0","0","0","2","0","1","","","","N","","","","","","","","","",""
"2022035563","1219","2","0","0","0","0","0","0","0","0","1","0","","02","4","2022","7","40.355851","-80.028223","1213","11","0","0","0","0","0","0","0","0","","0","0","0","","","0","","2","","40 21:21.063","","0","80 01:41.601","0","0","0","0","2407","0","0","0","N","0","0","0","2","02407","0","","1.0","","1","N","N","N","0","","0","0","0","","2","","","2","0","0","0","0","0","0","2","0","2","","","","N","","","","","","","","","",""
"2022005891","2049","2","0","0","0","0","0","0","0","0","1","0","","02","1","2022","1","40.442771","-79.961997","2040","11","0","0","0","0","0","1","0","0","","0","0","0","","","0","N","2","","40 26:33.975","","0","79 57:43.189","0","0","0","0","2301","0","0","0","N","0","0","0","2","02301","0","","1.0","","7","N","N","N","0","","0","0","0","","3","","","2","0","0","0","0","0","0","2","0","2","","06","","N","","","","","","","","","",""
"2022034189","1832","2","0","0","0","0","0","0","0","0","4","0","","02","4","2022","7","40.491133","-80.019914","1821","11","0","1","0","0","0","0","0","0","","0","0","0","","","0","N","3","","40 29:28.079","1","0","80 01:11.692","0","0","0","0","2301","0","0","0","N","0","0","0","4","02301","0","","1.0","1900.0","9","N","N","N","0","","0","0","0","","3","N","","2","0","0","0","0","0","0","2","0","2","","04","","N","","","","","","","","","",""
"2022005305","1317","2","0","0","0","0","0","0","0","0","5","0","","02","1","2022","6","40.339667","-79.980444","1308","11","0","0","0","0","0","1","0","0","","0","0","0","","","0","N","0","","40 20:22.800","","0","79 58:49.600","9","0","0","0","2403","0","0","0","N","0","0","0","3","02403","0","","6.0","","1","N","N","N","0","","0","0","1","","0","","","3","0","0","0","0","0","1","2","0","3","","03","","N","","","","","","","","","",""
"2022026408","1212","1","0","0","0","0","0","0","0","0","1","0","","02","3","2022","3","40.543947","-80.192787","1212","11","0","0","0","0","1","0","0","1","","0","0","0","","","0","N","0","","40 32:38.208","2","0","80 11:34.032","0","0","0","0","2458","0","0","0","N","0","0","0","2","02458","0","","1.0","1240.0","1","N","N","N","1","","0","0","0","","0","N","","2","0","0","0","0","0","0","2","0","2","","03","","N","","","","","","","","","",""
"2022011830","1754","1","0","0","0","0","0","0","0","0","4","0","","02","1","2022","6","40.649074","-79.797883","1725","11","0","0","0","1","0","1","0","0","","0","0","0","","","0","N","1","","40 38:56.668","3","0","79 47:52.377","9","0","0","0","2202","0","0","0","N","0","0","0","2","68D02","0","","1.0","30.0","1","N","N","N","1","","0","0","0","","3","N","","2","0","0","0","0","0","1","1","0","2","","","","N","","","","","","","","","",""
"2022048695","1905","1","0","0","0","0","0","0","0","0","1","0","","02","5","2022","7","40.345709","-79.973124","1901","11","0","0","0","0","0","1","0","0","","0","0","0","","","1","N","0","","40 20:44.551","1","0","79 58:23.247","3","0","0","1","2403","0","0","0","N","0","0","0","2","02403","0","","1.0","1929.0","1","N","N","N","0","","1","0","0","","0","Y","","2","1","0","0","0","0","0","2","0","2","","","","N","","","","","","","","","",""
"2022029236","0800","1","0","0","0","0","0","0","0","0","7","0","","02","3","2022","2","40.607616","-79.891725","0730","11","0","0","0","0","0","0","0","1","","0","0","0","","","0","N","0","","40 36:27.419","","7","79 53:30.210","0","0","0","0","2208","0","0","0","Y","0","0","0","1","02208","0","","2.0","","1","N","N","N","0","","0","0","0","","0","","","1","0","0","0","0","0","0","1","0","1","","03","","N","","","","","","","","","",""
"2022040097","1251","2","0","0","0","0","0","0","0","0","1","0","","02","4","2022","6","40.323629","-79.786136","1251","11","0","0","0","0","0","1","1","0","","0","0","0","","","1","N","0","","40 19:25.063","","0","79 47:10.091","8","0","0","0","2477","0","0","0","N","0","0","0","3","02477","0","","1.0","","1","N","","N","0","","0","0","0","","0","","","3","1","1","0","0","1","0","2","1","3","","03","","N","","","","","","","","","",""
"2022002234","1615","1","0","0","0","0","0","0","0","0","7","0","","02","1","2022","6","40.426833","-79.993889","1606","11","0","0","0","0","0","1","0","0","","0","0","0","","","2","N","0","","40 25:36.600","5","0","79 59:38.000","3","0","0","0","2301","0","0","0","N","0","0","0","2","02301","0","","5.0","1655.0","6","N","N","N","0","","2","0","0","","0","N","","1","2","2","0","0","0","0","2","0","1","","03","","N","","","","","","","","","",""
"2022002801","0911","0","0","0","0","0","0","0","0","0","7","0","","02","1","2022","1","40.525639","-79.950917","0906","11","0","0","0","0","0","0","0","0","","0","0","0","","","0","N","0","","40 31:32.300","6","0","79 57:03.300","0","0","0","0","2118","0","0","0","N","0","0","0","2","02118","0","","2.0","952.0","2","N","N","N","0","","0","0","1","","0","Y","","1","0","0","0","0","0","0","2","0","1","","","","N","","","","","","","","","",""
"2022034889","0830","3","0","0","0","0","0","0","0","0","2","0","","02","4","2022","3","40.451966","-80.016526","0815","11","0","0","0","0","0","0","0","0","","0","0","0","","","1","","1","","40 27:07.079","","1","80 00:59.493","3","0","0","0","2301","0","0","0","N","0","0","0","4","02301","0","","1.0","","9","N","N","N","0","","1","0","0","","2","","","3","1","0","0","0","0","0","2","0","3","","07","","N","","","","","","","","","",""
"2022008352","1312","0","0","0","0","0","0","0","0","0","1","0","","02","1","2022","7","40.379863","-79.808288","1307","11","0","0","0","0","0","1","1","0","","0","0","0","","","2","N","2","","40 22:47.505","","0","79 48:29.837","3","0","0","0","2424","0","0","0","N","0","0","0","3","02424","0","","1.0","","1","N","N","N","0","","2","0","2","","2","","","2","2","0","0","0","0","0","2","0","2","","03","","N","","","","","","","","","",""
"2022005222","0030","1","0","0","0","0","0","0","0","0","2","0","","02","1","2022","7","40.392507","-80.029401","0030","11","0","0","0","0","0","0","0","0","","0","0","0","","","0","Y","0","","40 23:33.025","","0","80 01:45.843","0","0","0","0","2301","0","0","0","N","0","0","0","1","02301","0","","6.0","","1","N","N","Y","0","","0","0","1","","0","","","2","0","0","0","0","0","0","2","0","2","","","","N","","","","","","","","","",""