"CRN","ARRIVAL_TM","AUTOMOBILE_COUNT","BELTED_DEATH_COUNT","BELTED_SUSP_SERIOUS_INJ_COUNT","BICYCLE_COUNT","BICYCLE_DEATH_COUNT","BICYCLE_SUSP_SERIOUS_INJ_COUNT","BUS_COUNT","CHLDPAS_DEATH_COUNT","CHLDPAS_SUSP_SERIOUS_INJ_COUNT","COLLISION_TYPE","COMM_VEH_COUNT","CONS_ZONE_SPD_LIM","COUNTY","CRASH_MONTH","CRASH_YEAR","DAY_OF_WEEK","DEC_LATITUDE","DEC_LONGITUDE","DISPATCH_TM","DISTRICT","DRIVER_COUNT_16YR","DRIVER_COUNT_17YR","DRIVER_COUNT_18YR","DRIVER_COUNT_19YR","DRIVER_COUNT_20YR","DRIVER_COUNT_50_64YR","DRIVER_COUNT_65_74YR","DRIVER_COUNT_75PLUS","EST_HRS_CLOSED","FATAL_COUNT","HEAVY_TRUCK_COUNT","HORSE_BUGGY_COUNT","HOUR_OF_DAY","ILLUMINATION","INJURY_COUNT","INTERSECTION_RELATED","INTERSECT_TYPE","LANE_CLOSED","LATITUDE","LN_CLOSE_DIR","LOCATION_TYPE","LONGITUDE","MAX_SEVERITY_LEVEL","MCYCLE_DEATH_COUNT","MCYCLE_SUSP_SERIOUS_INJ_COUNT","MOTORCYCLE_COUNT","MUNICIPALITY","NONMOTR_COUNT","NONMOTR_DEATH_COUNT","NONMOTR_SUSP_SERIOUS_INJ_COUNT","NTFY_HIWY_MAINT","PED_COUNT","PED_DEATH_COUNT","PED_SUSP_SERIOUS_INJ_COUNT","PERSON_COUNT","POLICE_AGCY","POSSIBLE_INJ_COUNT","RDWY_SURF_TYPE_CD","RELATION_TO_ROAD","ROADWAY_CLEARED","ROAD_CONDITION","SCH_BUS_IND","SCH_ZONE_IND","SECONDARY_CRASH","SMALL_TRUCK_COUNT","SPEC_JURIS_CD","SUSP_MINOR_INJ_COUNT","SUSP_SERIOUS_INJ_COUNT","SUV_COUNT","TCD_FUNC_CD","TCD_TYPE","TFC_DETOUR_IND","TIME_OF_DAY","TOTAL_UNITS","TOT_INJ_COUNT","UNBELTED_OCC_COUNT","UNB_DEATH_COUNT","UNB_SUSP_SERIOUS_INJ_COUNT","UNK_INJ_DEG_COUNT","UNK_INJ_PER_COUNT","URBAN_RURAL","VAN_COUNT","VEHICLE_COUNT","WEATHER1","WEATHER2","WORKERS_PRES","WORK_ZONE_IND","WORK_ZONE_LOC","WORK_ZONE_TYPE","WZ_CLOSE_DETOUR","WZ_FLAGGER","WZ_LAW_OFFCR_IND","WZ_LN_CLOSURE","WZ_MOVING","WZ_OTHER","WZ_SHLDER_MDN","WZ_WORKERS_INJ_KILLED"
"2022038314","0323","1","0","0","0","0","0","0","0","0","1","0","","02","4","2022","3","40.36382","-79.842897","0322","11","0","0","0","0","0","1","0","0","","0","0","0","","","0","","1","","40 21:49.753","2","0","79 50:34.429","9","0","0","0","2303","0","0","0","N","0","0","0","2","02303","0","","9.0","345.0","1","N","N","Y","0","","0","0","1","","2","Y","","2","0","2","0","0","0","1","2","0","2","","98","","N","","","","","","","","","",""
"2022005308","1247","1","0","0","0","0","0","0","0","0","1","0","","02","1","2022","7","40.438758","-79.74939","1242","11","0","0","0","0","0","1","1","0","","0","0","0","","","0","N","0","","40 26:19.527","4","0","79 44:57.803","0","0","0","0","2446","0","0","0","N","0","0","0","3","02446","0","","1.0","1319.0","9","N","N","N","1","","0","0","1","","0","N","","3","0","0","0","0","0","0","2","0","3","","","","N","","","","","","","","","",""
"2022009156","0810","1","0","0","0","0","0","0","0","0","7","0","","02","1","2022","1","40.542942","-80.256097","0757","11","0","0","1","0","0","0","0","0","","0","0","0","","","0","N","0","","40 32:34.590","5","0","80 15:21.950","0","0","0","0","2213","0","0","0","N","0","0","0","1","02213","0","","2.0","900.0","2","N","N","N","0","","0","0","0","","0","N","","1","0","0","0","0","0","0","2","0","1","","","","N","","","","","","","","","",""
"2022034630","1523","2","0","0","0","0","0","0","0","0","4","0","","02","4","2022","2","40.458788","-79.928942","1514","11","0","0","0","0","0","1","0","0","","0","0","0","","","0","N","0","","40 27:31.638","","0","79 55:44.192","9","0","0","0","2301","0","0","0","N","0","0","0","2","02301","0","","4.0","","9","N","N","N","0","","0","0","0","","0","","","2","0","0","0","0","0","1","2","0","2","","04","","N","","","","","","","","","",""
"2022006377","0049","1","0","0","0","0","0","0","0","0","4","0","","02","1","2022","4","40.4583","-79.905833","0047","11","0","0","0","0","0","0","0","0","","0","0","0","","","0","N","0","","40 27:29.880","","0","79 54:21.000","0","0","0","0","2301","0","0","0","N","0","0","0","1","02301","0","","4.0","","7","N","N","N","0","","0","0","1","","0","N","","2","0","0","0","0","0","0","2","0","2","","","","N","","","","","","","","","",""
"2022002460","0613","1","0","0","0","0","0","0","0","0","1","0","","02","1","2022","7","40.443714","-79.983025","0611","11","0","0","0","0","0","0","0","0","","0","0","0","","","0","N","0","","40 26:37.372","","0","79 58:58.889","0","0","0","0","2301","0","0","0","N","0","0","0","1","02301","0","","1.0","","7","N","N","N","0","","0","0","1","","0","","","2","0","0","0","0","0","0","2","0","2","","","","N","","","","","","","","","",""
"2022004411","1854","1","0","0","0","0","0","0","0","0","2","0","","02","1","2022","4","40.429222","-79.997889","1842","11","0","0","0","0","0","0","0","0","","0","0","0","","","0","N","0","","40 25:45.200","7","0","79 59:52.400","0","0","0","0","2301","0","0","0","N","0","0","0","2","02301","0","","1.0","1720.0","1","N","N","N","1","","0","0","0","","0","Y","","2","0","0","0","0","0","0","2","0","2","","03","","N","","","","","","","","","",""
"2022006179","0758","2","0","0","0","0","0","0","0","0","1","0","","02","1","2022","3","40.454372","-79.994841","0745","11","0","0","0","0","0","0","0","0","","0","0","0","","","1","N","0","","40 27:15.739","","0","79 59:41.427","4","0","0","0","2301","0","0","0","N","0","0","0","2","02301","1","","1.0","","1","N","N","N","0","","0","0","0","","0","","","2","1","0","0","0","0","0","2","0","2","","","","N","","","","","","","","","",""
"2022033752","1714","2","0","0","0","0","0","0","0","0","4","0","","02","4","2022","4","40.398676","-79.768144","1714","11","0","0","0","0","0","1","0","0","","0","0","0","","","1","N","0","","40 23:55.234","","7","79 46:05.320","2","0","0","0","2446","0","0","0","N","0","0","0","2","02446","0","","1.0","","1","N","N","Y","0","","0","1","0","","0","","","2","1","0","0","0","0","0","2","0","2","","03","","N","","","","","","","","","",""
"2022031313","0840","1","0","0","0","0","0","0","0","0","2","0","","02","3","2022","5","40.387054","-79.983364","0830","11","0","0","0","0","0","1","0","0","","0","0","0","","","2","N","2","","40 23:13.394","","0","79 59:00.110","3","0","0","0","2301","0","0","0","N","0","0","0","3","02301","0","","1.0","","1","N","N","N","1","","2","0","0","","0","","","2","2","0","0","0","0","0","2","0","2","","03","","N","","","","","","","","","",""
"2022017248","1416","1","0","0","0","0","0","0","0","0","4","0","","02","1","2022","6","40.334","-80.031028","1414","11","0","0","0","0","0","2","0","0","","0","0","0","","","0","Y","0","","40 20:02.400","","6","80 01:51.700","0","0","0","0","2407","0","0","0","N","0","0","0","2","02407","0","","1.0","","9","N","N","N","1","","0","0","0","","3","","","2","0","0","0","0","0","0","2","0","2","","","","N","","","","","","","","","",""
"2022029659","0907","2","0","0","0","0","0","0","0","0","4","0","","02","3","2022","6","40.382984","-79.85741","0859","11","0","0","0","0","0","1","0","1","","0","0","0","","","0","N","2","","40 22:58.744","2","0","79 51:26.676","0","0","0","0","2303","0","0","0","N","0","0","0","2","02303","0","","1.0","945.0","1","N","N","N","0","","0","0","0","","2","N","","2","0","0","0","0","0","0","2","0","2","","04","","N","","","","","","","","","",""
"2022002880","1807","1","0","1","0","0","0","0","0","0","2","0","","02","1","2022","7","40.429247","-79.999266","1805","11","0","0","0","0","0","1","0","0","","0","0","0","","","2","","1","","40 25:45.290","","3","79 59:57.359","2","0","0","0","2301","0","0","0","N","0","0","0","3","02301","0","","1.0","","9","N","N","N","0","","1","1","1","","2","","","2","2","0","0","0","0","0","2","0","2","","","","N","","","","","","","","","",""
"2022005840","1500","1","0","0","0","0","0","0","0","0","7","0","","02","1","2022","2","40.465881","-80.034299","1454","11","0","0","0","1","0","0","0","0","","0","0","0","","","0","N","0","","40 27:57.173","2","2","80 02:03.476","0","0","0","0","2301","0","0","0","N","0","0","0","2","02301","0","","1.0","1520.0","6","N","N","N","0","","0","0","0","","0","Y","","1","0","0","0","0","0","0","2","0","1","","04","","N","","","","","","","","","",""
"2022034337","1426","1","0","0","0","0","0","0","0","0","5","0","","02","4","2022","6","40.617023","-80.055598","1421","11","0","0","0","0","0","1","0","0","","0","0","0","","","2","N","0","","40 37:01.282","2","7","80 03:20.154","3","0","0","0","2216","0","0","0","N","0","0","0","2","02505","0","","1.0","1453.0","9","N","N","N","0","","2","0","1","","0","N","","2","2","0","0","0","0","0","2","0","2","","","","N","","","","","","","","","",""
"2022005225","0237","2","0","0","0","0","0","0","0","0","5","0","","02","1","2022","7","40.426194","-79.97325","0226","11","0","0","0","0","0","0","0","0","","0","0","0","","","0","N","0","","40 25:34.300","","0","79 58:23.700","9","0","0","0","2301","0","0","0","N","0","0","0","1","02301","0","","6.0","","1","N","N","N","0","","0","0","0","","0","","","2","0","0","0","0","0","1","2","0","2","","03","","N","","","","","","","","","",""
"2022049490","1443","3","0","0","0","0","0","0","0","0","6","0","","02","5","2022","2","40.459896","-79.907163","1443","11","0","0","0","1","0","1","0","0","","0","0","0","","","0","","2","","40 27:35.626","","0","79 54:25.786","0","0","0","0","2301","0","0","0","N","0","0","0","3","02301","0","","1.0","","1","N","N","N","0","","0","0","0","","0","","","3","0","0","0","0","0","0","2","0","3","","","","N","","","","","","","","","",""
"2022011832","1555","0","0","0","0","0","0","0","0","0","7","0","","02","1","2022","2","40.426943","-80.286077","1553","11","0","0","0","0","0","0","0","0","","0","0","0","","","0","N","0","","40 25:36.993","3","0","80 17:09.878","0","0","0","0","2214","0","0","0","N","0","0","0","1","68B03","0","","3.0","1746.0","7","N","N","N","1","","0","0","0","","0","N","","1","0","0","0","0","0","0","1","0","1","","02","","N","","","","","","","","","",""
"2022034786","1227","1","0","0","0","0","0","0","0","0","5","1","","02","3","2022","5","40.568717","-80.214112","1225","11","0","0","0","0","0","1","0","0","","0","1","0","","","0","N","0","","40 34:07.382","1","1","80 12:50.803","0","0","0","0","2441","0","0","0","N","0","0","0","2","02441","0","","1.0","1250.0","1","N","N","N","0","","0","0","0","","0","N","","2","0","1","0","0","0","0","2","0","2","","03","","N","","","","","","","","","",""
"2022033126","0257","1","0","0","0","0","0","0","0","0","98","0","","02","4","2022","4","40.397541","-80.190489","0255","11","0","0","0","0","0","0","0","0","","0","0","0","","","0","N","0","","40 23:51.147","","0","80 11:25.759","0","0","0","0","2214","0","0","0","N","0","0","0","1","02214","0","","5.0","","9","N","N","N","0","","0","0","0","","0","N","","1","0","0","0","0","0","0","2","0","1","","","","N","","","","","","","","","",""
"2022003063","0448","0","0","0","0","0","0","0","0","0","7","0","","02","1","2022","1","40.46596","-80.01442","0439","11","0","0","0","0","0","0","0","0","","0","0","0","","","0","N","0","","40 27:57.455","","0","80 00:51.913","0","0","0","0","2301","0","0","0","N","0","0","0","1","02301","0","","5.0","","2","N","N","N","0","","0","0","1","","0","","","1","0","0","0","0","0","0","2","0","1","","","","N","","","","","","","","","",""
"2022005853","2040","0","0","0","0","0","0","0","0","0","7","0","","02","1","2022","1","40.392564","-79.900272","2037","11","0","0","0","0","0","0","0","0","","0","0","0","","","0","N","0","","40 23:33.230","","0","79 54:00.980","0","0","0","0","2448","0","0","0","N","0","0","0","1","02448","0","","5.0","","7","N","N","N","1","","0","0","0","","0","","","1","0","0","0","0","0","0","2","0","1","","","","N","","","","","","","","","",""
"2022003248","1515","2","0","0","0","0","0","0","0","0","2","0","","02","1","2022","2","40.447243","-79.895396","1510","11","0","1","0","0","0","1","0","0","","0","0","0","","","0","","1","","40 26:50.076","","0","79 53:43.424","0","0","0","0","2301","0","0","0","N","0","0","0","2","02301","0","","1.0","","1","N","N","N","0","","0","0","0","","2","","","2","0","1","0","0","0","0","2","0","2","","02","","N","","","","","","","","","",""
"2022005101","1544","0","0","0","0","0","0","0","0","0","4","0","","02","1","2022","6","40.454118","-79.890785","1538","11","0","0","0","0","0","0","1","0","","0","0","0","","","0","","1","","40 27:14.824","","0","79 53:26.826","0","0","0","0","2301","0","0","0","N","0","0","0","2","02301","0","","1.0","","1","N","N","N","0","","0","0","2","","3","N","","2","0","0","0","0","0","0","2","0","2","","","","N","","","","","","","","","",""
"2022005743","0630","0","0","0","0","0","0","0","0","0","7","0","","02","1","2022","2","40.481975","-79.780503","0621","11","0","0","0","0","0","1","0","0","","0","0","0","","","0","N","0","","40 28:55.110","","0","79 46:49.810","0","0","0","0","2466","0","0","0","N","0","0","0","1","02113","0","","4.0","","7","N","N","N","0","","0","0","1","","0","","","1","0","0","0","0","0","0","2","0","1","","","","N","","","","","","","","","",""
"2022034062","1108","1","0","0","0","0","0","0","0","0","7","0","","02","3","2022","7","40.373138","-80.105834","1052","11","0","0","0","0","0","0","0","0","","0","0","0","","","0","N","0","","40 22:23.297","2","0","80 06:21.002","0","0","0","0","2102","0","0","0","Y","0","0","0","1","68B03","0","","4.0","1207.0","7","N","N","N","0","","0","0","0","","0","N","","1","0","0","0","0","0","0","2","0","1","","","","N","","","","","","","","","",""
"2022002366","1942","1","0","0","0","0","0","0","0","0","4","0","","02","1","2022","6","40.5308","-80.069908","1911","11","0","0","0","0","0","1","0","0","","0","0","0","","","0","","2","","40 31:50.880","2","0","80 04:11.667","0","0","0","0","2215","0","0","0","N","0","0","0","2","02215","0","","1.0","2009.0","7","N","N","N","0","","0","0","1","","2","N","","2","0","0","0","0","0","0","2","0","2","","02","","N","","","","","","","","","",""
"2022013452","0532","1","0","0","0","0","0","0","0","0","7","0","","02","1","2022","3","40.3725","-79.807222","0529","11","0","0","0","0","0","0","0","0","","0","0","0","","","0","N","0","","40 22:21.000","2","0","79 48:26.000","0","0","0","0","2111","0","0","0","N","0","0","0","1","02111","0","","5.0","630.0","6","N","N","N","0","","0","0","0","","0","Y","","1","0","0","0","0","0","0","2","0","1","","03","","N","","","","","","","","","",""
"2022033969","1740","1","0","0","0","0","0","0","0","0","8","0","","02","4","2022","6","40.392658","-79.98663","1718","11","0","0","0","0","0","0","0","0","","0","0","0","","","1","N","0","","40 23:33.570","","0","79 59:11.867","3","0","0","0","2301","1","0","0","N","1","0","0","2","02301","0","","1.0","","9","N","N","N","0","","1","0","0","","0","","","2","1","0","0","0","0","1","2","0","1","","07","","N","","","","","","","","","",""
"2022005097","1601","0","0","0","1","0","0","0","0","0","8","0","","02","1","2022","6","40.409159","-79.901123","1559","11","0","0","0","0","0","0","0","0","","0","0","0","","","1","N","2","","40 24:32.973","","0","79 54:04.044","4","0","0","0","2448","1","0","0","N","0","0","0","3","02448","1","","1.0","","1","N","N","N","0","","0","0","1","","3","","","2","1","0","0","0","0","0","2","0","1","","03","","N","","","","","","","","","",""
"2022006748","0447","0","0","0","0","0","0","0","0","0","1","0","","02","1","2022","2","40.465118","-80.000049","0409","11","0","0","0","0","0","0","0","0","","0","1","0","","","1","N","0","","40 27:54.425","2","0","80 00:00.176","3","0","0","0","2301","0","0","0","N","0","0","0","5","68B03","0","","1.0","520.0","7","N","N","N","1","","1","0","0","","0","N","","2","1","0","0","0","0","0","2","0","2","","","","N","","","","","","","","","",""
"2022023205","1534","0","0","0","0","0","0","0","0","0","7","0","","02","1","2022","2","40.502123","-80.282715","1528","11","0","0","0","0","0","0","0","0","","0","0","0","","","1","N","6","","40 30:07.643","","2","80 16:57.775","3","0","0","0","2203","0","0","0","Y","0","0","0","1","68B03","0","","2.0","","6","N","N","N","1","","1","0","0","","4","","","1","1","0","0","0","0","0","1","0","1","","10","","N","","","","","","","","","",""
"2022005109","1745","1","0","0","0","0","0","0","0","0","7","0","","02","1","2022","1","40.365664","-79.859329","1740","11","0","0","0","0","0","1","0","0","","0","0","0","","","0","","1","","40 21:56.391","","0","79 51:33.586","0","0","0","0","2473","0","0","0","N","0","0","0","1","02473","0","","4.0","","1","N","N","N","0","","0","0","0","","3","","","1","0","0","0","0","0","0","2","0","1","","","","N","","","","","","","","","",""
"2022006785","0755","1","0","0","0","0","0","0","0","0","7","0","","02","1","2022","3","40.614002","-79.7559","0755","11","0","0","0","0","0","0","0","0","","0","0","0","","","1","N","0","","40 36:50.406","","2","79 45:21.241","4","0","0","0","2202","0","0","0","N","0","0","0","1","68D02","1","","6.0","","6","N","N","N","0","","0","0","0","","0","","","1","1","0","0","0","0","0","2","0","1","","04","","N","","","","","","","","","",""
"2022035766","1510","0","0","0","0","0","0","0","0","0","4","0","","02","3","2022","3","40.427645","-79.949789","1431","11","0","0","0","0","0","1","0","0","","0","0","0","","","0","N","0","","40 25:39.521","3","0","79 56:59.239","0","0","0","0","2301","0","0","0","N","0","0","0","2","68B03","0","","1.0","1510.0","1","N","N","N","0","","0","0","2","","0","Y","","2","0","0","0","0","0","0","2","0","2","","03","","N","","","","","","","","","",""
"2022033798","0700","0","0","0","0","0","0","0","0","0","2","0","","02","3","2022","1","40.410965","-80.006047","0652","11","0","0","0","0","0","1","0","0","","0","0","0","","","0","N","1","","40 24:39.473","","0","80 00:21.770","0","0","0","0","2301","0","0","0","N","0","0","0","2","02301","0","","1.0","","1","N","N","N","0","","0","0","2","","2","","","2","0","0","0","0","0","0","2","0","2","","03","","N","","","","","","","","","",""
"2022003474","0410","0","0","0","0","0","0","0","0","0","7","0","","02","1","2022","1","40.28639","-80.023006","0410","11","0","0","0","0","0","1","0","0","","0","0","0","","","0","","2","","40 17:11.005","","0","80 01:22.820","0","0","0","0","2219","0","0","0","N","0","0","0","1","02219","0","","5.0","","2","N","N","N","1","","0","0","0","","2","","","1","0","0","0","0","0","0","2","0","1","","","","N","","","","","","","","","",""
"2022034473","2334","2","0","0","0","0","0","0","0","0","4","0","","02","4","2022","1","40.331783","-79.985984","2331","11","0","0","0","0","0","1","0","0","","0","0","0","","","1","","2","","40 19:54.420","","0","79 59:09.541","4","0","0","0","2403","0","0","0","N","0","0","0","3","02403","1","","1.0","","1","N","N","N","0","","0","0","0","","2","","","2","1","1","0","0","0","0","2","0","2","","03","","N","","","","","","","","","",""
"2022001878","1837","1","0","0","0","0","0","0","0","0","2","0","","02","1","2022","5","40.409366","-80.014077","1822","11","0","0","0","0","0","0","0","0","","0","0","0","","","0","N","3","","40 24:33.717","7","0","80 00:50.677","0","0","0","0","2301","0","0","0","N","0","0","0","2","02301","0","","1.0","1848.0","7","N","N","N","0","","0","0","1","","0","Y","","2","0","0","0","0","0","0","2","0","2","","10","","N","","","","","","","","","",""
"2022002389","2220","0","0","0","0","0","0","0","0","0","7","0","","02","1","2022","6","40.388587","-79.99676","2205","11","0","0","0","0","0","0","0","0","","0","0","0","","","0","N","0","","40 23:18.913","","0","79 59:48.335","0","0","0","0","2301","0","0","0","N","0","0","0","4","02301","0","","5.0","","6","N","N","N","0","","0","0","1","","0","","","1","0","0","0","0","0","0","2","0","1","","","","N","","","","","","","","","",""
"2022035489","0303","1","0","0","0","0","0","0","0","0","7","0","","02","4","2022","7","40.610467","-79.760908","0246","11","0","0","0","0","1","0","0","0","","0","0","0","","","0","N","0","","40 36:37.680","","0","79 45:39.267","0","0","0","0","2464","0","0","0","Y","0","0","0","1","68D02","0","","4.0","","1","N","N","N","0","","0","0","0","","0","","","1","0","0","0","0","0","0","2","0","1","","","","N","","","","","","","","","",""
"2022005351","1359","2","0","0","0","0","0","0","0","0","4","0","","02","1","2022","6","40.454076","-79.996814","1350","11","0","0","0","0","0","0","1","0","","0","0","0","","","0","N","1","","40 27:14.672","7","0","79 59:48.532","0","0","0","0","2301","0","0","0","N","0","0","0","2","02301","0","","1.0","1645.0","1","N","N","N","0","","0","0","0","","0","N","","2","0","0","0","0","0","0","2","0","2","","03","","N","","","","","","","","","",""
"2022012442","0651","1","0","0","0","0","0","0","0","0","1","0","","02","2","2022","3","40.345088","-79.978627","0647","11","0","0","0","0","0","0","0","0","","0","0","0","","","0","","2","","40 20:42.317","","0","79 58:43.058","0","0","0","0","2476","0","0","0","N","0","0","0","2","02476","0","","1.0","","1","N","N","N","1","","0","0","0","","3","","","2","0","0","0","0","0","0","2","0","2","","03","","N","","","","","","","","","",""
"2022007940","1718","0","0","0","0","0","0","0","0","0","7","0","","02","1","2022","1","40.288667","-80.005992","1709","11","0","0","1","0","0","0","0","0","","0","0","0","","","0","N","0","","40 17:19.200","5","0","80 00:21.570","0","0","0","0","2219","0","0","0","N","0","0","0","1","02219","0","","5.0","1827.0","7","N","N","N","1","","0","0","0","","0","Y","","1","0","0","0","0","0","0","2","0","1","","10","","N","","","","","","","","","",""
"2022002381","2031","1","0","0","0","0","0","0","0","0","4","0","","02","1","2022","6","40.454076","-79.996814","2020","11","0","0","0","0","0","1","0","0","","0","0","0","","","2","N","1","","40 27:14.672","","0","79 59:48.532","4","0","0","0","2301","0","0","0","N","0","0","0","2","02301","2","","1.0","","7","","","N","0","","0","0","1","","2","","","2","2","0","0","0","0","0","2","0","2","","02","","N","","","","","","","","","",""
"2022034715","0809","0","0","0","0","0","0","0","0","0","4","1","45","02","4","2022","2","40.525188","-80.130809","0750","11","0","0","0","0","0","2","0","0","","0","1","0","","","0","N","0","","40 31:30.676","1","0","80 07:50.912","0","0","0","0","2125","0","0","0","N","0","0","0","2","68B03","0","","1.0","900.0","1","N","N","N","0","","0","0","1","","0","N","","2","0","0","0","0","0","0","2","0","2","","","Y","Y","4","1","N","N","N","N","N","Y","Y","N"
"2022004906","0339","0","0","0","0","0","0","0","0","0","7","0","","02","1","2022","1","40.410184","-80.039884","0337","11","0","0","0","0","0","0","0","0","","0","0","0","","","0","N","0","","40 24:36.663","7","0","80 02:23.584","0","0","0","0","2301","0","0","0","N","0","0","0","1","02301","0","","2.0","355.0","2","N","N","N","1","","0","0","0","","0","N","","1","0","0","0","0","0","0","2","0","1","","","","N","","","","","","","","","",""
"2022033690","1547","1","0","0","0","0","0","0","0","0","0","0","","02","4","2022","5","40.561327","-79.831796","1536","11","0","0","0","0","0","0","1","0","","0","0","0","","","0","N","0","","40 33:40.776","","0","79 49:54.465","0","0","0","0","2209","0","0","0","N","0","0","0","1","02209","0","","5.0","","1","N","N","N","0","","0","0","0","","0","","","1","0","0","0","0","0","0","2","0","1","","03","","N","","","","","","","","","",""
"2022012175","1442","2","0","0","0","0","0","0","0","0","4","0","","02","2","2022","4","40.465464","-79.914125","1438","11","0","0","0","0","0","1","0","0","","0","0","0","","","1","N","0","","40 27:55.670","","0","79 54:50.850","8","0","0","0","2301","0","0","0","N","0","0","0","2","02301","0","","1.0","","9","N","N","N","0","","0","0","1","","0","","","3","1","1","0","0","1","0","2","0","3","","03","","N","","","","","","","","","",""
"2022034045","0428","2","0","0","0","0","0","0","0","0","4","0","","02","4","2022","1","40.427659","-79.985288","0423","11","0","0","0","0","0","0","0","0","","0","0","0","","","0","","1","","40 25:39.574","7","0","79 59:07.038","0","0","0","0","2301","0","0","0","N","0","0","0","4","02301","0","","1.0","530.0","9","N","N","N","0","","0","0","0","","3","Y","","2","0","0","0","0","0","0","2","0","2","","","","N","","","","","","","","","",""
"2022030445","1454","0","0","0","0","0","0","0","0","0","4","0","","02","3","2022","1","40.386139","-79.822481","1452","11","0","0","0","0","0","1","0","0","","0","0","0","","","0","","2","","40 23:10.102","","0","79 49:20.931","0","0","0","0","2111","0","0","0","N","0","0","0","4","02111","0","","1.0","","1","N","N","N","0","","0","0","2","","3","","","2","0","0","0","0","0","0","2","0","2","","02","","N","","","","","","","","","",""
"2022035398","1756","2","0","0","0","0","0","0","0","0","1","0","","02","4","2022","4","40.52724","-79.950348","1756","11","0","0","0","0","0","1","0","0","","0","0","0","","","0","","2","","40 31:38.063","1","0","79 57:01.251","0","0","0","0","2118","0","0","0","N","0","0","0","3","02118","0","","1.0","1758.0","1","N","N","N","0","","0","0","0","","2","N","","2","0","0","0","0","0","0","2","0","2","","03","","N","","","","","","","","","",""
"2022003061","0638","0","0","0","0","0","0","0","0","0","7","0","","02","1","2022","1","40.521094","-79.949451","0631","11","0","0","0","0","0","0","0","0","","0","0","0","","","1","N","0","","40 31:15.937","5","0","79 56:58.023","4","0","0","0","2118","0","0","0","Y","0","0","0","1","02118","1","","2.0","711.0","2","N","N","N","0","","0","0","1","","8","Y","","1","1","0","0","0","0","0","2","0","1","","","","N","","","","","","","","","",""
"2022047355","1746","0","0","0","0","0","0","0","0","0","4","0","","02","5","2022","2","40.338906","-79.912665","1744","11","0","0","0","0","0","0","0","0","","0","0","0","","","1","","3","","40 20:20.061","4","0","79 54:45.594","2","0","1","1","2473","0","0","0","N","0","0","0","3","02473","0","","1.0","1630.0","1","N","N","N","0","","0","1","0","","0","N","","2","1","0","0","0","0","0","2","1","2","","03","","N","","","","","","","","","",""
"2022011970","1545","0","0","0","0","0","0","0","0","0","7","0","","02","1","2022","2","40.495124","-80.200272","1538","11","1","0","0","0","0","0","0","0","","0","0","0","","","0","N","0","","40 29:42.446","","0","80 12:00.978","0","0","0","0","2213","0","0","0","N","0","0","0","1","02213","0","","4.0","","2","N","N","N","0","","0","0","1","","0","","","1","0","0","0","0","0","0","2","0","1","","","","N","","","","","","","","","",""
"2022003450","1240","0","0","0","0","0","0","0","0","0","7","0","","02","1","2022","2","40.664424","-80.073138","1232","11","0","0","0","0","0","0","1","0","","0","0","0","","","0","N","0","","40 39:51.927","3","0","80 04:23.297","0","0","0","0","2212","0","0","0","N","0","0","0","1","02505","0","","5.0","1305.0","7","N","N","N","0","","0","0","1","","0","N","","1","0","0","0","0","0","0","2","0","1","","","","N","","","","","","","","","",""
"2022034520","1342","0","0","0","0","0","0","0","0","0","7","0","","02","4","2022","4","40.427564","-80.10631","1342","11","0","0","0","0","0","0","0","0","","0","0","0","","","1","N","0","","40 25:39.232","","0","80 06:22.716","8","0","0","0","2115","0","0","0","Y","0","0","0","1","68B03","0","","2.0","","1","N","N","N","0","","0","0","1","","0","","","1","1","1","0","0","1","0","2","0","1","","","","N","","","","","","","","","",""
"2022034199","0351","1","0","0","0","0","0","0","0","0","7","0","","02","3","2022","4","40.440484","-79.833282","0245","11","0","0","0","0","0","0","0","0","","0","0","0","","","1","N","0","","40 26:25.744","4","0","79 49:59.815","3","0","0","0","2419","0","0","0","N","0","0","0","2","68B03","0","","2.0","358.0","1","N","N","N","0","","1","0","0","","0","N","","1","1","0","0","0","0","0","2","0","1","","","","N","","","","","","","","","",""
"2022034256","0155","1","0","0","0","0","0","0","0","0","1","1","","02","4","2022","1","40.44874","-79.970262","0152","11","0","0","0","0","0","0","1","0","","0","1","0","","","0","N","0","","40 26:55.463","4","0","79 58:12.943","0","0","0","0","2301","0","0","0","N","0","0","0","1","02301","0","","1.0","240.0","1","N","N","N","0","","0","0","0","","0","N","","2","0","0","0","0","0","0","2","0","2","","03","","N","","","","","","","","","",""
"2022002804","1220","0","0","0","0","0","0","0","0","0","7","0","","02","1","2022","1","40.434524","-80.008056","1210","11","0","0","0","0","0","0","0","0","","0","0","0","","","0","Y","0","","40 26:04.287","","0","80 00:29.000","0","0","0","0","2301","0","0","0","N","0","0","0","1","02301","0","","1.0","","9","N","N","N","0","","0","0","1","","0","","","1","0","0","0","0","0","0","2","0","1","","04","","N","","","","","","","","","",""
"2022034474","0008","1","0","0","0","0","0","0","0","0","7","0","","02","4","2022","1","40.356824","-79.833121","0005","11","0","0","0","0","0","0","0","0","","0","0","0","","","1","N","0","","40 21:24.568","","0","79 49:59.234","8","0","0","0","2304","0","0","0","N","0","0","0","1","02304","0","","2.0","","1","N","N","N","0","","0","0","0","","0","","","1","1","0","0","0","1","0","2","0","1","","03","","N","","","","","","","","","",""