"CRN","ARRIVAL_TM","AUTOMOBILE_COUNT","BELTED_DEATH_COUNT","BELTED_SUSP_SERIOUS_INJ_COUNT","BICYCLE_COUNT","BICYCLE_DEATH_COUNT","BICYCLE_SUSP_SERIOUS_INJ_COUNT","BUS_COUNT","CHLDPAS_DEATH_COUNT","CHLDPAS_SUSP_SERIOUS_INJ_COUNT","COLLISION_TYPE","COMM_VEH_COUNT","CONS_ZONE_SPD_LIM","COUNTY","CRASH_MONTH","CRASH_YEAR","DAY_OF_WEEK","DEC_LATITUDE","DEC_LONGITUDE","DISPATCH_TM","DISTRICT","DRIVER_COUNT_16YR","DRIVER_COUNT_17YR","DRIVER_COUNT_18YR","DRIVER_COUNT_19YR","DRIVER_COUNT_20YR","DRIVER_COUNT_50_64YR","DRIVER_COUNT_65_74YR","DRIVER_COUNT_75PLUS","EST_HRS_CLOSED","FATAL_COUNT","HEAVY_TRUCK_COUNT","HORSE_BUGGY_COUNT","HOUR_OF_DAY","ILLUMINATION","INJURY_COUNT","INTERSECTION_RELATED","INTERSECT_TYPE","LANE_CLOSED","LATITUDE","LN_CLOSE_DIR","LOCATION_TYPE","LONGITUDE","MAX_SEVERITY_LEVEL","MCYCLE_DEATH_COUNT","MCYCLE_SUSP_SERIOUS_INJ_COUNT","MOTORCYCLE_COUNT","MUNICIPALITY","NONMOTR_COUNT","NONMOTR_DEATH_COUNT","NONMOTR_SUSP_SERIOUS_INJ_COUNT","NTFY_HIWY_MAINT","PED_COUNT","PED_DEATH_COUNT","PED_SUSP_SERIOUS_INJ_COUNT","PERSON_COUNT","POLICE_AGCY","POSSIBLE_INJ_COUNT","RDWY_SURF_TYPE_CD","RELATION_TO_ROAD","ROADWAY_CLEARED","ROAD_CONDITION","SCH_BUS_IND","SCH_ZONE_IND","SECONDARY_CRASH","SMALL_TRUCK_COUNT","SPEC_JURIS_CD","SUSP_MINOR_INJ_COUNT","SUSP_SERIOUS_INJ_COUNT","SUV_COUNT","TCD_FUNC_CD","TCD_TYPE","TFC_DETOUR_IND","TIME_OF_DAY","TOTAL_UNITS","TOT_INJ_COUNT","UNBELTED_OCC_COUNT","UNB_DEATH_COUNT","UNB_SUSP_SERIOUS_INJ_COUNT","UNK_INJ_DEG_COUNT","UNK_INJ_PER_COUNT","URBAN_RURAL","VAN_COUNT","VEHICLE_COUNT","WEATHER1","WEATHER2","WORKERS_PRES","WORK_ZONE_IND","WORK_ZONE_LOC","WORK_ZONE_TYPE","WZ_CLOSE_DETOUR","WZ_FLAGGER","WZ_LAW_OFFCR_IND","WZ_LN_CLOSURE","WZ_MOVING","WZ_OTHER","WZ_SHLDER_MDN","WZ_WORKERS_INJ_KILLED"
"2022034205","0744","2","0","0","0","0","0","0","0","0","4","0","","02","3","2022","2","40.430958","-79.958185","0723","11","0","0","0","0","0","1","0","0","","0","0","0","","","1","N","0","","40 25:51.450","3","0","79 57:29.467","3","0","0","0","2301","0","0","0","N","0","0","0","2","68B03","0","","1.0","45.0","2","N","N","N","0","","1","0","0","","0","Y","","3","1","0","0","0","0","0","2","0","3","","04","","N","","","","","","","","","",""
"2022002722","1737","1","0","0","0","0","0","0","0","0","4","0","","02","1","2022","7","40.389041","-80.042318","1735","11","0","0","0","0","0","0","2","0","","0","0","0","","","1","","2","","40 23:20.549","3","0","80 02:32.344","4","0","0","0","2109","0","0","0","N","0","0","0","4","02109","1","","1.0","1805.0","1","N","N","N","0","","0","0","1","","2","N","","2","1","0","0","0","0","0","2","0","2","","","","N","","","","","","","","","",""
"2022002553","0827","0","0","0","0","0","0","0","0","0","7","0","","02","1","2022","6","40.365972","-80.121056","0817","11","0","0","0","0","0","1","0","0","","0","0","0","","","1","N","0","","40 21:57.500","1","0","80 07:15.800","4","0","0","0","2119","0","0","0","N","0","0","0","1","02119","1","","2.0","819.0","7","N","N","N","0","","0","0","1","","0","N","","1","1","0","0","0","0","0","2","0","1","","","","N","","","","","","","","","",""
"2022003040","0428","1","0","0","0","0","0","0","0","0","2","0","","02","1","2022","7","40.477721","-79.908029","0425","11","0","0","0","0","0","0","0","0","","0","0","0","","","0","N","0","","40 28:39.796","","0","79 54:28.903","0","0","0","0","2301","0","0","0","N","0","0","0","1","02301","0","","5.0","","6","N","N","N","0","","0","0","0","","0","","","1","0","0","0","0","0","0","2","0","1","","10","","N","","","","","","","","","",""
"2022006234","0208","1","0","0","0","0","0","0","0","0","7","0","","02","1","2022","2","40.424678","-79.9856","0201","11","0","0","0","0","0","0","0","0","","0","0","0","","","0","N","0","","40 25:28.840","","0","79 59:08.160","0","0","0","0","2301","0","0","0","N","0","0","0","1","02301","0","","5.0","","7","N","N","N","0","","0","0","0","","0","","","1","0","0","0","0","0","0","2","0","1","","02","","N","","","","","","","","","",""
"2022007555","1842","1","0","0","0","0","0","0","0","0","7","0","","02","1","2022","3","40.494381","-79.90912","1813","11","0","0","0","0","0","0","0","0","","0","0","0","","","0","N","7","","40 29:39.772","","8","79 54:32.832","0","0","0","0","2401","0","0","0","N","0","0","0","2","68D02","0","","7.0","","9","N","N","N","0","","0","0","0","","0","","","1","0","0","0","0","0","0","2","0","1","","","","N","","","","","","","","","",""
"2022010638","1959","1","0","0","0","0","0","0","0","0","1","0","","02","1","2022","4","40.492462","-79.910434","1927","11","0","0","0","0","0","0","0","0","","0","0","0","","","1","N","6","","40 29:32.863","","8","79 54:37.562","4","0","0","0","2112","0","0","0","N","0","0","0","3","68D02","1","","1.0","","1","N","N","N","0","","0","0","0","","0","","","2","1","0","0","0","0","1","2","0","2","","03","","N","","","","","","","","","",""
"2022033479","1546","2","0","0","0","0","0","0","0","0","4","0","","02","2","2022","6","40.510313","-80.094573","1544","11","0","0","0","0","0","0","0","0","","0","0","0","","","0","","1","","40 30:37.125","1","0","80 05:40.463","0","0","0","0","2429","0","0","0","N","0","0","0","2","02215","0","","1.0","1630.0","1","N","N","N","0","","0","0","0","","2","Y","","2","0","0","0","0","0","0","2","0","2","","03","","N","","","","","","","","","",""
"2022034063","1203","0","0","0","0","0","0","0","0","0","7","0","","02","3","2022","7","40.374014","-80.104166","1203","11","0","0","0","0","0","0","0","0","","0","0","0","","","0","N","0","","40 22:26.450","","0","80 06:14.997","0","0","0","0","2102","0","0","0","N","0","0","0","1","68B03","0","","3.0","","9","N","N","N","0","","0","0","1","","0","","","1","0","0","0","0","0","0","2","0","1","","","","N","","","","","","","","","",""
"2022030426","2202","1","0","0","0","0","0","0","0","0","7","0","","02","3","2022","7","40.315369","-79.897282","2159","11","0","0","0","0","0","1","0","0","","0","0","0","","","1","N","0","","40 18:55.327","7","0","79 53:50.216","8","0","0","0","2302","0","0","0","N","0","0","0","1","02302","0","","2.0","30.0","1","N","N","N","0","","0","0","0","","0","Y","","1","1","1","0","0","1","0","2","0","1","","03","","N","","","","","","","","","",""
"2022002817","0957","0","0","0","0","0","0","0","0","0","7","0","","02","1","2022","7","40.541468","-79.723196","0947","11","0","0","0","0","0","0","0","0","","0","0","0","","","0","N","0","","40 32:29.285","5","0","79 43:23.505","9","0","0","0","2466","0","0","0","Y","0","0","0","1","02466","0","","5.0","1114.0","7","N","N","N","0","","0","0","0","","0","Y","","1","0","0","0","0","0","1","1","1","1","","","","N","","","","","","","","","",""
"2022034958","1830","1","0","0","0","0","0","0","0","0","2","0","","02","4","2022","1","40.625192","-80.001465","1825","11","0","0","0","0","0","1","0","0","","0","0","0","","","2","N","0","","40 37:30.690","7","0","80 00:05.273","3","0","0","0","2216","0","0","0","N","0","0","0","2","02505","0","","1.0","1920.0","1","N","N","N","0","","2","0","1","","0","Y","","2","2","0","0","0","0","0","2","0","2","","03","","N","","","","","","","","","",""
"2022034439","1715","1","0","0","0","0","0","0","0","0","2","0","","02","4","2022","1","40.44432","-79.917791","1715","11","0","0","0","0","0","0","0","0","","0","0","0","","","5","N","5","","40 26:39.552","4","0","79 55:04.046","3","0","0","0","2301","0","0","0","N","0","0","0","5","02301","0","","1.0","1830.0","1","N","N","N","0","","5","0","1","","2","N","","2","5","0","0","0","0","0","2","0","2","","03","","N","","","","","","","","","",""
"2022036791","1010","2","0","0","0","0","0","0","0","0","4","0","","02","4","2022","3","40.395283","-79.997454","1004","11","0","0","0","0","0","1","0","0","","0","0","0","","","0","N","2","","40 23:43.019","","0","79 59:50.836","0","0","0","0","2301","0","0","0","N","0","0","0","2","02301","0","","1.0","","9","N","N","N","0","","0","0","0","","0","","","2","0","0","0","0","0","0","2","0","2","","","","N","","","","","","","","","",""
"2022029299","1230","1","0","0","0","0","0","0","0","0","4","1","","02","3","2022","5","40.428814","-79.981554","1224","11","0","0","0","0","0","0","0","0","","0","1","0","","","0","N","0","","40 25:43.732","","0","79 58:53.595","0","0","0","0","2301","0","0","0","N","0","0","0","2","02301","0","","1.0","","1","N","N","N","0","","0","0","0","","0","","","2","0","0","0","0","0","0","2","0","2","","03","","N","","","","","","","","","",""
"2022006970","1102","1","0","0","0","0","0","0","0","0","4","0","","02","1","2022","5","40.550221","-80.190371","1102","11","0","0","0","0","0","1","0","0","","0","0","0","","","0","","1","","40 33:00.795","","0","80 11:25.335","0","0","0","0","2427","0","0","0","N","0","0","0","2","02427","0","","1.0","","1","N","N","N","1","","0","0","0","","3","","","2","0","0","0","0","0","0","2","0","2","","03","","N","","","","","","","","","",""
"2022034938","0259","1","0","0","0","0","0","0","0","0","7","0","","02","4","2022","3","40.429364","-79.999101","0238","11","0","0","0","0","0","0","0","0","","0","0","0","","","1","","1","","40 25:45.712","1","4","79 59:56.762","2","0","0","0","2301","0","0","0","N","0","0","0","2","02301","0","","4.0","406.0","9","N","N","N","0","","0","1","0","","2","Y","","1","1","1","0","1","0","0","2","0","1","","","","N","","","","","","","","","",""
"2022002796","1129","0","0","0","0","0","0","0","0","0","7","0","","02","1","2022","1","40.476972","-79.871639","1129","11","0","0","0","0","0","0","0","0","","0","0","0","","","0","N","0","","40 28:37.100","3","0","79 52:17.900","9","0","0","0","2113","0","0","0","N","0","0","0","1","02113","0","","5.0","1210.0","99","N","N","N","0","","0","0","0","","0","N","","1","0","0","0","0","0","1","2","1","1","","","","N","","","","","","","","","",""
"2022004772","2135","1","0","0","0","0","0","0","0","0","1","0","","02","1","2022","2","40.505458","-80.207549","2130","11","0","1","0","0","0","1","0","0","","0","0","0","","","0","","1","","40 30:19.650","","0","80 12:27.175","0","0","0","0","2213","0","0","0","N","0","0","0","2","02213","0","","1.0","","7","N","N","N","0","","0","0","1","","2","","","2","0","0","0","0","0","0","2","0","2","","","","N","","","","","","","","","",""
"2022002384","1739","0","0","0","0","0","0","0","0","0","7","0","","02","1","2022","6","40.458222","-79.871389","1731","11","0","0","0","0","0","0","0","0","","0","0","0","","","1","N","0","","40 27:29.600","","0","79 52:17.000","3","0","0","0","2301","0","0","0","N","0","0","0","1","02301","0","","5.0","","2","N","N","N","1","","1","0","0","","0","","","2","1","0","0","0","0","0","2","0","1","","","","N","","","","","","","","","",""
"2022001980","2048","1","0","0","0","0","0","0","0","0","7","0","","02","1","2022","5","40.469131","-79.913397","2039","11","0","0","0","0","0","0","0","0","","0","0","0","","","0","N","0","","40 28:08.873","","0","79 54:48.230","0","0","0","0","2301","0","0","0","N","0","0","0","1","02301","0","","2.0","","7","N","N","N","0","","0","0","0","","0","","","1","0","0","0","0","0","0","2","0","1","","10","","N","","","","","","","","","",""
"2022004055","1415","1","0","0","0","0","0","0","0","0","4","0","","02","1","2022","3","40.557846","-80.204791","1413","11","0","0","0","0","0","1","1","0","","0","0","0","","","1","N","1","","40 33:28.246","7","0","80 12:17.246","3","0","0","0","2441","0","0","0","N","0","0","0","4","02441","0","","1.0","1445.0","1","N","N","N","1","","1","0","1","","2","Y","","3","1","0","0","0","0","0","2","0","3","","04","","N","","","","","","","","","",""
"2022003940","0650","1","0","0","0","0","0","0","0","0","7","0","","02","1","2022","1","40.633917","-79.734877","0631","11","0","0","0","0","0","0","0","0","","0","0","0","","","0","N","0","","40 38:02.102","","0","79 44:05.556","0","0","0","0","2106","0","0","0","N","0","0","0","1","68D02","0","","4.0","","6","N","N","N","0","","0","0","0","","0","","","1","0","0","0","0","0","0","2","0","1","","","","N","","","","","","","","","",""
"2022007308","1330","1","0","0","0","0","0","0","0","0","5","0","","02","1","2022","5","40.489941","-79.882596","1330","11","0","0","0","0","0","0","0","0","","0","0","0","","","0","","2","","40 29:23.787","","0","79 52:57.347","0","0","0","0","2112","0","0","0","N","0","0","0","2","02112","0","","1.0","","1","N","N","N","1","","0","0","0","","0","N","","2","0","0","0","0","0","0","2","0","2","","","","N","","","","","","","","","",""
"2022030243","1709","2","0","0","0","0","0","0","0","0","2","0","","02","3","2022","6","40.511221","-80.128802","1708","11","0","0","0","0","0","1","0","0","","0","0","0","","","0","","2","","40 30:40.396","","0","80 07:43.688","0","0","0","0","2110","0","0","0","N","0","0","0","4","02215","0","","1.0","","1","N","N","N","0","","0","0","0","","0","","","2","0","1","0","0","0","0","2","0","2","","","","N","","","","","","","","","",""
"2022035777","0733","0","0","0","0","0","0","0","0","0","7","1","","02","4","2022","3","40.438378","-79.757491","0700","11","0","0","0","0","0","0","0","0","","0","1","0","","","1","N","0","","40 26:18.159","3","0","79 45:26.967","8","0","0","0","2446","0","0","0","Y","0","0","0","1","68B03","0","","5.0","1006.0","9","N","N","N","0","","0","0","0","","0","N","","1","1","0","0","0","1","0","2","0","1","","07","","N","","","","","","","","","",""
"2022033310","0814","0","0","0","0","0","0","0","0","0","1","0","","02","3","2022","5","40.516325","-80.197339","0812","11","0","0","0","0","0","1","0","0","","0","0","0","","","2","Y","0","","40 30:58.771","2","0","80 11:50.422","4","0","0","0","2213","0","0","0","N","0","0","0","2","02213","2","","1.0","840.0","9","N","N","N","0","","0","0","1","","0","N","","2","2","0","0","0","0","0","2","1","2","","","","N","","","","","","","","","",""
"2022007559","2154","1","0","0","0","0","0","0","0","0","98","0","","02","1","2022","5","40.235819","-79.856046","2149","11","0","0","0","0","0","0","0","0","","0","0","0","","","2","N","0","","40 14:08.947","5","0","79 51:21.767","3","0","0","0","2105","0","0","0","N","0","0","0","3","02105","0","","1.0","2225.0","2","N","N","N","0","","2","0","0","","0","Y","","1","2","0","0","0","0","0","1","0","1","","","","N","","","","","","","","","",""
"2022034894","0618","1","0","0","0","0","0","0","0","0","1","0","","02","4","2022","3","40.413993","-79.988351","0605","11","0","0","0","0","0","0","0","0","","0","0","0","","","0","N","0","","40 24:50.373","","0","79 59:18.062","0","0","0","0","2301","0","0","0","N","0","0","0","1","02301","0","","4.0","","9","N","N","N","0","","0","0","1","","0","","","2","0","1","0","0","0","0","2","0","2","","07","","N","","","","","","","","","",""
"2022006945","0856","1","0","0","0","0","0","0","0","0","4","0","","02","1","2022","5","40.350034","-79.894119","0854","11","0","0","0","0","0","1","0","0","","0","0","0","","","1","N","2","","40 21:00.121","","0","79 53:38.830","8","0","0","0","2423","0","0","0","N","0","0","0","4","02304","0","","1.0","","6","N","N","N","0","","0","0","1","","0","N","","2","1","2","0","0","1","0","2","0","2","","","","N","","","","","","","","","",""
"2022005106","1558","2","0","0","0","0","0","0","0","0","4","0","","02","1","2022","6","40.382817","-79.976869","1555","11","0","0","0","0","0","0","0","0","","0","0","0","","","0","","2","","40 22:58.141","","0","79 58:36.728","0","0","0","0","2413","0","0","0","N","0","0","0","2","02301","0","","1.0","","1","N","N","N","0","","0","0","0","","3","","","2","0","0","0","0","0","0","2","0","2","","03","","N","","","","","","","","","",""
"2022002555","1318","0","0","0","0","0","0","0","0","0","5","0","","02","1","2022","7","40.438511","-79.831169","1315","11","0","0","0","1","0","0","0","0","","0","0","0","","","0","N","0","","40 26:18.638","","0","79 49:52.207","0","0","0","0","2419","0","0","0","N","0","0","0","2","02419","0","","1.0","","1","N","N","N","0","","0","0","2","","0","","","2","0","0","0","0","0","0","2","0","2","","","","N","","","","","","","","","",""
"2022047383","0235","1","0","0","0","0","0","0","0","0","4","0","","02","5","2022","7","40.456943","-79.998835","0232","11","0","0","0","0","0","0","0","0","","0","0","0","","","0","N","1","","40 27:24.996","","0","79 59:55.807","0","0","0","0","2301","0","0","0","N","0","0","0","2","02301","0","","1.0","","1","N","N","N","0","","0","0","1","","0","","","2","0","0","0","0","0","0","2","0","2","","03","","N","","","","","","","","","",""
"2022040258","1729","0","0","0","0","0","0","0","0","0","7","0","","02","4","2022","1","40.329547","-79.88495","1729","11","0","0","0","0","0","1","0","0","","0","0","0","","","1","N","0","","40 19:46.368","5","0","79 53:05.820","2","0","1","1","2433","0","0","0","N","0","0","0","1","02433","0","","5.0","1807.0","1","N","N","N","0","","0","1","0","","0","Y","","1","1","0","0","0","0","0","2","0","1","","03","","N","","","","","","","","","",""
"2022047131","1240","2","0","0","0","0","0","0","0","0","1","0","","02","5","2022","6","40.451013","-79.985754","1232","11","0","0","1","0","0","1","0","0","","0","0","0","","","1","","2","","40 27:03.648","4","0","79 59:08.713","4","0","0","0","2301","0","0","0","N","0","0","0","7","02301","1","","1.0","1310.0","9","N","N","N","0","","0","0","1","","0","N","","3","1","0","0","0","0","0","2","0","3","","07","","N","","","","","","","","","",""
"2022046112","1332","2","0","0","0","0","0","0","0","0","4","0","","02","5","2022","3","40.494322","-80.055933","1330","11","0","0","0","0","0","0","0","0","","0","0","0","","","0","N","0","","40 29:39.560","","0","80 03:21.360","0","0","0","0","2404","0","0","0","N","0","0","0","1","02404","0","","1.0","","1","N","N","N","0","","0","0","0","","0","","","2","0","0","0","0","0","0","2","0","2","","03","","N","","","","","","","","","",""
"2022056159","2130","1","0","0","0","0","0","0","0","0","98","0","","02","5","2022","1","40.495597","-79.908811","2114","11","0","0","0","0","0","0","0","0","","0","0","0","","","0","N","0","","40 29:44.148","","3","79 54:31.720","9","0","0","0","2461","0","0","0","N","0","0","0","1","68D02","0","","1.0","","1","N","N","N","0","","0","0","0","","0","","","1","0","0","0","0","0","1","2","0","1","","03","","N","","","","","","","","","",""
"2022054598","1649","1","0","0","0","0","0","0","0","0","1","0","","02","6","2022","6","40.424798","-80.115333","1649","11","0","0","0","1","0","1","0","0","","0","0","0","","","0","N","0","","40 25:29.272","3","0","80 06:55.199","0","0","0","0","2102","0","0","0","N","0","0","0","3","68B03","0","","1.0","1720.0","1","N","N","N","1","","0","0","1","","0","N","","3","0","0","0","0","0","0","2","0","3","","03","","N","","","","","","","","","",""
"2022039699","0449","2","0","0","0","0","0","0","0","0","4","0","","02","4","2022","1","40.384707","-79.99513","0443","11","0","0","0","0","0","0","0","1","","0","0","0","","","0","","2","","40 23:04.944","","0","79 59:42.468","0","0","0","0","2301","0","0","0","N","0","0","0","3","02301","0","","1.0","","1","N","N","N","0","","0","0","0","","2","","","2","0","2","0","0","0","0","2","0","2","","03","","N","","","","","","","","","",""
"2022047384","2354","0","0","0","0","0","0","0","0","0","8","0","","02","5","2022","6","40.457404","-79.896284","2353","11","0","0","0","0","0","0","0","0","","0","0","0","","","1","","1","","40 27:26.654","","0","79 53:46.622","2","0","0","0","2301","1","0","1","N","1","0","1","2","02301","0","","1.0","","1","","","N","0","","0","1","1","","2","","","2","1","0","0","0","0","1","2","0","1","","03","","N","","","","","","","","","",""
"2022025290","1339","0","0","0","0","0","0","0","0","0","4","0","","02","3","2022","3","40.35385","-79.836896","1339","11","0","0","0","0","0","0","0","0","","0","0","0","","","0","Y","0","","40 21:13.861","4","7","79 50:12.824","0","0","0","0","2304","0","0","0","N","0","0","0","2","02304","0","","1.0","1400.0","1","N","N","N","1","","0","0","1","","2","N","","2","0","0","0","0","0","0","2","0","2","","03","","N","","","","","","","","","",""
"2022054473","1331","1","0","0","0","0","0","0","0","0","4","0","","02","6","2022","7","40.532827","-80.176746","1329","11","0","1","0","0","0","0","1","0","","0","0","0","","","8","","2","","40 31:58.176","5","0","80 10:36.286","8","0","0","0","2458","0","0","0","N","0","0","0","8","02458","0","","1.0","1428.0","1","N","N","N","0","","0","0","2","","0","Y","","3","8","0","0","0","8","0","2","0","3","","03","","N","","","","","","","","","",""
"2022051011","0937","2","0","0","0","0","0","0","0","0","1","0","","02","5","2022","3","40.420071","-80.035553","0918","11","0","0","0","0","0","1","0","0","","0","0","0","","","1","N","0","","40 25:12.255","","0","80 02:07.991","4","0","0","0","2301","0","0","0","N","0","0","0","2","68B03","1","","1.0","","1","N","N","N","0","","0","0","0","","0","","","2","1","0","0","0","0","0","2","0","2","","","","N","","","","","","","","","",""
"2022048811","1312","0","0","0","0","0","0","0","0","0","0","0","","02","5","2022","2","40.240948","-79.836611","1309","11","0","0","0","0","0","0","0","0","","0","0","0","","","1","N","0","","40 14:27.413","","0","79 50:11.799","8","0","0","1","2105","0","0","0","N","0","0","0","1","02105","0","","5.0","","1","N","N","N","0","","0","0","0","","0","N","","1","1","0","0","0","1","0","1","0","1","","03","","N","","","","","","","","","",""
"2022047928","2220","0","0","1","0","0","0","0","0","0","4","0","","02","5","2022","3","40.427529","-80.023469","2214","11","0","0","0","0","0","0","0","0","","0","0","0","","","1","","3","","40 25:39.106","","6","80 01:24.487","2","0","0","0","2301","0","0","0","N","0","0","0","3","02301","0","","1.0","","1","N","N","N","0","","0","1","2","","0","","","2","1","2","0","0","0","0","2","0","2","","03","","N","","","","","","","","","",""
"2022051875","1522","2","0","0","0","0","0","0","0","0","1","0","","02","6","2022","6","40.535879","-80.183112","1512","11","0","0","0","1","0","0","0","0","","0","0","0","","","0","","1","","40 32:09.163","4","0","80 10:59.202","0","0","0","0","2458","0","0","0","N","0","0","0","5","02458","0","","1.0","1554.0","1","N","N","N","0","","0","0","1","","2","N","","3","0","5","0","0","0","0","2","0","3","","03","","N","","","","","","","","","",""
"2022047579","1825","1","0","0","0","0","0","0","0","0","4","0","","02","5","2022","7","40.550328","-80.019148","1825","11","0","0","0","0","1","0","0","0","","0","0","0","","","1","N","2","","40 33:01.182","2","0","80 01:08.932","3","0","0","0","2116","0","0","0","N","0","0","0","6","02116","0","","1.0","1854.0","1","N","N","N","0","","1","0","2","","2","N","","3","1","0","0","0","0","0","2","0","3","","","","N","","","","","","","","","",""
"2022055371","1504","1","0","0","0","0","0","0","0","0","2","0","","02","6","2022","5","40.319127","-79.822636","1500","11","0","0","0","0","0","1","0","1","","0","0","0","","","0","N","0","","40 19:08.856","","7","79 49:21.491","0","0","0","0","2469","0","0","0","N","0","0","0","3","02469","0","","1.0","","1","N","N","N","0","","0","0","1","","0","","","2","0","0","0","0","0","0","2","0","2","","03","","N","","","","","","","","","",""
"2022041461","1836","2","0","0","0","0","0","0","0","0","2","0","","02","4","2022","3","40.382984","-79.85741","1835","11","0","0","0","0","0","0","0","0","","0","0","0","","","2","N","2","","40 22:58.744","1","99","79 51:26.676","4","0","0","0","2303","0","0","0","N","0","0","0","3","02303","1","","1.0","1913.0","1","N","N","N","0","","0","0","0","","2","Y","","2","2","0","0","0","1","0","2","0","2","","03","","N","","","","","","","","","",""
"2022046770","0817","1","0","0","0","0","0","0","0","0","7","0","","02","5","2022","5","40.466391","-79.837962","0814","11","0","0","0","0","0","0","0","0","","0","0","0","","","1","N","0","","40 27:59.008","4","0","79 50:16.662","3","0","0","0","2113","0","0","0","N","0","0","0","1","02113","0","","5.0","842.0","1","N","N","N","0","","1","0","0","","0","N","","1","1","0","0","0","0","0","2","0","1","","03","","N","","","","","","","","","",""
"2022034210","1215","0","0","0","0","0","0","0","0","0","5","0","","02","4","2022","6","40.459165","-80.111638","1210","11","0","0","0","0","0","1","0","0","","0","0","0","","","2","N","0","","40 27:32.994","","0","80 06:41.898","8","0","0","0","2126","0","0","0","Y","0","0","0","2","68B03","0","","3.0","","1","N","N","N","0","","0","0","2","","0","","","2","2","0","0","0","2","0","2","0","2","","03","","N","","","","","","","","","",""
"2022047647","2237","0","0","0","0","0","0","0","0","0","8","0","","02","5","2022","7","40.48616","-79.812696","2233","11","0","0","0","0","0","0","0","0","","0","0","0","","","1","N","0","","40 29:10.177","","0","79 48:45.706","4","0","0","0","2113","1","0","0","N","1","0","0","2","02113","1","","2.0","","1","N","N","N","1","","0","0","0","","0","N","","2","1","0","0","0","0","1","2","0","1","","","","N","","","","","","","","","",""
"2022055520","1955","2","0","0","0","0","0","0","0","0","4","0","","02","6","2022","2","40.450916","-79.943053","1952","11","0","0","0","0","0","0","0","0","","0","0","0","","","4","N","1","","40 27:03.297","","0","79 56:34.990","3","0","0","0","2301","0","0","0","N","0","0","0","5","02301","0","","1.0","","1","N","N","N","0","","4","0","0","","2","","","2","4","0","0","0","0","0","2","0","2","","03","","N","","","","","","","","","",""
"2022045714","1356","1","0","0","0","0","0","0","0","0","4","0","","02","5","2022","2","40.395283","-79.997454","1347","11","0","0","0","0","0","1","0","0","","0","0","0","","","1","","2","","40 23:43.020","","0","79 59:50.836","3","0","0","0","2301","0","0","0","N","0","0","0","2","02301","0","","1.0","","1","N","N","N","0","","1","0","0","","0","","","2","1","0","0","0","0","0","2","1","2","","03","","N","","","","","","","","","",""
"2022007173","0507","0","0","0","0","0","0","0","0","0","7","0","","02","1","2022","2","40.388569","-79.773603","0457","11","0","0","0","0","0","0","0","0","","0","0","0","","","0","N","0","","40 23:18.848","2","0","79 46:24.969","0","0","0","0","2470","0","0","0","N","0","0","0","1","02424","0","","5.0","620.0","7","N","N","N","1","","0","0","0","","0","N","","1","0","0","0","0","0","0","2","0","1","","","","N","","","","","","","","","",""
"2022054540","1552","2","0","0","0","0","0","0","0","0","2","0","","02","6","2022","7","40.338796","-80.107014","1550","11","0","0","0","0","1","0","0","0","","0","0","0","","","3","N","0","","40 20:19.666","5","0","80 06:25.249","3","0","0","0","2123","0","0","0","N","0","0","0","3","02123","1","","1.0","1615.0","1","N","N","N","0","","2","0","0","","0","Y","","2","3","0","0","0","0","0","2","0","2","","03","","N","","","","","","","","","",""
"2022046287","1953","1","0","0","0","0","0","0","0","0","4","0","","02","5","2022","3","40.421305","-79.993732","1950","11","0","0","0","0","0","0","0","0","","0","0","0","","","0","N","1","","40 25:16.697","","0","79 59:37.435","0","0","0","0","2301","0","0","0","N","0","0","0","2","02301","0","","1.0","","1","N","N","N","0","","0","0","1","","0","","","2","0","0","0","0","0","0","2","0","2","","03","","N","","","","","","","","","",""
"2022045937","0237","1","0","0","0","0","0","0","0","0","7","0","","02","5","2022","3","40.384044","-79.989267","0228","11","0","0","0","0","0","0","0","0","","0","0","0","","","0","N","0","","40 23:02.560","3","0","79 59:21.360","9","0","0","0","2301","0","0","0","N","0","0","0","1","02301","0","","5.0","330.0","1","N","N","N","0","","0","0","0","","0","N","","1","0","0","0","0","0","1","2","0","1","","03","","N","","","","","","","","","",""
"2022022895","1846","0","0","0","0","0","0","0","0","0","4","0","","02","3","2022","7","40.219891","-79.8462","1840","11","0","0","0","0","0","0","0","1","","0","0","0","","","3","","2","","40 13:11.607","1","0","79 50:46.321","8","0","0","0","2204","0","0","0","N","0","0","0","3","02204","0","","1.0","1937.0","1","N","N","N","0","","0","0","2","","3","N","","2","3","0","0","0","3","0","2","0","2","","","","N","","","","","","","","","",""
"2022054581","1911","1","0","0","0","0","0","0","0","0","1","1","","02","5","2022","5","40.441163","-79.835578","1906","11","0","0","1","0","0","0","0","0","","0","1","0","","","0","N","0","","40 26:28.186","","2","79 50:08.080","0","0","0","0","2419","0","0","0","N","0","0","0","3","68B03","0","","1.0","","1","N","N","N","0","","0","0","0","","0","","","2","0","0","0","0","0","0","2","0","2","","","","N","","","","","","","","","",""
"2022045717","1905","0","0","0","0","0","0","0","0","0","7","0","","02","5","2022","1","40.331924","-80.052354","1901","11","0","0","0","0","0","0","0","0","","0","0","0","","","0","N","0","","40 19:54.925","","7","80 03:08.475","0","0","0","0","2407","0","0","0","N","0","0","0","1","02407","0","","5.0","","1","N","Y","N","0","","0","0","1","","0","","","1","0","1","0","0","0","0","2","0","1","","","","N","","","","","","","","","",""