"CRN","ARRIVAL_TM","AUTOMOBILE_COUNT","BELTED_DEATH_COUNT","BELTED_SUSP_SERIOUS_INJ_COUNT","BICYCLE_COUNT","BICYCLE_DEATH_COUNT","BICYCLE_SUSP_SERIOUS_INJ_COUNT","BUS_COUNT","CHLDPAS_DEATH_COUNT","CHLDPAS_SUSP_SERIOUS_INJ_COUNT","COLLISION_TYPE","COMM_VEH_COUNT","CONS_ZONE_SPD_LIM","COUNTY","CRASH_MONTH","CRASH_YEAR","DAY_OF_WEEK","DEC_LATITUDE","DEC_LONGITUDE","DISPATCH_TM","DISTRICT","DRIVER_COUNT_16YR","DRIVER_COUNT_17YR","DRIVER_COUNT_18YR","DRIVER_COUNT_19YR","DRIVER_COUNT_20YR","DRIVER_COUNT_50_64YR","DRIVER_COUNT_65_74YR","DRIVER_COUNT_75PLUS","EST_HRS_CLOSED","FATAL_COUNT","HEAVY_TRUCK_COUNT","HORSE_BUGGY_COUNT","HOUR_OF_DAY","ILLUMINATION","INJURY_COUNT","INTERSECTION_RELATED","INTERSECT_TYPE","LANE_CLOSED","LATITUDE","LN_CLOSE_DIR","LOCATION_TYPE","LONGITUDE","MAX_SEVERITY_LEVEL","MCYCLE_DEATH_COUNT","MCYCLE_SUSP_SERIOUS_INJ_COUNT","MOTORCYCLE_COUNT","MUNICIPALITY","NONMOTR_COUNT","NONMOTR_DEATH_COUNT","NONMOTR_SUSP_SERIOUS_INJ_COUNT","NTFY_HIWY_MAINT","PED_COUNT","PED_DEATH_COUNT","PED_SUSP_SERIOUS_INJ_COUNT","PERSON_COUNT","POLICE_AGCY","POSSIBLE_INJ_COUNT","RDWY_SURF_TYPE_CD","RELATION_TO_ROAD","ROADWAY_CLEARED","ROAD_CONDITION","SCH_BUS_IND","SCH_ZONE_IND","SECONDARY_CRASH","SMALL_TRUCK_COUNT","SPEC_JURIS_CD","SUSP_MINOR_INJ_COUNT","SUSP_SERIOUS_INJ_COUNT","SUV_COUNT","TCD_FUNC_CD","TCD_TYPE","TFC_DETOUR_IND","TIME_OF_DAY","TOTAL_UNITS","TOT_INJ_COUNT","UNBELTED_OCC_COUNT","UNB_DEATH_COUNT","UNB_SUSP_SERIOUS_INJ_COUNT","UNK_INJ_DEG_COUNT","UNK_INJ_PER_COUNT","URBAN_RURAL","VAN_COUNT","VEHICLE_COUNT","WEATHER1","WEATHER2","WORKERS_PRES","WORK_ZONE_IND","WORK_ZONE_LOC","WORK_ZONE_TYPE","WZ_CLOSE_DETOUR","WZ_FLAGGER","WZ_LAW_OFFCR_IND","WZ_LN_CLOSURE","WZ_MOVING","WZ_OTHER","WZ_SHLDER_MDN","WZ_WORKERS_INJ_KILLED"
"2022024086","0750","1","0","0","0","0","0","0","0","0","4","0","","02","3","2022","4","40.423448","-79.977668","0741","11","0","0","0","0","0","0","0","0","","0","0","0","","","1","","2","","40 25:24.411","","0","79 58:39.605","4","0","0","0","2301","0","0","0","N","0","0","0","2","02301","1","","1.0","","7","N","N","N","0","","0","0","1","","0","","","2","1","0","0","0","0","0","2","0","2","","98","","N","","","","","","","","","",""
"2022028034","1409","1","0","0","0","0","0","0","0","0","4","0","","02","3","2022","5","40.50385","-80.135282","1406","11","0","0","0","0","0","0","2","0","","0","0","0","","","0","","2","","40 30:13.860","3","2","80 08:07.016","0","0","0","0","2115","0","0","0","N","0","0","0","2","02115","0","","1.0","1440.0","1","N","N","N","0","","0","0","1","","0","N","","2","0","0","0","0","0","0","2","0","2","","","","Y","","","","","","","","","",""
"2022055424","1339","0","0","0","0","0","0","0","0","0","0","0","","02","6","2022","1","40.581538","-79.782246","1323","11","0","0","0","0","0","1","0","0","","0","0","0","","","0","N","0","","40 34:53.536","2","0","79 46:56.087","0","0","0","0","2104","0","0","0","N","0","0","0","1","68D02","0","","4.0","1415.0","1","N","N","N","0","","0","0","1","","0","N","","1","0","0","0","0","0","0","2","0","1","","03","","N","","","","","","","","","",""
"2022045718","1016","0","0","0","0","0","0","0","0","0","4","0","","02","5","2022","2","40.449049","-79.951873","1006","11","0","0","0","0","0","1","0","0","","0","0","0","","","0","N","1","","40 26:56.576","","0","79 57:06.743","0","0","0","0","2301","0","0","0","N","0","0","0","4","02301","0","","1.0","","1","N","N","N","0","","0","0","1","","3","N","","2","0","1","0","0","0","0","2","1","2","","04","","N","","","","","","","","","",""
"2022048656","1545","2","0","0","0","0","0","0","0","0","1","0","55","02","5","2022","3","40.43148","-79.872224","1531","11","0","0","0","0","1","0","0","0","","0","0","0","","","0","N","0","","40 25:53.327","","0","79 52:20.008","9","0","0","0","2411","0","0","0","N","0","0","0","3","68B03","0","","1.0","","1","N","N","N","0","","0","0","0","","0","","","3","0","0","0","0","0","1","2","0","3","","","N","Y","2","1","","","Y","","","Y","","N"
"2022054430","0240","0","0","0","0","0","0","0","0","0","7","0","","02","6","2022","7","40.254712","-79.922817","0234","11","0","0","0","0","0","0","0","0","","0","0","0","","","0","N","0","","40 15:16.962","1","0","79 55:22.141","0","0","0","0","2440","0","0","0","N","0","0","0","1","02440","0","","4.0","306.0","1","N","N","N","0","","0","0","1","","0","Y","","1","0","0","0","0","0","0","1","0","1","","","","N","","","","","","","","","",""
"2022044769","1230","2","0","0","0","0","0","0","0","0","2","0","","02","5","2022","2","40.451686","-79.952694","1230","11","0","0","0","0","0","0","0","1","","0","0","0","","","0","N","2","","40 27:06.068","","0","79 57:09.700","0","0","0","0","2301","0","0","0","N","0","0","0","2","02301","0","","1.0","","1","N","N","N","0","","0","0","0","","0","","","2","0","0","0","0","0","0","2","0","2","","03","","N","","","","","","","","","",""
"2022056363","0817","1","0","0","0","0","0","0","0","0","4","0","","02","6","2022","6","40.537342","-80.186129","0813","11","0","0","0","0","0","1","0","0","","0","0","0","","","3","","1","","40 32:14.430","2","0","80 11:10.065","3","0","0","0","2458","0","0","0","N","0","0","0","3","02458","0","","1.0","854.0","1","N","N","N","1","","1","0","0","","2","N","","2","3","0","0","0","2","0","2","0","2","","03","","N","","","","","","","","","",""
"2022054613","0019","1","0","0","0","0","0","0","0","0","1","1","55","02","6","2022","7","40.436161","-79.970849","0017","11","0","0","0","0","0","0","0","0","","0","1","0","","","1","N","0","","40 26:10.178","4","0","79 58:15.055","3","0","0","0","2301","0","0","0","N","0","0","0","3","68B03","0","","1.0","35.0","1","N","N","N","0","","1","0","0","","1","N","","2","1","0","0","0","0","0","2","0","2","","03","Y","Y","5","2","N","N","N","N","Y","N","N","N"
"2022053893","0816","0","0","0","0","0","0","0","0","0","1","0","","02","5","2022","4","40.441768","-79.857696","0808","11","0","0","0","0","0","0","0","0","","0","0","0","","","0","N","0","","40 26:30.364","4","0","79 51:27.705","0","0","0","0","2419","0","0","0","N","0","0","0","2","68B03","0","","1.0","825.0","1","N","N","N","0","","0","0","1","","0","N","","2","0","0","0","0","0","0","2","1","2","","","","N","","","","","","","","","",""
"2022047803","1225","1","0","0","0","0","0","0","0","0","7","0","","02","5","2022","1","40.481076","-79.964578","1217","11","0","0","0","0","0","0","0","1","","0","0","0","","","1","N","0","","40 28:51.875","2","0","79 57:52.480","3","0","0","0","2118","0","0","0","N","0","0","0","1","02118","0","","2.0","1252.0","1","N","N","N","0","","1","0","0","","0","N","","1","1","0","0","0","0","0","2","0","1","","03","","N","","","","","","","","","",""
"2022045065","2300","3","0","0","0","0","0","0","0","0","5","0","","02","5","2022","6","40.452494","-79.982008","2245","11","0","0","0","0","0","0","0","0","","0","0","0","","","0","N","0","","40 27:08.980","4","0","79 58:55.230","0","0","0","0","2301","0","0","0","N","0","0","0","1","02301","0","","2.0","2330.0","1","N","N","Y","0","","0","0","0","","0","N","","3","0","0","0","0","0","0","2","0","3","","","","N","","","","","","","","","",""
"2022053589","1603","0","0","0","0","0","0","0","0","0","7","1","","02","6","2022","4","40.566186","-80.038019","1559","11","0","0","0","0","0","1","0","0","","0","1","0","","","1","","2","","40 33:58.270","7","0","80 02:16.868","3","0","0","0","2108","0","0","0","N","0","0","0","1","02108","0","","5.0","2000.0","1","N","N","N","0","","1","0","0","","2","Y","","1","1","0","0","0","0","0","2","0","1","","","","N","","","","","","","","","",""
"2022035481","0814","0","0","0","0","0","0","0","0","0","98","0","","02","4","2022","5","40.497358","-79.927616","0747","11","0","0","0","0","0","0","0","0","","0","0","0","","","0","N","0","","40 29:50.490","","0","79 55:39.419","0","0","0","0","2461","0","0","0","N","0","0","0","1","68D02","0","","1.0","","9","N","N","N","0","","0","0","0","","0","","","1","0","0","0","0","0","0","2","1","1","","","","N","","","","","","","","","",""
"2022054670","1936","0","0","0","0","0","0","0","0","0","7","0","","02","6","2022","2","40.384039","-79.952001","1931","11","0","0","0","0","0","0","0","0","","0","0","0","","","0","N","0","","40 23:02.541","6","0","79 57:07.204","0","0","0","0","2403","0","0","0","N","0","0","0","4","02403","0","","5.0","2016.0","1","N","N","N","0","","0","0","1","","0","Y","","1","0","0","0","0","0","0","2","0","1","","","","N","","","","","","","","","",""
"2022047791","1821","0","0","0","0","0","0","0","0","0","0","0","","02","5","2022","3","40.483919","-79.944881","1817","11","0","0","0","0","0","0","0","0","","0","0","0","","","0","N","0","","40 29:02.110","","0","79 56:41.570","0","0","0","0","2301","0","0","0","N","0","0","0","1","02301","0","","1.0","","1","N","N","N","1","","0","0","0","","0","N","","1","0","0","0","0","0","0","2","0","1","","03","","N","","","","","","","","","",""
"2022035262","1509","2","0","0","0","0","0","0","0","0","4","0","","02","4","2022","4","40.463777","-79.931639","1452","11","0","0","0","0","0","0","1","0","","0","0","0","","","0","N","2","","40 27:49.597","","0","79 55:53.902","0","0","0","0","2301","0","0","0","N","0","0","0","2","02301","0","","1.0","","1","N","N","N","0","","0","0","0","","3","","","2","0","0","0","0","0","0","2","0","2","","","","N","","","","","","","","","",""
"2022031431","1938","1","0","0","0","0","0","0","0","0","4","0","","02","3","2022","5","40.298885","-79.936837","1935","11","1","0","0","0","0","0","1","0","","0","0","0","","","0","N","0","","40 17:55.986","5","7","79 56:12.613","0","0","0","0","2440","0","0","0","N","0","0","0","2","02440","0","","1.0","2039.0","1","N","N","N","0","","0","0","1","","0","N","","2","0","0","0","0","0","0","2","0","2","","03","","N","","","","","","","","","",""
"2022055197","1558","2","0","0","0","0","0","0","0","0","1","0","","02","6","2022","3","40.309915","-79.89131","1556","11","0","0","0","0","0","2","0","0","","0","0","0","","","1","","1","","40 18:35.694","","0","79 53:28.716","8","0","0","0","2302","0","0","0","N","0","0","0","3","02302","0","","1.0","","1","N","N","N","0","","0","0","0","","2","","","2","1","1","0","0","1","0","2","0","2","","03","","N","","","","","","","","","",""
"2022047563","1728","1","0","0","0","0","0","0","0","0","1","0","","02","5","2022","7","40.430363","-80.028378","1723","11","0","0","0","0","0","0","0","0","","0","0","0","","","0","N","0","","40 25:49.307","","2","80 01:42.161","0","0","0","0","2301","0","0","0","N","0","0","0","2","02301","0","","1.0","","1","N","N","N","0","","0","0","1","","0","","","2","0","0","0","0","0","0","2","0","2","","03","","N","","","","","","","","","",""
"2022055864","1551","2","0","0","0","0","0","0","0","0","1","0","","02","6","2022","4","40.438719","-79.746994","1543","11","0","0","0","0","0","1","0","0","","0","0","0","","","0","N","0","","40 26:19.388","","0","79 44:49.180","0","0","0","0","2446","0","0","0","N","0","0","0","2","02446","0","","1.0","","1","N","N","N","0","","0","0","0","","2","","","2","0","2","0","0","0","0","2","0","2","","","","N","","","","","","","","","",""
"2022049486","1633","1","0","0","0","0","0","0","0","0","1","0","","02","5","2022","3","40.275058","-79.892721","1603","11","0","0","0","0","0","0","0","0","","0","0","0","","","1","N","6","","40 16:30.209","2","2","79 53:33.795","3","0","0","0","2471","0","0","0","N","0","0","0","3","02428","0","","1.0","1633.0","1","N","N","N","0","","1","0","1","","0","N","","2","1","0","0","0","0","0","2","0","2","","03","","N","","","","","","","","","",""
"2022040299","0104","0","0","0","0","0","0","0","0","0","7","0","","02","4","2022","7","40.408443","-80.004751","0102","11","0","0","0","0","0","1","0","0","","0","0","0","","","0","N","0","","40 24:30.395","5","0","80 00:17.103","0","0","0","0","2301","0","0","0","Y","0","0","0","1","02301","0","","5.0","216.0","1","N","N","N","1","","0","0","0","","0","N","","1","0","0","0","0","0","0","2","0","1","","03","","N","","","","","","","","","",""
"2022034201","1833","1","0","0","0","0","0","0","0","0","7","0","","02","3","2022","6","40.440369","-79.832623","1825","11","0","0","0","0","0","0","0","0","","0","0","0","","","3","N","0","","40 26:25.327","3","0","79 49:57.442","3","0","0","0","2419","0","0","0","Y","0","0","0","3","68B03","0","","2.0","100.0","9","N","N","N","0","","3","0","0","","0","Y","","1","3","0","0","0","0","0","2","0","1","","","","N","","","","","","","","","",""
"2022005436","1755","1","0","0","0","0","0","0","0","0","4","0","","02","1","2022","7","40.46077","-79.91592","1747","11","0","0","0","0","0","0","0","0","","0","0","0","","","2","N","1","","40 27:38.771","","0","79 54:57.312","3","0","0","0","2301","0","0","0","N","0","0","0","6","02301","0","","1.0","","1","N","N","N","0","","2","0","1","","2","","","2","2","0","0","0","0","0","2","0","2","","03","","N","","","","","","","","","",""
"2022017525","0324","2","0","0","0","0","0","0","0","0","5","0","","02","2","2022","6","40.469192","-79.990767","0317","11","0","0","0","0","0","0","0","0","","0","0","0","","","0","N","0","","40 28:09.090","5","0","79 59:26.760","9","0","0","0","2301","0","0","0","N","0","0","0","1","02301","0","","6.0","400.0","1","N","N","N","0","","0","0","0","","0","Y","","3","0","0","0","0","0","1","2","1","3","","03","","N","","","","","","","","","",""
"2022056262","0247","1","0","0","0","0","0","0","0","0","1","0","","02","6","2022","6","40.292514","-79.876632","0245","11","0","0","0","0","0","0","0","0","","0","0","0","","","0","N","0","","40 17:33.051","5","0","79 52:35.876","9","0","0","0","2302","0","0","0","N","0","0","0","1","02302","0","","6.0","345.0","1","N","N","N","2","","0","0","1","","0","Y","","4","0","1","0","0","0","1","2","0","4","","03","","N","","","","","","","","","",""
"2022054318","0954","3","0","0","0","0","0","0","0","0","4","0","","02","6","2022","2","40.438721","-79.74712","0950","11","0","0","0","0","0","2","0","0","","0","0","0","","","2","N","0","","40 26:19.396","6","0","79 44:49.633","8","0","0","0","2446","0","0","0","N","0","0","0","3","02446","0","","1.0","1100.0","1","N","N","N","0","","0","0","0","","0","Y","","3","2","0","0","0","2","0","2","0","3","","98","","N","","","","","","","","","",""
"2022047453","1330","1","0","0","0","0","0","0","0","0","7","0","","02","5","2022","1","40.545285","-80.063169","1321","11","0","0","0","0","0","0","0","0","","0","0","0","","","0","N","0","","40 32:43.027","7","0","80 03:47.408","0","0","0","0","2116","0","0","0","N","0","0","0","1","02116","0","","5.0","1415.0","9","N","N","N","0","","0","0","0","","0","Y","","1","0","0","0","0","0","0","2","0","1","","","","N","","","","","","","","","",""
"2022055700","0132","1","0","0","0","0","0","0","0","0","7","0","","02","6","2022","5","40.483936","-80.179725","0129","11","0","0","0","0","0","0","0","0","","0","0","0","","","1","N","0","","40 29:02.170","4","0","80 10:47.010","3","0","0","0","2213","0","0","0","N","0","0","0","1","02213","0","","5.0","327.0","9","N","N","N","0","","1","0","0","","0","N","","1","1","0","0","0","0","0","2","0","1","","","","N","","","","","","","","","",""
"2022054989","1426","0","0","0","0","0","0","0","0","0","1","0","","02","5","2022","7","40.497375","-79.925437","1426","11","0","0","0","0","0","1","0","0","","0","0","0","","","0","N","0","","40 29:50.551","1","3","79 55:31.572","0","0","0","0","2461","0","0","0","N","0","0","0","4","68D02","0","","1.0","1525.0","9","N","N","N","1","","0","0","2","","0","N","","3","0","0","0","0","0","0","2","0","3","","","","N","","","","","","","","","",""
"2022035852","1604","1","0","0","0","0","0","0","0","0","7","0","","02","4","2022","4","40.364093","-80.02545","1604","11","0","0","0","0","0","1","0","0","","0","0","0","","","1","N","0","","40 21:50.733","2","0","80 01:31.619","8","0","0","0","2416","0","0","0","N","0","0","0","1","02416","0","","4.0","30.0","1","N","N","N","0","","0","0","0","","0","N","","1","1","0","0","0","1","0","2","0","1","","03","","N","","","","","","","","","",""
"2022004872","0201","1","0","0","0","0","0","0","0","0","7","0","","02","1","2022","4","40.429841","-79.957294","0145","11","0","0","0","0","0","0","0","0","","0","0","0","","","1","N","0","","40 25:47.428","3","2","79 57:26.257","3","0","0","0","2301","0","0","0","N","0","0","0","1","68B03","0","","5.0","232.0","1","N","N","N","0","","1","0","0","","0","Y","","1","1","0","0","0","0","0","2","0","1","","","","N","","","","","","","","","",""
"2022040027","2028","1","0","0","0","0","0","0","0","0","7","0","","02","4","2022","2","40.428976","-79.93097","2000","11","0","0","1","0","0","0","0","0","","0","0","0","","","0","N","0","","40 25:44.313","4","0","79 55:51.493","0","0","0","0","2301","0","0","0","N","0","0","0","1","68B03","0","","2.0","2040.0","9","N","N","N","0","","0","0","0","","0","Y","","1","0","0","0","0","0","0","2","0","1","","","","N","","","","","","","","","",""
"2022002687","2252","0","0","0","0","0","0","0","0","0","8","0","","02","1","2022","7","40.457139","-79.895028","2231","11","0","0","0","0","0","1","0","0","","0","0","0","","","1","N","0","","40 27:25.700","6","0","79 53:42.100","2","0","0","0","2301","1","0","1","N","1","0","1","2","02301","0","","1.0","2307.0","9","N","N","N","1","","0","1","0","","0","Y","","2","1","0","0","0","0","0","2","0","1","","","","N","","","","","","","","","",""
"2022051890","0218","1","0","0","0","0","0","0","0","0","7","1","","02","6","2022","7","","-79.994768","0215","11","0","0","0","0","0","1","0","0","","0","1","0","","","1","","2","","40 26:8.423","","0","79 59:41.164","8","0","0","0","2301","0","0","0","Y","0","0","0","2","02301","0","","1.0","","1","N","N","Y","0","","0","0","0","","2","","","2","1","0","0","0","1","1","1","0","2","","03","","N","","","","","","","","","",""
"2022045649","0715","2","0","0","0","0","0","0","0","0","4","0","","02","5","2022","2","40.409124","-79.8189","0714","11","0","0","0","0","0","0","0","0","","0","0","0","","","2","N","1","","40 24:32.846","1","0","79 49:08.039","8","0","0","0","2467","0","0","0","N","0","0","0","2","02467","0","","1.0","747.0","1","N","N","Y","0","","0","0","1","","3","N","","3","2","1","0","0","2","0","2","0","3","","03","","N","","","","","","","","","",""
"2022045089","1524","1","0","0","0","0","0","0","0","0","1","0","","02","5","2022","3","40.340783","-80.171494","1522","11","0","0","0","0","0","0","0","0","","0","0","0","","","1","N","2","","40 20:26.820","","0","80 10:17.379","3","0","0","0","2119","0","0","0","Y","0","0","0","2","02119","0","","1.0","","1","N","N","Y","1","","1","0","0","","2","","","2","1","0","0","0","0","0","2","0","2","","","","N","","","","","","","","","",""
"2022043387","2128","1","0","0","0","0","0","0","0","0","7","0","","02","5","2022","2","40.41799","-79.993238","2127","11","0","0","0","0","0","1","0","0","","0","0","0","","","0","N","0","","40 25:04.763","","0","79 59:35.658","0","0","0","0","2301","0","0","0","N","0","0","0","1","02301","0","","5.0","","1","N","N","N","0","","0","0","0","","0","","","1","0","0","0","0","0","0","2","0","1","","03","","N","","","","","","","","","",""
"2022054063","1056","0","0","0","0","0","0","0","0","0","0","0","","02","6","2022","6","40.513836","-80.269047","1052","11","0","0","0","0","0","0","0","0","","0","0","0","","","1","","2","","40 30:49.810","","0","80 16:08.568","3","0","0","1","2203","0","0","0","N","0","0","0","1","02203","0","","1.0","","1","N","N","N","0","","1","0","0","","2","","","1","1","0","0","0","0","0","2","0","1","","03","","N","","","","","","","","","",""
"2022046065","1203","1","0","0","0","0","0","0","0","0","5","0","","02","5","2022","3","40.46025","-80.017183","1203","11","0","0","0","0","0","0","0","0","","0","0","0","","","0","N","0","","40 27:36.900","5","7","80 01:01.860","0","0","0","0","2301","0","0","0","N","0","0","0","3","02301","0","","1.0","1220.0","1","N","N","N","1","","0","0","0","","0","N","","2","0","0","0","0","0","0","2","0","2","","","","N","","","","","","","","","",""
"2022037554","0754","1","0","0","0","0","0","0","0","0","7","0","","02","4","2022","5","40.355216","-79.776911","0754","11","0","0","0","0","0","0","0","0","","0","0","0","","","2","N","0","","40 21:18.776","","0","79 46:36.881","4","0","0","0","2477","0","0","0","Y","0","0","0","2","02477","1","","2.0","","1","N","N","N","0","","0","0","0","","0","","","1","2","1","0","0","1","0","2","0","1","","","","N","","","","","","","","","",""
"2022040873","1735","3","0","0","0","0","0","0","0","0","1","0","","02","4","2022","5","40.558111","-79.959006","1730","11","0","0","0","0","0","0","0","0","","0","0","0","","","0","N","0","","40 33:29.201","1","0","79 57:32.421","0","0","0","0","2207","0","0","0","N","0","0","0","8","02207","0","","1.0","1813.0","1","N","N","N","0","","0","0","0","","0","N","","3","0","0","0","0","0","0","2","0","3","","04","","N","","","","","","","","","",""
"2022054089","1405","2","0","0","0","0","0","0","0","0","2","0","","02","6","2022","6","40.449412","-79.827128","1400","11","1","0","0","0","0","0","0","0","","0","0","0","","","0","N","2","","40 26:57.884","2","0","79 49:37.659","0","0","0","0","2113","0","0","0","N","0","0","0","6","02113","0","","1.0","1430.0","1","N","N","N","0","","0","0","0","","0","N","","2","0","6","0","0","0","0","2","0","2","","","","N","","","","","","","","","",""
"2022055271","2312","2","0","0","0","0","0","0","0","0","4","0","","02","5","2022","6","40.400708","-79.834","2308","11","0","0","1","0","0","1","0","0","","0","0","0","","","0","N","1","","40 24:02.549","7","0","79 50:02.400","0","0","0","0","2425","0","0","0","N","0","0","0","3","68B03","0","","1.0","2349.0","1","N","N","N","0","","0","0","0","","2","N","","2","0","0","0","0","0","0","2","0","2","","","","N","","","","","","","","","",""
"2022052462","0805","1","0","0","0","0","0","0","0","0","6","0","","02","5","2022","3","40.468298","-79.902761","0758","11","0","0","1","0","0","0","0","0","","0","0","0","","","0","","2","","40 28:05.872","","0","79 54:09.939","0","0","0","0","2301","0","0","0","N","0","0","0","3","02301","0","","1.0","","1","N","N","N","0","","0","0","0","","3","","","2","0","0","0","0","0","0","2","1","2","","03","","N","","","","","","","","","",""
"2022056358","1244","0","0","0","0","0","0","0","0","0","7","0","","02","6","2022","4","40.487555","-79.807563","1238","11","0","0","0","0","0","0","0","1","","0","0","0","","","1","N","0","","40 29:15.197","","0","79 48:27.227","8","0","0","0","2113","0","0","0","N","0","0","0","1","02113","0","","2.0","","1","N","N","N","0","","0","0","1","","0","","","1","1","1","0","0","1","0","2","0","1","","03","","N","","","","","","","","","",""
"2022039506","1940","1","0","0","0","0","0","0","0","0","4","0","","02","4","2022","2","40.518153","-80.219391","1935","11","0","0","0","0","0","0","0","0","","0","0","0","","","0","","2","","40 31:05.349","","0","80 13:09.809","0","0","0","0","2213","0","0","0","N","0","0","0","2","02213","0","","1.0","","1","N","N","N","0","","0","0","1","","0","","","2","0","0","0","0","0","0","2","0","2","","","","N","","","","","","","","","",""
"2022048832","0621","1","0","0","0","0","0","0","0","0","98","0","","02","5","2022","2","40.300728","-79.925767","0618","11","0","0","0","0","0","0","0","0","","0","0","0","","","0","N","0","","40 18:02.620","1","0","79 55:32.760","0","0","0","0","2440","0","0","0","N","0","0","0","1","02440","0","","1.0","651.0","1","N","N","N","0","","0","0","0","","0","N","","1","0","0","0","0","0","0","2","0","1","","","","N","","","","","","","","","",""
"2022034723","1845","1","0","0","0","0","0","0","0","0","1","0","","02","4","2022","4","40.542465","-80.081646","1842","11","0","0","0","0","0","0","0","0","","0","0","0","","","0","N","0","","40 32:32.874","","0","80 04:53.926","0","0","0","0","2215","0","0","0","N","0","0","0","2","68B03","0","","1.0","","9","N","N","N","0","","0","0","1","","0","","","2","0","0","0","0","0","0","2","0","2","","","","N","","","","","","","","","",""
"2022042650","2017","1","0","0","0","0","0","0","0","0","7","0","","02","5","2022","7","40.611592","-79.914737","2009","11","1","0","0","0","0","0","0","0","","0","0","0","","","0","N","0","","40 36:41.732","5","0","79 54:53.054","0","0","0","0","2220","0","0","0","N","0","0","0","2","02220","0","","5.0","2051.0","9","N","N","N","0","","0","0","0","","0","Y","","1","0","0","0","0","0","0","2","0","1","","","","N","","","","","","","","","",""
"2022050062","1319","2","0","0","0","0","0","0","0","0","2","0","","02","5","2022","6","40.654356","-80.091634","1312","11","0","0","0","0","0","0","1","0","","0","0","0","","","2","N","1","","40 39:15.680","3","0","80 05:29.884","3","0","0","0","2212","0","0","0","N","0","0","0","4","02505","1","","1.0","1355.0","1","N","N","N","0","","1","0","0","","2","Y","","2","2","0","0","0","0","0","2","0","2","","03","","N","","","","","","","","","",""
"2022055953","0015","1","0","0","0","0","0","0","0","0","7","0","","02","6","2022","1","40.431741","-80.138534","0003","11","0","0","0","0","0","0","1","0","","0","0","0","","","1","N","0","","40 25:54.269","","0","80 08:18.723","8","0","0","0","2115","0","0","0","N","0","0","0","1","68B03","0","","4.0","","1","N","N","N","0","","0","0","0","","0","","","1","1","1","0","0","1","0","2","0","1","","","","N","","","","","","","","","",""
"2022017803","2047","0","0","0","0","0","0","0","0","0","4","0","","02","2","2022","5","40.447675","-80.164373","2044","11","0","0","0","0","0","0","0","0","","0","0","0","","","0","","2","","40 26:51.631","6","2","80 09:51.744","0","0","0","0","2115","0","0","0","N","0","0","0","3","02115","0","","1.0","2115.0","8","N","N","N","0","","0","0","2","","2","N","","2","0","0","0","0","0","0","2","0","2","","","","N","","","","","","","","","",""
"2022037785","2306","1","0","0","0","0","0","0","0","0","7","0","","02","4","2022","5","40.446547","-80.026926","2302","11","0","0","0","0","0","0","0","0","","0","0","0","","","0","N","0","","40 26:47.568","","3","80 01:36.933","0","0","0","0","2301","0","0","0","N","0","0","0","1","02301","0","","1.0","","1","N","N","N","0","","0","0","0","","0","","","1","0","0","0","0","0","0","2","0","1","","03","","N","","","","","","","","","",""
"2022047749","0749","1","0","0","0","0","0","0","0","0","7","0","","02","5","2022","1","40.448797","-80.062472","0742","11","0","0","0","0","0","1","0","0","","0","0","0","","","0","Y","0","","40 26:55.670","","0","80 03:44.900","0","0","0","0","2301","0","0","0","N","0","0","0","1","02301","0","","4.0","","1","N","N","N","0","","0","0","0","","0","","","1","0","0","0","0","0","0","2","0","1","","03","","N","","","","","","","","","",""
"2022046624","1811","1","0","0","0","0","0","0","0","0","7","0","","02","5","2022","3","40.264828","-79.8789","1808","11","0","0","0","0","0","0","0","0","","0","0","0","","","0","N","0","","40 15:53.380","","0","79 52:44.040","0","0","0","0","2204","0","0","0","N","0","0","0","1","02105","0","","4.0","","1","N","N","N","0","","0","0","0","","2","","","1","0","0","0","0","0","0","1","0","1","","","","N","","","","","","","","","",""
"2022031367","1552","0","0","0","0","0","0","0","0","0","7","0","","02","3","2022","5","40.485983","-79.710533","1432","11","0","0","0","0","0","0","0","0","","0","0","0","","","0","N","2","","40 29:09.538","","0","79 42:37.918","0","0","0","0","2466","0","0","0","N","0","0","0","0","02466","0","","5.0","","1","N","N","N","0","","0","0","0","","0","","","1","0","0","0","0","0","0","2","1","1","","03","","N","","","","","","","","","",""
"2022054823","0714","1","0","0","0","0","0","0","0","0","1","0","","02","6","2022","5","40.539738","-80.201201","0704","11","0","0","0","0","0","0","0","0","","0","0","0","","","0","N","0","","40 32:23.055","","0","80 12:04.322","0","0","0","0","2213","0","0","0","N","0","0","0","2","02213","0","","1.0","","1","N","N","N","0","","0","0","1","","0","","","2","0","0","0","0","0","0","2","0","2","","","","N","","","","","","","","","",""
"2022015132","1020","1","0","0","0","0","0","0","0","0","1","0","","02","2","2022","4","40.655206","-79.935306","1015","11","0","0","0","0","0","0","1","0","","0","0","0","","","1","N","2","","40 39:18.741","1","0","79 56:07.101","8","0","0","0","2217","0","0","0","N","0","0","0","2","02505","0","","1.0","1053.0","1","N","N","N","0","","0","0","1","","0","N","","2","1","0","0","0","1","0","2","0","2","","","","N","","","","","","","","","",""
"2022047635","2224","0","0","0","0","0","0","0","0","0","1","0","","02","5","2022","4","40.437424","-79.828649","2220","11","0","0","0","0","0","0","0","0","","0","0","0","","","0","N","0","","40 26:14.725","","0","79 49:43.138","0","0","0","0","2419","0","0","0","N","0","0","0","3","02419","0","","1.0","","9","N","N","N","0","","0","0","2","","0","N","","2","0","0","0","0","0","0","2","0","2","","","","N","","","","","","","","","",""