"CRN","ARRIVAL_TM","AUTOMOBILE_COUNT","BELTED_DEATH_COUNT","BELTED_SUSP_SERIOUS_INJ_COUNT","BICYCLE_COUNT","BICYCLE_DEATH_COUNT","BICYCLE_SUSP_SERIOUS_INJ_COUNT","BUS_COUNT","CHLDPAS_DEATH_COUNT","CHLDPAS_SUSP_SERIOUS_INJ_COUNT","COLLISION_TYPE","COMM_VEH_COUNT","CONS_ZONE_SPD_LIM","COUNTY","CRASH_MONTH","CRASH_YEAR","DAY_OF_WEEK","DEC_LATITUDE","DEC_LONGITUDE","DISPATCH_TM","DISTRICT","DRIVER_COUNT_16YR","DRIVER_COUNT_17YR","DRIVER_COUNT_18YR","DRIVER_COUNT_19YR","DRIVER_COUNT_20YR","DRIVER_COUNT_50_64YR","DRIVER_COUNT_65_74YR","DRIVER_COUNT_75PLUS","EST_HRS_CLOSED","FATAL_COUNT","HEAVY_TRUCK_COUNT","HORSE_BUGGY_COUNT","HOUR_OF_DAY","ILLUMINATION","INJURY_COUNT","INTERSECTION_RELATED","INTERSECT_TYPE","LANE_CLOSED","LATITUDE","LN_CLOSE_DIR","LOCATION_TYPE","LONGITUDE","MAX_SEVERITY_LEVEL","MCYCLE_DEATH_COUNT","MCYCLE_SUSP_SERIOUS_INJ_COUNT","MOTORCYCLE_COUNT","MUNICIPALITY","NONMOTR_COUNT","NONMOTR_DEATH_COUNT","NONMOTR_SUSP_SERIOUS_INJ_COUNT","NTFY_HIWY_MAINT","PED_COUNT","PED_DEATH_COUNT","PED_SUSP_SERIOUS_INJ_COUNT","PERSON_COUNT","POLICE_AGCY","POSSIBLE_INJ_COUNT","RDWY_SURF_TYPE_CD","RELATION_TO_ROAD","ROADWAY_CLEARED","ROAD_CONDITION","SCH_BUS_IND","SCH_ZONE_IND","SECONDARY_CRASH","SMALL_TRUCK_COUNT","SPEC_JURIS_CD","SUSP_MINOR_INJ_COUNT","SUSP_SERIOUS_INJ_COUNT","SUV_COUNT","TCD_FUNC_CD","TCD_TYPE","TFC_DETOUR_IND","TIME_OF_DAY","TOTAL_UNITS","TOT_INJ_COUNT","UNBELTED_OCC_COUNT","UNB_DEATH_COUNT","UNB_SUSP_SERIOUS_INJ_COUNT","UNK_INJ_DEG_COUNT","UNK_INJ_PER_COUNT","URBAN_RURAL","VAN_COUNT","VEHICLE_COUNT","WEATHER1","WEATHER2","WORKERS_PRES","WORK_ZONE_IND","WORK_ZONE_LOC","WORK_ZONE_TYPE","WZ_CLOSE_DETOUR","WZ_FLAGGER","WZ_LAW_OFFCR_IND","WZ_LN_CLOSURE","WZ_MOVING","WZ_OTHER","WZ_SHLDER_MDN","WZ_WORKERS_INJ_KILLED"
"2022047020","1310","0","0","0","0","0","0","0","0","0","2","0","","02","5","2022","5","40.428761","-79.980559","1305","11","0","0","0","0","0","0","0","0","","0","0","0","","","1","","1","","40 25:43.539","","0","79 58:50.011","3","0","0","0","2301","0","0","0","N","0","0","0","4","02301","0","","1.0","","1","N","N","N","0","","1","0","3","","2","","","3","1","0","0","0","0","1","2","0","3","","03","","N","","","","","","","","","",""
"2022026839","1728","1","0","0","0","0","0","0","0","0","8","0","","02","3","2022","4","40.43082","-79.977109","1723","11","0","0","0","0","0","1","0","0","","0","0","0","","","1","N","0","","40 25:50.951","","7","79 58:37.592","3","0","0","0","2301","1","0","0","N","1","0","0","3","02301","0","","6.0","","1","N","N","N","0","","1","0","0","","0","","","2","1","0","0","0","0","0","2","0","1","","03","","N","","","","","","","","","",""
"2022052257","1257","1","0","0","0","0","0","0","0","0","5","0","03","02","5","2022","2","40.345711","-80.053947","1255","11","0","0","0","0","0","0","0","0","","0","0","0","","","1","Y","0","","40 20:44.560","","0","80 03:14.210","3","0","0","0","2407","0","0","0","N","0","0","0","3","02407","0","","1.0","","1","N","N","N","1","","1","0","0","","8","","","2","1","0","0","0","0","0","2","0","2","","","Y","Y","1","2","N","Y","N","Y","N","N","N","N"
"2022045364","0725","0","0","0","0","0","0","0","0","0","7","0","","02","5","2022","7","40.599012","-80.118232","0718","11","0","0","0","0","0","0","0","0","","0","0","0","","","0","N","0","","40 35:56.443","2","0","80 07:05.635","0","0","0","0","2481","0","0","0","Y","0","0","0","1","02481","0","","4.0","752.0","1","N","N","N","0","","0","0","1","","0","N","","1","0","0","0","0","0","0","2","0","1","","","","N","","","","","","","","","",""
"2022046469","1340","0","0","0","0","0","0","0","0","0","5","0","","02","5","2022","4","40.462654","-79.983604","1330","11","0","0","0","0","0","0","0","0","","0","0","0","","","0","N","0","","40 27:45.556","","0","79 59:00.975","0","0","0","0","2301","0","0","0","N","0","0","0","1","02301","0","","1.0","","1","N","N","N","1","","0","0","1","","0","","","2","0","0","0","0","0","0","2","0","2","","03","","N","","","","","","","","","",""
"2022054497","1531","1","0","0","0","0","0","0","0","0","7","0","","02","6","2022","7","40.309203","-79.890393","1527","11","0","0","0","0","0","1","0","0","","0","0","0","","","1","N","2","","40 18:33.131","7","0","79 53:25.415","4","0","0","0","2302","0","0","0","N","0","0","0","2","02302","1","","2.0","2300.0","1","N","N","N","0","","0","0","0","","3","Y","","1","1","0","0","0","0","0","2","0","1","","","","N","","","","","","","","","",""
"2022045735","1520","1","0","0","0","0","0","0","0","0","1","0","","02","5","2022","2","40.436592","-79.955505","1518","11","0","0","0","0","1","0","0","0","","0","0","0","","","0","N","1","","40 26:11.732","","0","79 57:19.817","0","0","0","0","2301","0","0","0","N","0","0","0","2","02301","0","","1.0","","1","N","N","N","0","","0","0","1","","0","","","2","0","1","0","0","0","0","2","0","2","","03","","N","","","","","","","","","",""
"2022051898","0628","1","0","0","0","0","0","0","0","0","7","0","","02","6","2022","7","40.456849","-80.010239","0625","11","0","0","0","0","0","0","0","0","","0","0","0","","","0","","2","","40 27:24.656","","0","80 00:36.862","9","0","0","0","2301","0","0","0","N","0","0","0","1","02301","0","","5.0","","1","N","N","N","0","","0","0","0","","0","","","1","0","0","0","0","0","1","2","0","1","","","","N","","","","","","","","","",""
"2022054337","0228","2","0","1","0","0","0","0","0","0","4","0","","02","6","2022","7","40.447192","-79.895423","0226","11","0","0","0","0","0","0","0","0","","0","0","0","","","3","","1","","40 26:49.892","1","0","79 53:43.524","2","0","0","0","2301","0","0","0","N","0","0","0","4","02301","0","","1.0","315.0","1","N","N","N","0","","2","1","0","","2","Y","","2","3","0","0","0","0","0","2","0","2","","03","","N","","","","","","","","","",""
"2022055402","1425","1","0","0","0","0","0","0","0","0","1","0","","02","5","2022","4","40.607056","-79.763444","1415","11","0","0","0","0","0","0","0","0","","0","0","0","","","0","N","0","","40 36:25.403","","0","79 45:48.398","0","0","0","0","2464","0","0","0","N","0","0","0","4","68D02","0","","1.0","","1","N","N","N","1","","0","0","0","","0","","","2","0","0","0","0","0","0","2","0","2","","","","N","","","","","","","","","",""
"2022053616","2111","2","0","0","0","0","0","0","0","0","1","0","","02","6","2022","4","40.473293","-79.707269","2105","11","0","0","0","0","0","1","0","0","","0","0","0","","","0","N","0","","40 28:23.856","","0","79 42:26.167","0","0","0","0","2466","0","0","0","N","0","0","0","2","02466","0","","1.0","","9","N","N","N","0","","0","0","0","","0","","","2","0","0","0","0","0","0","2","0","2","","","","N","","","","","","","","","",""
"2022047434","0700","2","0","0","0","0","0","0","0","0","4","0","","02","5","2022","7","40.425783","-80.019901","0655","11","0","0","0","0","0","0","0","0","","0","0","0","","","0","N","1","","40 25:32.817","","0","80 01:11.642","9","0","0","0","2301","0","0","0","N","0","0","0","2","02301","0","","1.0","","1","N","N","N","0","","0","0","0","","0","","","2","0","0","0","0","0","1","2","0","2","","03","","N","","","","","","","","","",""
"2022037355","0501","1","0","0","0","0","0","0","0","0","7","0","","02","4","2022","7","40.462268","-80.111366","0448","11","0","0","0","0","0","0","0","0","","0","0","0","","","0","N","0","","40 27:44.165","1","0","80 06:40.919","0","0","0","0","2126","0","0","0","Y","0","0","0","1","68B03","0","","4.0","525.0","9","N","N","N","0","","0","0","0","","0","N","","1","0","0","0","0","0","0","2","0","1","","","","N","","","","","","","","","",""
"2022055437","1142","1","0","0","0","0","0","0","0","0","1","0","","02","6","2022","6","40.537903","-79.843039","1124","11","1","0","1","0","0","0","0","0","","0","0","0","","","1","N","0","","40 32:16.449","2","0","79 50:34.941","3","0","0","0","2208","0","0","0","N","0","0","0","4","68D02","0","","1.0","1229.0","1","N","N","N","0","","1","0","1","","0","N","","2","1","0","0","0","0","0","2","0","2","","","","N","","","","","","","","","",""
"2022043284","0030","1","0","0","0","0","0","0","0","0","7","0","","02","5","2022","3","40.437561","-79.994257","0020","11","0","0","0","0","0","0","0","0","","0","0","0","","","0","N","0","","40 26:15.220","","0","79 59:39.324","0","0","0","0","2301","0","0","0","N","0","0","0","1","02301","0","","1.0","","1","N","N","N","0","","0","0","0","","0","","","1","0","0","0","0","0","0","2","0","1","","03","","N","","","","","","","","","",""
"2022050015","2152","0","0","0","0","0","0","0","0","0","4","0","","02","5","2022","1","40.429972","-79.95775","2150","11","0","0","0","0","0","1","0","0","","0","1","0","","","2","N","2","","40 25:47.900","7","0","79 57:27.900","2","0","2","1","2301","0","0","0","N","0","0","0","4","02301","0","","1.0","2313.0","1","N","N","N","0","","0","2","0","","2","N","","2","2","0","0","0","0","0","2","0","2","","03","","N","","","","","","","","","",""
"2022055795","1726","1","0","0","0","0","0","0","0","0","7","0","","02","6","2022","3","40.506813","-80.033892","1701","11","0","0","0","0","0","1","0","0","","0","0","0","","","0","N","0","","40 30:24.525","2","0","80 02:02.012","0","0","0","0","2116","0","0","0","Y","0","0","0","1","68B03","0","","2.0","1723.0","1","N","N","N","0","","0","0","0","","0","N","","1","0","0","0","0","0","0","2","0","1","","","","N","","","","","","","","","",""
"2022018355","1933","1","0","0","0","0","0","0","0","0","7","0","","02","2","2022","6","40.358615","-79.902394","1928","11","0","0","0","0","0","0","0","0","","0","0","0","","","0","N","0","","40 21:31.015","6","0","79 54:08.618","0","0","0","0","2473","0","0","0","Y","0","0","0","1","02473","0","","5.0","2100.0","1","N","N","N","0","","0","0","0","","0","Y","","1","0","0","0","0","0","0","2","0","1","","03","","N","","","","","","","","","",""
"2022046071","1236","1","0","0","0","0","0","0","0","0","4","0","","02","5","2022","3","40.470748","-79.92404","1228","11","0","0","0","0","0","1","0","0","","0","0","0","","","0","N","1","","40 28:14.692","","0","79 55:26.543","0","0","0","0","2301","0","0","0","N","0","0","0","3","02301","0","","1.0","","1","N","N","N","0","","0","0","1","","3","","","2","0","0","0","0","0","0","2","0","2","","03","","N","","","","","","","","","",""
"2022063593","1540","1","0","0","0","0","0","0","0","0","7","0","","02","5","2022","5","40.500109","-80.28236","1533","11","0","0","0","0","0","0","0","0","","0","0","0","","","1","N","0","","40 30:00.393","","0","80 16:56.495","3","0","0","0","2203","0","0","0","Y","0","0","0","1","68B03","0","","4.0","","1","N","N","N","0","","1","0","0","","0","","","1","1","0","0","0","0","0","1","0","1","","","","N","","","","","","","","","",""
"2022052800","0915","1","0","0","0","0","0","0","0","0","4","0","","02","5","2022","7","40.46253","-79.927832","0910","11","0","0","0","0","0","1","0","0","","0","0","0","","","0","N","1","","40 27:45.108","4","0","79 55:40.195","0","0","0","0","2301","0","0","0","N","0","0","0","6","02301","0","","1.0","940.0","1","N","N","N","0","","0","0","0","","2","N","","2","0","0","0","0","0","0","2","1","2","","","","N","","","","","","","","","",""
"2022038730","0930","2","0","0","0","0","0","0","0","0","4","0","","02","4","2022","2","40.422322","-79.886053","0928","11","0","0","0","0","0","0","0","0","","0","0","0","","","0","N","0","","40 25:20.360","1","7","79 53:09.790","0","0","0","0","2463","0","0","0","N","0","0","0","4","02463","0","","1.0","955.0","1","N","N","N","0","","0","0","2","","2","N","","4","0","0","0","0","0","0","2","0","4","","03","","N","","","","","","","","","",""
"2022029873","0930","0","0","0","0","0","0","0","0","0","7","0","","02","3","2022","4","40.49115","-79.910959","0853","11","0","0","0","0","0","2","0","1","","0","0","0","","","1","N","0","","40 29:28.139","1","3","79 54:39.452","3","0","0","0","2112","0","0","0","N","0","0","0","7","68D02","0","","4.0","100.0","7","N","N","N","1","","1","0","2","","0","N","","5","1","0","0","0","0","0","2","2","5","","","","N","","","","","","","","","",""
"2022056414","1740","0","0","0","0","0","0","0","0","0","4","0","","02","6","2022","3","40.366089","-80.013764","1738","11","0","0","1","0","0","0","0","0","","0","0","0","","","1","N","0","","40 21:57.920","","7","80 00:49.550","8","0","0","0","2416","0","0","0","N","0","0","0","2","02416","0","","1.0","","1","N","N","N","0","","0","0","2","","0","","","2","1","0","0","0","1","0","2","0","2","","","","N","","","","","","","","","",""
"2022054230","1951","2","0","0","0","0","0","0","0","0","1","0","","02","6","2022","3","40.465528","-80.138775","1951","11","0","0","0","0","0","1","0","0","","0","0","0","","","1","N","0","","40 27:55.900","3","0","80 08:19.590","4","0","0","0","2115","0","0","0","N","0","0","0","3","02115","1","","1.0","2030.0","9","N","N","N","0","","0","0","0","","0","N","","2","1","0","0","0","0","0","2","0","2","","","","N","","","","","","","","","",""
"2022053951","1316","0","0","0","0","0","0","0","0","0","4","1","","02","6","2022","4","40.397667","-80.106139","1313","11","0","0","0","0","0","1","0","0","","0","2","0","","","1","","2","","40 23:51.600","6","0","80 06:22.100","4","0","0","0","2102","0","0","0","N","0","0","0","3","02102","1","","1.0","1404.0","1","N","N","N","0","","0","0","0","","3","N","","2","1","0","0","0","0","0","2","0","2","","","","N","","","","","","","","","",""
"2022055091","1641","2","0","0","0","0","0","0","0","0","1","0","","02","6","2022","2","40.554975","-79.971146","1635","11","0","0","0","0","0","2","0","0","","0","0","0","","","1","N","2","","40 33:17.909","","0","79 58:16.126","3","0","0","0","2207","0","0","0","N","0","0","0","2","02207","0","","1.0","","1","N","N","N","0","","1","0","0","","3","","","2","1","0","0","0","0","0","2","0","2","","03","","N","","","","","","","","","",""
"2022055205","1213","2","0","0","0","0","0","0","0","0","4","0","","02","6","2022","7","40.346746","-79.986406","1207","11","1","0","0","0","0","1","0","0","","0","0","0","","","0","","2","","40 20:48.285","","0","79 59:11.063","0","0","0","0","2476","0","0","0","N","0","0","0","3","02476","0","","1.0","","1","N","N","N","0","","0","0","0","","2","","","2","0","0","0","0","0","0","2","0","2","","03","","N","","","","","","","","","",""
"2022049986","1007","1","0","0","0","0","0","0","0","0","1","1","","02","5","2022","3","40.381099","-79.811895","1005","11","0","0","0","0","0","1","0","0","","0","1","0","","","1","","1","","40 22:51.958","","0","79 48:42.822","3","0","0","0","2424","0","0","0","N","0","0","0","2","02424","0","","1.0","","1","N","N","N","0","","1","0","0","","2","N","","2","1","2","0","0","0","0","2","0","2","","03","","N","","","","","","","","","",""
"2022061688","2207","0","0","0","0","0","0","0","0","0","5","0","","02","7","2022","2","40.34426","-79.836538","2207","11","0","0","0","0","0","0","0","0","","0","0","0","","","0","N","0","","40 20:39.335","5","0","79 50:11.538","0","0","0","0","2304","0","0","0","N","0","0","0","1","02304","0","","2.0","2314.0","1","N","N","N","0","","0","0","1","","0","Y","","2","0","0","0","0","0","0","2","1","2","","03","","N","","","","","","","","","",""
"2022055746","1834","1","0","0","0","0","0","0","0","0","4","0","","02","6","2022","4","40.455048","-79.94148","1826","11","0","0","0","0","0","1","1","0","","0","0","0","","","0","N","1","","40 27:18.172","","0","79 56:29.328","0","0","0","0","2301","0","0","0","N","0","0","0","2","02301","0","","1.0","","1","N","N","N","0","","0","0","0","","2","","","2","0","0","0","0","0","0","2","1","2","","03","","N","","","","","","","","","",""
"2022064864","1725","2","0","0","0","0","0","0","0","0","1","0","","02","7","2022","5","40.447979","-79.897608","1718","11","0","0","0","0","0","1","0","0","","0","0","0","","","1","","2","","40 26:52.725","","0","79 53:51.389","3","0","0","0","2301","0","0","0","N","0","0","0","3","02301","0","","1.0","","1","N","N","N","0","","1","0","0","","0","","","2","1","0","0","0","0","0","2","0","2","","03","","N","","","","","","","","","",""
"2022065248","1621","0","0","0","0","0","0","0","0","0","7","0","","02","7","2022","5","40.448012","-80.111586","1600","11","0","0","0","0","0","0","0","0","","0","0","0","","","0","N","0","","40 26:52.843","","2","80 06:41.710","0","0","0","0","2115","0","0","0","N","0","0","0","1","68B03","0","","4.0","","1","N","N","N","0","","0","0","1","","0","","","1","0","0","0","0","0","0","2","0","1","","03","","N","","","","","","","","","",""
"2022065315","0108","1","0","0","0","0","0","0","0","0","7","0","","02","7","2022","7","40.441066","-80.008813","0057","11","0","0","0","0","0","0","0","0","","0","0","0","","","0","N","0","","40 26:27.836","","0","80 00:31.728","0","0","0","0","2301","0","0","0","N","0","0","0","1","68B03","0","","2.0","","9","N","N","N","0","","0","0","0","","0","","","1","0","0","0","0","0","0","2","0","1","","","","N","","","","","","","","","",""
"2022063495","1834","1","0","0","0","0","0","0","0","0","7","0","","02","6","2022","6","40.497495","-79.866549","1816","11","0","0","0","0","0","0","0","0","","0","0","0","","","0","N","0","","40 29:50.982","2","0","79 51:59.575","0","0","0","0","2112","0","0","0","Y","0","0","0","1","68D02","0","","4.0","1900.0","1","N","N","N","0","","0","0","0","","0","Y","","1","0","0","0","0","0","0","2","0","1","","03","","N","","","","","","","","","",""
"2022063811","1207","1","0","0","0","0","0","0","0","0","1","0","","02","6","2022","1","40.412881","-80.079686","1206","11","0","0","0","0","0","0","0","0","","0","0","0","","","0","N","0","","40 24:46.373","3","0","80 04:46.868","0","0","0","0","2117","0","0","0","N","0","0","0","6","68B03","0","","1.0","1230.0","1","N","N","N","0","","0","0","1","","0","N","","2","0","3","0","0","0","0","2","0","2","","","","N","","","","","","","","","",""
"2022064687","0219","2","0","0","0","0","0","0","0","0","5","0","","02","6","2022","7","40.421914","-80.097917","0219","11","0","0","0","0","0","0","0","0","","0","0","0","","","0","N","0","","40 25:18.889","","0","80 05:52.502","0","0","0","0","2115","0","0","0","N","0","0","0","2","68B03","0","","1.0","","1","N","N","N","0","","0","0","0","","0","","","2","0","0","0","0","0","0","2","0","2","","","","N","","","","","","","","","",""
"2022063483","1657","1","0","0","0","0","0","0","0","0","2","0","","02","7","2022","6","40.628126","-80.055931","1651","11","0","0","0","0","0","1","0","0","","0","0","0","","","1","N","0","","40 37:41.254","7","0","80 03:21.350","8","0","0","0","2216","0","0","0","N","0","0","0","3","02505","0","","1.0","1742.0","1","N","N","N","0","","0","0","2","","0","Y","","3","1","0","0","0","1","0","2","0","3","","03","","N","","","","","","","","","",""
"2022063427","1947","1","0","0","0","0","0","0","0","0","7","0","","02","7","2022","1","40.39258","-80.111464","1944","11","1","0","0","0","0","0","0","0","","0","0","0","","","0","N","0","","40 23:33.288","4","0","80 06:41.269","0","0","0","0","2102","0","0","0","N","0","0","0","2","02102","0","","5.0","2040.0","1","N","N","N","0","","0","0","0","","0","N","","1","0","0","0","0","0","0","2","0","1","","","","N","","","","","","","","","",""
"2022066100","1229","0","0","0","0","0","0","0","0","0","98","1","","02","7","2022","6","40.472302","-79.76552","1207","11","0","0","0","0","0","0","1","0","","0","1","0","","","0","N","0","","40 28:20.286","","0","79 45:55.873","0","0","0","0","2466","0","0","0","N","0","0","0","3","68T02","0","","1.0","","1","N","N","N","0","","0","0","1","","0","","","2","0","0","0","0","0","0","2","0","2","","","","N","","","","","","","","","",""
"2022064538","0407","1","0","0","0","0","0","0","0","0","7","0","","02","5","2022","1","40.47496","-80.006463","0402","11","0","0","0","0","0","0","0","0","","0","0","0","","","0","N","0","","40 28:29.856","","0","80 00:23.265","0","0","0","0","2301","0","0","0","N","0","0","0","1","68B03","0","","2.0","","1","N","N","N","0","","0","0","0","","0","","","1","0","0","0","0","0","0","2","0","1","","","","N","","","","","","","","","",""
"2022050630","1002","0","0","0","0","0","0","0","0","0","7","1","","02","5","2022","5","40.470311","-80.053914","1000","11","0","0","0","0","0","1","0","0","","0","1","0","","","1","N","0","","40 28:13.120","6","4","80 03:14.090","8","0","0","0","2444","0","0","0","N","0","0","0","1","02444","0","","1.0","1135.0","1","N","N","N","0","","0","0","0","","0","Y","","1","1","0","0","0","1","0","2","0","1","","","","N","","","","","","","","","",""
"2022061534","0935","0","0","0","0","0","0","0","0","0","1","1","","02","7","2022","3","40.436056","-79.979609","0928","11","0","0","0","0","0","0","0","0","","0","1","0","","","0","","2","","40 26:09.802","","0","79 58:46.592","0","0","0","0","2301","0","0","0","N","0","0","0","2","02301","0","","1.0","","9","N","N","N","0","","0","0","1","","0","","","2","0","0","0","0","0","0","2","0","2","","04","","N","","","","","","","","","",""
"2022063451","1459","0","0","0","0","0","0","0","0","0","1","3","","02","6","2022","2","40.431111","-79.729444","1453","11","0","0","0","0","0","0","0","0","","0","2","0","","","2","N","0","","40 25:52.000","","0","79 43:46.000","4","0","0","0","2446","0","0","0","N","0","0","0","3","02446","1","","1.0","","1","N","N","N","1","","0","0","0","","0","","","3","2","0","0","0","1","0","2","0","3","","03","","N","","","","","","","","","",""
"2022063820","0850","2","0","0","0","0","0","0","0","0","1","0","","02","6","2022","6","40.428822","-79.934127","0838","11","0","0","0","0","0","0","1","0","","0","0","0","","","1","N","0","","40 25:43.760","4","0","79 56:02.856","4","0","0","0","2301","0","0","0","N","0","0","0","5","68B03","1","","1.0","905.0","1","N","N","N","0","","0","0","2","","0","N","","4","1","0","0","0","0","0","2","0","4","","","","N","","","","","","","","","",""
"2022063821","2301","0","0","0","0","0","0","0","0","0","1","0","","02","6","2022","6","40.420758","-80.040378","2252","11","0","0","0","0","0","1","0","0","","0","0","0","","","2","N","0","","40 25:14.728","4","0","80 02:25.361","2","0","1","1","2435","0","0","0","N","0","0","0","3","68B03","0","","1.0","23.0","1","N","N","N","0","","1","1","1","","0","N","","2","2","0","0","0","0","0","2","0","2","","","","N","","","","","","","","","",""
"2022064276","1859","1","0","0","0","0","0","0","0","0","7","0","","02","7","2022","1","40.437614","-80.003572","1855","11","0","0","0","1","0","0","0","0","","0","0","0","","","0","N","0","","40 26:15.412","4","0","80 00:12.860","0","0","0","0","2301","0","0","0","Y","0","0","0","1","68B03","0","","4.0","1935.0","1","N","N","N","0","","0","0","0","","0","N","","1","0","0","0","0","0","0","2","0","1","","03","","N","","","","","","","","","",""
"2022062755","2337","2","0","0","0","0","0","0","0","0","4","0","","02","7","2022","5","40.434921","-79.918909","2334","11","0","0","0","0","0","0","0","0","","0","0","0","","","0","N","0","","40 26:05.714","5","0","79 55:08.071","0","0","0","0","2301","0","0","0","N","0","0","0","1","02301","0","","1.0","30.0","1","N","N","N","0","","0","0","0","","0","Y","","2","0","0","0","0","0","0","2","0","2","","03","","N","","","","","","","","","",""
"2022064545","1701","1","0","0","0","0","0","0","0","0","7","0","","02","6","2022","5","40.504519","-80.28229","1631","11","0","0","0","0","0","0","0","0","","0","0","0","","","0","N","0","","40 30:16.270","","0","80 16:56.245","0","0","0","0","2203","0","0","0","Y","0","0","0","1","68B03","0","","4.0","","9","N","N","N","0","","0","0","0","","0","","","1","0","0","0","0","0","0","1","0","1","","07","","N","","","","","","","","","",""
"2022064912","2046","1","0","0","0","0","0","0","0","0","7","0","","02","7","2022","5","40.452258","-80.173555","2043","11","0","0","0","0","1","0","0","0","","0","0","0","","","1","N","0","","40 27:08.127","4","0","80 10:24.798","3","0","0","0","2214","0","0","0","Y","0","0","0","1","68B03","0","","2.0","2129.0","1","Y","N","N","0","","1","0","0","","0","Y","","1","1","0","0","0","0","0","2","0","1","","","","N","","","","","","","","","",""
"2022063492","0948","1","0","0","0","0","0","0","0","0","7","0","","02","6","2022","5","40.495849","-79.868892","0923","11","0","0","0","0","0","0","0","0","","0","0","0","","","0","N","0","","40 29:45.055","","0","79 52:08.012","0","0","0","0","2112","0","0","0","Y","0","0","0","1","68D02","0","","4.0","","1","N","N","N","0","","0","0","0","","0","","","1","0","0","0","0","0","0","2","0","1","","03","","N","","","","","","","","","",""
"2022064572","0139","0","0","0","0","0","0","0","0","0","7","0","","02","7","2022","7","40.429081","-79.944034","0130","11","0","0","0","0","0","0","0","0","","0","0","0","","","1","N","0","","40 25:44.692","","0","79 56:38.522","4","0","0","0","2301","0","0","0","N","0","0","0","3","68B03","1","","2.0","","1","N","N","N","0","","0","0","1","","0","","","1","1","1","0","0","0","1","2","0","1","","","","N","","","","","","","","","",""
"2022066368","0115","2","0","0","0","0","0","0","0","0","4","0","","02","7","2022","1","40.425267","-80.07572","0114","11","0","0","0","0","0","0","0","0","","0","0","0","","","1","N","0","","40 25:30.961","","0","80 04:32.592","8","0","0","0","2421","0","0","0","N","0","0","0","1","02421","0","","1.0","","9","N","N","N","0","","0","0","0","","0","","","2","1","1","0","0","1","0","2","0","2","","","","N","","","","","","","","","",""
"2022059800","1502","2","0","0","0","0","0","0","0","0","4","0","","02","6","2022","3","40.409424","-80.081716","1457","11","0","0","0","0","0","1","1","0","","0","0","0","","","0","N","1","","40 24:33.927","4","0","80 04:54.178","0","0","0","0","2415","0","0","0","N","0","0","0","2","02415","0","","1.0","1457.0","1","N","N","N","0","","0","0","0","","2","N","","2","0","0","0","0","0","0","2","0","2","","03","","N","","","","","","","","","",""
"2022059551","0130","1","0","0","0","0","0","0","0","0","8","0","","02","6","2022","3","40.443999","-79.997402","0124","11","0","0","0","0","0","0","0","0","","0","0","0","","","1","","1","","40 26:38.398","4","0","79 59:50.648","3","0","0","0","2301","1","0","0","N","1","0","0","2","02301","0","","1.0","200.0","1","N","N","N","0","","1","0","0","","0","N","","2","1","0","0","0","0","0","2","0","1","","","","N","","","","","","","","","",""
"2022064253","1803","2","0","0","0","0","0","0","0","0","1","0","","02","7","2022","4","40.615038","-80.0956","1727","11","0","0","0","0","0","0","0","0","","0","0","0","","","0","N","0","","40 36:54.137","","0","80 05:44.161","0","0","0","0","2481","0","0","0","N","0","0","0","2","68B03","0","","1.0","","9","N","N","N","0","","0","0","0","","0","","","2","0","0","0","0","0","0","2","0","2","","07","","N","","","","","","","","","",""
"2022063435","2219","1","0","0","0","0","0","0","0","0","7","0","","02","7","2022","7","40.641901","-79.850795","2217","11","0","0","0","0","0","1","0","0","","0","0","0","","","0","N","0","","40 38:30.842","5","0","79 51:02.861","0","0","0","0","2220","0","0","0","N","0","0","0","1","02220","0","","4.0","400.0","1","N","N","N","0","","0","0","0","","0","Y","","1","0","0","0","0","0","0","2","0","1","","03","","N","","","","","","","","","",""
"2022062603","0759","2","0","0","0","0","0","0","0","0","4","0","","02","7","2022","5","40.454628","-79.946528","0745","11","0","0","0","0","0","1","0","0","","0","0","0","","","0","","2","","40 27:16.662","","0","79 56:47.502","0","0","0","0","2301","0","0","0","N","0","0","0","3","02301","0","","1.0","","1","N","N","N","0","","0","0","0","","0","","","2","0","0","0","0","0","0","2","0","2","","","","N","","","","","","","","","",""
"2022066341","0415","1","0","0","0","0","0","0","0","0","0","0","","02","7","2022","2","40.428969","-79.944534","0359","11","0","0","0","0","0","0","0","0","","0","0","0","","","0","N","0","","40 25:44.288","3","0","79 56:40.322","0","0","0","0","2301","0","0","0","N","0","0","0","1","68B03","0","","1.0","436.0","1","N","N","N","0","","0","0","0","","0","N","","1","0","0","0","0","0","0","2","0","1","","03","","N","","","","","","","","","",""
"2022064056","0903","2","0","1","0","0","0","0","0","0","5","0","","02","7","2022","3","40.495718","-80.066952","0859","11","0","0","0","0","0","0","0","0","","0","0","0","","","1","","5","","40 29:44.586","2","7","80 04:01.026","2","0","0","0","2402","0","0","0","N","0","0","0","2","02402","0","","1.0","926.0","1","N","N","N","0","","0","1","0","","0","N","","2","1","0","0","0","0","0","2","0","2","","","","N","","","","","","","","","",""
"2022063274","1816","1","0","0","0","0","0","0","0","0","0","0","","02","7","2022","7","40.450104","-80.015953","1813","11","0","0","0","0","0","1","0","0","","0","0","0","","","0","N","0","","40 27:00.373","","7","80 00:57.429","0","0","0","0","2301","0","0","0","N","0","0","0","1","02301","0","","6.0","","1","N","N","N","0","","0","0","0","","0","","","1","0","0","0","0","0","0","2","0","1","","03","","N","","","","","","","","","",""