"CRN","ARRIVAL_TM","AUTOMOBILE_COUNT","BELTED_DEATH_COUNT","BELTED_SUSP_SERIOUS_INJ_COUNT","BICYCLE_COUNT","BICYCLE_DEATH_COUNT","BICYCLE_SUSP_SERIOUS_INJ_COUNT","BUS_COUNT","CHLDPAS_DEATH_COUNT","CHLDPAS_SUSP_SERIOUS_INJ_COUNT","COLLISION_TYPE","COMM_VEH_COUNT","CONS_ZONE_SPD_LIM","COUNTY","CRASH_MONTH","CRASH_YEAR","DAY_OF_WEEK","DEC_LATITUDE","DEC_LONGITUDE","DISPATCH_TM","DISTRICT","DRIVER_COUNT_16YR","DRIVER_COUNT_17YR","DRIVER_COUNT_18YR","DRIVER_COUNT_19YR","DRIVER_COUNT_20YR","DRIVER_COUNT_50_64YR","DRIVER_COUNT_65_74YR","DRIVER_COUNT_75PLUS","EST_HRS_CLOSED","FATAL_COUNT","HEAVY_TRUCK_COUNT","HORSE_BUGGY_COUNT","HOUR_OF_DAY","ILLUMINATION","INJURY_COUNT","INTERSECTION_RELATED","INTERSECT_TYPE","LANE_CLOSED","LATITUDE","LN_CLOSE_DIR","LOCATION_TYPE","LONGITUDE","MAX_SEVERITY_LEVEL","MCYCLE_DEATH_COUNT","MCYCLE_SUSP_SERIOUS_INJ_COUNT","MOTORCYCLE_COUNT","MUNICIPALITY","NONMOTR_COUNT","NONMOTR_DEATH_COUNT","NONMOTR_SUSP_SERIOUS_INJ_COUNT","NTFY_HIWY_MAINT","PED_COUNT","PED_DEATH_COUNT","PED_SUSP_SERIOUS_INJ_COUNT","PERSON_COUNT","POLICE_AGCY","POSSIBLE_INJ_COUNT","RDWY_SURF_TYPE_CD","RELATION_TO_ROAD","ROADWAY_CLEARED","ROAD_CONDITION","SCH_BUS_IND","SCH_ZONE_IND","SECONDARY_CRASH","SMALL_TRUCK_COUNT","SPEC_JURIS_CD","SUSP_MINOR_INJ_COUNT","SUSP_SERIOUS_INJ_COUNT","SUV_COUNT","TCD_FUNC_CD","TCD_TYPE","TFC_DETOUR_IND","TIME_OF_DAY","TOTAL_UNITS","TOT_INJ_COUNT","UNBELTED_OCC_COUNT","UNB_DEATH_COUNT","UNB_SUSP_SERIOUS_INJ_COUNT","UNK_INJ_DEG_COUNT","UNK_INJ_PER_COUNT","URBAN_RURAL","VAN_COUNT","VEHICLE_COUNT","WEATHER1","WEATHER2","WORKERS_PRES","WORK_ZONE_IND","WORK_ZONE_LOC","WORK_ZONE_TYPE","WZ_CLOSE_DETOUR","WZ_FLAGGER","WZ_LAW_OFFCR_IND","WZ_LN_CLOSURE","WZ_MOVING","WZ_OTHER","WZ_SHLDER_MDN","WZ_WORKERS_INJ_KILLED"
"2022063592","1730","1","0","0","0","0","0","0","0","0","1","0","","02","5","2022","4","40.526153","-80.158293","1718","11","0","0","0","0","0","0","0","0","","0","0","0","","","1","N","0","","40 31:34.149","","0","80 09:29.853","8","0","0","0","2436","0","0","0","N","0","0","0","3","68B03","0","","1.0","","1","N","N","N","0","","0","0","2","","0","","","3","1","0","0","0","1","0","2","0","3","","03","","N","","","","","","","","","",""
"2022063175","1655","0","0","0","0","0","0","0","0","0","1","0","","02","6","2022","5","40.391132","-79.765778","1641","11","0","0","0","0","0","1","0","0","","0","0","0","","","0","N","1","","40 23:28.076","","0","79 45:56.802","0","0","0","1","2446","0","0","0","N","0","0","0","3","02446","0","","1.0","","1","N","N","N","0","","0","0","2","","0","","","3","0","0","0","0","0","0","2","0","3","","","","N","","","","","","","","","",""
"2022063393","0800","0","0","0","0","0","0","0","0","0","7","0","","02","7","2022","6","40.454011","-79.952718","0756","11","0","0","0","0","0","0","0","0","","0","0","0","","","1","N","1","","40 27:14.441","7","0","79 57:09.783","2","0","0","0","2301","0","0","0","N","0","0","0","1","02301","0","","5.0","1000.0","1","N","N","N","1","","0","1","0","","2","N","","1","1","0","0","0","0","0","2","0","1","","03","","N","","","","","","","","","",""
"2022065709","1920","1","0","0","0","0","0","0","0","0","7","0","","02","7","2022","1","40.452421","-80.17539","1920","11","0","0","0","0","0","0","0","0","","0","0","0","","","0","N","0","","40 27:08.715","","0","80 10:31.405","0","0","0","0","2214","0","0","0","N","0","0","0","1","68B03","0","","4.0","","9","N","N","N","0","","0","0","0","","0","","","1","0","0","0","0","0","0","2","0","1","","04","","N","","","","","","","","","",""
"2022063842","1859","1","0","0","0","0","0","0","0","0","1","0","","02","7","2022","2","40.426059","-79.895773","1859","11","0","0","0","0","1","1","0","0","","0","0","0","","","1","N","0","","40 25:33.812","3","0","79 53:44.782","4","0","0","0","2463","0","0","0","N","0","0","0","5","68B03","1","","1.0","1920.0","1","N","N","N","0","","0","0","1","","0","Y","","2","1","0","0","0","0","0","2","0","2","","","","N","","","","","","","","","",""
"2022065738","0715","1","0","0","0","0","0","0","0","0","7","0","","02","7","2022","1","40.338545","-79.961702","0712","11","0","0","0","0","0","0","0","0","","0","0","0","","","0","N","0","","40 20:18.762","3","0","79 57:42.127","0","0","0","0","2454","0","0","0","N","0","0","0","1","02454","0","","5.0","856.0","9","N","N","N","0","","0","0","0","","0","N","","1","0","0","0","0","0","0","2","0","1","","","","N","","","","","","","","","",""
"2022063513","0849","0","0","0","0","0","0","0","0","0","1","0","","02","7","2022","5","40.537299","-79.843529","0849","11","0","0","0","0","0","1","1","0","","0","0","0","","","0","N","0","","40 32:14.277","","0","79 50:36.706","0","0","0","0","2208","0","0","0","N","0","0","0","3","68D02","0","","1.0","","1","N","N","N","0","","0","0","2","","0","","","2","0","0","0","0","0","0","2","0","2","","03","","N","","","","","","","","","",""
"2022065440","1345","0","0","0","0","0","0","0","0","0","1","0","","02","7","2022","6","40.448978","-79.76246","1339","11","1","0","0","0","0","1","0","0","","0","0","0","","","1","N","0","","40 26:56.319","1","0","79 45:44.856","8","0","0","0","2446","0","0","0","N","0","0","0","4","02446","0","","1.0","1410.0","1","N","N","N","0","","0","0","2","","0","Y","","2","1","0","0","0","1","0","2","0","2","","03","","N","","","","","","","","","",""
"2022064631","0005","1","0","0","0","0","0","0","0","0","0","0","","02","7","2022","6","40.409375","-80.032082","0003","11","0","0","0","0","0","0","0","0","","0","0","0","","","0","N","1","","40 24:33.749","2","0","80 01:55.496","0","0","0","0","2301","0","0","0","N","0","0","0","0","02301","0","","1.0","318.0","1","N","N","N","0","","0","0","0","","0","Y","","1","0","0","0","0","0","0","2","0","1","","03","","N","","","","","","","","","",""
"2022064528","1755","3","0","0","0","0","0","0","0","0","4","0","","02","7","2022","4","40.391245","-80.021387","1752","11","0","0","0","0","0","1","0","0","","0","0","0","","","0","N","1","","40 23:28.482","","0","80 01:16.993","9","0","0","0","2301","0","0","0","N","0","0","0","3","02301","0","","1.0","","1","N","N","N","0","","0","0","0","","3","","","3","0","0","0","0","0","2","2","0","3","","03","","N","","","","","","","","","",""
"2022065045","1441","1","0","0","0","0","0","0","0","0","1","0","","02","7","2022","5","40.434745","-79.997278","1418","11","0","0","0","0","0","0","0","1","","0","0","0","","","0","N","0","","40 26:05.083","4","0","79 59:50.201","0","0","0","0","2301","0","0","0","N","0","0","0","2","68B03","0","","1.0","1430.0","1","N","N","N","0","","0","0","1","","0","N","","2","0","0","0","0","0","0","2","0","2","","03","","N","","","","","","","","","",""
"2022065996","0700","0","0","0","0","0","0","0","0","0","1","0","","02","7","2022","1","40.42828","-79.955269","0640","11","0","0","0","0","0","2","0","0","","0","0","0","","","0","N","0","","40 25:41.809","","0","79 57:18.969","0","0","0","0","2301","0","0","0","N","0","0","0","4","68B03","0","","1.0","","1","N","N","N","1","","0","0","2","","0","","","3","0","0","0","0","0","0","2","0","3","","03","","N","","","","","","","","","",""
"2022064262","2342","1","0","0","0","0","0","0","0","0","7","0","","02","7","2022","5","40.452282","-80.173728","2326","11","0","0","0","0","0","0","0","0","","0","0","0","","","0","N","0","","40 27:08.216","4","0","80 10:25.419","0","0","0","0","2214","0","0","0","Y","0","0","0","1","68B03","0","","4.0","9.0","1","N","N","N","0","","0","0","0","","0","N","","1","0","0","0","0","0","0","2","0","1","","","","N","","","","","","","","","",""
"2022023625","1250","2","0","0","0","0","0","0","0","0","1","0","","02","3","2022","6","40.362371","-79.826137","1246","11","0","0","0","0","0","0","1","0","","0","0","0","","","1","N","0","","40 21:44.534","","0","79 49:34.093","8","0","0","0","2111","0","0","0","N","0","0","0","2","02111","0","","1.0","","1","N","N","N","0","","0","0","0","","0","","","2","1","0","0","0","1","1","2","0","2","","03","","N","","","","","","","","","",""
"2022046449","0650","2","0","0","0","0","0","0","0","0","4","0","","02","5","2022","5","40.462041","-79.905711","0645","11","0","0","0","0","0","0","1","0","","0","0","0","","","0","N","0","","40 27:43.346","2","0","79 54:20.559","0","0","0","0","2301","0","0","0","N","0","0","0","3","02301","0","","1.0","725.0","1","N","N","N","0","","0","0","0","","0","N","","2","0","0","0","0","0","0","2","0","2","","","","N","","","","","","","","","",""
"2022064115","1803","1","0","0","0","0","0","0","0","0","2","0","","02","7","2022","2","40.449135","-80.119361","1800","11","0","0","0","0","0","1","0","0","","0","0","0","","","2","","2","","40 26:56.886","","0","80 07:09.698","3","0","0","0","2115","0","0","0","N","0","0","0","3","02115","0","","1.0","","1","N","N","N","0","","2","0","1","","2","","","2","2","0","0","0","0","0","2","0","2","","03","","N","","","","","","","","","",""
"2022056564","2121","1","0","0","0","0","0","1","0","0","6","1","","02","6","2022","6","40.463185","-79.976242","2112","11","0","0","0","0","0","0","0","0","","0","0","0","","","1","N","0","","40 27:47.466","3","3","79 58:34.472","8","0","0","0","2301","0","0","0","N","0","0","0","2","02301","0","","1.0","2351.0","1","N","N","N","0","","0","0","0","","2","Y","","2","1","0","0","0","1","1","2","0","2","","","","N","","","","","","","","","",""
"2022063861","2120","2","0","0","0","0","0","0","0","0","1","0","","02","7","2022","5","40.42566","-79.911029","2104","11","0","0","0","0","0","0","1","0","","0","0","0","","","1","N","0","","40 25:32.375","","0","79 54:39.703","4","0","0","0","2301","0","0","0","N","0","0","0","5","68B03","1","","1.0","","1","N","N","N","0","","0","0","2","","0","","","4","1","0","0","0","0","0","2","0","4","","03","","N","","","","","","","","","",""
"2022065521","1814","0","0","0","0","0","0","0","0","0","7","0","","02","7","2022","3","40.338361","-79.984222","1811","11","0","0","0","0","0","0","0","0","","0","0","0","","","1","N","0","","40 20:18.100","7","0","79 59:03.200","8","0","0","0","2403","0","0","0","N","0","0","0","1","02403","0","","5.0","1910.0","1","N","N","N","0","","0","0","1","","0","Y","","1","1","1","0","0","1","0","2","0","1","","","","N","","","","","","","","","",""
"2022058763","0526","8","0","0","0","0","0","0","0","0","5","0","","02","6","2022","7","40.426174","-79.927698","0521","11","0","0","0","0","0","0","0","0","","0","0","0","","","2","N","0","","40 25:34.228","","0","79 55:39.711","3","0","0","0","2301","0","0","0","N","0","0","0","2","02301","0","","1.0","","1","N","N","N","0","","1","0","0","","0","","","8","2","0","0","0","1","0","2","0","8","","03","","N","","","","","","","","","",""
"2022064041","0820","1","0","0","0","0","0","0","0","0","7","0","","02","7","2022","3","40.473146","-80.015561","0815","11","0","0","0","0","0","0","0","0","","0","0","0","","","0","N","0","","40 28:23.325","2","7","80 00:56.019","0","0","0","0","2301","0","0","0","N","0","0","0","1","02301","0","","5.0","845.0","1","N","N","N","0","","0","0","0","","0","N","","1","0","0","0","0","0","0","2","0","1","","03","","N","","","","","","","","","",""
"2022060366","0538","0","0","0","0","0","0","0","0","0","7","0","","02","6","2022","5","40.385422","-79.977332","0533","11","0","0","0","0","0","0","0","0","","0","0","0","","","0","","2","","40 23:07.519","2","0","79 58:38.395","0","0","0","0","2301","0","0","0","N","0","0","0","1","02301","0","","4.0","600.0","1","N","N","N","0","","0","0","1","","0","N","","1","0","0","0","0","0","0","2","0","1","","03","","N","","","","","","","","","",""
"2022065459","1302","0","0","0","0","0","0","0","0","0","1","0","","02","7","2022","6","40.511459","-80.10094","1302","11","0","0","1","0","0","0","0","0","","0","0","0","","","0","N","1","","40 30:41.251","2","0","80 06:03.383","0","0","0","0","2429","0","0","0","N","0","0","0","4","02215","0","","1.0","1325.0","1","N","N","N","0","","0","0","2","","2","N","","2","0","0","0","0","0","0","2","0","2","","03","","N","","","","","","","","","",""
"2022066002","2020","1","0","0","0","0","0","0","0","0","7","0","","02","7","2022","1","40.645921","-80.095895","2003","11","0","0","0","0","1","0","0","0","","0","0","0","","","0","N","0","","40 38:45.314","","0","80 05:45.223","0","0","0","0","2212","0","0","0","Y","0","0","0","1","68B03","0","","4.0","","9","N","N","N","0","","0","0","0","","0","","","1","0","0","0","0","0","0","2","0","1","","07","","N","","","","","","","","","",""
"2022030390","","0","0","0","0","0","0","0","0","0","7","0","","02","3","2022","7","40.369444","-80.174528","","11","0","0","0","0","0","0","0","0","","0","0","0","","","0","N","0","","40 22:10.000","","0","80 10:28.300","0","0","0","0","2119","0","0","0","N","0","0","0","1","00000","0","","4.0","","7","","","N","0","","0","0","1","","0","","","1","0","0","0","0","0","0","2","0","1","","","","N","","","","","","","","","",""
"2022062874","2245","1","0","0","0","0","0","0","0","0","8","0","","02","6","2022","3","40.442633","-80.067761","2244","11","0","0","0","0","0","0","0","0","","0","0","0","","","1","N","0","","40 26:33.480","","0","80 04:03.940","3","0","0","0","2439","1","0","0","N","1","0","0","2","02439","0","","1.0","","1","N","N","N","0","","1","0","0","","0","","","2","1","0","0","0","0","1","2","0","1","","","","N","","","","","","","","","",""
"2022063921","1448","1","0","0","0","0","0","0","0","0","1","0","","02","7","2022","2","40.506815","-80.006931","1444","11","0","0","0","0","0","1","0","0","","0","0","0","","","2","","1","","40 30:24.534","2","0","80 00:24.952","3","0","0","0","2116","0","0","0","N","0","0","0","2","02116","0","","1.0","1540.0","1","N","N","N","0","","2","0","1","","2","N","","2","2","0","0","0","0","0","2","0","2","","","","N","","","","","","","","","",""
"2022064437","1427","0","0","0","0","0","0","0","0","0","1","0","","02","6","2022","4","40.667361","-80.096376","1419","11","0","0","0","0","0","2","0","0","","0","0","0","","","1","N","2","","40 40:02.499","","0","80 05:46.955","3","0","0","0","2212","0","0","0","N","0","0","0","2","02505","0","","1.0","","1","N","N","N","0","","1","0","0","","1","","","2","1","0","0","0","0","0","2","2","2","","03","","N","","","","","","","","","",""
"2022062164","0725","1","0","0","0","0","0","0","0","0","4","1","","02","7","2022","4","40.413633","-80.083664","0718","11","0","0","0","0","0","0","0","0","","0","1","0","","","0","N","0","","40 24:49.080","5","99","80 05:01.190","0","0","0","0","2415","0","0","0","N","0","0","0","3","02415","0","","1.0","837.0","1","N","N","N","0","","0","0","0","","0","N","","2","0","1","0","0","0","0","2","0","2","","03","","N","","","","","","","","","",""
"2022059632","0831","1","0","0","0","0","0","0","0","0","1","0","","02","6","2022","3","40.456669","-79.93959","0825","11","0","0","0","0","0","1","0","0","","0","0","0","","","0","","1","","40 27:24.007","2","0","79 56:22.523","0","0","0","0","2301","0","0","0","N","0","0","0","2","02301","0","","1.0","915.0","1","N","N","N","0","","0","0","1","","2","N","","2","0","0","0","0","0","0","2","0","2","","","","N","","","","","","","","","",""
"2022064527","1700","1","0","0","0","0","0","0","0","0","5","0","","02","7","2022","4","40.413464","-80.042733","1650","11","0","0","0","0","0","0","0","0","","0","0","0","","","0","N","1","","40 24:48.470","","0","80 02:33.838","0","0","0","0","2301","0","0","0","N","0","0","0","4","02301","0","","1.0","","1","N","N","N","0","","0","0","1","","3","","","2","0","0","0","0","0","0","2","0","2","","03","","N","","","","","","","","","",""
"2022061540","0959","2","0","0","0","0","0","0","0","0","1","0","","02","7","2022","3","40.456569","-79.962038","0947","11","0","0","0","0","0","0","0","0","","0","0","0","","","0","N","0","","40 27:23.648","","0","79 57:43.335","9","0","0","0","2301","0","0","0","N","0","0","0","1","02301","0","","1.0","","9","N","N","N","1","","0","0","0","","0","","","3","0","0","0","0","0","1","2","0","3","","07","","N","","","","","","","","","",""
"2022060147","1136","0","0","0","0","0","0","0","0","0","3","1","","02","6","2022","4","40.462091","-79.897569","1131","11","0","0","0","0","0","0","0","0","","0","1","0","","","1","N","1","","40 27:43.527","5","0","79 53:51.248","8","0","0","0","2301","0","0","0","N","0","0","0","2","02301","0","","1.0","1210.0","1","N","N","N","0","","0","0","1","","3","N","","2","1","0","0","0","1","0","2","0","2","","","","N","","","","","","","","","",""
"2022063590","1717","2","0","0","0","0","0","0","0","0","1","0","","02","4","2022","1","40.441326","-80.009184","1717","11","0","0","0","0","0","1","0","0","","0","0","0","","","0","","7","","40 26:28.772","","2","80 00:33.061","9","0","0","0","2301","0","0","0","N","0","0","0","3","68B03","0","","1.0","","1","N","N","N","0","","0","0","0","","0","","","3","0","0","0","0","0","1","2","0","3","","","","N","","","","","","","","","",""
"2022063851","1748","0","0","0","0","0","0","0","0","0","7","0","","02","7","2022","4","40.468765","-80.234186","1746","11","0","0","0","0","0","1","0","0","","0","0","0","","","0","N","0","","40 28:07.555","","0","80 14:03.070","0","0","0","0","2203","0","0","0","N","0","0","0","1","68B03","0","","4.0","","9","N","N","N","0","","0","0","1","","0","","","1","0","0","0","0","0","0","2","0","1","","","","N","","","","","","","","","",""
"2022063358","0216","0","0","0","0","0","0","0","0","0","1","0","","02","7","2022","1","40.449405","-79.803475","0210","11","0","0","0","0","0","0","0","0","","0","0","0","","","0","N","0","","40 26:57.858","","0","79 48:12.510","9","0","0","0","2113","0","0","0","N","0","0","0","1","02113","0","","1.0","","1","N","N","N","1","","0","0","2","","0","","","3","0","0","0","0","0","1","2","0","3","","03","","N","","","","","","","","","",""
"2022065888","2000","1","0","0","0","0","0","0","0","0","7","0","","02","6","2022","3","40.467741","-80.238117","1951","11","0","0","0","0","0","1","0","0","","0","0","0","","","1","N","0","","40 28:03.868","","0","80 14:17.221","3","0","0","0","2203","0","0","0","N","0","0","0","1","68B03","0","","4.0","","9","N","N","N","0","","1","0","0","","0","","","1","1","0","0","0","0","0","2","0","1","","07","","N","","","","","","","","","",""
"2022062069","0513","0","0","0","0","0","0","0","0","0","5","1","","02","7","2022","4","40.432372","-79.864851","0508","11","0","0","0","0","0","1","1","0","","0","1","0","","","1","N","3","","40 25:56.539","4","0","79 51:53.464","3","0","0","0","2431","0","0","0","N","0","0","0","2","02431","0","","1.0","600.0","1","N","N","N","0","","1","0","1","","0","N","","2","1","0","0","0","0","0","2","0","2","","03","","N","","","","","","","","","",""
"2022063595","0918","0","0","0","0","0","0","0","0","0","7","1","","02","6","2022","6","40.42738","-79.922582","0918","11","0","0","0","0","0","0","0","0","","0","0","0","","","1","N","0","","40 25:38.569","3","4","79 55:21.295","3","0","0","0","2301","0","0","0","N","0","0","0","1","68B03","0","","2.0","1130.0","1","N","N","N","1","","1","0","0","","0","Y","","1","1","0","0","0","0","0","2","0","1","","","","N","","","","","","","","","",""
"2022065311","1320","2","0","0","0","0","0","0","0","0","4","0","","02","7","2022","6","40.58679","-80.045018","1316","11","0","0","0","1","0","0","1","0","","0","0","0","","","0","","1","","40 35:12.445","","0","80 02:42.064","0","0","0","0","2108","0","0","0","N","0","0","0","2","02108","0","","1.0","","1","","","N","0","","0","0","0","","2","","","2","0","0","0","0","0","0","2","0","2","","03","","N","","","","","","","","","",""
"2022056247","2325","0","0","0","0","0","0","0","0","0","1","0","","02","6","2022","5","40.383454","-79.930777","2319","11","0","0","0","0","0","0","1","0","","0","1","0","","","0","N","1","","40 23:00.435","","0","79 55:50.797","9","0","0","0","2301","0","0","0","N","0","0","0","3","02301","0","","1.0","","1","N","N","N","1","","0","0","1","","2","","","3","0","0","0","0","0","1","2","0","3","","03","","N","","","","","","","","","",""
"2022066206","0949","1","0","0","0","0","0","0","0","0","1","0","","02","6","2022","3","40.380271","-80.052555","0949","11","0","0","0","0","0","0","0","1","","0","0","0","","","0","","1","","40 22:48.976","","0","80 03:09.199","0","0","0","0","2109","0","0","0","N","0","0","0","3","02109","0","","1.0","","9","N","N","N","0","","0","0","1","","2","","","2","0","0","0","0","0","0","2","0","2","","","","N","","","","","","","","","",""
"2022064623","1818","1","0","0","0","0","0","0","0","0","2","1","","02","7","2022","4","40.496018","-80.007926","1803","11","0","0","0","0","0","0","0","0","","0","0","0","","","0","N","1","","40 29:45.666","","0","80 00:28.534","0","0","0","0","2301","0","0","0","N","0","0","0","2","02301","0","","1.0","","1","N","N","N","1","","0","0","0","","3","","","2","0","0","0","0","0","0","2","0","2","","03","","N","","","","","","","","","",""
"2022065102","1336","2","0","0","0","0","0","0","0","0","7","0","","02","7","2022","6","40.484182","-79.819301","1330","11","0","0","0","0","0","0","0","0","","0","0","0","","","0","N","1","","40 29:03.056","","0","79 49:09.482","0","0","0","0","2113","0","0","0","N","0","0","0","2","02113","0","","4.0","","1","N","N","N","0","","0","0","0","","2","","","2","0","0","0","0","0","0","2","0","2","","03","","N","","","","","","","","","",""
"2022060607","1719","2","0","0","0","0","0","0","0","0","5","0","","02","6","2022","5","40.449051","-79.987084","1651","11","0","0","0","0","0","0","0","0","","0","0","0","","","0","N","0","","40 26:56.584","","0","79 59:13.501","0","0","0","0","2301","0","0","0","N","0","0","0","4","02301","0","","6.0","","1","N","N","N","0","","0","0","0","","0","N","","2","0","0","0","0","0","0","2","0","2","","03","","N","","","","","","","","","",""
"2022056829","2318","2","0","1","0","0","0","0","0","0","6","0","","02","6","2022","7","40.580106","-80.067476","2311","11","0","0","0","0","0","0","0","0","","0","0","0","","","1","N","0","","40 34:48.381","","0","80 04:02.913","2","0","0","0","2481","0","0","0","N","0","0","0","1","02481","0","","1.0","","1","N","N","N","0","","0","1","0","","0","","","2","1","0","0","0","0","0","2","0","2","","03","","N","","","","","","","","","",""
"2022062998","1922","1","0","0","0","0","0","0","0","0","7","0","","02","7","2022","2","40.652527","-79.946803","1911","11","0","0","0","0","1","0","0","0","","0","0","0","","","0","N","0","","40 39:09.097","","0","79 56:48.490","0","0","0","0","2217","0","0","0","N","0","0","0","1","02505","0","","4.0","","1","N","N","N","0","","0","0","0","","0","","","1","0","0","0","0","0","0","2","0","1","","","","N","","","","","","","","","",""
"2022064425","0257","2","0","0","0","0","0","0","0","0","1","0","","02","7","2022","7","40.360948","-79.832893","0254","11","0","0","0","0","0","0","0","0","","0","0","0","","","1","","2","","40 21:39.412","5","0","79 49:58.414","3","0","0","0","2304","0","0","0","N","0","0","0","1","02304","0","","2.0","351.0","1","N","N","N","0","","1","0","0","","0","N","","2","1","0","0","0","0","0","2","0","2","","03","","N","","","","","","","","","",""
"2022045706","2012","1","0","0","0","0","0","0","0","0","7","0","","02","5","2022","6","40.635618","-79.980104","2000","11","0","0","0","0","0","0","0","0","","0","0","0","","","0","N","0","","40 38:08.223","","0","79 58:48.376","9","0","0","0","2217","0","0","0","N","0","0","0","2","02505","0","","5.0","","1","N","N","N","0","","0","0","0","","0","","","1","0","0","0","0","0","2","1","0","1","","03","","N","","","","","","","","","",""
"2022063339","0200","0","0","0","0","0","0","0","0","0","7","0","","02","7","2022","1","40.460291","-79.873241","0150","11","0","0","0","0","0","0","0","0","","0","0","0","","","1","N","0","","40 27:37.046","3","0","79 52:23.669","3","0","0","0","2301","0","0","0","N","0","0","0","1","02301","0","","5.0","400.0","1","N","N","N","0","","1","0","1","","0","N","","1","1","0","0","0","0","0","2","0","1","","","","N","","","","","","","","","",""
"2022063805","1828","0","0","0","0","0","0","0","0","0","8","0","","02","6","2022","2","40.481095","-80.00716","1822","11","0","0","0","0","0","0","0","0","","0","0","0","","","1","N","0","","40 28:51.941","1","0","80 00:25.776","2","0","0","0","2301","1","0","1","N","1","0","1","2","68B03","0","","1.0","1852.0","1","N","N","Y","0","","0","1","0","","0","N","","2","1","0","0","0","0","0","2","0","1","","","","N","","","","","","","","","",""
"2022063828","0140","1","0","0","0","0","0","0","0","0","1","0","55","02","6","2022","3","40.427281","-79.952219","0126","11","0","0","0","0","0","0","1","0","","0","1","0","","","0","N","0","","40 25:38.211","3","0","79 57:07.989","9","0","0","0","2301","0","0","0","N","0","0","0","4","68B03","0","","1.0","225.0","1","N","N","N","0","","0","0","0","","0","N","","3","0","0","0","0","0","1","2","0","3","","","Y","Y","4","2","N","N","N","Y","N","N","N","N"
"2022064937","1431","0","0","0","0","0","0","0","0","0","1","1","55","02","7","2022","4","40.442906","-79.753242","1412","11","0","0","0","0","0","0","0","1","","0","1","0","","","0","N","0","","40 26:34.460","","0","79 45:11.671","0","0","0","0","2446","0","0","0","N","0","0","0","2","68T02","0","","1.0","","1","N","N","N","0","","0","0","1","","0","","","2","0","0","0","0","0","0","2","0","2","","","N","Y","4","1","","","N","","","","Y","N"
"2022059274","0821","3","0","0","0","0","0","0","0","0","4","0","","02","6","2022","3","40.458149","-79.934572","0818","11","0","0","0","0","0","0","0","1","","0","0","0","","","0","N","1","","40 27:29.338","","0","79 56:04.458","0","0","0","0","2301","0","0","0","N","0","0","0","3","02301","0","","1.0","","1","N","N","Y","0","","0","0","0","","1","","","3","0","0","0","0","0","0","2","0","3","","03","","N","","","","","","","","","",""
"2022063627","0720","1","0","0","0","0","0","1","0","0","4","1","","02","7","2022","2","40.396522","-79.987565","0710","11","0","0","0","0","0","1","0","0","","0","0","0","","","0","N","0","","40 23:47.478","2","0","79 59:15.235","0","0","0","0","2301","0","0","0","N","0","0","0","1","02503","0","","2.0","745.0","1","N","N","N","0","","0","0","0","","0","N","","2","0","0","0","0","0","0","2","0","2","","","","N","","","","","","","","","",""
"2022067428","0639","1","0","0","0","0","0","0","0","0","7","0","","02","6","2022","5","40.530574","-79.939733","0635","11","0","0","0","0","0","0","0","0","","0","0","0","","","1","N","0","","40 31:50.067","5","0","79 56:23.037","2","0","0","0","2118","0","0","0","N","0","0","0","1","02118","0","","2.0","745.0","1","N","N","N","0","","0","1","0","","8","Y","","1","1","1","0","1","0","0","2","0","1","","","","N","","","","","","","","","",""
"2022066991","0745","1","0","0","0","0","0","0","0","0","1","0","","02","7","2022","4","40.373441","-80.048832","0744","11","0","0","0","0","0","0","0","0","","0","0","0","","","1","","2","","40 22:24.386","","0","80 02:55.796","8","0","0","0","2109","0","0","0","N","0","0","0","2","02109","0","","1.0","","1","N","N","N","1","","0","0","0","","2","","","2","1","1","0","0","1","0","2","0","2","","03","","N","","","","","","","","","",""
"2022065126","1400","0","0","0","0","0","0","0","0","0","8","0","","02","7","2022","6","40.421807","-79.992333","1400","11","0","0","0","0","0","0","0","0","","0","0","0","","","1","","1","","40 25:18.506","","0","79 59:32.400","4","0","0","0","2301","1","0","0","N","1","0","0","2","02301","1","","1.0","","1","N","N","N","1","","0","0","0","","2","N","","2","1","0","0","0","0","0","2","0","1","","03","","Y","","","","","","","","","",""
"2022067818","0100","0","0","0","0","0","0","0","0","0","7","0","","02","7","2022","1","40.486436","-79.942726","0054","11","0","0","0","0","0","0","0","0","","0","0","0","","","0","N","0","","40 29:11.169","","0","79 56:33.813","0","0","0","0","2301","0","0","0","N","0","0","0","1","02301","0","","5.0","","1","N","N","N","0","","0","0","1","","0","","","1","0","0","0","0","0","0","2","0","1","","03","","N","","","","","","","","","",""
"2022064746","0855","2","0","0","0","0","0","0","0","0","4","0","","02","7","2022","5","40.458999","-79.833963","0851","11","0","0","0","0","0","0","0","0","","0","0","0","","","1","N","1","","40 27:32.397","","0","79 50:02.265","4","0","0","0","2113","0","0","0","N","0","0","0","2","02113","1","","1.0","","1","N","N","N","0","","0","0","0","","0","","","2","1","1","0","0","0","0","2","0","2","","","","N","","","","","","","","","",""
"2022066551","1934","1","0","0","0","0","0","0","0","0","7","0","","02","7","2022","6","40.510449","-80.048737","1920","11","0","0","0","0","0","0","0","0","","0","0","0","","","0","N","0","","40 30:37.615","1","0","80 02:55.453","0","0","0","0","2116","0","0","0","Y","0","0","0","1","68B03","0","","2.0","2000.0","1","N","N","N","0","","0","0","0","","0","N","","1","0","0","0","0","0","0","2","0","1","","03","","N","","","","","","","","","",""