"CRN","ARRIVAL_TM","AUTOMOBILE_COUNT","BELTED_DEATH_COUNT","BELTED_SUSP_SERIOUS_INJ_COUNT","BICYCLE_COUNT","BICYCLE_DEATH_COUNT","BICYCLE_SUSP_SERIOUS_INJ_COUNT","BUS_COUNT","CHLDPAS_DEATH_COUNT","CHLDPAS_SUSP_SERIOUS_INJ_COUNT","COLLISION_TYPE","COMM_VEH_COUNT","CONS_ZONE_SPD_LIM","COUNTY","CRASH_MONTH","CRASH_YEAR","DAY_OF_WEEK","DEC_LATITUDE","DEC_LONGITUDE","DISPATCH_TM","DISTRICT","DRIVER_COUNT_16YR","DRIVER_COUNT_17YR","DRIVER_COUNT_18YR","DRIVER_COUNT_19YR","DRIVER_COUNT_20YR","DRIVER_COUNT_50_64YR","DRIVER_COUNT_65_74YR","DRIVER_COUNT_75PLUS","EST_HRS_CLOSED","FATAL_COUNT","HEAVY_TRUCK_COUNT","HORSE_BUGGY_COUNT","HOUR_OF_DAY","ILLUMINATION","INJURY_COUNT","INTERSECTION_RELATED","INTERSECT_TYPE","LANE_CLOSED","LATITUDE","LN_CLOSE_DIR","LOCATION_TYPE","LONGITUDE","MAX_SEVERITY_LEVEL","MCYCLE_DEATH_COUNT","MCYCLE_SUSP_SERIOUS_INJ_COUNT","MOTORCYCLE_COUNT","MUNICIPALITY","NONMOTR_COUNT","NONMOTR_DEATH_COUNT","NONMOTR_SUSP_SERIOUS_INJ_COUNT","NTFY_HIWY_MAINT","PED_COUNT","PED_DEATH_COUNT","PED_SUSP_SERIOUS_INJ_COUNT","PERSON_COUNT","POLICE_AGCY","POSSIBLE_INJ_COUNT","RDWY_SURF_TYPE_CD","RELATION_TO_ROAD","ROADWAY_CLEARED","ROAD_CONDITION","SCH_BUS_IND","SCH_ZONE_IND","SECONDARY_CRASH","SMALL_TRUCK_COUNT","SPEC_JURIS_CD","SUSP_MINOR_INJ_COUNT","SUSP_SERIOUS_INJ_COUNT","SUV_COUNT","TCD_FUNC_CD","TCD_TYPE","TFC_DETOUR_IND","TIME_OF_DAY","TOTAL_UNITS","TOT_INJ_COUNT","UNBELTED_OCC_COUNT","UNB_DEATH_COUNT","UNB_SUSP_SERIOUS_INJ_COUNT","UNK_INJ_DEG_COUNT","UNK_INJ_PER_COUNT","URBAN_RURAL","VAN_COUNT","VEHICLE_COUNT","WEATHER1","WEATHER2","WORKERS_PRES","WORK_ZONE_IND","WORK_ZONE_LOC","WORK_ZONE_TYPE","WZ_CLOSE_DETOUR","WZ_FLAGGER","WZ_LAW_OFFCR_IND","WZ_LN_CLOSURE","WZ_MOVING","WZ_OTHER","WZ_SHLDER_MDN","WZ_WORKERS_INJ_KILLED"
"2022070616","2157","2","0","0","0","0","0","0","0","0","1","0","","02","8","2022","2","40.368329","-79.816621","2152","11","0","0","0","0","0","0","0","0","","0","0","0","","","0","N","3","","40 22:05.985","","0","79 48:59.836","0","0","0","0","2111","0","0","0","N","0","0","0","3","02111","0","","1.0","","9","N","N","N","0","","0","0","0","","0","","","2","0","0","0","0","0","0","2","0","2","","03","","N","","","","","","","","","",""
"2022071109","0347","1","0","0","0","0","0","0","0","0","7","0","","02","8","2022","4","40.352454","-79.853222","0345","11","0","0","0","0","0","0","0","0","","0","0","0","","","0","","2","","40 21:08.834","","0","79 51:11.600","0","0","0","0","2304","0","0","0","N","0","0","0","1","02304","0","","2.0","","1","N","N","N","0","","0","0","0","","0","","","1","0","0","0","0","0","0","2","0","1","","","","N","","","","","","","","","",""
"2022070623","1615","0","0","0","0","0","0","0","0","0","1","0","","02","8","2022","3","40.410916","-80.031241","1608","11","0","0","0","0","0","1","0","0","","0","0","0","","","0","N","1","","40 24:39.297","","0","80 01:52.469","0","0","0","0","2301","0","0","0","N","0","0","0","2","02301","0","","1.0","","1","N","N","N","2","","0","0","0","","0","","","2","0","0","0","0","0","0","2","0","2","","03","","N","","","","","","","","","",""
"2022071275","1522","1","0","0","0","0","0","0","0","0","2","0","","02","8","2022","5","40.354374","-79.83627","1516","11","0","0","0","0","0","1","0","0","","0","0","0","","","1","N","0","","40 21:15.748","4","7","79 50:10.571","4","0","0","0","2304","0","0","0","N","0","0","0","2","02304","1","","1.0","1543.0","1","N","N","N","0","","0","0","1","","2","Y","","2","1","0","0","0","0","0","2","0","2","","","","N","","","","","","","","","",""
"2022070245","1429","2","0","0","0","0","0","0","0","0","4","0","","02","8","2022","2","40.418791","-80.201991","1426","11","0","0","0","0","0","0","0","0","","0","0","0","","","1","N","0","","40 25:07.647","5","0","80 12:07.169","8","0","0","0","2214","0","0","0","N","0","0","0","3","02214","0","","1.0","1500.0","1","N","N","N","0","","0","0","0","","0","Y","","2","1","0","0","0","1","0","1","0","2","","","","N","","","","","","","","","",""
"2022073217","0310","1","0","0","0","0","0","0","0","0","7","0","","02","8","2022","5","40.422798","-79.991789","0306","11","0","0","0","0","0","0","0","0","","0","0","0","","","1","N","2","","40 25:22.071","","0","79 59:30.441","3","0","0","0","2301","0","0","0","N","0","0","0","1","02301","0","","2.0","","1","N","N","N","0","","1","0","0","","0","","","1","1","0","0","0","0","0","2","0","1","","03","","N","","","","","","","","","",""
"2022071433","2247","1","0","1","0","0","0","0","0","0","4","0","","02","8","2022","5","40.336534","-79.971283","2243","11","0","0","0","0","0","0","0","0","","0","0","0","","","1","","2","","40 20:11.522","5","0","79 58:16.619","2","0","0","0","2454","0","0","0","N","0","0","0","4","02454","0","","1.0","2310.0","1","N","N","N","0","","0","1","1","","0","Y","","2","1","0","0","0","0","0","2","0","2","","","","N","","","","","","","","","",""
"2022070462","1642","1","0","0","0","0","0","0","0","0","1","0","","02","8","2022","2","40.312063","-79.893996","1638","11","0","0","0","0","1","1","0","0","","0","0","0","","","0","","11","","40 18:43.426","1","0","79 53:38.384","0","0","0","0","2302","0","0","0","N","0","0","0","3","02302","0","","1.0","1705.0","1","N","N","N","0","","0","0","1","","0","N","","2","0","0","0","0","0","0","2","0","2","","","","N","","","","","","","","","",""
"2022071006","1729","1","0","0","0","0","0","0","0","0","1","0","","02","7","2022","2","40.435514","-79.967785","1720","11","0","0","0","0","0","0","0","0","","0","0","0","","","2","N","0","","40 26:07.849","","0","79 58:04.027","3","0","0","0","2301","0","0","0","N","0","0","0","3","68B03","0","","1.0","","1","N","N","N","0","","2","0","2","","0","","","3","2","0","0","0","0","0","2","0","3","","03","","N","","","","","","","","","",""
"2022070451","0332","1","0","0","0","0","0","0","0","0","7","0","","02","7","2022","2","40.318019","-80.027496","0325","11","0","0","0","0","0","0","0","0","","0","0","0","","","0","N","0","","40 19:04.869","","0","80 01:38.984","0","0","0","0","2407","0","0","0","N","0","0","0","2","02407","0","","2.0","","1","N","N","Y","0","","0","0","0","","0","","","1","0","0","0","0","0","0","2","0","1","","","","N","","","","","","","","","",""
"2022070784","0240","1","0","0","0","0","0","0","0","0","7","0","","02","8","2022","4","40.494979","-79.833254","0235","11","0","0","0","0","0","0","0","0","","0","0","0","","","0","N","0","","40 29:41.925","","0","79 49:59.714","0","0","0","0","2113","0","0","0","N","0","0","0","1","02113","0","","5.0","","1","N","N","N","0","","0","0","0","","0","","","1","0","0","0","0","0","0","2","0","1","","","","N","","","","","","","","","",""
"2022071078","1922","2","0","0","0","0","0","0","0","0","2","0","","02","8","2022","4","40.555092","-80.038818","1915","11","0","0","0","0","0","0","0","0","","0","0","0","","","0","N","0","","40 33:18.330","","7","80 02:19.745","0","0","0","0","2108","0","0","0","N","0","0","0","2","02108","0","","1.0","","1","N","N","N","0","","0","0","0","","0","","","2","0","0","0","0","0","0","2","0","2","","","","N","","","","","","","","","",""
"2022054631","2158","2","0","0","0","0","0","0","0","0","1","0","","02","5","2022","6","40.565805","-80.211088","2158","11","0","0","0","0","0","0","0","0","","0","0","0","","","0","N","2","","40 33:56.899","","0","80 12:39.917","0","0","0","0","2441","0","0","0","N","0","0","0","2","02441","0","","1.0","","1","N","N","N","0","","0","0","0","","0","N","","2","0","1","0","0","0","0","2","0","2","","03","","N","","","","","","","","","",""
"2022071289","1835","0","0","0","0","0","0","0","0","0","4","1","","02","7","2022","6","40.523084","-80.177503","1831","11","0","0","0","0","0","1","0","0","","0","1","0","","","1","","1","","40 31:23.102","","0","80 10:39.011","3","0","0","0","2213","0","0","0","N","0","0","0","8","02213","0","","1.0","","1","N","N","N","1","","1","0","0","","2","","","2","1","1","0","0","0","0","2","0","2","","","","N","","","","","","","","","",""
"2022069959","1509","1","0","0","0","0","0","0","0","0","1","0","","02","7","2022","7","40.387324","-79.828288","1508","11","0","0","0","0","0","1","0","0","","0","0","0","","","0","N","2","","40 23:14.366","","0","79 49:41.836","0","0","0","0","2111","0","0","0","N","0","0","0","10","02111","0","","1.0","","1","N","N","Y","0","","0","0","2","","0","","","3","0","0","0","0","0","0","2","0","3","","03","","N","","","","","","","","","",""
"2022071684","1511","0","0","0","0","0","0","0","0","0","8","0","","02","8","2022","6","40.434157","-79.927603","1509","11","0","0","0","0","0","0","0","0","","0","0","0","","","1","","1","","40 26:02.965","","0","79 55:39.370","3","0","0","0","2301","1","0","0","N","1","0","0","2","02301","0","","1.0","","1","N","N","N","0","","1","0","0","","9","","","2","1","0","0","0","0","0","2","0","1","","03","","N","","","","","","","","","",""
"2022071184","0810","2","0","0","0","0","0","0","0","0","2","0","","02","8","2022","5","40.440146","-79.96674","0807","11","0","0","0","0","0","0","0","0","","0","0","0","","","0","N","2","","40 26:24.524","","0","79 58:00.264","9","0","0","0","2301","0","0","0","N","0","0","0","1","02301","0","","1.0","","1","N","N","Y","0","","0","0","1","","0","","","3","0","0","0","0","0","1","2","0","3","","98","","N","","","","","","","","","",""
"2022073411","1812","2","0","0","0","0","0","0","0","0","5","0","","02","8","2022","5","40.362533","-80.011442","1810","11","0","0","0","0","0","0","0","1","","0","1","0","","","0","N","0","","40 21:45.120","4","0","80 00:41.190","0","0","0","0","2416","0","0","0","N","0","0","0","4","02416","0","","1.0","1915.0","1","N","N","N","0","","0","0","0","","0","N","","3","0","0","0","0","0","0","2","0","3","","03","","N","","","","","","","","","",""
"2022072594","1124","1","0","0","0","0","0","0","0","0","8","0","","02","8","2022","3","40.447435","-79.942465","1122","11","0","0","0","0","0","0","0","0","","0","0","0","","","1","N","1","","40 26:50.767","","0","79 56:32.873","3","0","0","0","2301","1","0","0","N","1","0","0","2","02301","0","","1.0","","1","N","N","N","0","","1","0","0","","0","","","2","1","0","0","0","0","0","2","0","1","","07","","N","","","","","","","","","",""
"2022072982","0325","0","0","0","0","0","0","0","0","0","7","0","99","02","7","2022","7","40.350889","-79.927022","0325","11","0","0","0","0","0","0","0","0","","1","0","0","","","1","N","0","","40 21:03.200","1","0","79 55:37.280","1","0","0","0","2473","0","0","0","N","0","0","0","2","02501","0","2","3.0","1000.0","1","N","N","N","0","0","0","1","1","","7","Y","","1","1","2","1","1","0","0","2","0","1","","03","Y","Y","8","1","","Y","U","","","","","N"
"2022053978","0531","1","0","0","0","0","0","0","0","0","8","0","","02","6","2022","5","40.413062","-79.845092","0529","11","0","0","0","0","0","0","1","0","","1","0","0","","","1","","2","","40 24:47.023","3","0","79 50:42.331","1","0","0","0","2431","1","1","0","N","1","1","0","2","02431","0","2","1.0","759.0","9","N","N","N","0","0","1","0","0","","2","Y","","2","1","0","0","0","0","0","2","0","1","","03","","N","","","","","","","","","",""
"2022072585","0445","2","0","0","0","0","0","0","0","0","7","0","","02","8","2022","7","40.371358","-79.860787","0440","11","0","0","0","0","0","0","0","0","","0","0","0","","","2","N","0","","40 22:16.889","7","0","79 51:38.832","8","0","0","0","2473","0","0","0","N","0","0","0","2","02473","0","","5.0","600.0","1","N","N","N","0","","0","0","0","","0","N","","2","2","0","0","0","2","0","2","0","2","","03","","N","","","","","","","","","",""
"2022063179","0927","0","0","0","0","0","0","0","0","0","7","0","","02","7","2022","7","40.285721","-79.817442","0917","11","1","0","0","0","0","0","0","0","","0","0","0","","","0","N","0","","40 17:08.597","6","0","79 49:02.790","0","0","0","0","2105","0","0","0","N","0","0","0","1","02105","0","","2.0","958.0","1","N","N","N","0","","0","0","1","","0","Y","","1","0","0","0","0","0","0","2","0","1","","03","","N","","","","","","","","","",""
"2022071943","1430","1","0","0","0","0","0","0","0","0","1","0","","02","8","2022","4","40.438318","-79.9277","1409","11","0","0","0","0","0","1","0","0","","0","0","0","","","1","N","0","","40 26:17.946","1","0","79 55:39.719","3","0","0","0","2301","0","0","0","N","0","0","0","2","02301","0","","1.0","1530.0","1","N","N","N","0","","1","0","1","","0","N","","2","1","0","0","0","0","0","2","0","2","","","","N","","","","","","","","","",""
"2022063268","2213","1","0","0","0","0","0","0","0","0","7","0","","02","7","2022","6","40.541031","-79.805624","2208","11","0","1","0","0","0","0","0","0","","0","0","0","","","0","N","0","","40 32:27.713","","0","79 48:20.247","0","0","0","0","2418","0","0","0","N","0","0","0","1","02514","0","","4.0","","1","N","N","N","0","","0","0","0","","0","","","1","0","0","0","0","0","0","2","0","1","","03","","N","","","","","","","","","",""
"2022069696","1724","0","0","0","0","0","0","0","0","0","7","0","","02","7","2022","6","40.450291","-79.980054","1648","11","0","0","0","0","0","1","0","0","","1","0","0","","","0","N","0","","40 27:01.048","4","0","79 58:48.194","1","0","0","0","2301","0","0","0","N","0","0","0","1","02301","0","2","4.0","2207.0","1","N","N","N","0","0","0","0","1","","0","Y","","1","0","1","1","0","0","0","2","0","1","","","","N","","","","","","","","","",""
"2022071933","0355","1","0","0","0","0","0","0","0","0","7","0","","02","8","2022","1","40.512078","-79.790036","0348","11","0","0","0","0","0","0","1","0","","0","0","0","","","0","N","0","","40 30:43.480","","0","79 47:24.128","0","0","0","0","2466","0","0","0","N","0","0","0","1","02466","0","","1.0","","9","N","N","N","0","","0","0","0","","0","","","1","0","0","0","0","0","0","2","0","1","","","","N","","","","","","","","","",""
"2022070524","1747","1","0","0","0","0","0","0","0","0","1","0","","02","7","2022","3","40.449057","-80.00577","1727","11","0","0","0","0","0","2","0","0","","0","0","0","","","1","N","0","","40 26:56.606","","3","80 00:20.771","8","0","0","0","2301","0","0","0","N","0","0","0","3","68B03","0","","1.0","","1","N","N","N","0","","0","0","2","","0","","","3","1","0","0","0","1","0","2","0","3","","03","","N","","","","","","","","","",""
"2022070767","1758","2","0","0","0","0","0","0","0","0","1","0","","02","8","2022","2","40.46603","-79.705397","1752","11","0","0","0","0","0","0","0","1","","0","0","0","","","0","N","2","","40 27:57.707","1","0","79 42:19.430","0","0","0","0","2466","0","0","0","N","0","0","0","2","02466","0","","1.0","1825.0","1","N","N","N","0","","0","0","0","","0","N","","2","0","0","0","0","0","0","2","0","2","","","","N","","","","","","","","","",""
"2022070212","0756","0","0","0","0","0","0","1","0","0","1","1","","02","8","2022","2","40.386857","-79.981989","0752","11","0","0","0","0","0","1","0","0","","0","0","0","","","1","","2","","40 23:12.685","2","0","79 58:55.160","3","0","0","0","2301","0","0","0","N","0","0","0","3","02503","0","","1.0","817.0","1","N","N","N","0","","1","0","1","","0","N","","2","1","0","0","0","0","0","2","0","2","","03","","N","","","","","","","","","",""
"2022066378","2321","0","0","0","0","0","0","0","0","0","7","0","","02","7","2022","3","40.455598","-79.703849","2307","11","0","0","0","0","0","0","0","0","","0","0","0","","","0","N","0","","40 27:20.153","1","0","79 42:13.855","0","0","0","0","2466","0","0","0","N","0","0","0","1","02466","0","","5.0","2358.0","1","N","N","N","0","","0","0","1","","0","N","","1","0","0","0","0","0","0","2","0","1","","03","","N","","","","","","","","","",""
"2022073748","0728","1","0","0","0","0","0","0","0","0","7","0","","02","8","2022","5","40.347969","-79.986583","0726","11","0","0","0","0","0","0","0","0","","0","0","0","","","1","N","0","","40 20:52.690","","0","79 59:11.700","3","0","0","0","2476","0","0","0","N","0","0","0","1","02476","0","","2.0","","1","N","N","N","0","","1","0","0","","0","","","1","1","0","0","0","0","0","2","0","1","","","","N","","","","","","","","","",""
"2022069888","1344","3","0","0","0","0","0","0","0","0","1","0","","02","7","2022","2","40.451832","-80.135327","1340","11","0","0","0","0","0","1","1","0","","0","0","0","","","2","N","0","","40 27:06.594","3","0","80 08:07.176","8","0","0","0","2115","0","0","0","N","0","0","0","6","02115","0","","1.0","1405.0","1","N","N","N","0","","0","0","1","","0","N","","4","2","2","0","0","2","0","2","0","4","","03","","N","","","","","","","","","",""
"2022072163","1622","0","0","0","0","0","0","0","0","0","98","0","","02","8","2022","5","40.643741","-80.030914","1605","11","0","0","0","0","0","0","0","0","","0","0","0","","","0","N","0","","40 38:37.467","","0","80 01:51.292","0","0","0","0","2216","0","0","0","N","0","0","0","2","68T02","0","","1.0","","1","N","N","N","0","","0","0","1","","0","","","1","0","0","0","0","0","0","2","0","1","","","","N","","","","","","","","","",""
"2022066620","1613","2","0","0","0","0","0","0","0","0","1","0","","02","7","2022","4","40.494982","-80.289194","1612","11","0","0","0","1","0","0","0","0","","0","0","0","","","0","N","0","","40 29:41.934","1","0","80 17:21.099","0","0","0","0","2203","0","0","0","N","0","0","0","2","02203","0","","1.0","1641.0","1","N","N","N","0","","0","0","0","","0","N","","2","0","0","0","0","0","0","2","0","2","","","","N","","","","","","","","","",""
"2022071696","2248","1","0","0","0","0","0","0","0","0","4","0","","02","8","2022","6","40.455465","-79.892278","2240","11","0","0","0","0","0","0","0","0","","0","0","0","","","0","","1","","40 27:19.673","2","0","79 53:32.200","0","0","0","0","2301","0","0","0","N","0","0","0","2","02301","0","","1.0","2300.0","9","N","N","N","0","","0","0","1","","3","N","","2","0","0","0","0","0","0","2","0","2","","04","","N","","","","","","","","","",""
"2022069375","1717","2","0","0","0","0","0","0","0","0","4","0","","02","7","2022","4","40.479758","-80.083798","1715","11","0","0","0","0","0","2","0","0","","0","0","0","","","0","N","2","","40 28:47.127","","0","80 05:01.674","0","0","0","0","2126","0","0","0","N","0","0","0","2","02126","0","","1.0","","1","N","N","N","0","","0","0","0","","3","","","2","0","0","0","0","0","0","2","0","2","","03","","N","","","","","","","","","",""
"2022070939","1632","2","0","0","0","0","0","0","0","0","4","0","","02","8","2022","4","40.655279","-80.088614","1624","11","0","0","0","0","0","0","0","0","","0","0","0","","","0","","2","","40 39:19.003","3","0","80 05:19.011","0","0","0","0","2212","0","0","0","N","0","0","0","2","02505","0","","1.0","1652.0","1","N","N","N","0","","0","0","0","","3","N","","2","0","0","0","0","0","0","2","0","2","","","","N","","","","","","","","","",""
"2022070134","0802","1","0","0","0","0","0","0","0","0","1","0","","02","7","2022","1","40.373118","-80.105114","0753","11","0","0","0","0","0","0","0","0","","0","0","0","","","3","N","0","","40 22:23.224","2","0","80 06:18.411","3","0","0","0","2102","0","0","0","Y","0","0","0","3","68B03","1","","1.0","855.0","1","N","N","N","1","","2","0","0","","0","N","","2","3","1","0","0","0","0","2","0","2","","","","N","","","","","","","","","",""
"2022058667","1839","0","0","0","0","0","0","0","0","0","1","0","","02","6","2022","6","40.462834","-79.957259","1827","11","0","0","0","0","0","1","0","0","","0","0","0","","","1","","1","","40 27:46.203","4","0","79 57:26.131","4","0","0","0","2301","0","0","0","N","0","0","0","2","02301","1","","1.0","1827.0","1","N","N","N","0","","0","0","2","","2","N","","2","1","0","0","0","0","0","2","0","2","","03","","N","","","","","","","","","",""
"2022060534","1123","1","0","0","0","0","0","0","0","0","5","1","","02","6","2022","5","40.317868","-79.833907","1119","11","0","0","0","0","0","0","0","0","","0","1","0","","","2","N","0","","40 19:04.324","","0","79 50:02.064","2","0","0","0","2469","1","0","1","N","1","0","1","3","02469","0","","1.0","","1","N","N","N","0","","1","1","1","","0","","","5","2","0","0","0","0","0","2","1","4","","03","","N","","","","","","","","","",""
"2022067704","1116","0","0","0","0","0","0","0","0","0","4","0","","02","7","2022","1","40.517561","-79.843163","1113","11","0","0","0","0","0","2","0","0","","0","0","0","","","1","","2","","40 31:03.221","2","0","79 50:35.388","8","0","0","1","2451","0","0","0","N","0","0","0","2","02451","0","","1.0","1145.0","1","N","N","N","1","","0","0","0","","3","N","","2","1","0","0","0","1","0","2","0","2","","04","","N","","","","","","","","","",""
"2022067504","0851","1","0","0","1","0","0","0","0","0","8","0","","02","7","2022","7","40.484388","-79.948061","0842","11","0","0","0","0","0","0","0","1","","0","0","0","","","1","N","1","","40 29:03.796","","0","79 56:53.020","8","0","0","0","2301","1","0","0","N","0","0","0","2","02301","0","","1.0","","1","N","N","N","0","","0","0","0","","2","","","2","1","0","0","0","1","0","2","0","1","","","","N","","","","","","","","","",""
"2022070067","2255","1","0","0","0","0","0","0","0","0","7","0","","02","7","2022","3","40.395693","-80.025843","2251","11","0","0","0","0","0","0","0","0","","0","0","0","","","0","N","0","","40 23:44.495","","0","80 01:33.034","0","0","0","0","2301","0","0","0","N","0","0","0","1","02301","0","","4.0","","1","N","N","N","0","","0","0","0","","0","","","1","0","0","0","0","0","0","2","0","1","","","","N","","","","","","","","","",""
"2022064796","1354","0","0","0","0","0","0","0","0","0","4","0","","02","7","2022","5","40.560675","-79.92866","1349","11","0","0","0","0","0","0","2","0","","0","0","0","","","0","N","1","","40 33:38.431","","0","79 55:43.175","0","0","0","0","2207","0","0","0","N","0","0","0","5","02207","0","","1.0","","1","N","N","N","0","","0","0","2","","3","","","2","0","0","0","0","0","0","2","0","2","","04","","N","","","","","","","","","",""
"2022056355","1407","2","0","0","0","0","0","0","0","0","4","0","","02","6","2022","4","40.450445","-79.89066","1401","11","0","1","0","0","0","0","1","0","","0","0","0","","","0","N","1","","40 27:01.602","","0","79 53:26.375","0","0","0","0","2301","0","0","0","N","0","0","0","2","02301","0","","1.0","","1","N","N","N","0","","0","0","0","","3","","","2","0","0","0","0","0","0","2","0","2","","","","N","","","","","","","","","",""
"2022071698","1818","2","0","0","0","0","0","0","0","0","4","0","","02","8","2022","6","40.470835","-79.821295","1817","11","0","0","0","0","0","1","0","0","","0","0","0","","","1","N","2","","40 28:15.007","","0","79 49:16.662","3","0","0","0","2113","0","0","0","N","0","0","0","3","02113","0","","1.0","","1","N","N","N","0","","1","0","0","","0","","","2","1","0","0","0","0","0","2","0","2","","03","","N","","","","","","","","","",""
"2022051981","1601","0","0","0","0","0","0","0","0","0","5","0","","02","4","2022","4","40.470146","-79.975434","1558","11","0","0","0","0","0","0","0","0","","0","0","0","","","0","N","0","","40 28:12.527","1","0","79 58:31.562","0","0","0","0","2445","0","0","0","N","0","0","0","2","02445","0","","1.0","1627.0","1","N","N","N","0","","0","0","2","","0","Y","","2","0","0","0","0","0","0","2","0","2","","98","","N","","","","","","","","","",""
"2022073339","0948","0","0","0","0","0","0","0","0","0","4","0","","02","8","2022","5","40.482646","-79.721577","0945","11","0","0","0","0","0","0","0","0","","0","0","0","","","0","","2","","40 28:57.526","7","0","79 43:17.676","0","0","0","0","2466","0","0","0","N","0","0","0","5","02466","0","","1.0","1009.0","1","N","N","N","0","","0","0","2","","3","N","","2","0","0","0","0","0","0","2","0","2","","98","","N","","","","","","","","","",""
"2022071265","2132","1","0","0","0","0","0","0","0","0","1","0","","02","8","2022","4","40.416906","-80.014416","2132","11","0","0","0","0","0","0","0","0","","0","0","0","","","0","N","2","","40 25:00.863","3","0","80 00:51.898","0","0","0","0","2301","0","0","0","N","0","0","0","2","02301","0","","1.0","2205.0","1","N","N","N","0","","0","0","1","","8","N","","2","0","0","0","0","0","0","2","0","2","","03","","Y","","","","","","","","","",""
"2022049889","0235","2","0","0","0","0","0","0","0","0","4","0","","02","5","2022","7","40.465717","-79.865399","0229","11","0","0","0","0","0","0","0","0","","0","0","0","","","0","","2","","40 27:56.580","3","0","79 51:55.438","0","0","0","0","2113","0","0","0","N","0","0","0","2","02113","0","","1.0","312.0","1","N","N","N","0","","0","0","0","","3","N","","2","0","0","0","0","0","0","2","0","2","","","","N","","","","","","","","","",""
"2022067272","0650","1","0","0","0","0","0","0","0","0","6","0","","02","7","2022","6","40.396214","-79.998191","0639","11","0","0","0","0","0","0","0","0","","0","0","0","","","0","","1","","40 23:46.371","","0","79 59:53.487","0","0","0","0","2301","0","0","0","N","0","0","0","2","02301","0","","1.0","","1","","","N","1","","0","0","0","","2","","","2","0","0","0","0","0","0","2","0","2","","03","","N","","","","","","","","","",""
"2022057661","0650","1","0","0","0","0","0","0","0","0","4","0","","02","6","2022","6","40.439603","-80.224741","0632","11","0","0","0","0","0","0","0","0","","0","0","0","","","1","N","0","","40 26:22.569","","0","80 13:29.066","8","0","0","0","2214","0","0","0","N","0","0","0","3","68B03","0","","1.0","","1","N","N","N","1","","0","0","1","","0","","","3","1","0","0","0","1","0","2","0","3","","","","N","","","","","","","","","",""
"2022070456","2347","2","0","0","0","0","0","0","0","0","5","0","","02","8","2022","2","40.338124","-79.983173","2342","11","0","0","0","0","0","0","0","0","","0","0","0","","","0","N","0","","40 20:17.247","","0","79 58:59.423","0","0","0","0","2403","0","0","0","N","0","0","0","4","02403","0","","1.0","","1","N","N","N","0","","0","0","0","","0","","","2","0","0","0","0","0","0","2","0","2","","","","N","","","","","","","","","",""
"2022070608","2200","2","0","0","0","0","0","0","0","0","5","0","","02","8","2022","2","40.458732","-79.957909","2155","11","0","0","0","0","0","1","0","0","","0","0","0","","","0","","1","","40 27:31.435","","3","79 57:28.471","0","0","0","0","2301","0","0","0","N","0","0","0","5","02301","0","","1.0","","1","N","N","Y","0","","0","0","0","","2","","","2","0","0","0","0","0","0","2","0","2","","","","N","","","","","","","","","",""
"2022072326","1744","0","0","0","0","0","0","0","0","0","6","0","","02","8","2022","4","40.639606","-79.771566","1736","11","0","0","0","0","0","2","0","0","","0","0","0","","","2","N","0","","40 38:22.583","","0","79 46:17.637","3","0","0","0","2202","0","0","0","N","0","0","0","2","02202","0","","1.0","","1","N","N","N","0","","2","0","2","","0","","","2","2","0","0","0","0","0","1","0","2","","03","","N","","","","","","","","","",""
"2022058309","1818","0","0","0","0","0","0","0","0","0","0","1","","02","5","2022","5","40.438105","-79.75603","1807","11","0","0","0","0","0","0","0","0","","0","1","0","","","0","","7","","40 26:17.178","","2","79 45:21.709","0","0","0","0","2446","0","0","0","N","0","0","0","1","68B03","0","","1.0","","9","N","N","N","0","","0","0","0","","0","","","1","0","0","0","0","0","0","2","0","1","","","","N","","","","","","","","","",""
"2022070860","1312","2","0","0","0","0","0","0","0","0","4","0","","02","8","2022","3","40.5691","-80.213306","1310","11","0","0","0","0","0","0","1","1","","0","0","0","","","4","N","0","","40 34:08.759","5","0","80 12:47.903","3","0","0","0","2441","0","0","0","N","0","0","0","4","02441","2","","1.0","1400.0","1","N","N","N","0","","2","0","0","","0","Y","","2","4","2","0","0","0","0","2","0","2","","","","N","","","","","","","","","",""
"2022072511","1250","1","0","0","0","0","0","0","0","0","1","0","","02","8","2022","7","40.441706","-79.827272","1249","11","0","0","0","0","0","0","0","0","","0","0","0","","","3","N","0","","40 26:30.140","3","0","79 49:38.180","3","0","0","0","2124","0","0","0","N","0","0","0","3","68B03","0","","1.0","1440.0","1","N","N","Y","0","","2","0","1","","0","N","","2","3","0","0","0","1","0","2","0","2","","","","N","","","","","","","","","",""
"2022054073","1238","0","0","0","0","0","0","0","0","0","4","0","","02","6","2022","6","40.312122","-79.938283","1233","11","0","0","0","0","0","1","0","1","","0","0","0","","","0","N","0","","40 18:43.639","","7","79 56:17.817","0","0","0","0","2454","0","0","0","N","0","0","0","3","02454","0","","1.0","","1","N","N","N","0","","0","0","2","","0","","","2","0","0","0","0","0","0","2","0","2","","03","","N","","","","","","","","","",""
"2022056806","2105","2","0","0","0","0","0","0","0","0","1","0","","02","6","2022","7","40.444232","-80.028216","2100","11","0","0","0","0","0","1","0","0","","0","0","0","","","0","N","1","","40 26:39.234","5","3","80 01:41.577","0","0","0","0","2301","0","0","0","N","0","0","0","2","02301","0","","1.0","2136.0","1","N","N","N","0","","0","0","0","","0","N","","2","0","1","0","0","0","0","2","0","2","","03","","N","","","","","","","","","",""