"CRN","ARRIVAL_TM","AUTOMOBILE_COUNT","BELTED_DEATH_COUNT","BELTED_SUSP_SERIOUS_INJ_COUNT","BICYCLE_COUNT","BICYCLE_DEATH_COUNT","BICYCLE_SUSP_SERIOUS_INJ_COUNT","BUS_COUNT","CHLDPAS_DEATH_COUNT","CHLDPAS_SUSP_SERIOUS_INJ_COUNT","COLLISION_TYPE","COMM_VEH_COUNT","CONS_ZONE_SPD_LIM","COUNTY","CRASH_MONTH","CRASH_YEAR","DAY_OF_WEEK","DEC_LATITUDE","DEC_LONGITUDE","DISPATCH_TM","DISTRICT","DRIVER_COUNT_16YR","DRIVER_COUNT_17YR","DRIVER_COUNT_18YR","DRIVER_COUNT_19YR","DRIVER_COUNT_20YR","DRIVER_COUNT_50_64YR","DRIVER_COUNT_65_74YR","DRIVER_COUNT_75PLUS","EST_HRS_CLOSED","FATAL_COUNT","HEAVY_TRUCK_COUNT","HORSE_BUGGY_COUNT","HOUR_OF_DAY","ILLUMINATION","INJURY_COUNT","INTERSECTION_RELATED","INTERSECT_TYPE","LANE_CLOSED","LATITUDE","LN_CLOSE_DIR","LOCATION_TYPE","LONGITUDE","MAX_SEVERITY_LEVEL","MCYCLE_DEATH_COUNT","MCYCLE_SUSP_SERIOUS_INJ_COUNT","MOTORCYCLE_COUNT","MUNICIPALITY","NONMOTR_COUNT","NONMOTR_DEATH_COUNT","NONMOTR_SUSP_SERIOUS_INJ_COUNT","NTFY_HIWY_MAINT","PED_COUNT","PED_DEATH_COUNT","PED_SUSP_SERIOUS_INJ_COUNT","PERSON_COUNT","POLICE_AGCY","POSSIBLE_INJ_COUNT","RDWY_SURF_TYPE_CD","RELATION_TO_ROAD","ROADWAY_CLEARED","ROAD_CONDITION","SCH_BUS_IND","SCH_ZONE_IND","SECONDARY_CRASH","SMALL_TRUCK_COUNT","SPEC_JURIS_CD","SUSP_MINOR_INJ_COUNT","SUSP_SERIOUS_INJ_COUNT","SUV_COUNT","TCD_FUNC_CD","TCD_TYPE","TFC_DETOUR_IND","TIME_OF_DAY","TOTAL_UNITS","TOT_INJ_COUNT","UNBELTED_OCC_COUNT","UNB_DEATH_COUNT","UNB_SUSP_SERIOUS_INJ_COUNT","UNK_INJ_DEG_COUNT","UNK_INJ_PER_COUNT","URBAN_RURAL","VAN_COUNT","VEHICLE_COUNT","WEATHER1","WEATHER2","WORKERS_PRES","WORK_ZONE_IND","WORK_ZONE_LOC","WORK_ZONE_TYPE","WZ_CLOSE_DETOUR","WZ_FLAGGER","WZ_LAW_OFFCR_IND","WZ_LN_CLOSURE","WZ_MOVING","WZ_OTHER","WZ_SHLDER_MDN","WZ_WORKERS_INJ_KILLED"
"2022057583","0158","0","0","0","0","0","0","0","0","0","7","0","","02","6","2022","4","40.495013","-79.833424","0153","11","0","0","0","0","0","0","0","0","","0","0","0","","","0","N","0","","40 29:42.045","2","7","79 50:00.327","0","0","0","0","2113","0","0","0","N","0","0","0","1","02113","0","","5.0","236.0","1","N","N","N","0","","0","0","1","","0","N","","1","0","0","0","0","0","0","2","0","1","","","","N","","","","","","","","","",""
"2022057371","1807","1","0","0","0","0","0","0","0","0","2","0","","02","6","2022","2","40.363211","-80.046862","1803","11","0","0","0","0","1","0","0","0","","0","0","0","","","6","","2","","40 21:47.558","1","0","80 02:48.703","8","0","0","0","2109","0","0","0","N","0","0","0","6","02109","0","","1.0","1905.0","1","N","N","N","0","","0","0","1","","2","Y","","2","6","1","0","0","6","0","2","0","2","","03","","N","","","","","","","","","",""
"2022057806","2119","0","0","0","0","0","0","0","0","0","5","0","","02","6","2022","5","40.508204","-80.082792","2119","11","0","0","0","0","1","0","0","0","","0","0","0","","","0","N","1","","40 30:29.535","7","0","80 04:58.051","0","0","0","0","2405","0","0","0","N","0","0","0","1","02215","0","","1.0","2232.0","1","N","N","N","0","","0","0","3","","3","Y","","3","0","0","0","0","0","0","2","0","3","","03","","N","","","","","","","","","",""
"2022055523","1345","1","0","0","0","0","0","0","0","0","5","0","","02","6","2022","4","40.450373","-80.068984","1335","11","0","0","0","0","0","0","1","0","","0","0","0","","","0","N","0","","40 27:01.344","1","1","80 04:08.341","0","0","0","0","2301","0","0","0","N","0","0","0","1","02301","0","","1.0","1410.0","1","N","N","N","1","","0","0","0","","0","N","","2","0","0","0","0","0","0","2","0","2","","03","","N","","","","","","","","","",""
"2022056660","0842","0","0","0","0","0","0","0","0","0","98","0","","02","6","2022","7","40.352878","-80.140808","0840","11","0","0","0","0","0","0","0","0","","0","0","0","","","0","N","0","","40 21:10.360","","0","80 08:26.908","0","0","0","0","2119","0","0","0","N","0","0","0","1","02119","0","","1.0","","1","N","N","N","0","","0","0","1","","0","","","1","0","0","0","0","0","0","2","0","1","","","","N","","","","","","","","","",""
"2022037414","0019","1","0","0","0","0","0","0","0","0","7","0","","02","4","2022","5","40.449244","-79.965019","0019","11","0","0","0","0","0","0","0","0","","0","0","0","","","0","N","0","","40 26:57.280","","0","79 57:54.070","9","0","0","0","2301","0","0","0","N","0","0","0","1","02301","0","","4.0","","1","N","N","N","0","","0","0","0","","0","","","1","0","0","0","0","0","1","2","0","1","","03","","N","","","","","","","","","",""
"2022057629","1925","0","0","0","0","0","0","0","0","0","1","0","","02","5","2022","4","40.429605","-79.956926","1919","11","0","0","0","0","0","0","0","0","","0","0","0","","","1","N","6","","40 25:46.577","","2","79 57:24.932","3","0","0","0","2301","0","0","0","N","0","0","0","9","68B03","0","","1.0","","1","N","N","N","0","","1","0","1","","0","","","2","1","0","0","0","0","0","2","1","2","","","","N","","","","","","","","","",""
"2022030657","0224","0","0","0","0","0","0","0","0","0","5","0","","02","3","2022","3","40.433905","-79.963775","0222","11","0","0","0","0","0","0","0","0","","0","0","0","","","0","N","0","","40 26:02.057","","0","79 57:49.590","0","0","0","0","2301","0","0","0","N","0","0","0","2","02301","0","","1.0","","1","N","N","N","0","","0","0","1","","0","N","","2","0","0","0","0","0","0","2","0","1","","","","N","","","","","","","","","",""
"2022049953","1245","0","0","0","0","0","0","0","0","0","7","0","","02","5","2022","1","40.538565","-79.851416","1242","11","0","0","0","0","0","1","0","0","","0","0","0","","","0","N","0","","40 32:18.834","","7","79 51:05.097","0","0","0","0","2208","0","0","0","N","0","0","0","1","02208","0","","5.0","","1","N","N","Y","0","","0","0","1","","0","","","1","0","0","0","0","0","0","2","0","1","","03","","N","","","","","","","","","",""
"2022059402","1530","1","0","0","0","0","0","0","0","0","1","1","","02","6","2022","2","40.398251","-80.040987","1528","11","0","0","0","0","0","0","0","1","","0","1","0","","","2","","5","","40 23:53.703","","0","80 02:27.553","3","0","0","0","2422","0","0","0","N","0","0","0","3","02422","1","","1.0","","1","N","N","N","0","","1","0","0","","3","","","2","2","0","0","0","0","0","2","0","2","","03","","N","","","","","","","","","",""
"2022057319","2207","1","0","0","0","0","0","0","0","0","7","0","","02","6","2022","1","40.473985","-79.756768","2203","11","0","0","0","0","0","0","0","0","","0","0","0","","","0","","2","","40 28:26.346","2","0","79 45:24.364","0","0","0","0","2466","0","0","0","Y","0","0","0","2","02466","0","","5.0","2245.0","1","N","N","N","0","","0","0","0","","0","Y","","1","0","0","0","0","0","0","2","0","1","","","","N","","","","","","","","","",""
"2022052587","2145","3","0","0","0","0","0","0","0","0","1","0","","02","5","2022","1","40.456558","-79.9698","2132","11","0","0","0","0","0","0","0","0","","0","0","0","","","1","N","0","","40 27:23.610","","0","79 58:11.280","3","0","0","0","2301","0","0","0","N","0","0","0","1","02301","0","","2.0","","1","N","N","Y","0","","1","0","0","","3","","","3","1","0","0","0","0","0","2","0","3","","","","N","","","","","","","","","",""
"2022050462","1354","1","0","0","0","0","0","0","0","0","1","0","","02","5","2022","5","40.336849","-80.178594","1339","11","0","0","0","0","0","0","1","0","","0","0","0","","","0","","2","","40 20:12.657","3","1","80 10:42.937","0","0","0","0","2119","0","0","0","N","0","0","0","2","02119","0","","1.0","1433.0","1","N","N","N","0","","0","0","1","","2","N","","2","0","0","0","0","0","0","2","0","2","","","","N","","","","","","","","","",""
"2022059502","1611","2","0","0","0","0","0","0","0","0","4","0","","02","6","2022","6","40.536852","-79.97146","1607","11","0","0","0","0","0","1","0","0","","0","0","0","","","0","N","0","","40 32:12.667","5","0","79 58:17.255","0","0","0","0","2118","0","0","0","N","0","0","0","3","02118","0","","1.0","1647.0","1","N","N","N","0","","0","0","0","","0","N","","2","0","0","0","0","0","0","2","0","2","","03","","N","","","","","","","","","",""
"2022058032","1842","2","0","0","0","0","0","0","0","0","4","0","","02","3","2022","4","40.42875","-79.980559","1841","11","0","0","0","1","0","0","0","0","","0","0","0","","","0","","1","","40 25:43.501","","0","79 58:50.013","0","0","0","0","2301","0","0","0","N","0","0","0","4","02301","0","","1.0","","1","N","N","N","0","","0","0","0","","2","N","","2","0","0","0","0","0","0","2","0","2","","03","","N","","","","","","","","","",""
"2022056344","1258","1","0","0","0","0","0","0","0","0","8","0","","02","5","2022","6","40.491958","-79.864902","1257","11","0","0","0","0","0","1","0","0","","0","0","0","","","1","","1","","40 29:31.049","","0","79 51:53.648","4","0","0","0","2408","1","0","0","N","1","0","0","2","02408","1","","1.0","","9","N","N","N","0","","0","0","0","","2","","","2","1","0","0","0","0","0","2","0","1","","","","N","","","","","","","","","",""
"2022060191","1632","1","0","0","0","0","0","0","0","0","7","0","","02","6","2022","4","40.515364","-80.199153","1631","11","0","0","0","0","0","0","0","0","","0","0","0","","","0","N","0","","40 30:55.310","4","0","80 11:56.950","0","0","0","0","2213","0","0","0","N","0","0","0","1","02213","0","","4.0","1700.0","1","N","N","N","0","","0","0","0","","0","N","","1","0","0","0","0","0","0","2","0","1","","03","","N","","","","","","","","","",""
"2022057921","0554","1","0","0","0","0","0","0","0","0","7","0","","02","5","2022","7","40.493613","-79.909439","0519","11","0","0","0","0","0","0","0","0","","0","0","0","","","1","N","7","","40 29:37.005","","8","79 54:33.982","4","0","0","0","2461","0","0","0","N","0","0","0","3","68D02","1","","2.0","","1","N","N","N","0","","0","0","0","","0","","","1","1","0","0","0","0","0","2","0","1","","03","","N","","","","","","","","","",""
"2022055914","2326","0","0","0","0","0","0","0","0","0","4","0","","02","5","2022","2","40.427699","-80.129196","2316","11","0","0","0","0","0","0","0","0","","0","0","0","","","1","N","0","","40 25:39.718","4","0","80 07:45.105","8","0","0","0","2102","0","0","0","N","0","0","0","2","68B03","0","","1.0","100.0","1","N","N","N","1","","0","0","1","","0","N","","2","1","1","0","0","1","0","2","0","2","","","","N","","","","","","","","","",""
"2022056172","1627","1","0","0","0","0","0","2","0","0","4","2","","02","6","2022","5","40.458434","-79.846308","1620","11","0","0","0","0","0","1","0","1","","0","0","0","","","3","","1","","40 27:30.362","1","0","79 50:46.708","3","0","0","0","2113","0","0","0","N","0","0","0","5","02503","0","","1.0","1655.0","1","N","N","Y","0","","3","0","0","","3","N","","3","3","0","0","0","0","0","2","0","3","","03","","N","","","","","","","","","",""
"2022049350","1846","1","0","0","0","0","0","0","0","0","4","0","","02","5","2022","5","40.454423","-79.947638","1815","11","0","0","0","0","0","1","0","0","","0","0","0","","","0","N","1","","40 27:15.924","","0","79 56:51.497","0","0","0","0","2301","0","0","0","N","0","0","0","2","02301","0","","1.0","","1","N","N","N","0","","0","0","1","","2","","","2","0","0","0","0","0","0","2","0","2","","03","","N","","","","","","","","","",""
"2022068740","0750","4","0","0","0","0","0","0","0","0","1","0","","02","7","2022","4","40.446553","-79.848379","0750","11","0","0","0","0","0","2","0","0","","0","0","0","","","1","N","0","","40 26:47.592","5","0","79 50:54.166","4","0","0","0","2419","0","0","0","N","0","0","0","6","02419","1","","1.0","840.0","9","N","N","N","0","","0","0","0","","0","N","","4","1","1","0","0","0","0","2","0","4","","07","","N","","","","","","","","","",""
"2022057687","0838","1","0","0","0","0","0","0","0","0","7","0","25","02","6","2022","2","40.35302","-79.917407","0833","11","0","0","0","0","0","0","1","0","","0","0","0","","","2","N","0","","40 21:10.871","4","0","79 55:02.665","3","0","0","0","2473","0","0","0","Y","0","0","0","2","02473","0","","3.0","900.0","1","N","N","N","0","","2","0","0","","0","N","","1","2","0","0","0","0","0","2","0","1","","03","Y","Y","4","1","","Y","N","Y","","","Y","N"
"2022054077","2114","0","0","0","0","0","0","1","0","0","4","1","","02","6","2022","4","40.34441","-79.88402","2109","11","0","0","0","0","0","0","0","0","","0","0","0","","","2","N","3","","40 20:39.875","7","3","79 53:02.472","3","0","0","0","2304","0","0","0","N","0","0","0","2","02503","0","","1.0","2222.0","9","N","N","N","0","","1","0","1","","3","Y","","2","2","1","0","0","1","0","2","0","2","","","","N","","","","","","","","","",""
"2022059279","1343","1","0","0","0","0","0","0","0","0","7","0","","02","6","2022","1","40.495623","-79.74555","1336","11","0","0","0","0","0","0","0","0","","0","0","0","","","0","N","0","","40 29:44.243","1","0","79 44:43.980","0","0","0","0","2466","0","0","0","N","0","0","0","2","02466","0","","5.0","1402.0","1","N","N","N","0","","0","0","0","","0","N","","1","0","0","0","0","0","0","2","0","1","","","","N","","","","","","","","","",""
"2022050274","0730","1","0","0","0","0","0","0","0","0","1","0","","02","5","2022","3","40.438769","-79.750019","0724","11","0","0","0","0","0","1","0","0","","0","0","0","","","0","N","0","","40 26:19.567","","0","79 45:00.069","0","0","0","0","2446","0","0","0","N","0","0","0","3","02446","0","","1.0","","1","N","N","N","1","","0","0","1","","0","","","3","0","0","0","0","0","0","2","0","3","","03","","N","","","","","","","","","",""
"2022045932","0053","1","0","0","0","0","0","0","0","0","8","0","","02","5","2022","7","40.444582","-79.942976","0050","11","0","0","0","0","0","0","0","0","","0","0","0","","","1","","1","","40 26:40.496","5","0","79 56:34.714","3","0","0","0","2301","1","0","0","N","1","0","0","2","02301","0","","1.0","117.0","1","N","N","N","0","","1","0","0","","2","N","","2","1","0","0","0","0","0","2","0","1","","03","","N","","","","","","","","","",""
"2022049687","2300","1","0","0","0","0","0","0","0","0","4","0","","02","5","2022","6","40.442169","-79.994954","2253","11","0","0","0","0","0","0","0","0","","0","0","0","","","0","N","1","","40 26:31.808","","0","79 59:41.834","0","0","0","0","2301","0","0","0","N","0","0","0","5","02301","0","","1.0","","1","N","N","N","0","","0","0","1","","2","","","2","0","1","0","0","0","0","2","0","2","","","","N","","","","","","","","","",""
"2022049358","1647","1","0","0","0","0","0","0","0","0","7","0","","02","5","2022","5","40.39565","-79.971014","1643","11","0","0","0","0","0","0","1","0","","0","0","0","","","1","N","0","","40 23:44.340","7","0","79 58:15.651","3","0","0","0","2403","0","0","0","N","0","0","0","1","02403","0","","5.0","1730.0","1","N","N","Y","0","","1","0","0","","0","Y","","1","1","0","0","0","0","0","2","0","1","","03","","N","","","","","","","","","",""
"2022055001","1756","2","0","0","0","0","0","0","0","0","5","0","","02","5","2022","6","40.508285","-79.856535","1751","11","0","0","0","0","0","0","0","1","","0","0","0","","","1","N","0","","40 30:29.827","","0","79 51:23.525","4","0","0","0","2112","0","0","0","N","0","0","0","3","68D02","1","","1.0","","1","N","N","N","0","","0","0","0","","0","","","2","1","0","0","0","0","2","2","0","2","","","","N","","","","","","","","","",""
"2022058766","1020","0","0","0","0","0","0","0","0","0","8","0","","02","6","2022","7","40.344958","-79.946614","1018","11","0","0","0","0","0","1","0","0","","0","0","0","","","1","N","0","","40 20:41.850","4","7","79 56:47.810","4","0","0","0","2473","1","0","0","N","1","0","0","3","02473","1","","1.0","1029.0","1","N","N","N","0","","0","0","1","","3","N","","2","1","0","0","0","0","0","2","0","1","","03","","N","","","","","","","","","",""
"2022052782","2330","1","0","0","0","0","0","0","0","0","4","0","","02","4","2022","2","40.45574","-79.969093","2325","11","0","0","0","0","0","0","0","0","","0","0","0","","","0","N","11","","40 27:20.663","2","0","79 58:08.735","9","0","0","0","2301","0","0","0","N","0","0","0","1","02301","0","","2.0","0.0","1","N","N","N","1","","0","0","0","","0","N","","2","0","1","0","0","0","1","2","0","2","","","","N","","","","","","","","","",""
"2022055081","1435","1","0","0","0","0","0","0","0","0","4","0","","02","6","2022","4","40.445551","-79.713793","1426","11","0","0","0","0","0","1","0","1","","0","0","0","","","1","N","0","","40 26:43.983","1","7","79 42:49.655","8","0","0","0","2446","0","0","0","N","0","0","0","2","02446","0","","1.0","1530.0","1","N","N","N","0","","0","0","1","","0","N","","2","1","0","0","0","1","0","2","0","2","","","","N","","","","","","","","","",""
"2022059290","1938","1","0","0","0","0","0","0","0","0","4","0","","02","6","2022","7","40.354581","-80.073577","1930","11","0","0","0","0","0","1","0","1","","0","0","0","","","1","","1","","40 21:16.491","","0","80 04:24.878","4","0","0","0","2123","0","0","0","N","0","0","0","4","02123","1","","1.0","","1","N","N","N","1","","0","0","0","","3","","","2","1","0","0","0","0","0","2","0","2","","03","","N","","","","","","","","","",""
"2022049881","2321","2","0","0","0","0","0","0","0","0","4","0","","02","5","2022","7","40.470419","-79.932236","2319","11","0","0","0","0","0","0","0","0","","0","0","0","","","0","N","0","","40 28:13.510","6","0","79 55:56.050","0","0","0","0","2301","0","0","0","N","0","0","0","1","02301","0","","2.0","2350.0","1","N","N","N","0","","0","0","0","","0","Y","","2","0","0","0","0","0","0","2","0","2","","","","N","","","","","","","","","",""
"2022049883","2230","1","0","0","0","0","0","0","0","0","7","0","","02","5","2022","5","40.34059","-79.905916","2222","11","0","0","0","0","0","1","0","0","","0","0","0","","","0","N","0","","40 20:26.123","6","0","79 54:21.297","0","0","0","0","2473","0","0","0","N","0","0","0","1","02473","0","","5.0","2300.0","1","N","N","N","0","","0","0","0","","0","Y","","1","0","0","0","0","0","0","2","0","1","","03","","N","","","","","","","","","",""
"2022060145","1057","1","0","0","0","0","0","0","0","0","4","0","","02","6","2022","4","40.415711","-79.847601","1054","11","0","0","0","0","0","0","0","1","","0","0","0","","","1","","2","","40 24:56.558","3","0","79 50:51.364","3","0","0","0","2431","0","0","0","N","0","0","0","4","02431","0","","1.0","1120.0","1","N","N","N","1","","1","0","0","","2","N","","2","1","0","0","0","0","0","2","0","2","","03","","N","","","","","","","","","",""
"2022021844","","0","0","0","0","0","0","0","0","0","1","0","","02","2","2022","4","40.456444","-80.00125","","11","0","0","0","0","0","0","1","0","","0","0","0","","","1","N","0","","40 27:23.200","","0","80 00:04.500","8","0","0","0","2301","0","0","0","N","0","0","0","2","00000","0","","1.0","","1","","","N","0","","0","0","1","","0","","","2","1","0","0","0","1","0","2","0","2","","","","N","","","","","","","","","",""
"2022055848","2112","0","0","0","0","0","0","0","0","0","2","0","","02","6","2022","3","40.50385","-80.135282","2108","11","0","0","0","0","0","1","0","0","","1","0","0","","","0","","2","","40 30:13.860","1","2","80 08:07.016","1","1","0","1","2115","0","0","0","N","0","0","0","4","02115","0","2","1.0","2244.0","1","N","N","N","0","0","0","0","1","","3","N","","2","0","0","0","0","0","0","2","0","2","","03","","N","","","","","","","","","",""
"2022057152","0249","1","0","0","0","0","0","0","0","0","7","0","","02","4","2022","4","40.542869","-79.823684","0234","11","0","0","0","0","0","0","0","0","","0","0","0","","","0","N","0","","40 32:34.327","4","2","79 49:25.262","0","0","0","0","2208","0","0","0","N","0","0","0","1","68T02","0","","4.0","315.0","1","N","N","N","0","","0","0","0","","0","N","","1","0","0","0","0","0","0","2","0","1","","","","N","","","","","","","","","",""
"2022057625","2003","0","0","0","0","0","0","0","0","0","4","1","","02","5","2022","3","40.429201","-80.02881","1954","11","0","0","0","0","0","0","0","0","","0","1","0","","","1","N","0","","40 25:45.122","3","0","80 01:43.717","4","0","0","0","2301","0","0","0","N","0","0","0","3","68B03","1","","1.0","2040.0","1","N","N","N","0","","0","0","1","","0","N","","2","1","0","0","0","0","0","2","0","2","","","","N","","","","","","","","","",""
"2022059364","1822","0","0","0","0","0","0","0","0","0","1","0","","02","4","2022","3","40.360758","-80.062438","1817","11","0","0","0","0","0","0","0","0","","0","0","0","","","0","N","0","","40 21:38.727","4","0","80 03:44.778","0","0","0","0","2109","0","0","0","N","0","0","0","3","02109","0","","1.0","1920.0","9","N","N","N","0","","0","0","3","","0","N","","3","0","0","0","0","0","0","2","0","3","","","","N","","","","","","","","","",""
"2022059843","1911","1","0","0","0","0","0","0","0","0","1","0","","02","6","2022","6","40.492847","-79.910031","1844","11","0","0","0","0","0","0","0","0","","0","0","0","","","1","N","0","","40 29:34.250","","3","79 54:36.113","4","0","0","0","2461","0","0","0","N","0","0","0","1","68D02","1","","1.0","","1","N","N","N","0","","0","0","0","","0","","","2","1","0","0","0","0","0","2","0","2","","03","","N","","","","","","","","","",""
"2022048885","1549","2","0","0","0","0","0","0","0","0","1","0","","02","5","2022","4","40.455879","","1551","11","0","0","0","0","0","0","0","0","","0","0","0","","","1","N","2","","40 27:21.164","3","0","80 0:16.559","4","0","0","0","2301","0","0","0","N","0","0","0","5","02301","1","","1.0","1620.0","1","N","N","Y","0","","0","0","1","","2","N","","3","1","0","0","0","0","0","1","0","3","","03","","N","","","","","","","","","",""
"2022057324","1553","1","0","1","0","0","0","0","0","0","4","0","","02","6","2022","2","40.652306","-79.792583","1549","11","0","0","1","0","0","1","0","0","","0","0","0","","","1","N","1","","40 39:08.301","7","0","79 47:33.297","2","0","0","0","2202","0","0","0","Y","0","0","0","3","02202","0","","1.0","1642.0","1","N","N","N","1","","0","1","0","","3","N","","2","1","0","0","0","0","0","1","0","2","","","","N","","","","","","","","","",""
"2022028784","","1","0","0","0","0","0","0","0","0","1","0","","02","3","2022","6","40.379623","-79.925521","","11","0","0","0","0","0","0","0","0","","0","0","0","","","1","","2","","40 22:46.644","","0","79 55:31.877","8","0","0","0","2301","0","0","0","N","0","0","0","2","00000","0","","1.0","","1","","","N","0","","0","0","1","","2","","","2","1","0","0","0","1","0","2","0","2","","","","N","","","","","","","","","",""
"2022049887","0434","1","0","0","0","0","0","0","0","0","7","0","","02","5","2022","7","40.380915","-79.814822","0431","11","0","0","0","0","0","0","0","0","","0","0","0","","","1","N","0","","40 22:51.294","","0","79 48:53.358","3","0","0","0","2424","0","0","0","N","0","0","0","2","02424","0","","5.0","","1","N","N","N","0","","1","0","0","","0","","","1","1","1","0","0","0","0","2","0","1","","","","N","","","","","","","","","",""
"2022056031","1150","1","0","0","0","0","0","0","0","0","1","0","","02","6","2022","5","40.405022","-79.973052","1143","11","0","0","0","0","0","0","0","0","","0","0","0","","","2","N","0","","40 24:18.079","","7","79 58:22.987","4","0","0","0","2301","0","0","0","N","0","0","0","3","02301","2","","1.0","","1","N","N","N","0","","0","0","1","","0","","","2","2","0","0","0","0","0","2","0","2","","03","","N","","","","","","","","","",""
"2022057638","1914","2","0","0","0","0","0","0","0","0","1","0","","02","6","2022","4","40.441969","-79.795871","1903","11","0","0","0","0","0","1","0","0","","0","0","0","","","0","N","0","","40 26:31.088","","0","79 47:45.136","0","0","0","0","2446","0","0","0","N","0","0","0","2","68B03","0","","1.0","","1","N","N","N","0","","0","0","0","","0","","","2","0","0","0","0","0","0","2","0","2","","","","N","","","","","","","","","",""
"2022056612","1607","2","0","0","0","0","0","0","0","0","1","0","","02","6","2022","5","40.362334","-80.119072","1548","11","0","0","0","0","0","0","0","0","","0","0","0","","","0","N","0","","40 21:44.401","2","0","80 07:08.660","0","0","0","0","2119","0","0","0","N","0","0","0","2","68B03","0","","1.0","30.0","9","N","N","N","0","","0","0","0","","0","N","","2","0","0","0","0","0","0","2","0","2","","","","N","","","","","","","","","",""
"2022049158","1146","1","0","0","0","0","0","0","0","0","4","0","","02","5","2022","4","40.386417","-79.902192","1143","11","0","0","0","0","0","0","1","0","","0","0","0","","","2","N","1","","40 23:11.101","7","0","79 54:07.891","2","0","0","0","2448","0","0","0","N","0","0","0","2","02448","0","","1.0","1228.0","1","N","N","Y","0","","1","1","0","","3","Y","","2","2","0","0","0","0","0","2","0","2","","03","","N","","","","","","","","","",""
"2022054180","1610","1","0","0","0","0","0","0","0","0","1","0","","02","5","2022","3","40.528952","-79.85064","1544","11","0","0","1","0","0","0","1","0","","0","0","0","","","0","N","0","","40 31:44.227","","0","79 51:02.305","0","0","0","0","2208","0","0","0","N","0","0","0","2","68D02","0","","1.0","","1","N","N","N","0","","0","0","1","","0","","","2","0","0","0","0","0","0","2","0","2","","03","","N","","","","","","","","","",""
"2022036412","0822","1","0","0","0","0","0","0","0","0","7","0","","02","4","2022","3","40.371524","-80.229068","0819","11","0","0","0","0","0","0","0","0","","0","0","0","","","0","N","1","","40 22:17.488","","0","80 13:44.644","0","0","0","0","2490","0","0","0","N","0","0","0","2","62422","0","","4.0","","1","N","N","N","0","","0","0","0","","0","","","1","0","0","0","0","0","0","2","0","1","","03","","N","","","","","","","","","",""
"2022056060","1536","0","0","0","0","0","0","0","0","0","1","0","","02","6","2022","4","40.514203","-80.005446","1525","11","0","0","0","0","0","1","0","0","","0","0","0","","","0","N","6","","40 30:51.130","","2","80 00:19.605","0","0","0","0","2116","0","0","0","N","0","0","0","2","02116","0","","1.0","","1","N","N","N","1","","0","0","1","","3","","","2","0","0","0","0","0","0","2","0","2","","03","","N","","","","","","","","","",""
"2022050079","0630","1","0","0","0","0","0","0","0","0","4","0","","02","5","2022","2","40.412225","-79.818589","0627","11","0","0","0","0","0","0","0","0","","0","0","0","","","0","N","0","","40 24:44.010","5","0","79 49:06.920","0","0","0","0","2467","0","0","0","N","0","0","0","1","02467","0","","4.0","724.0","1","N","N","N","0","","0","0","1","","0","N","","2","0","0","0","0","0","0","2","0","2","","03","","N","","","","","","","","","",""
"2022059014","1437","2","0","0","0","0","0","0","0","0","1","0","","02","6","2022","1","40.415259","-80.029931","1433","11","0","0","0","0","0","0","0","0","","0","0","0","","","2","N","0","","40 24:54.932","","0","80 01:47.750","3","0","0","0","2301","0","0","0","N","0","0","0","3","02301","1","","1.0","","1","N","N","N","0","","1","0","0","","0","","","2","2","0","0","0","0","0","2","0","2","","","","N","","","","","","","","","",""
"2022043781","0941","1","0","0","0","0","0","0","0","0","7","0","","02","5","2022","4","40.448671","-80.016527","0938","11","0","0","0","0","1","0","0","0","","0","0","0","","","0","N","0","","40 26:55.216","","0","80 00:59.498","0","0","0","0","2301","0","0","0","N","0","0","0","1","02301","0","","2.0","","1","N","N","N","0","","0","0","0","","0","","","1","0","0","0","0","0","0","2","0","1","","03","","N","","","","","","","","","",""
"2022048896","1639","2","0","0","0","0","0","0","0","0","4","0","","02","5","2022","4","40.40899","-79.903957","1639","11","0","0","0","0","0","1","0","0","","0","0","0","","","0","N","0","","40 24:32.365","","7","79 54:14.246","0","0","0","0","2448","0","0","0","N","0","0","0","3","02448","0","","1.0","","1","N","N","N","0","","0","0","0","","0","","","2","0","0","0","0","0","0","2","0","2","","03","","N","","","","","","","","","",""
"2022060473","1741","1","0","0","0","0","0","0","0","0","4","0","","02","6","2022","3","40.349131","-80.104635","1738","11","0","0","0","0","0","0","0","1","","0","0","0","","","0","","1","","40 20:56.873","","0","80 06:16.687","0","0","0","0","2414","0","0","0","N","0","0","0","2","02414","0","","1.0","","1","N","N","N","1","","0","0","0","","3","","","2","0","0","0","0","0","0","2","0","2","","","","N","","","","","","","","","",""
"2022059635","0827","0","0","0","0","0","0","0","0","0","4","0","","02","5","2022","3","40.337928","-80.051261","0823","11","0","0","0","0","0","0","0","0","","0","0","0","","","3","N","0","","40 20:16.540","3","7","80 03:04.540","4","0","0","0","2407","0","0","0","N","0","0","0","3","02407","3","","1.0","909.0","1","N","N","N","0","","0","0","2","","0","N","","2","3","0","0","0","0","0","2","0","2","","","","N","","","","","","","","","",""
"2022056700","1904","2","0","0","0","0","0","0","0","0","4","0","","02","6","2022","5","40.525641","-79.822966","1857","11","0","0","0","0","0","0","0","0","","0","0","0","","","0","N","2","","40 31:32.307","","0","79 49:22.678","0","0","0","0","2466","0","0","0","N","0","0","0","2","02466","0","","1.0","","1","N","N","N","0","","0","0","0","","3","","","2","0","0","0","0","0","0","1","0","2","","03","","N","","","","","","","","","",""