"CRN","ARRIVAL_TM","AUTOMOBILE_COUNT","BELTED_DEATH_COUNT","BELTED_SUSP_SERIOUS_INJ_COUNT","BICYCLE_COUNT","BICYCLE_DEATH_COUNT","BICYCLE_SUSP_SERIOUS_INJ_COUNT","BUS_COUNT","CHLDPAS_DEATH_COUNT","CHLDPAS_SUSP_SERIOUS_INJ_COUNT","COLLISION_TYPE","COMM_VEH_COUNT","CONS_ZONE_SPD_LIM","COUNTY","CRASH_MONTH","CRASH_YEAR","DAY_OF_WEEK","DEC_LATITUDE","DEC_LONGITUDE","DISPATCH_TM","DISTRICT","DRIVER_COUNT_16YR","DRIVER_COUNT_17YR","DRIVER_COUNT_18YR","DRIVER_COUNT_19YR","DRIVER_COUNT_20YR","DRIVER_COUNT_50_64YR","DRIVER_COUNT_65_74YR","DRIVER_COUNT_75PLUS","EST_HRS_CLOSED","FATAL_COUNT","HEAVY_TRUCK_COUNT","HORSE_BUGGY_COUNT","HOUR_OF_DAY","ILLUMINATION","INJURY_COUNT","INTERSECTION_RELATED","INTERSECT_TYPE","LANE_CLOSED","LATITUDE","LN_CLOSE_DIR","LOCATION_TYPE","LONGITUDE","MAX_SEVERITY_LEVEL","MCYCLE_DEATH_COUNT","MCYCLE_SUSP_SERIOUS_INJ_COUNT","MOTORCYCLE_COUNT","MUNICIPALITY","NONMOTR_COUNT","NONMOTR_DEATH_COUNT","NONMOTR_SUSP_SERIOUS_INJ_COUNT","NTFY_HIWY_MAINT","PED_COUNT","PED_DEATH_COUNT","PED_SUSP_SERIOUS_INJ_COUNT","PERSON_COUNT","POLICE_AGCY","POSSIBLE_INJ_COUNT","RDWY_SURF_TYPE_CD","RELATION_TO_ROAD","ROADWAY_CLEARED","ROAD_CONDITION","SCH_BUS_IND","SCH_ZONE_IND","SECONDARY_CRASH","SMALL_TRUCK_COUNT","SPEC_JURIS_CD","SUSP_MINOR_INJ_COUNT","SUSP_SERIOUS_INJ_COUNT","SUV_COUNT","TCD_FUNC_CD","TCD_TYPE","TFC_DETOUR_IND","TIME_OF_DAY","TOTAL_UNITS","TOT_INJ_COUNT","UNBELTED_OCC_COUNT","UNB_DEATH_COUNT","UNB_SUSP_SERIOUS_INJ_COUNT","UNK_INJ_DEG_COUNT","UNK_INJ_PER_COUNT","URBAN_RURAL","VAN_COUNT","VEHICLE_COUNT","WEATHER1","WEATHER2","WORKERS_PRES","WORK_ZONE_IND","WORK_ZONE_LOC","WORK_ZONE_TYPE","WZ_CLOSE_DETOUR","WZ_FLAGGER","WZ_LAW_OFFCR_IND","WZ_LN_CLOSURE","WZ_MOVING","WZ_OTHER","WZ_SHLDER_MDN","WZ_WORKERS_INJ_KILLED"
"2022058495","1406","2","0","0","0","0","0","0","0","0","1","0","","02","6","2022","5","40.340636","-79.964518","1357","11","0","0","0","0","0","0","0","0","","0","0","0","","","1","N","1","","40 20:26.290","2","0","79 57:52.263","3","0","0","0","2454","0","0","0","N","0","0","0","4","02454","0","","1.0","1415.0","1","N","N","N","0","","1","0","0","","1","N","","3","1","0","0","0","0","0","2","0","2","","03","","N","","","","","","","","","",""
"2022068232","0449","1","0","0","0","0","0","0","0","0","1","0","","02","7","2022","2","40.428969","-79.944534","0428","11","0","0","0","0","0","0","0","0","","0","0","0","","","0","N","0","","40 25:44.288","3","0","79 56:40.322","0","0","0","0","2301","0","0","0","N","0","0","0","2","68B03","0","","1.0","510.0","1","N","N","Y","1","","0","0","0","","0","N","","2","0","0","0","0","0","0","2","0","2","","03","","N","","","","","","","","","",""
"2022057659","1745","0","0","0","0","0","0","0","0","0","1","0","","02","6","2022","5","40.424085","-80.030672","1745","11","0","0","0","0","0","1","0","0","","0","0","0","","","1","N","0","","40 25:26.705","4","0","80 01:50.419","4","0","0","0","2301","0","0","0","N","0","0","0","2","68B03","1","","1.0","1800.0","1","N","N","N","0","","0","0","2","","0","N","","2","1","0","0","0","0","0","2","0","2","","","","N","","","","","","","","","",""
"2022056693","1251","0","0","0","0","0","0","0","0","0","4","0","","02","6","2022","7","40.341395","-79.965384","1247","11","0","1","0","0","0","0","0","0","","0","0","0","","","0","N","6","","40 20:29.022","","0","79 57:55.383","0","0","0","0","2454","0","0","0","N","0","0","0","3","02454","0","","1.0","","1","N","N","N","0","","0","0","2","","3","","","2","0","0","0","0","0","0","2","0","2","","","","N","","","","","","","","","",""
"2022055749","1505","1","0","0","0","0","0","0","0","0","4","1","","02","6","2022","4","40.47658","-80.035133","1500","11","0","0","0","0","0","0","0","0","","0","1","0","","","0","N","2","","40 28:35.688","7","0","80 02:06.478","0","0","0","0","2301","0","0","0","N","0","0","0","0","02301","0","","9.0","1930.0","1","N","N","N","0","","0","0","1","","0","Y","","3","0","0","0","0","0","0","2","0","3","","03","","N","","","","","","","","","",""
"2022058286","1540","2","0","0","0","0","0","0","0","0","2","0","","02","6","2022","5","40.358504","-80.112217","1537","11","0","0","0","1","0","0","0","0","","0","0","0","","","0","","1","","40 21:30.613","","0","80 06:43.981","0","0","0","0","2414","0","0","0","N","0","0","0","2","02414","0","","1.0","","1","N","N","N","0","","0","0","0","","2","","","2","0","0","0","0","0","0","2","0","2","","","","N","","","","","","","","","",""
"2022056220","1344","2","0","0","0","0","0","0","0","0","1","0","","02","6","2022","1","40.517937","-79.97126","1340","11","0","0","0","0","1","0","1","0","","0","0","0","","","0","","2","","40 31:04.573","","0","79 58:16.536","0","0","0","0","2118","0","0","0","N","0","0","0","2","02118","0","","1.0","","1","N","N","N","0","","0","0","0","","0","","","2","0","1","0","0","0","0","2","0","2","","03","","N","","","","","","","","","",""
"2022060193","2337","1","0","0","0","0","0","0","0","0","7","0","","02","6","2022","5","40.560603","-80.150608","2336","11","0","0","0","0","0","0","0","0","","0","0","0","","","1","N","0","","40 33:38.170","5","0","80 09:02.190","3","0","0","0","2459","0","0","0","N","0","0","0","1","02459","0","","4.0","36.0","9","N","N","N","0","","1","0","0","","0","Y","","1","1","0","0","0","0","0","1","0","1","","","","N","","","","","","","","","",""
"2022051968","0727","1","0","0","1","0","0","0","0","0","8","0","","02","5","2022","3","40.443984","-79.950772","0723","11","0","0","0","0","0","0","1","0","","0","0","0","","","1","N","2","","40 26:38.342","","0","79 57:02.779","8","0","0","0","2301","1","0","0","N","0","0","0","2","02301","0","","1.0","","1","N","N","N","0","","0","0","0","","2","","","2","1","0","0","0","1","0","2","0","1","","","","N","","","","","","","","","",""
"2022048515","1604","2","0","0","0","0","0","0","0","0","4","0","","02","5","2022","3","40.42027","-79.884663","1601","11","0","0","0","0","0","0","0","0","","0","0","0","","","0","N","2","","40 25:12.972","5","0","79 53:04.786","0","0","0","0","2463","0","0","0","N","0","0","0","1","02463","0","","1.0","1630.0","1","N","N","N","0","","0","0","1","","0","N","","3","0","0","0","0","0","0","2","0","3","","","","N","","","","","","","","","",""
"2022056371","1059","0","0","0","0","0","0","0","0","0","7","0","","02","6","2022","6","40.48143","-79.928109","1047","11","0","0","0","0","0","0","0","0","","0","0","0","","","0","N","0","","40 28:53.149","","0","79 55:41.192","0","0","0","0","2301","0","0","0","N","0","0","0","1","02301","0","","4.0","","1","N","N","N","1","","0","0","0","","0","","","1","0","0","0","0","0","0","2","0","1","","03","","N","","","","","","","","","",""
"2022056243","2210","0","0","0","0","0","0","0","0","0","7","0","","02","6","2022","4","40.335729","-79.911065","2209","11","0","0","0","0","0","0","0","0","","0","0","0","","","0","N","0","","40 20:08.624","","0","79 54:39.834","0","0","0","0","2473","0","0","0","N","0","0","0","2","02473","0","","2.0","","1","N","N","N","1","","0","0","0","","0","","","1","0","0","0","0","0","0","2","0","1","","","","N","","","","","","","","","",""
"2022049372","2337","0","0","0","0","0","0","0","0","0","7","0","","02","5","2022","5","40.451464","-80.027797","2331","11","0","0","0","0","0","1","0","0","","0","0","0","","","0","","6","","40 27:05.271","","2","80 01:40.070","0","0","0","0","2301","0","0","0","N","0","0","0","1","02301","0","","1.0","","9","N","N","N","1","","0","0","0","","0","","","1","0","0","0","0","0","0","2","0","1","","","","N","","","","","","","","","",""
"2022048872","1035","1","0","0","0","0","0","0","0","0","7","0","","02","5","2022","4","40.423518","-79.843389","1026","11","0","0","1","0","0","0","0","0","","0","0","0","","","0","","2","","40 25:24.664","1","0","79 50:36.200","0","0","0","0","2431","0","0","0","N","0","0","0","1","02124","0","","4.0","1055.0","1","N","N","N","0","","0","0","0","","0","N","","1","0","0","0","0","0","0","2","0","1","","03","","N","","","","","","","","","",""
"2022056823","2253","0","0","0","0","0","0","0","0","0","0","0","","02","6","2022","7","40.410365","-80.047398","2251","11","0","0","0","0","0","0","0","0","","0","0","0","","","1","","2","","40 24:37.315","","0","80 02:50.633","3","0","0","1","2435","0","0","0","N","0","0","0","1","02435","0","","1.0","","1","N","N","N","0","","1","0","0","","3","","","1","1","0","0","0","0","0","2","0","1","","03","","N","","","","","","","","","",""
"2022056569","0957","2","0","0","0","0","0","0","0","0","2","0","","02","6","2022","4","40.450714","-79.90581","0950","11","0","0","0","0","0","1","0","0","","0","0","0","","","0","","2","","40 27:02.572","4","0","79 54:20.917","0","0","0","0","2301","0","0","0","N","0","0","0","6","02301","0","","1.0","1000.0","1","N","N","N","0","","0","0","0","","3","Y","","2","0","0","0","0","0","0","2","0","2","","","","N","","","","","","","","","",""
"2022046678","0233","1","0","0","0","0","0","0","0","0","4","0","","02","5","2022","4","40.371907","","0231","11","0","0","0","0","0","1","0","0","","0","0","0","","","0","N","2","","40 22:18.865","","0","79 51:1.414","9","0","0","0","2303","0","0","0","N","0","0","0","3","02303","0","","5.0","","1","N","N","N","0","","0","0","1","","0","","","2","0","0","0","0","0","1","1","0","2","","03","","N","","","","","","","","","",""
"2022049425","1400","1","0","0","0","0","0","0","0","0","1","0","","02","5","2022","5","40.405939","-79.823167","1328","11","0","0","0","0","1","0","0","0","","0","0","0","","","0","N","0","","40 24:21.380","2","0","79 49:23.400","0","0","0","0","2467","0","0","0","N","0","0","0","2","02467","0","","1.0","1425.0","1","N","N","N","0","","0","0","1","","0","N","","2","0","0","0","0","0","0","2","0","2","","03","","N","","","","","","","","","",""
"2022059643","0819","2","0","0","0","0","0","0","0","0","3","0","","02","6","2022","6","40.301339","-80.040827","0808","11","0","0","0","0","0","0","1","0","","0","0","0","","","0","","2","","40 18:04.820","","0","80 02:26.977","0","0","0","0","2407","0","0","0","N","0","0","0","2","02407","0","","1.0","","1","N","N","N","0","","0","0","0","","3","","","2","0","0","0","0","0","0","2","0","2","","","","N","","","","","","","","","",""
"2022059709","1701","2","0","0","0","0","0","0","0","0","1","1","","02","6","2022","3","40.459793","-79.90713","1658","11","0","0","0","0","1","1","0","0","","0","0","0","","","1","N","2","","40 27:35.255","5","0","79 54:25.669","3","0","0","0","2301","0","0","0","N","0","0","0","3","02301","0","","1.0","1740.0","1","N","N","Y","1","","1","0","0","","0","N","","3","1","0","0","0","0","0","2","0","3","","03","","N","","","","","","","","","",""
"2022057675","2122","1","0","0","0","0","0","0","0","0","4","1","55","02","6","2022","2","40.436369","-79.749303","2122","11","0","0","0","0","0","1","0","1","","0","1","0","","","0","","6","","40 26:10.930","","2","79 44:57.490","0","0","0","0","2446","0","0","0","N","0","0","0","2","68T02","0","","1.0","","1","N","N","N","0","","0","0","0","","3","","","2","0","0","0","0","0","0","2","0","2","","","Y","Y","8","2","N","N","Y","Y","N","N","N","N"
"2022034806","0644","1","0","0","0","0","0","0","0","0","7","0","","02","4","2022","3","40.436435","-79.99479","0633","11","0","0","0","0","0","0","0","0","","0","0","0","","","0","N","0","","40 26:11.166","1","2","79 59:41.245","0","0","0","0","2301","0","0","0","N","0","0","0","1","02301","0","","1.0","710.0","9","N","N","N","0","","0","0","0","","0","N","","1","0","0","0","0","0","0","2","0","1","","","","N","","","","","","","","","",""
"2022049469","1304","1","0","0","0","0","0","0","0","0","5","0","","02","5","2022","5","40.274563","-79.893715","1301","11","0","0","0","0","1","1","0","0","","0","0","0","","","0","N","0","","40 16:28.426","2","0","79 53:37.373","0","0","0","0","2471","0","0","0","N","0","0","0","2","02428","0","","1.0","1352.0","1","N","N","N","0","","0","0","1","","0","N","","2","0","0","0","0","0","0","2","0","2","","03","","N","","","","","","","","","",""
"2022050461","1656","0","0","0","0","0","0","0","0","0","6","0","","02","5","2022","4","40.352759","-80.140434","1653","11","0","0","0","0","0","0","0","0","","0","0","0","","","1","","2","","40 21:09.932","","6","80 08:25.562","3","0","0","0","2119","0","0","0","N","0","0","0","5","02119","0","","1.0","","1","N","N","N","0","","1","0","1","","0","","","2","1","0","0","0","0","0","2","1","2","","03","","N","","","","","","","","","",""
"2022053395","0148","1","0","0","0","0","0","0","0","0","7","0","","02","6","2022","2","40.436499","-79.963974","0142","11","0","0","0","0","0","0","0","0","","0","0","0","","","0","","2","","40 26:11.395","3","0","79 57:50.306","0","0","0","0","2301","0","0","0","N","0","0","0","1","02301","0","","2.0","230.0","1","N","N","N","0","","0","0","0","","0","N","","1","0","0","0","0","0","0","2","0","1","","03","","N","","","","","","","","","",""
"2022059150","1515","1","0","0","0","0","0","0","0","0","7","0","","02","6","2022","5","40.394201","-79.969756","1509","11","0","0","0","0","0","0","0","0","","0","0","0","","","0","","2","","40 23:39.123","","0","79 58:11.120","0","0","0","0","2403","0","0","0","N","0","0","0","1","02403","0","","4.0","","1","N","N","N","0","","0","0","0","","0","","","1","0","0","0","0","0","0","2","0","1","","","","N","","","","","","","","","",""
"2022057154","1207","1","0","0","0","0","0","0","0","0","1","0","","02","5","2022","6","40.428894","-79.932469","1107","11","0","0","0","0","0","0","0","0","","0","0","0","","","0","","6","","40 25:44.018","","0","79 55:56.890","9","0","0","0","2301","0","0","0","N","0","0","0","2","68B03","0","","1.0","","1","N","N","N","0","","0","0","1","","0","","","2","0","0","0","0","0","1","2","0","2","","03","","N","","","","","","","","","",""
"2022050400","2015","1","0","0","0","0","0","0","0","0","5","0","","02","5","2022","3","40.472064","-79.957749","2005","11","0","0","0","0","0","0","0","0","","0","0","0","","","0","N","0","","40 28:19.431","3","0","79 57:27.895","0","0","0","0","2301","0","0","0","N","0","0","0","3","02301","0","","1.0","2030.0","1","N","N","N","0","","0","0","1","","0","N","","2","0","1","0","0","0","0","2","0","2","","03","","N","","","","","","","","","",""
"2022056000","0914","1","0","0","0","0","0","0","0","0","7","0","","02","6","2022","3","40.650587","-80.040709","0910","11","0","0","0","0","0","0","0","0","","0","0","0","","","0","N","0","","40 39:02.113","","0","80 02:26.554","0","0","0","0","2216","0","0","0","N","0","0","0","1","02505","0","","5.0","","1","N","N","N","0","","0","0","0","","0","","","1","0","0","0","0","0","0","2","0","1","","03","","N","","","","","","","","","",""
"2022057954","0623","1","0","0","0","0","0","0","0","0","7","0","","02","6","2022","6","40.591436","-79.773251","0605","11","0","0","0","0","0","0","0","0","","0","0","0","","","1","N","0","","40 35:29.171","2","0","79 46:23.705","3","0","0","0","2104","0","0","0","Y","0","0","0","1","68D02","0","","4.0","700.0","1","N","N","N","0","","1","0","0","","0","N","","1","1","0","0","0","0","0","1","0","1","","","","N","","","","","","","","","",""
"2022053176","1512","2","0","0","0","0","0","0","0","0","0","0","","02","5","2022","7","40.456904","-79.758798","1459","11","0","0","0","0","0","1","0","0","","0","0","0","","","1","","3","","40 27:24.855","","0","79 45:31.673","3","0","0","1","2446","0","0","0","N","0","0","0","3","02446","0","","1.0","","1","N","N","N","0","","1","0","0","","4","N","","3","1","0","0","0","0","0","2","0","3","","03","","N","","","","","","","","","",""
"2022057302","1230","2","0","0","0","0","0","0","0","0","4","0","","02","6","2022","3","40.340344","-79.938195","1227","11","0","0","0","0","0","1","0","1","","0","0","0","","","0","","2","","40 20:25.240","1","0","79 56:17.503","0","0","0","0","2473","0","0","0","N","0","0","0","3","02473","0","","1.0","1258.0","1","N","N","N","0","","0","0","0","","2","N","","2","0","0","0","0","0","0","2","0","2","","98","","N","","","","","","","","","",""
"2022048850","1213","1","0","0","0","0","0","0","0","0","4","0","","02","5","2022","4","40.336312","-79.810355","1211","11","0","0","0","0","0","1","0","0","","0","0","0","","","1","N","0","","40 20:10.724","","7","79 48:37.279","4","0","0","0","2477","0","0","0","N","0","0","0","3","02477","1","","1.0","","1","N","N","N","0","","0","0","1","","0","N","","2","1","0","0","0","0","0","2","0","2","","","","N","","","","","","","","","",""
"2022058484","0653","1","0","0","0","0","0","0","0","0","7","0","","02","6","2022","6","40.458067","-79.904054","0653","11","0","0","0","0","0","1","0","0","","0","0","0","","","0","N","3","","40 27:29.040","","0","79 54:14.595","0","0","0","0","2301","0","0","0","N","0","0","0","1","02301","0","","5.0","","1","N","N","N","0","","0","0","0","","0","","","1","0","0","0","0","0","0","2","0","1","","","","N","","","","","","","","","",""
"2022057919","1308","1","0","0","0","0","0","0","0","0","1","0","","02","5","2022","6","40.566898","-79.795946","1302","11","0","0","0","0","0","1","1","0","","0","0","0","","","0","","2","","40 34:00.834","1","2","79 47:45.407","0","0","0","0","2206","0","0","0","N","0","0","0","2","68D02","0","","1.0","1350.0","1","N","N","N","0","","0","0","1","","2","N","","2","0","0","0","0","0","0","2","0","2","","","","N","","","","","","","","","",""
"2022044750","0116","0","0","0","0","0","0","0","0","0","7","0","","02","5","2022","6","40.393115","-79.797655","0114","11","0","0","0","0","0","0","0","0","","0","0","0","","","0","N","0","","40 23:35.213","4","0","79 47:51.558","0","0","0","0","2470","0","0","0","N","0","0","0","1","02424","0","","5.0","204.0","1","N","N","N","1","","0","0","0","","0","N","","1","0","0","0","0","0","0","2","0","1","","","","N","","","","","","","","","",""
"2022057288","1416","3","0","0","0","0","0","0","0","0","1","0","","02","6","2022","7","40.382984","-79.85741","1412","11","0","0","0","0","0","1","0","0","","0","0","0","","","0","","1","","40 22:58.744","","0","79 51:26.676","0","0","0","0","2303","0","0","0","N","0","0","0","4","02303","0","","1.0","","1","N","N","Y","0","","0","0","0","","2","N","","3","0","0","0","0","0","0","2","0","3","","03","","N","","","","","","","","","",""
"2022049805","1654","0","0","0","0","0","0","0","0","0","3","0","","02","5","2022","7","40.441539","-80.006969","1650","11","0","0","0","0","0","1","1","0","","0","0","0","","","1","N","0","","40 26:29.540","1","0","80 00:25.090","3","0","0","1","2301","0","0","0","N","0","0","0","2","02301","0","","1.0","1730.0","1","N","N","N","1","","1","0","0","","0","N","","2","1","0","0","0","0","0","2","0","2","","","","N","","","","","","","","","",""
"2022050052","1337","0","0","0","0","0","0","0","0","0","98","0","","02","5","2022","1","40.573125","-79.864578","1333","11","0","0","0","0","0","1","0","0","","0","0","0","","","1","N","0","","40 34:23.251","","0","79 51:52.481","3","0","0","1","2209","0","0","0","N","0","0","0","1","02209","0","","1.0","","1","N","N","N","0","","1","0","0","","0","","","1","1","0","0","0","0","0","2","0","1","","03","","N","","","","","","","","","",""
"2022065435","0355","1","0","0","0","0","0","0","0","0","7","0","","02","7","2022","1","40.349783","-79.834235","0353","11","0","0","0","0","0","0","0","0","","0","0","0","","","0","N","1","","40 20:59.218","2","0","79 50:03.246","9","0","0","0","2304","0","0","0","N","0","0","0","1","02304","0","","5.0","437.0","9","N","N","N","0","","0","0","0","","0","N","","1","0","0","0","0","0","1","2","0","1","","03","","N","","","","","","","","","",""
"2022059847","1324","0","0","0","0","0","0","0","0","0","0","0","","02","6","2022","4","40.556968","-79.80762","1312","11","0","0","0","0","0","1","0","0","","0","0","0","","","0","N","0","","40 33:25.083","","0","79 48:27.431","0","0","0","0","2121","0","0","0","N","0","0","0","1","68D02","0","","1.0","","1","N","N","N","0","","0","0","1","","0","","","1","0","0","0","0","0","0","2","0","1","","03","","N","","","","","","","","","",""
"2022058551","1515","1","0","0","0","0","0","0","0","0","2","0","","02","6","2022","6","40.426818","-80.057919","1510","11","0","0","0","0","0","0","0","0","","0","0","0","","","2","N","0","","40 25:36.544","","7","80 03:28.510","4","0","0","0","2301","0","0","0","N","0","0","0","4","02301","2","","1.0","","1","N","N","N","0","","0","0","1","","0","","","2","2","0","0","0","0","0","2","0","2","","03","","N","","","","","","","","","",""
"2022067406","1314","1","0","0","1","0","0","0","0","0","8","0","","02","7","2022","1","40.437115","-79.954969","1308","11","0","0","0","0","0","0","0","0","","0","0","0","","","1","","1","","40 26:13.614","","0","79 57:17.889","3","0","0","0","2301","1","0","0","N","0","0","0","2","02301","0","","1.0","","1","N","N","N","0","","1","0","0","","0","N","","2","1","0","0","0","0","0","2","0","1","","","","N","","","","","","","","","",""
"2022050016","2256","2","0","0","0","0","0","0","0","0","2","0","","02","5","2022","1","40.421807","-79.992333","2251","11","0","0","0","0","0","0","0","0","","0","0","0","","","0","N","1","","40 25:18.506","","0","79 59:32.400","0","0","0","0","2301","0","0","0","N","0","0","0","2","02301","0","","1.0","","1","N","N","N","0","","0","0","0","","2","","","2","0","0","0","0","0","0","2","0","2","","03","","N","","","","","","","","","",""
"2022068628","0448","2","0","0","0","0","0","0","0","0","4","0","","02","7","2022","6","40.404943","-80.025526","0437","11","0","0","0","0","0","0","0","0","","0","0","0","","","0","","3","","40 24:17.794","2","0","80 01:31.893","0","0","0","0","2301","0","0","0","N","0","0","0","1","02301","0","","1.0","515.0","1","N","N","N","0","","0","0","0","","3","N","","2","0","0","0","0","0","0","2","0","2","","","","N","","","","","","","","","",""
"2022060192","0055","1","0","0","0","0","0","0","0","0","7","0","","02","6","2022","3","40.516778","-80.197794","1251","11","0","0","1","0","0","0","0","0","","0","0","0","","","2","N","0","","40 31:00.400","","0","80 11:52.060","3","0","0","0","2213","0","0","0","N","0","0","0","3","02213","0","","5.0","","1","N","N","N","0","","2","0","0","","0","","","1","2","0","0","0","0","0","2","0","1","","","","N","","","","","","","","","",""
"2022058044","0118","2","0","0","0","0","0","0","0","0","4","0","","02","6","2022","5","40.384654","-79.995066","0111","11","0","0","0","0","0","0","1","0","","0","0","0","","","2","","2","","40 23:04.755","5","0","79 59:42.238","8","0","0","0","2301","0","0","0","N","0","0","0","4","02301","0","","1.0","202.0","1","N","N","N","0","","0","0","0","","2","Y","","2","2","0","0","0","2","0","2","0","2","","","","N","","","","","","","","","",""
"2022057345","0839","1","0","0","0","0","0","0","0","0","4","0","","02","6","2022","3","40.25531","-79.852368","0832","11","0","0","0","0","0","1","0","0","","0","0","0","","","0","N","3","","40 15:19.117","","0","79 51:08.524","0","0","0","0","2105","0","0","0","N","0","0","0","2","02105","0","","1.0","","1","N","N","N","1","","0","0","0","","0","N","","2","0","0","0","0","0","0","1","0","2","","03","","N","","","","","","","","","",""
"2022068360","1711","3","0","0","0","0","0","0","0","0","4","0","","02","7","2022","3","40.502819","-80.229147","1709","11","0","0","0","0","0","2","0","0","","0","0","0","","","3","N","0","","40 30:10.150","3","0","80 13:44.929","3","0","0","0","2213","0","0","0","N","0","0","0","4","02213","0","","1.0","1800.0","1","N","N","Y","0","","2","0","0","","0","N","","3","3","0","0","0","1","0","2","0","3","","","","N","","","","","","","","","",""
"2022056042","1406","1","0","0","1","0","0","0","0","0","8","0","","02","6","2022","5","40.581412","-79.881479","1404","11","0","0","1","0","0","0","0","0","","0","0","0","","","1","","2","","40 34:53.083","","0","79 52:53.324","3","0","0","0","2209","1","0","0","N","0","0","0","2","02209","0","","1.0","","1","","","N","0","","1","0","0","","0","","","2","1","0","0","0","0","0","2","0","1","","03","","N","","","","","","","","","",""
"2022060100","1520","2","0","0","0","0","0","0","0","0","5","1","","02","6","2022","6","40.594404","-80.094794","1508","11","0","0","0","0","0","0","0","0","","0","1","0","","","1","N","0","","40 35:39.854","","0","80 05:41.258","3","0","0","0","2481","0","0","0","N","0","0","0","5","68B03","0","","1.0","","1","N","N","N","0","","1","0","0","","0","","","3","1","0","0","0","0","0","2","0","3","","03","","N","","","","","","","","","",""
"2022052238","1625","2","0","0","0","0","0","0","0","0","1","0","","02","5","2022","3","40.438733","-79.75205","1619","11","0","0","0","0","0","0","1","0","","0","0","0","16","","1","N","6","","40 26:19.438","","2","79 45:07.381","4","0","0","0","2446","0","0","0","N","0","0","0","3","02446","1","","1.0","","1","N","N","N","0","","0","0","0","","0","N","1619","2","1","0","0","0","0","0","2","0","2","","03","","N","","","","","","","","","",""
"2022059712","0405","1","0","0","0","0","0","0","0","0","2","0","","02","6","2022","2","40.520492","-80.175836","0401","11","0","0","0","0","0","0","0","0","","0","0","0","04","","0","N","0","","40 31:13.770","","0","80 10:33.010","0","0","0","0","2420","0","0","0","N","0","0","0","2","02420","0","","6.0","","1","N","N","N","0","","0","0","2","","0","","0401","3","0","0","0","0","0","0","2","0","3","","03","","N","","","","","","","","","",""
"2022050270","0932","0","0","0","0","0","0","0","0","0","8","0","","02","5","2022","3","40.461434","-79.924823","0930","11","0","0","0","0","0","0","0","0","","0","0","0","09","","1","N","1","","40 27:41.162","","0","79 55:29.363","8","0","0","0","2301","1","0","0","N","1","0","0","2","02301","0","","1.0","","1","N","N","N","0","","0","0","1","","2","","0928","2","1","0","0","0","1","0","2","0","1","","03","","N","","","","","","","","","",""
"2022052008","1743","2","0","0","0","0","0","0","0","0","1","0","","02","6","2022","5","40.673416","-80.098407","1735","11","1","0","0","0","0","0","0","0","","0","0","0","17","","4","","1","","40 40:24.298","1","0","80 05:54.266","3","0","0","0","2212","0","0","0","N","0","0","0","6","02505","0","","1.0","1823.0","9","N","N","N","0","","4","0","0","","2","Y","1733","2","4","0","0","0","0","1","2","0","2","","04","","N","","","","","","","","","",""
"2022069220","1830","1","0","0","0","0","0","0","0","0","7","0","","02","7","2022","7","40.523433","-80.177076","1825","11","0","0","0","0","0","0","0","0","","0","0","0","17","","0","","2","","40 31:24.358","","0","80 10:37.474","0","0","0","0","2213","0","0","0","N","0","0","0","2","02213","0","","5.0","","1","N","N","N","0","","0","0","0","","2","","1749","1","0","0","0","0","0","0","2","0","1","","03","","N","","","","","","","","","",""
"2022059082","1750","1","0","0","0","0","0","0","0","0","2","0","","02","6","2022","1","40.463915","-79.80107","1740","11","0","0","0","0","0","0","0","0","","0","0","0","17","","2","N","2","","40 27:50.094","5","0","79 48:03.852","3","0","0","0","2113","0","0","0","N","0","0","0","3","02113","0","","1.0","1803.0","1","N","N","Y","0","","2","0","1","","3","Y","1735","2","2","1","0","0","0","0","2","0","2","","03","","N","","","","","","","","","",""
"2022067506","0647","2","0","0","0","0","0","0","0","0","4","0","","02","7","2022","7","40.343876","-79.840318","0644","11","0","0","1","0","0","0","0","0","","0","0","0","06","","0","","1","","40 20:37.953","","0","79 50:25.144","9","0","0","0","2304","0","0","0","N","0","0","0","2","02304","0","","1.0","","1","N","N","N","0","","0","0","0","","3","","0642","2","0","0","0","0","0","1","2","0","2","","03","","N","","","","","","","","","",""
"2022059162","0212","3","0","0","0","0","0","0","0","0","6","0","","02","6","2022","2","40.421561","-79.979528","0208","11","0","0","0","0","0","0","0","0","","0","0","0","02","","0","N","0","","40 25:17.621","5","0","79 58:46.300","0","0","0","0","2301","0","0","0","N","0","0","0","2","02301","0","","1.0","300.0","1","N","N","N","0","","0","0","0","","0","N","0205","3","0","1","0","0","0","0","2","0","3","","03","","N","","","","","","","","","",""
"2022051707","1529","1","0","0","0","0","0","0","0","0","4","0","","02","5","2022","1","40.445234","-79.991806","1523","11","0","1","0","0","0","0","0","0","","0","0","0","15","","1","N","2","","40 26:42.842","6","1","79 59:30.501","2","0","0","0","2301","0","0","0","N","0","0","0","3","02301","0","","1.0","1600.0","1","N","N","N","0","","0","1","1","","3","Y","1515","2","1","1","0","1","0","0","2","0","2","","03","","N","","","","","","","","","",""