"CRN","ARRIVAL_TM","AUTOMOBILE_COUNT","BELTED_DEATH_COUNT","BELTED_SUSP_SERIOUS_INJ_COUNT","BICYCLE_COUNT","BICYCLE_DEATH_COUNT","BICYCLE_SUSP_SERIOUS_INJ_COUNT","BUS_COUNT","CHLDPAS_DEATH_COUNT","CHLDPAS_SUSP_SERIOUS_INJ_COUNT","COLLISION_TYPE","COMM_VEH_COUNT","CONS_ZONE_SPD_LIM","COUNTY","CRASH_MONTH","CRASH_YEAR","DAY_OF_WEEK","DEC_LATITUDE","DEC_LONGITUDE","DISPATCH_TM","DISTRICT","DRIVER_COUNT_16YR","DRIVER_COUNT_17YR","DRIVER_COUNT_18YR","DRIVER_COUNT_19YR","DRIVER_COUNT_20YR","DRIVER_COUNT_50_64YR","DRIVER_COUNT_65_74YR","DRIVER_COUNT_75PLUS","EST_HRS_CLOSED","FATAL_COUNT","HEAVY_TRUCK_COUNT","HORSE_BUGGY_COUNT","HOUR_OF_DAY","ILLUMINATION","INJURY_COUNT","INTERSECTION_RELATED","INTERSECT_TYPE","LANE_CLOSED","LATITUDE","LN_CLOSE_DIR","LOCATION_TYPE","LONGITUDE","MAX_SEVERITY_LEVEL","MCYCLE_DEATH_COUNT","MCYCLE_SUSP_SERIOUS_INJ_COUNT","MOTORCYCLE_COUNT","MUNICIPALITY","NONMOTR_COUNT","NONMOTR_DEATH_COUNT","NONMOTR_SUSP_SERIOUS_INJ_COUNT","NTFY_HIWY_MAINT","PED_COUNT","PED_DEATH_COUNT","PED_SUSP_SERIOUS_INJ_COUNT","PERSON_COUNT","POLICE_AGCY","POSSIBLE_INJ_COUNT","RDWY_SURF_TYPE_CD","RELATION_TO_ROAD","ROADWAY_CLEARED","ROAD_CONDITION","SCH_BUS_IND","SCH_ZONE_IND","SECONDARY_CRASH","SMALL_TRUCK_COUNT","SPEC_JURIS_CD","SUSP_MINOR_INJ_COUNT","SUSP_SERIOUS_INJ_COUNT","SUV_COUNT","TCD_FUNC_CD","TCD_TYPE","TFC_DETOUR_IND","TIME_OF_DAY","TOTAL_UNITS","TOT_INJ_COUNT","UNBELTED_OCC_COUNT","UNB_DEATH_COUNT","UNB_SUSP_SERIOUS_INJ_COUNT","UNK_INJ_DEG_COUNT","UNK_INJ_PER_COUNT","URBAN_RURAL","VAN_COUNT","VEHICLE_COUNT","WEATHER1","WEATHER2","WORKERS_PRES","WORK_ZONE_IND","WORK_ZONE_LOC","WORK_ZONE_TYPE","WZ_CLOSE_DETOUR","WZ_FLAGGER","WZ_LAW_OFFCR_IND","WZ_LN_CLOSURE","WZ_MOVING","WZ_OTHER","WZ_SHLDER_MDN","WZ_WORKERS_INJ_KILLED"
"2022029488","0004","2","0","0","0","0","0","0","0","0","1","0","","02","3","2022","5","40.475038","-80.029864","2356","11","0","0","0","0","0","1","0","0","","0","0","0","23","","1","N","0","","40 28:30.135","2","7","80 01:47.512","8","0","0","0","2301","0","0","0","N","0","0","0","2","02301","0","","1.0","114.0","1","N","N","Y","0","","0","0","2","","0","N","2347","4","1","0","0","0","1","0","2","0","4","","03","","N","","","","","","","","","",""
"2022043104","0315","0","0","0","0","0","0","0","0","0","7","0","","02","5","2022","2","40.347623","-79.887979","0315","11","0","0","0","0","0","0","0","0","","0","0","0","03","","0","N","0","","40 20:51.442","","7","79 53:16.724","9","0","0","0","2304","0","0","0","N","0","0","0","2","02304","0","","4.0","","1","N","N","N","0","","0","0","1","","0","","0315","1","0","0","0","0","0","2","2","0","1","","","","N","","","","","","","","","",""
"2022033650","1623","1","0","0","0","0","0","0","0","0","1","0","","02","4","2022","5","40.277392","-79.837355","1620","11","0","1","0","0","0","1","0","0","","0","0","0","16","","1","Y","0","","40 16:38.612","","0","79 50:14.477","4","0","0","0","2105","0","0","0","N","0","0","0","2","02105","1","","1.0","","9","N","N","N","0","","0","0","1","","0","N","1618","2","1","0","0","0","0","0","2","0","2","","","","N","","","","","","","","","",""
"2022076163","1244","2","0","0","0","0","0","0","0","0","1","0","","02","8","2022","7","40.444349","-79.828325","1240","11","0","0","0","0","0","1","0","0","","0","0","0","12","","1","N","2","","40 26:39.657","","0","79 49:41.969","4","0","0","0","2113","0","0","0","N","0","0","0","3","02113","1","","1.0","","1","N","N","Y","0","","0","0","0","","0","","1240","2","1","2","0","0","0","0","2","0","2","","","","N","","","","","","","","","",""
"2022018792","1503","1","0","0","0","0","0","0","0","0","8","0","","02","2","2022","2","40.601839","-79.757578","1501","11","0","0","0","0","0","1","0","0","","0","0","0","15","","1","","1","","40 36:06.622","5","0","79 45:27.281","2","0","0","0","2464","1","0","1","N","1","0","1","2","02464","0","","1.0","25.0","1","N","N","N","0","","0","1","0","","2","Y","1501","2","1","0","0","0","0","0","2","0","1","","03","","N","","","","","","","","","",""
"2022040746","1930","2","0","0","0","0","0","0","0","0","5","0","","02","5","2022","1","40.465317","-79.982858","1922","11","0","0","0","0","0","0","0","0","","0","0","0","19","","0","N","0","","40 27:55.140","","0","79 58:58.290","0","0","0","0","2301","0","0","0","N","0","0","0","1","02301","0","","6.0","","1","N","N","N","0","","0","0","0","","0","","1919","2","0","0","0","0","0","0","2","0","2","","03","","N","","","","","","","","","",""
"2022077014","0649","0","0","0","0","0","0","0","0","0","8","0","","02","3","2022","6","40.502","-79.946806","0649","11","0","0","0","0","0","0","1","0","","1","0","0","06","","0","","2","","40 30:07.200","5","0","79 56:48.500","1","0","0","0","2430","1","1","0","N","1","1","0","2","02430","0","2","1.0","711.0","1","N","N","N","0","0","0","0","0","","0","N","0645","2","0","0","0","0","0","0","2","1","1","","","","N","","","","","","","","","",""
"2022047116","0615","1","0","0","0","0","0","0","0","0","4","0","","02","5","2022","4","40.366675","-79.830492","0612","11","0","0","0","0","0","0","0","0","","1","0","0","06","","1","N","0","","40 22:00.030","5","0","79 49:49.770","1","0","0","0","2111","0","0","0","N","0","0","0","2","02111","0","2","1.0","1131.0","1","N","N","N","0","0","0","0","1","","0","Y","0610","2","1","1","1","0","1","0","2","0","2","","03","","N","","","","","","","","","",""
"2022033477","2331","1","0","0","0","0","0","0","0","0","5","0","","02","4","2022","4","40.441265","-79.95918","2327","11","0","0","1","0","0","0","0","0","","0","0","0","23","","0","","1","","40 26:28.554","","0","79 57:33.047","0","0","0","0","2301","0","0","0","N","0","0","0","4","02301","0","","1.0","","9","N","N","N","0","","0","0","1","","2","","2321","2","0","0","0","0","0","0","2","0","2","","","","N","","","","","","","","","",""
"2022018249","1235","1","0","0","0","0","0","0","0","0","7","0","","02","2","2022","7","40.531829","-79.711511","1228","11","0","1","0","0","0","0","0","0","","0","0","0","12","","1","N","0","","40 31:54.585","2","0","79 42:41.441","8","0","0","0","2466","0","0","0","N","0","0","0","1","02466","0","","4.0","1302.0","9","N","N","N","0","","0","0","0","","0","N","1227","1","1","1","0","0","1","0","1","0","1","","","","N","","","","","","","","","",""
"2022017949","0800","2","0","0","0","0","0","0","0","0","1","0","","02","2","2022","6","40.431781","-79.997416","0800","11","0","0","0","0","0","0","0","0","","0","0","0","08","","0","N","0","","40 25:54.413","","3","79 59:50.699","0","0","0","0","2301","0","0","0","N","0","0","0","4","02301","0","","1.0","","2","N","N","N","0","","0","0","2","","0","","0800","4","0","0","0","0","0","0","2","0","4","","06","","N","","","","","","","","","",""
"2022081370","2234","0","0","0","0","0","0","0","0","0","1","0","","02","8","2022","7","40.437958","-80.151089","2228","11","0","0","0","0","0","0","0","1","","0","0","0","22","","3","N","0","","40 26:16.647","3","0","80 09:03.919","3","0","0","0","2115","0","0","0","N","0","0","0","3","68B03","0","","1.0","2330.0","1","N","N","N","0","","3","0","2","","0","N","2228","2","3","2","0","0","0","0","2","0","2","","03","","N","","","","","","","","","",""
"2022039325","0050","2","0","0","0","0","0","0","0","0","4","0","","02","4","2022","3","40.423036","-79.927569","0040","11","0","0","0","0","0","0","0","0","","0","0","0","","","0","N","1","","40 25:22.929","","0","79 55:39.248","0","0","0","0","2301","0","0","0","N","0","0","0","4","02301","0","","1.0","","9","N","N","N","0","","0","0","0","","2","","","2","0","0","0","0","0","0","2","0","2","","03","","N","","","","","","","","","",""
"2022039953","2258","0","0","0","0","0","0","0","0","0","2","0","","02","4","2022","5","40.43804","-79.994361","2251","11","0","0","0","0","0","1","0","0","","0","0","0","","","0","N","1","","40 26:16.943","3","0","79 59:39.699","0","0","0","1","2301","0","0","0","N","0","0","0","2","02301","0","","1.0","2320.0","1","N","N","N","0","","0","0","1","","2","Y","","2","0","0","0","0","0","0","2","0","2","","03","","N","","","","","","","","","",""
"2022040883","1334","1","0","0","0","0","0","0","0","0","1","0","","02","5","2022","2","40.339481","-79.967952","1330","11","0","0","0","0","0","0","0","0","","0","0","0","","","1","","2","","40 20:22.132","","0","79 58:04.626","8","0","0","0","2454","0","0","0","N","0","0","0","3","02454","0","","1.0","","1","N","N","N","1","","0","0","0","","0","N","","2","1","0","0","0","1","0","2","0","2","","03","","N","","","","","","","","","",""
"2022076806","1045","1","0","0","0","0","0","0","0","0","1","0","","02","8","2022","5","40.444613","-79.852754","1038","11","0","0","0","0","0","1","0","0","","0","0","0","","","1","N","0","","40 26:40.607","4","0","79 51:09.914","4","0","0","0","2419","0","0","0","N","0","0","0","4","68B03","1","","1.0","1128.0","1","N","N","N","0","","0","0","2","","0","N","","3","1","0","0","0","0","0","2","0","3","","03","","N","","","","","","","","","",""
"2022075270","1714","2","0","0","0","0","0","0","0","0","4","0","","02","8","2022","4","40.526014","-79.84271","1708","11","0","0","0","0","0","2","0","0","","0","0","0","","","0","N","1","","40 31:33.650","","0","79 50:33.755","0","0","0","0","2451","0","0","0","N","0","0","0","6","02451","0","","1.0","","1","N","N","N","0","","0","0","0","","0","","","2","0","0","0","0","0","0","2","0","2","","03","","N","","","","","","","","","",""
"2022033480","0116","0","0","0","0","0","0","0","0","0","4","0","","02","4","2022","5","40.328108","-79.835978","0112","11","0","0","0","0","0","0","0","0","","0","0","0","","","0","Y","0","","40 19:41.190","5","7","79 50:09.520","0","0","0","0","2304","0","0","0","N","0","0","0","2","02304","0","","1.0","145.0","9","N","N","N","1","","0","0","1","","0","N","","2","0","0","0","0","0","0","2","0","2","","07","","N","","","","","","","","","",""
"2022015361","2105","2","0","0","0","0","0","0","0","0","5","0","","02","2","2022","5","40.436036","-79.967477","2050","11","0","0","0","0","0","0","0","0","","0","0","0","","","1","","7","","40 26:09.728","","2","79 58:02.916","4","0","0","0","2301","0","0","0","N","0","0","0","2","02301","1","","7.0","","1","N","N","N","0","","0","0","0","","0","","","2","1","0","0","0","0","1","2","0","2","","03","","N","","","","","","","","","",""
"2022018275","1504","0","0","0","0","0","0","0","0","0","1","0","","02","2","2022","7","40.356901","-80.120208","1501","11","0","0","0","0","0","0","1","0","","0","0","0","","","0","N","0","","40 21:24.844","","0","80 07:12.749","0","0","0","0","2119","0","0","0","N","0","0","0","6","02119","0","","1.0","","1","N","N","N","0","","0","0","2","","0","","","2","0","0","0","0","0","0","2","0","2","","","","N","","","","","","","","","",""
"2022052913","1102","0","0","0","0","0","0","0","0","0","4","0","","02","6","2022","6","40.433957","-79.753273","1054","11","0","0","0","0","0","0","1","0","","0","0","0","","","0","N","0","","40 26:02.245","","7","79 45:11.781","0","0","0","0","2446","0","0","0","N","0","0","0","2","02446","0","","1.0","","1","N","N","N","1","","0","0","1","","0","","","2","0","0","0","0","0","0","2","0","2","","","","N","","","","","","","","","",""
"2022077451","1408","2","0","0","0","0","0","0","0","0","1","0","","02","8","2022","2","40.351579","-80.113867","1404","11","0","0","0","0","1","0","0","0","","0","0","0","","","0","N","0","","40 21:05.684","","7","80 06:49.922","0","0","0","0","2119","0","0","0","N","0","0","0","2","02119","0","","1.0","","1","N","N","N","0","","0","0","0","","0","","","2","0","0","0","0","0","0","2","0","2","","03","","N","","","","","","","","","",""
"2022075493","1630","1","0","0","0","0","0","0","0","0","7","0","","02","8","2022","4","40.415275","-79.805531","1627","11","0","0","0","0","0","0","0","0","","0","0","0","","","1","N","0","","40 24:54.990","4","0","79 48:19.910","3","0","0","0","2446","0","0","0","N","0","0","0","1","02446","0","","2.0","1700.0","1","N","N","N","0","","1","0","0","","0","N","","1","1","0","0","0","0","0","2","0","1","","03","","N","","","","","","","","","",""
"2022028119","0913","0","0","0","0","0","0","0","0","0","1","0","","02","3","2022","2","40.444459","-79.958179","0903","11","0","0","0","0","0","0","0","0","","0","0","0","","","1","N","2","","40 26:40.053","","0","79 57:29.445","4","0","0","0","2301","0","0","0","N","0","0","0","4","02301","1","","1.0","","1","Y","N","N","1","","0","0","0","","0","","","2","1","0","0","0","0","0","2","1","2","","","","N","","","","","","","","","",""
"2022046077","1158","3","0","0","0","0","0","0","0","0","4","0","","02","5","2022","3","40.478711","-79.931033","1151","11","0","0","0","0","0","0","0","0","","0","0","0","","","0","N","0","","40 28:43.361","2","0","79 55:51.717","0","0","0","0","2301","0","0","0","N","0","0","0","1","02301","0","","1.0","1230.0","1","N","N","N","0","","0","0","0","","0","N","","3","0","0","0","0","0","0","2","0","3","","03","","N","","","","","","","","","",""
"2022024509","0757","0","0","0","0","0","0","0","0","0","4","0","","02","3","2022","5","40.454604","-79.88849","0752","11","0","0","0","0","0","1","0","0","","0","0","0","","","1","","1","","40 27:16.574","7","0","79 53:18.564","3","0","0","0","2301","0","0","0","N","0","0","0","3","02301","0","","1.0","845.0","1","N","N","N","0","","1","0","2","","2","Y","","2","1","0","0","0","0","0","2","0","2","","03","","N","","","","","","","","","",""
"2022077102","1219","1","0","0","0","0","0","0","0","0","4","0","","02","8","2022","5","40.465212","-80.060199","1218","11","0","0","0","0","0","1","0","0","","0","0","0","","","0","","2","","40 27:54.762","5","0","80 03:36.718","0","0","0","0","2444","0","0","0","N","0","0","0","3","02444","0","","1.0","1300.0","1","N","N","N","1","","0","0","0","","3","Y","","2","0","0","0","0","0","0","2","0","2","","","","N","","","","","","","","","",""
"2022039034","1307","2","0","0","0","0","0","0","0","0","1","0","","02","4","2022","2","40.45102","-79.766106","1304","11","0","0","0","0","0","1","0","0","","0","0","0","","","1","N","0","","40 27:03.672","1","0","79 45:57.981","8","0","0","0","2446","0","0","0","N","0","0","0","2","02446","0","","1.0","1330.0","1","N","N","N","0","","0","0","0","","0","N","","2","1","0","0","0","1","0","2","0","2","","03","","N","","","","","","","","","",""
"2022028531","1737","1","0","0","0","0","0","0","0","0","1","0","","02","3","2022","2","40.46736","-79.977589","1724","11","0","0","0","0","0","1","0","1","","0","0","0","","","0","N","0","","40 28:02.496","1","0","79 58:39.319","0","0","0","0","2118","0","0","0","N","0","0","0","4","02118","0","","1.0","1817.0","1","N","N","N","0","","0","0","1","","0","N","","3","0","0","0","0","0","0","2","1","3","","","","N","","","","","","","","","",""
"2022068822","1630","1","0","0","0","0","0","0","0","0","1","1","","02","7","2022","4","40.429364","-79.999101","1630","11","0","0","0","0","0","1","0","0","","0","1","0","","","1","","1","","40 25:45.712","2","4","79 59:56.762","8","0","0","0","2301","0","0","0","N","0","0","0","2","02301","0","","1.0","1700.0","1","N","N","N","0","","0","0","0","","2","N","","2","1","0","0","0","1","0","2","0","2","","","","N","","","","","","","","","",""
"2022028950","1718","2","0","0","0","0","0","0","0","0","1","0","","02","3","2022","4","40.417998","-79.956662","1711","11","0","0","0","0","0","0","0","0","","0","0","0","","","0","N","0","","40 25:04.792","2","0","79 57:23.984","0","0","0","0","2301","0","0","0","N","0","0","0","3","02301","0","","1.0","1802.0","1","N","N","N","0","","0","0","1","","0","N","","3","0","0","0","0","0","0","2","0","3","","03","","N","","","","","","","","","",""
"2022042763","1421","1","0","0","0","0","0","0","0","0","4","0","","02","5","2022","1","40.410439","-80.015606","1409","11","0","0","0","0","0","0","0","0","","0","0","0","","","0","","2","","40 24:37.582","","0","80 00:56.182","0","0","0","1","2301","0","0","0","N","0","0","0","4","02301","0","","1.0","","1","N","N","N","0","","0","0","0","","2","","","2","0","0","0","0","0","0","2","0","2","","03","","N","","","","","","","","","",""
"2022073747","0938","0","0","0","0","0","0","0","0","0","7","0","","02","7","2022","4","40.377682","-79.987369","0936","11","0","0","0","0","0","0","1","0","","0","0","0","","","0","N","0","","40 22:39.656","1","0","79 59:14.530","0","0","0","0","2476","0","0","0","N","0","0","0","3","02476","0","","4.0","30.0","9","N","N","N","2","","0","0","0","","0","N","","2","0","0","0","0","0","0","2","0","2","","","","N","","","","","","","","","",""
"2022076511","1936","1","0","0","0","0","0","0","0","0","7","0","","02","8","2022","1","40.506739","-80.006878","1933","11","0","0","0","1","0","0","0","0","","0","0","0","","","1","","1","","40 30:24.261","","0","80 00:24.762","3","0","0","0","2116","0","0","0","N","0","0","0","1","02116","0","","2.0","","9","N","N","N","0","","1","0","0","","2","","","1","1","1","0","0","0","0","2","0","1","","","","N","","","","","","","","","",""
"2022025711","1826","1","0","0","0","0","0","0","0","0","7","0","","02","3","2022","1","40.515444","-79.834097","1824","11","0","0","0","0","0","0","0","0","","0","0","0","","","0","N","0","","40 30:55.600","","0","79 50:02.750","0","0","0","0","2451","0","0","0","N","0","0","0","1","02451","0","","5.0","","1","N","N","N","0","","0","0","0","","0","","","1","0","1","0","0","0","0","2","0","1","","","","N","","","","","","","","","",""
"2022080319","1412","1","0","0","0","0","0","0","0","0","1","1","90","02","9","2022","5","40.592141","-80.074993","1406","11","0","0","0","0","0","1","0","0","","0","1","0","","","1","","2","","40 35:31.706","1","0","80 04:29.976","4","0","0","0","2481","0","0","0","N","0","0","0","3","02481","1","","1.0","1444.0","1","N","N","N","0","","0","0","0","","0","N","","2","1","0","0","0","0","0","2","0","2","","03","Y","Y","4","1","","Y","N","Y","","","","N"
"2022076325","0643","3","0","0","0","0","0","0","0","0","1","0","","02","8","2022","5","40.501976","-79.861928","0623","11","0","0","0","1","0","1","0","0","","0","0","0","","","0","N","0","","40 30:07.114","2","0","79 51:42.941","0","0","0","0","2112","0","0","0","N","0","0","0","3","68D02","0","","1.0","740.0","1","N","N","N","0","","0","0","0","","0","N","","3","0","0","0","0","0","0","2","0","3","","05","","N","","","","","","","","","",""
"2022036674","2247","0","0","0","0","0","0","0","0","0","7","0","","02","4","2022","2","40.417864","-80.013907","2240","11","0","0","0","0","0","0","0","0","","0","0","0","","","0","N","0","","40 25:04.310","","0","80 00:50.065","0","0","0","0","2301","0","0","0","N","0","0","0","1","02301","0","","2.0","","9","N","N","N","0","","0","0","1","","0","","","1","0","0","0","0","0","0","2","0","1","","07","","N","","","","","","","","","",""
"2022042717","1552","1","0","0","0","0","0","0","0","0","7","0","","02","5","2022","6","40.490676","-79.879948","1503","11","0","0","0","0","0","0","0","0","","0","0","0","","","1","N","0","","40 29:26.433","","3","79 52:47.812","4","0","0","0","2112","0","0","0","N","0","0","0","1","68D02","1","","4.0","","9","N","N","N","0","","0","0","0","","0","","","1","1","0","0","0","0","0","2","0","1","","","","N","","","","","","","","","",""
"2022027458","0422","0","0","0","0","0","0","0","0","0","7","0","","02","3","2022","2","40.372942","-80.099273","0421","11","0","0","0","0","0","0","0","0","","0","0","0","","","1","N","2","","40 22:22.592","4","0","80 05:57.384","4","0","0","0","2102","0","0","0","N","0","0","0","1","02102","1","","4.0","529.0","1","N","N","N","0","","0","0","1","","2","N","","1","1","0","0","0","0","0","2","0","1","","03","","N","","","","","","","","","",""
"2022022691","0225","1","0","0","0","0","0","0","0","0","7","0","","02","3","2022","4","40.463601","-79.952994","0225","11","0","0","0","0","0","0","0","0","","0","0","0","","","0","N","1","","40 27:48.963","","0","79 57:10.778","0","0","0","0","2301","0","0","0","N","0","0","0","1","02301","0","","4.0","","1","N","N","N","0","","0","0","0","","2","","","1","0","0","0","0","0","0","2","0","1","","03","","N","","","","","","","","","",""
"2022027116","1745","1","0","0","0","0","0","0","0","0","4","0","","02","3","2022","4","40.493967","-80.056449","1742","11","0","0","0","0","1","1","0","0","","0","0","0","","","0","N","2","","40 29:38.281","","0","80 03:23.216","0","0","0","0","2404","0","0","0","N","0","0","0","3","02404","0","","1.0","","1","N","N","N","0","","0","0","1","","3","","","2","0","0","0","0","0","0","2","0","2","","","","N","","","","","","","","","",""
"2022075654","1718","1","0","0","0","0","0","0","0","0","1","0","","02","8","2022","5","40.37394","-80.099073","1717","11","0","0","0","0","1","0","1","0","","0","0","0","","","0","","2","","40 22:26.185","3","0","80 05:56.662","0","0","0","0","2102","0","0","0","N","0","0","0","3","02102","0","","1.0","1737.0","1","N","N","N","0","","0","0","1","","0","N","","2","0","0","0","0","0","0","2","0","2","","","","N","","","","","","","","","",""
"2022034472","0120","2","0","0","0","0","0","0","0","0","4","0","","02","4","2022","2","40.419901","-79.987106","0117","11","0","0","0","0","0","0","0","0","","0","0","0","","","0","N","0","","40 25:11.642","","0","79 59:13.583","0","0","0","0","2301","0","0","0","N","0","0","0","3","02301","0","","1.0","","1","N","N","N","0","","0","0","2","","0","N","","4","0","1","0","0","0","0","2","0","4","","03","","N","","","","","","","","","",""
"2022018134","0047","1","0","0","0","0","0","0","0","0","5","0","","02","2","2022","7","40.416989","-79.988167","0043","11","0","0","0","0","0","0","0","0","","0","0","0","","","0","N","0","","40 25:01.161","","0","79 59:17.401","0","0","0","0","2301","0","0","0","N","0","0","0","2","02301","0","","1.0","","1","N","N","N","0","","0","0","1","","0","","","2","0","0","0","0","0","0","2","0","2","","03","","N","","","","","","","","","",""
"2022023954","0121","1","0","0","0","0","0","0","0","0","0","0","","02","2","2022","2","40.441183","-79.993206","0117","11","0","0","0","0","0","0","0","0","","0","0","0","","","0","N","0","","40 26:28.260","4","0","79 59:35.541","0","0","0","0","2301","0","0","0","N","0","0","0","1","02301","0","","1.0","133.0","1","N","N","N","0","","0","0","0","","0","N","","1","0","0","0","0","0","0","2","0","1","","","","N","","","","","","","","","",""
"2022042186","1119","1","0","0","0","0","0","0","0","0","4","0","","02","5","2022","6","40.459223","-79.874451","1106","11","0","0","0","0","0","1","0","0","","0","0","0","","","1","N","2","","40 27:33.202","","0","79 52:28.022","8","0","0","0","2301","0","0","0","N","0","0","0","3","02301","0","","1.0","","9","N","N","N","0","","0","0","0","","3","","","2","1","0","0","0","1","1","2","0","2","","07","","N","","","","","","","","","",""
"2022040264","2031","1","0","2","0","0","0","0","0","0","4","0","","02","4","2022","6","40.481749","-79.83806","2026","11","0","0","0","0","0","0","1","0","","0","0","0","","","2","N","2","","40 28:54.298","5","0","79 50:17.015","2","0","0","0","2113","0","0","0","N","0","0","0","2","02113","0","","1.0","2112.0","1","N","N","N","0","","0","2","1","","0","Y","","2","2","0","0","0","0","0","2","0","2","","03","","N","","","","","","","","","",""
"2022042415","1435","2","0","0","0","0","0","0","0","0","4","0","","02","5","2022","5","40.432475","-79.790198","1426","11","0","0","1","1","0","0","0","0","","0","0","0","","","1","N","2","","40 25:56.909","3","0","79 47:24.712","3","0","0","0","2446","0","0","0","N","0","0","0","3","02446","0","","1.0","1454.0","1","N","N","N","0","","1","0","0","","2","N","","2","1","0","0","0","0","0","2","0","2","","03","","N","","","","","","","","","",""
"2022043266","1710","0","0","0","0","0","0","0","0","0","7","0","","02","5","2022","2","40.409657","-79.999466","1707","11","0","0","0","0","0","0","0","0","","0","0","0","","","0","N","2","","40 24:34.765","","0","79 59:58.077","0","0","0","0","2301","0","0","0","N","0","0","0","3","02301","0","","5.0","","1","N","N","N","0","","0","0","1","","0","","","1","0","1","0","0","0","0","2","0","1","","03","","N","","","","","","","","","",""
"2022045686","0247","2","0","0","0","0","0","0","0","0","1","0","","02","5","2022","1","40.409131","-79.993528","0241","11","0","0","0","0","0","0","0","0","","0","0","0","","","0","N","0","","40 24:32.870","","0","79 59:36.700","0","0","0","0","2301","0","0","0","N","0","0","0","1","02301","0","","4.0","","1","N","N","N","0","","0","0","1","","0","","","3","0","0","0","0","0","0","2","0","3","","03","","N","","","","","","","","","",""
"2022046908","1548","0","0","0","0","0","0","0","0","0","1","0","","02","5","2022","5","40.668698","-79.933023","1533","11","0","0","0","1","0","0","0","0","","0","0","0","","","0","N","0","","40 40:07.311","","0","79 55:58.884","0","0","0","0","2217","0","0","0","N","0","0","0","3","02505","0","","1.0","","1","N","N","N","0","","0","0","3","","0","","","3","0","0","0","0","0","0","1","0","3","","03","","N","","","","","","","","","",""
"2022072667","0934","1","0","0","0","0","0","0","0","0","4","1","","02","8","2022","2","40.668951","-79.731688","0930","11","0","0","1","0","0","0","0","0","","0","1","0","","","0","N","1","","40 40:08.224","5","0","79 43:54.078","0","0","0","0","2202","0","0","0","N","0","0","0","4","02202","0","","1.0","1030.0","1","N","N","Y","0","","0","0","1","","3","N","","3","0","0","0","0","0","0","2","0","3","","03","","N","","","","","","","","","",""
"2022072981","0920","3","0","0","0","0","0","0","0","0","1","0","","02","8","2022","4","40.379623","-79.925521","0858","11","0","0","0","0","0","1","1","0","","0","0","0","","","3","","2","","40 22:46.644","","0","79 55:31.877","4","0","0","0","2301","0","0","0","N","0","0","0","5","02301","3","","1.0","","1","N","N","N","0","","0","0","0","","2","","","3","3","0","0","0","0","1","2","0","3","","03","","N","","","","","","","","","",""
"2022027271","0452","1","0","0","0","0","0","0","0","0","7","0","","02","3","2022","5","40.377593","-79.92106","0437","11","0","0","0","0","0","0","0","0","","0","0","0","","","0","N","0","","40 22:39.334","","0","79 55:15.817","0","0","0","0","2301","0","0","0","N","0","0","0","1","02301","0","","5.0","","1","N","N","N","0","","0","0","0","","0","N","","1","0","0","0","0","0","0","2","0","1","","","","N","","","","","","","","","",""
"2022039852","0737","0","0","0","0","0","0","0","0","0","1","0","","02","4","2022","4","40.626782","-80.041984","0729","11","0","0","0","0","0","0","0","0","","0","0","0","","","0","N","0","","40 37:36.415","6","0","80 02:31.143","0","0","0","0","2216","0","0","0","N","0","0","0","2","02505","0","","1.0","842.0","2","N","N","N","0","","0","0","2","","0","Y","","2","0","0","0","0","0","0","2","0","2","","06","","N","","","","","","","","","",""
"2022018142","0214","1","0","0","0","0","0","0","0","0","5","0","","02","2","2022","7","40.444083","-79.976472","0206","11","0","0","0","0","0","0","0","0","","0","0","0","","","0","","0","","40 26:38.700","","0","79 58:35.300","0","0","0","0","2301","0","0","0","N","0","0","0","0","02301","0","","4.0","","1","N","N","N","0","","0","0","0","","0","","","1","0","0","0","0","0","0","2","0","1","","98","","N","","","","","","","","","",""
"2022014467","1156","1","0","0","0","0","0","0","0","0","1","0","","02","2","2022","4","40.437112","-79.972681","1146","11","0","0","0","0","0","1","0","1","","0","0","0","","","4","","2","","40 26:13.602","7","0","79 58:21.653","3","0","0","0","2301","0","0","0","N","0","0","0","4","02301","0","","1.0","1300.0","1","N","N","N","0","","4","0","1","","2","Y","","2","4","0","0","0","0","0","2","0","2","","03","","N","","","","","","","","","",""
"2022040902","1225","1","0","0","0","0","0","0","0","0","4","0","","02","5","2022","1","40.373759","-80.006364","1222","11","0","0","0","0","0","0","0","0","","0","0","0","","","0","","1","","40 22:25.531","","0","80 00:22.911","0","0","0","0","2416","0","0","0","N","0","0","0","2","02416","0","","1.0","","9","N","N","N","1","","0","0","0","","0","","","2","0","0","0","0","0","0","2","0","2","","","","N","","","","","","","","","",""
"2022074824","1430","0","0","0","0","0","0","1","0","0","8","1","","02","8","2022","6","40.406959","-79.943236","1412","11","0","0","0","0","0","0","0","0","","0","0","0","","","1","N","0","","40 24:25.053","","0","79 56:35.651","4","0","0","0","2301","1","0","0","N","1","0","0","2","02503","1","","1.0","","1","N","N","N","0","","0","0","0","","0","","","2","1","0","0","0","0","0","2","0","1","","","","N","","","","","","","","","",""
"2022046702","2118","1","0","0","0","0","0","0","0","0","7","0","","02","5","2022","4","40.335361","-79.991205","2111","11","0","1","0","0","0","0","0","0","","0","0","0","","","0","N","0","","40 20:07.299","2","1","79 59:28.337","0","0","0","0","2403","0","0","0","N","0","0","0","1","02403","0","","4.0","2146.0","9","N","N","N","0","","0","0","0","","0","N","","1","0","0","0","0","0","0","2","0","1","","","","N","","","","","","","","","",""