"CRN","ARRIVAL_TM","AUTOMOBILE_COUNT","BELTED_DEATH_COUNT","BELTED_SUSP_SERIOUS_INJ_COUNT","BICYCLE_COUNT","BICYCLE_DEATH_COUNT","BICYCLE_SUSP_SERIOUS_INJ_COUNT","BUS_COUNT","CHLDPAS_DEATH_COUNT","CHLDPAS_SUSP_SERIOUS_INJ_COUNT","COLLISION_TYPE","COMM_VEH_COUNT","CONS_ZONE_SPD_LIM","COUNTY","CRASH_MONTH","CRASH_YEAR","DAY_OF_WEEK","DEC_LATITUDE","DEC_LONGITUDE","DISPATCH_TM","DISTRICT","DRIVER_COUNT_16YR","DRIVER_COUNT_17YR","DRIVER_COUNT_18YR","DRIVER_COUNT_19YR","DRIVER_COUNT_20YR","DRIVER_COUNT_50_64YR","DRIVER_COUNT_65_74YR","DRIVER_COUNT_75PLUS","EST_HRS_CLOSED","FATAL_COUNT","HEAVY_TRUCK_COUNT","HORSE_BUGGY_COUNT","HOUR_OF_DAY","ILLUMINATION","INJURY_COUNT","INTERSECTION_RELATED","INTERSECT_TYPE","LANE_CLOSED","LATITUDE","LN_CLOSE_DIR","LOCATION_TYPE","LONGITUDE","MAX_SEVERITY_LEVEL","MCYCLE_DEATH_COUNT","MCYCLE_SUSP_SERIOUS_INJ_COUNT","MOTORCYCLE_COUNT","MUNICIPALITY","NONMOTR_COUNT","NONMOTR_DEATH_COUNT","NONMOTR_SUSP_SERIOUS_INJ_COUNT","NTFY_HIWY_MAINT","PED_COUNT","PED_DEATH_COUNT","PED_SUSP_SERIOUS_INJ_COUNT","PERSON_COUNT","POLICE_AGCY","POSSIBLE_INJ_COUNT","RDWY_SURF_TYPE_CD","RELATION_TO_ROAD","ROADWAY_CLEARED","ROAD_CONDITION","SCH_BUS_IND","SCH_ZONE_IND","SECONDARY_CRASH","SMALL_TRUCK_COUNT","SPEC_JURIS_CD","SUSP_MINOR_INJ_COUNT","SUSP_SERIOUS_INJ_COUNT","SUV_COUNT","TCD_FUNC_CD","TCD_TYPE","TFC_DETOUR_IND","TIME_OF_DAY","TOTAL_UNITS","TOT_INJ_COUNT","UNBELTED_OCC_COUNT","UNB_DEATH_COUNT","UNB_SUSP_SERIOUS_INJ_COUNT","UNK_INJ_DEG_COUNT","UNK_INJ_PER_COUNT","URBAN_RURAL","VAN_COUNT","VEHICLE_COUNT","WEATHER1","WEATHER2","WORKERS_PRES","WORK_ZONE_IND","WORK_ZONE_LOC","WORK_ZONE_TYPE","WZ_CLOSE_DETOUR","WZ_FLAGGER","WZ_LAW_OFFCR_IND","WZ_LN_CLOSURE","WZ_MOVING","WZ_OTHER","WZ_SHLDER_MDN","WZ_WORKERS_INJ_KILLED"
"2022041954","1639","0","0","0","0","0","0","0","0","0","6","0","","02","5","2022","3","40.356576","-80.065208","1630","11","0","0","0","0","0","0","2","0","","0","0","0","","","1","","2","","40 21:23.675","","0","80 03:54.750","3","0","0","0","2123","0","0","0","N","0","0","0","2","02123","0","","1.0","","1","N","N","N","0","","1","0","2","","3","","","2","1","0","0","0","0","0","2","0","2","","","","N","","","","","","","","","",""
"2022050437","0139","1","0","0","0","0","0","0","0","0","7","0","","02","6","2022","4","40.432843","-79.936375","0125","11","0","0","0","0","0","0","0","0","","0","0","0","","","0","","1","","40 25:58.235","","0","79 56:10.950","0","0","0","0","2301","0","0","0","N","0","0","0","1","02301","0","","4.0","","1","N","N","N","0","","0","0","0","","0","","","1","0","0","0","0","0","0","2","0","1","","","","N","","","","","","","","","",""
"2022045194","1503","4","0","0","0","0","0","0","0","0","1","0","","02","5","2022","7","40.45088","-79.906338","1456","11","0","0","0","0","0","2","0","0","","0","0","0","","","0","N","2","","40 27:03.168","","0","79 54:22.817","0","0","0","0","2301","0","0","0","N","0","0","0","4","02301","0","","1.0","","1","N","N","N","0","","0","0","0","","0","","","4","0","0","0","0","0","0","2","0","4","","03","","N","","","","","","","","","",""
"2022034186","0604","1","0","0","0","0","0","0","0","0","0","0","","02","4","2022","7","40.460833","-79.932306","0543","11","0","0","0","0","0","1","0","0","","0","0","0","","","0","N","0","","40 27:39.000","","0","79 55:56.300","0","0","0","0","2301","0","0","0","N","0","0","0","1","02301","0","","1.0","","9","N","N","N","0","","0","0","0","","0","","","1","0","0","0","0","0","0","2","0","1","","04","","N","","","","","","","","","",""
"2022077715","1603","0","0","0","0","0","0","0","0","0","8","0","35","02","8","2022","4","40.419181","-79.849445","1602","11","0","0","0","0","0","1","0","0","","0","0","0","","","1","N","0","","40 25:09.052","4","0","79 50:58.002","2","0","0","0","2431","1","0","1","N","1","0","1","2","02431","0","","1.0","1700.0","1","N","N","N","0","","0","1","1","","0","N","","2","1","0","0","0","0","0","2","0","1","","","N","Y","2","1","","","N","","","","","N"
"2022050105","1312","2","0","0","0","0","0","0","0","0","4","0","","02","5","2022","2","40.305298","-79.890222","1312","11","0","0","0","0","0","1","1","0","","0","0","0","","","0","N","0","","40 18:19.074","","7","79 53:24.800","0","0","0","0","2302","0","0","0","N","0","0","0","2","02302","0","","1.0","","1","N","N","N","0","","0","0","0","","0","","","2","0","0","0","0","0","0","2","0","2","","03","","N","","","","","","","","","",""
"2022080992","1130","0","0","0","0","0","0","0","0","0","4","0","","02","9","2022","5","40.434344","-79.748743","1126","11","0","0","0","0","0","0","0","0","","0","0","0","","","0","","2","","40 26:03.637","3","0","79 44:55.473","0","0","0","0","2446","0","0","0","N","0","0","0","2","02446","0","","1.0","1155.0","1","N","N","N","1","","0","0","1","","2","N","","2","0","0","0","0","0","0","2","0","2","","03","","N","","","","","","","","","",""
"2022076109","2210","1","0","0","0","0","0","0","0","0","0","0","","02","8","2022","4","40.425978","-79.897246","2151","11","0","0","0","0","1","0","0","0","","0","0","0","","","0","N","0","","40 25:33.520","4","0","79 53:50.084","0","0","0","0","2301","0","0","0","N","0","0","0","2","68B03","0","","1.0","2225.0","1","N","N","N","0","","0","0","1","","0","N","","2","0","0","0","0","0","0","2","0","2","","","","N","","","","","","","","","",""
"2022076469","1703","0","0","0","0","0","0","0","0","0","4","0","","02","8","2022","1","40.503239","-79.806656","1659","11","0","0","0","0","0","0","0","0","","0","0","0","","","0","N","0","","40 30:11.659","","0","79 48:23.961","0","0","0","0","2113","0","0","0","Y","0","0","0","2","02113","0","","1.0","","1","N","","Y","0","","0","0","2","","0","","","2","0","1","0","0","0","0","2","0","2","","","","N","","","","","","","","","",""
"2022076086","0105","2","0","0","0","0","0","0","0","0","2","0","","02","8","2022","7","40.4567","-80.052693","0059","11","0","1","0","0","0","0","0","0","","0","0","0","","","0","","1","","40 27:24.120","7","0","80 03:09.694","0","0","0","0","2301","0","0","0","N","0","0","0","5","02301","0","","1.0","140.0","1","N","N","N","0","","0","0","0","","0","Y","","2","0","0","0","0","0","0","2","0","2","","04","","N","","","","","","","","","",""
"2022075093","1405","1","0","0","0","0","0","0","0","0","5","1","","02","8","2022","2","40.456793","-79.998781","1350","11","0","0","0","0","0","0","0","0","","0","1","0","","","0","","1","","40 27:24.455","","0","79 59:55.613","0","0","0","0","2301","0","0","0","N","0","0","0","3","02301","0","","1.0","","1","N","N","N","0","","0","0","0","","2","","","2","0","0","0","0","0","0","2","0","2","","","","N","","","","","","","","","",""
"2022076095","0134","1","0","0","0","0","0","0","0","0","7","0","","02","8","2022","7","40.484222","-79.907838","0130","11","0","0","0","0","0","0","0","0","","0","0","0","","","1","","1","","40 29:03.199","4","0","79 54:28.216","3","0","0","0","2301","0","0","0","N","0","0","0","1","02301","0","","4.0","245.0","1","N","N","N","0","","1","0","0","","2","N","","1","1","0","0","0","0","0","2","0","1","","04","","N","","","","","","","","","",""
"2022068728","2054","0","0","0","1","1","0","0","0","0","8","0","","02","7","2022","3","40.406052","-79.933077","2031","11","0","0","0","0","0","1","0","0","","1","0","0","","","0","N","0","","40 24:21.786","7","7","79 55:59.077","1","0","0","0","2301","1","1","0","N","0","0","0","2","02301","0","1","1.0","2343.0","1","N","N","N","0","0","0","0","1","","3","Y","","2","0","0","0","0","0","0","2","0","1","","","","N","","","","","","","","","",""
"2022050695","1638","0","0","0","0","0","0","0","0","0","4","0","","02","6","2022","4","40.478908","-80.043019","1624","11","0","0","0","0","0","0","0","0","","0","0","0","","","1","","1","","40 28:44.067","","3","80 02:34.868","3","0","0","0","2301","0","0","0","N","0","0","0","2","02301","0","","1.0","","1","N","N","N","0","","1","0","2","","2","N","","2","1","0","0","0","0","0","2","0","2","","","","N","","","","","","","","","",""
"2022077572","1940","0","0","0","0","0","0","0","0","0","5","0","","02","8","2022","4","40.437571","-79.965231","1937","11","0","0","0","0","0","0","0","0","","0","0","0","","","1","","2","","40 26:15.255","3","0","79 57:54.830","3","0","0","1","2301","0","0","0","N","0","0","0","2","02301","0","","1.0","2100.0","1","N","N","N","0","","1","0","1","","0","N","","2","1","0","0","0","0","0","2","0","2","","","","N","","","","","","","","","",""
"2022077986","0912","2","0","0","0","0","0","0","0","0","1","0","","02","8","2022","1","40.444232","-80.028216","0908","11","0","0","0","0","0","1","0","0","","0","0","0","","","1","N","1","","40 26:39.234","2","3","80 01:41.577","3","0","0","0","2301","0","0","0","N","0","0","0","2","02301","0","","1.0","1012.0","1","N","N","N","0","","1","0","0","","2","N","","2","1","0","0","0","0","1","2","0","2","","","","N","","","","","","","","","",""
"2022075881","1103","2","0","1","0","0","0","0","0","0","5","0","","02","8","2022","6","40.368431","-80.102902","1056","11","0","0","1","0","0","1","0","0","","0","0","0","","","1","N","0","","40 22:06.352","4","7","80 06:10.448","2","0","0","0","2102","0","0","0","N","0","0","0","2","02102","0","","1.0","1145.0","1","N","N","N","0","","0","1","0","","0","N","","2","1","0","0","0","0","0","2","0","2","","03","","N","","","","","","","","","",""
"2022077978","1646","1","0","0","0","0","0","0","0","0","5","1","","02","8","2022","3","40.434249","-79.985541","1646","11","0","0","0","0","0","0","0","0","","0","1","0","","","0","N","0","","40 26:03.296","3","0","79 59:07.949","0","0","0","0","2301","0","0","0","N","0","0","0","2","68B03","0","","1.0","1710.0","1","N","N","N","0","","0","0","0","","0","N","","2","0","0","0","0","0","0","2","0","2","","04","","N","","","","","","","","","",""
"2022076084","1605","3","0","0","0","0","0","0","0","0","4","0","","02","8","2022","5","40.542349","-80.010603","1559","11","0","0","0","0","0","0","0","1","","0","0","0","","","0","N","0","","40 32:32.456","","7","80 00:38.170","0","0","0","0","2116","0","0","0","N","0","0","0","2","02116","0","","6.0","","1","N","N","N","0","","0","0","1","","0","","","4","0","0","0","0","0","0","2","0","4","","03","","N","","","","","","","","","",""
"2022075515","1236","0","0","0","0","0","0","0","0","0","4","0","","02","8","2022","5","40.342538","-79.964611","1233","11","0","0","0","0","0","0","1","0","","0","0","0","","","0","N","1","","40 20:33.135","3","0","79 57:52.599","0","0","0","0","2454","0","0","0","N","0","0","0","3","02454","0","","1.0","1245.0","1","N","N","N","0","","0","0","2","","0","N","","2","0","0","0","0","0","0","2","0","2","","03","","N","","","","","","","","","",""
"2022076267","1207","2","0","0","0","0","0","0","0","0","4","0","","02","8","2022","7","40.431933","-79.839183","1204","11","0","0","0","0","0","0","2","0","","0","0","0","","","0","N","2","","40 25:54.959","","0","79 50:21.059","0","0","0","0","2419","0","0","0","N","0","0","0","2","02419","0","","1.0","","1","N","N","N","0","","0","0","0","","3","N","","2","0","0","0","0","0","0","2","0","2","","98","","N","","","","","","","","","",""
"2022077738","1358","2","0","0","0","0","0","0","0","0","4","0","","02","8","2022","1","40.330163","-80.022276","1355","11","0","0","0","0","0","0","0","0","","0","0","0","","","1","N","0","","40 19:48.588","1","0","80 01:20.192","3","0","0","0","2407","0","0","0","N","0","0","0","2","02407","0","","1.0","1435.0","1","N","N","N","0","","1","0","0","","0","N","","2","1","0","0","0","0","0","2","0","2","","03","","N","","","","","","","","","",""
"2022075838","1021","1","0","0","0","0","0","0","0","0","4","0","","02","8","2022","6","40.444121","-79.927938","1019","11","0","0","0","0","1","0","0","0","","0","1","0","","","1","","1","","40 26:38.837","7","0","79 55:40.576","3","0","0","0","2301","0","0","0","N","0","0","0","5","02301","0","","1.0","1030.0","1","N","N","N","0","","1","0","0","","2","N","","2","1","0","0","0","0","0","2","0","2","","03","","N","","","","","","","","","",""
"2022077219","1430","1","0","0","0","0","0","0","0","0","1","0","","02","8","2022","7","40.442329","-79.837768","1410","11","0","0","0","0","0","0","0","0","","0","0","0","","","1","N","0","","40 26:32.384","3","0","79 50:15.964","8","0","0","0","2419","0","0","0","N","0","0","0","4","68B03","0","","1.0","1539.0","1","N","N","N","1","","0","0","0","","0","Y","","2","1","0","0","0","1","0","2","0","2","","","","N","","","","","","","","","",""
"2022078051","1805","0","0","0","0","0","0","0","0","0","7","0","","02","5","2022","1","40.443778","-79.993833","1800","11","0","0","0","0","0","0","0","0","","0","0","0","","","1","","1","","40 26:37.600","","0","79 59:37.800","2","0","0","0","2301","0","0","0","N","0","0","0","1","02301","0","","2.0","","1","N","N","N","0","","0","1","0","","2","","","1","1","0","0","0","0","0","2","0","1","","03","","N","","","","","","","","","",""
"2022075526","2319","0","0","0","0","0","0","0","0","0","2","1","","02","8","2022","3","40.537033","-79.839233","2315","11","0","0","1","0","0","1","0","0","","0","1","0","","","0","","1","","40 32:13.319","5","0","79 50:21.237","0","0","0","0","2208","0","0","0","N","0","0","0","2","02208","0","","1.0","18.0","9","N","N","N","0","","0","0","1","","2","N","","2","0","0","0","0","0","0","2","0","2","","","","N","","","","","","","","","",""
"2022077616","0535","1","0","0","0","0","0","0","0","0","4","0","","02","8","2022","5","40.485203","-79.856827","0530","11","0","0","0","0","0","1","0","0","","0","0","0","","","0","N","0","","40 29:06.732","","7","79 51:24.578","0","0","0","0","2113","0","0","0","N","0","0","0","2","02113","0","","1.0","","1","N","N","N","0","","0","0","1","","0","","","2","0","0","0","0","0","0","2","0","2","","03","","N","","","","","","","","","",""
"2022077697","0930","1","0","0","0","0","0","0","0","0","1","0","","02","8","2022","4","40.448432","-80.158021","0926","11","0","0","0","0","0","1","0","0","","0","0","0","","","0","","1","","40 26:54.356","4","0","80 09:28.877","0","0","0","0","2115","0","0","0","N","0","0","0","2","02115","0","","1.0","1015.0","1","N","N","N","0","","0","0","1","","2","N","","2","0","0","0","0","0","0","2","0","2","","","","N","","","","","","","","","",""
"2022071817","0814","0","0","0","0","0","0","0","0","0","7","0","","02","8","2022","6","40.373723","-80.091633","0812","11","0","0","0","0","0","0","0","0","","0","0","0","","","0","N","0","","40 22:25.402","2","0","80 05:29.880","0","0","0","0","2102","0","0","0","N","0","0","0","2","02102","0","","4.0","912.0","1","N","N","N","0","","0","0","1","","0","N","","1","0","0","0","0","0","0","2","0","1","","03","","N","","","","","","","","","",""
"2022076067","1505","2","0","0","0","0","0","0","0","0","5","0","","02","8","2022","6","40.498957","-80.020625","1455","11","0","1","0","0","0","0","0","0","","0","0","0","","","0","","2","","40 29:56.244","1","0","80 01:14.250","0","0","0","0","2116","0","0","0","N","0","0","0","3","02116","0","","1.0","1535.0","1","N","N","N","0","","0","0","0","","2","N","","2","0","0","0","0","0","0","2","0","2","","03","","N","","","","","","","","","",""
"2022074344","0109","2","0","0","0","0","0","0","0","0","4","0","","02","8","2022","2","40.615957","-80.093195","0109","11","0","0","0","1","0","0","0","0","","0","0","0","","","2","","1","","40 36:57.446","1","0","80 05:35.502","4","0","0","0","2481","0","0","0","N","0","0","0","6","02481","2","","1.0","155.0","1","N","N","Y","0","","0","0","1","","2","N","","3","2","0","0","0","0","0","2","0","3","","","","N","","","","","","","","","",""
"2022076291","0130","1","0","0","0","0","0","0","0","0","4","0","","02","8","2022","1","40.448501","-79.975152","0126","11","0","0","0","0","0","0","0","0","","0","0","0","","","1","N","1","","40 26:54.602","3","0","79 58:30.547","3","0","0","0","2301","0","0","0","N","0","0","0","5","02301","0","","1.0","143.0","9","N","N","N","0","","1","0","1","","3","N","","2","1","1","0","0","0","1","2","0","2","","07","","N","","","","","","","","","",""
"2022077033","1545","0","0","0","0","0","0","0","0","0","7","1","","02","8","2022","4","40.525755","-80.252119","1542","11","0","0","0","0","0","1","0","0","","0","1","0","","","1","N","0","","40 31:32.717","5","0","80 15:07.628","3","0","0","0","2213","0","0","0","N","0","0","0","1","02213","0","","4.0","1920.0","1","N","N","N","0","","1","0","0","","0","Y","","1","1","0","0","0","0","0","2","0","1","","03","","N","","","","","","","","","",""
"2022076116","1522","0","0","0","0","0","0","0","0","0","1","1","","02","8","2022","5","40.428905","-79.931989","1452","11","0","0","0","0","0","1","0","0","","0","1","0","","","1","N","0","","40 25:44.057","","0","79 55:55.161","3","0","0","0","2301","0","0","0","N","0","0","0","2","68B03","0","","1.0","","1","N","N","N","1","","1","0","0","","0","","","2","1","0","0","0","0","0","2","0","2","","","","N","","","","","","","","","",""
"2022075066","1433","1","0","0","0","0","0","0","0","0","5","1","","02","8","2022","2","40.340417","-80.053417","1423","11","0","0","0","0","0","0","1","0","","0","1","0","","","1","N","3","","40 20:25.500","","0","80 03:12.300","8","0","0","0","2407","0","0","0","N","0","0","0","2","02407","0","","1.0","","1","N","N","N","0","","0","0","0","","4","","","2","1","0","0","0","1","0","2","0","2","","","","N","","","","","","","","","",""
"2022076727","1553","1","0","0","0","0","0","0","0","0","7","0","","02","8","2022","6","40.332479","-80.070376","1553","11","0","0","0","0","0","0","0","0","","0","0","0","","","0","","7","","40 19:56.923","","2","80 04:13.352","0","0","0","0","2123","0","0","0","Y","0","0","0","3","02123","0","","2.0","","1","N","N","N","0","","0","0","0","","2","","","1","0","0","0","0","0","0","2","0","1","","03","","N","","","","","","","","","",""
"2022072074","0202","2","0","0","0","0","0","0","0","0","1","0","","02","8","2022","1","40.418998","-79.884128","0202","11","0","0","0","0","0","0","0","0","","0","0","0","","","0","N","0","","40 25:08.394","","0","79 53:02.859","0","0","0","0","2463","0","0","0","N","0","0","0","0","02463","0","","1.0","","1","N","N","N","0","","0","0","0","","0","","","2","0","0","0","0","0","0","2","0","2","","","","N","","","","","","","","","",""
"2022077977","1625","2","0","0","0","0","0","0","0","0","1","0","","02","7","2022","6","40.439335","-79.861381","1625","11","0","0","0","0","0","0","1","0","","0","0","0","","","1","N","0","","40 26:21.607","","0","79 51:40.971","3","0","0","0","2419","0","0","0","N","0","0","0","3","68B03","0","","1.0","","1","N","N","N","0","","1","0","0","","0","","","2","1","0","0","0","0","0","2","0","2","","03","","N","","","","","","","","","",""
"2022075851","1240","1","0","0","0","0","0","0","0","0","8","0","","02","8","2022","6","40.445295","-79.97624","1238","11","0","0","0","0","0","0","1","0","","0","0","0","","","1","","1","","40 26:43.061","","0","79 58:34.463","8","0","0","0","2301","1","0","0","N","1","0","0","2","02301","0","","1.0","","1","N","N","N","0","","0","0","0","","2","","","2","1","0","0","0","1","0","2","0","1","","","","N","","","","","","","","","",""
"2022079136","1903","1","0","0","0","0","0","0","0","0","4","0","","02","8","2022","2","40.398354","-80.026074","1901","11","0","0","1","0","0","0","0","0","","0","0","0","","","0","N","1","","40 23:54.073","","0","80 01:33.866","0","0","0","0","2301","0","0","0","N","0","0","0","2","02301","0","","1.0","","9","N","N","N","0","","0","0","1","","1","","","2","0","0","0","0","0","0","2","0","2","","04","","N","","","","","","","","","",""
"2022077921","0950","0","0","0","0","0","0","0","0","0","98","0","","02","8","2022","6","40.447099","-80.111688","0932","11","0","0","0","0","0","0","0","0","","0","0","0","","","0","N","0","","40 26:49.556","","2","80 06:42.078","0","0","0","0","2115","0","0","0","N","0","0","0","3","68B03","0","","1.0","","1","N","N","N","0","","0","0","1","","0","","","1","0","0","0","0","0","0","2","0","1","","","","N","","","","","","","","","",""
"2022077766","1940","2","0","0","0","0","0","0","0","0","4","0","","02","8","2022","6","40.362035","-80.011224","1937","11","0","0","1","0","0","0","0","0","","0","0","0","","","0","","1","","40 21:43.327","3","0","80 00:40.407","0","0","0","0","2416","0","0","0","N","0","0","0","3","02416","0","","1.0","2015.0","1","N","N","N","0","","0","0","0","","3","N","","2","0","0","0","0","0","0","2","0","2","","03","","N","","","","","","","","","",""
"2022078062","0039","1","0","0","0","0","0","0","0","0","7","0","","02","8","2022","1","40.575175","-80.169164","0039","11","0","0","0","0","0","0","0","0","","0","0","0","","","0","N","0","","40 34:30.630","","0","80 10:08.990","0","0","0","0","2459","0","0","0","N","0","0","0","1","02459","0","","4.0","","9","N","N","N","0","","0","0","0","","0","","","1","0","0","0","0","0","0","1","0","1","","","","N","","","","","","","","","",""
"2022077134","1643","1","0","0","0","0","0","0","0","0","4","0","","02","8","2022","3","40.413464","-80.042733","1630","11","0","0","0","0","0","0","0","0","","0","0","0","","","0","N","1","","40 24:48.470","","0","80 02:33.838","0","0","0","0","2301","0","0","0","N","0","0","0","2","02301","0","","1.0","","1","N","N","N","0","","0","0","1","","3","","","2","0","0","0","0","0","0","2","0","2","","03","","N","","","","","","","","","",""
"2022076105","1648","1","0","0","0","0","0","0","0","0","4","0","","02","8","2022","6","40.591258","-79.948096","1645","11","0","0","1","0","0","0","0","0","","0","0","0","","","0","","1","","40 35:28.527","1","0","79 56:53.145","0","0","0","0","2207","0","0","0","N","0","0","0","4","02207","0","","1.0","1705.0","1","N","N","N","0","","0","0","1","","2","N","","2","0","0","0","0","0","0","2","0","2","","03","","N","","","","","","","","","",""
"2022073966","1023","0","0","0","0","0","0","1","0","0","5","1","","02","8","2022","7","40.411302","-79.913341","1016","11","0","0","0","0","0","1","0","0","","0","0","0","","","1","","2","","40 24:40.687","2","0","79 54:48.026","3","0","0","0","2438","0","0","0","N","0","0","0","2","02503","0","","1.0","1053.0","1","N","N","N","0","","1","0","0","","0","N","","2","1","0","0","0","0","0","2","1","2","","03","","N","","","","","","","","","",""
"2022074496","1606","0","0","0","0","0","0","0","0","0","7","1","","02","8","2022","7","40.325139","-79.985722","1558","11","0","0","0","0","0","1","0","0","","0","1","0","","","0","N","0","","40 19:30.500","2","0","79 59:08.600","0","0","0","0","2219","0","0","0","N","0","0","0","1","02219","0","","4.0","1641.0","1","N","N","N","0","","0","0","0","","0","N","","1","0","1","0","0","0","0","2","0","1","","03","","N","","","","","","","","","",""
"2022076677","1153","1","0","0","0","0","0","0","0","0","4","0","","02","8","2022","2","40.454898","-79.938004","1139","11","0","0","0","0","0","1","0","0","","0","0","0","","","0","N","2","","40 27:17.631","1","0","79 56:16.816","0","0","0","0","2301","0","0","0","N","0","0","0","3","02301","0","","1.0","1200.0","9","N","N","Y","0","","0","0","0","","3","N","","2","0","0","0","0","0","0","2","1","2","","04","","N","","","","","","","","","",""
"2022077767","1518","0","0","0","0","0","0","0","0","0","2","0","","02","8","2022","3","40.364726","-80.020078","1518","11","0","0","0","0","0","1","0","0","","0","0","0","","","1","N","0","","40 21:53.015","","0","80 01:12.282","3","0","0","0","2416","0","0","0","N","0","0","0","2","02416","0","","1.0","","1","N","N","N","0","","1","0","2","","0","","","2","1","0","0","0","0","0","2","0","2","","","","N","","","","","","","","","",""
"2022075828","0849","1","0","0","0","0","0","0","0","0","4","0","","02","8","2022","6","40.336534","-79.971283","0847","11","0","0","0","0","0","0","0","0","","0","0","0","","","0","N","1","","40 20:11.522","3","0","79 58:16.619","0","0","0","0","2454","0","0","0","N","0","0","0","2","02454","0","","1.0","930.0","1","N","N","N","0","","0","0","1","","2","N","","2","0","0","0","0","0","0","2","0","2","","03","","N","","","","","","","","","",""
"2022077371","1248","0","0","0","0","0","0","0","0","0","0","1","","02","8","2022","4","40.397668","-79.769328","1244","11","0","0","0","0","0","0","0","0","","0","1","0","","","1","","1","","40 23:51.606","1","0","79 46:09.579","8","0","0","0","2446","0","0","0","N","0","0","0","1","02446","0","","1.0","1620.0","1","N","N","N","0","","0","0","0","","2","Y","","1","1","0","0","0","1","0","2","0","1","","","","N","","","","","","","","","",""
"2022074206","1435","2","0","0","0","0","0","0","0","0","1","1","","02","8","2022","1","40.430644","-79.729045","1432","11","0","0","0","0","1","0","0","0","","0","1","0","","","3","N","0","","40 25:50.320","4","0","79 43:44.562","4","0","0","0","2446","0","0","0","N","0","0","0","6","02446","3","","1.0","1522.0","1","N","N","N","0","","0","0","1","","0","N","","4","3","0","0","0","0","0","2","0","4","","04","","N","","","","","","","","","",""
"2022075443","1000","0","0","0","0","0","0","0","0","0","1","0","","02","8","2022","3","40.530577","-80.009757","0954","11","1","0","0","0","0","1","0","0","","0","0","0","","","1","","1","","40 31:50.078","2","0","80 00:35.126","4","0","0","0","2116","0","0","0","N","0","0","0","3","02116","1","","1.0","1018.0","1","N","N","N","0","","0","0","2","","2","N","","2","1","0","0","0","0","0","2","0","2","","","","N","","","","","","","","","",""
"2022076539","0202","1","0","0","0","0","0","0","0","0","7","0","","02","8","2022","2","40.46574","-79.821301","0155","11","0","0","0","0","0","0","0","0","","0","0","0","","","2","N","0","","40 27:56.665","1","0","79 49:16.685","8","0","0","0","2113","0","0","0","N","0","0","0","3","02113","0","","5.0","239.0","9","N","N","N","0","","0","0","0","","0","N","","1","2","0","0","0","2","0","2","0","1","","07","","N","","","","","","","","","",""
"2022076844","0109","1","0","0","0","0","0","0","0","0","7","0","","02","8","2022","1","40.358284","-80.118939","0054","11","0","0","0","0","0","0","0","0","","0","0","0","","","0","N","0","","40 21:29.821","2","0","80 07:08.179","0","0","0","0","2119","0","0","0","N","0","0","0","1","68B03","0","","4.0","30.0","8","N","N","N","0","","0","0","0","","0","N","","1","0","0","0","0","0","0","2","0","1","","07","","N","","","","","","","","","",""
"2022074826","1551","1","0","0","0","0","0","0","0","0","7","0","","02","8","2022","3","40.475632","-79.777596","1544","11","0","0","0","0","0","0","0","0","","0","0","0","","","1","N","0","","40 28:32.275","6","0","79 46:39.345","4","0","0","0","2466","0","0","0","N","0","0","0","1","02466","1","","5.0","1630.0","1","N","N","N","0","","0","0","0","","0","Y","","1","1","1","0","0","0","0","2","0","1","","03","","N","","","","","","","","","",""
"2022077280","2324","1","0","0","0","0","0","0","0","0","2","0","","02","8","2022","2","40.268426","-79.8489","2321","11","0","0","0","0","0","0","0","0","","0","0","0","","","2","N","0","","40 16:06.333","5","7","79 50:56.040","8","0","0","0","2105","0","0","0","N","0","0","0","2","02105","0","","1.0","29.0","1","N","N","N","0","","0","0","1","","0","Y","","2","2","0","0","0","2","0","2","0","2","","","","N","","","","","","","","","",""
"2022074247","1639","1","0","0","0","0","0","0","0","0","5","0","","02","8","2022","1","40.443782","-79.893587","1629","11","0","0","0","0","0","0","0","0","","0","0","0","","","0","","1","","40 26:37.615","","0","79 53:36.913","0","0","0","0","2478","0","0","0","N","0","0","0","1","02301","0","","1.0","","1","N","N","N","1","","0","0","0","","3","","","2","0","0","0","0","0","0","2","0","2","","03","","N","","","","","","","","","",""
"2022074749","0745","2","0","0","0","0","0","0","0","0","4","0","","02","8","2022","3","40.613841","-80.099981","0731","11","0","0","0","0","0","0","0","0","","0","0","0","","","0","","1","","40 36:49.826","","0","80 05:59.931","0","0","0","0","2481","0","0","0","N","0","0","0","2","02481","0","","1.0","","1","N","N","N","0","","0","0","0","","2","","","2","0","0","0","0","0","0","1","0","2","","","","N","","","","","","","","","",""
"2022073916","1304","1","0","0","0","0","0","0","0","0","7","0","","02","8","2022","2","40.393958","-79.899999","1301","11","0","0","0","0","0","1","0","0","","0","0","0","","","1","N","0","","40 23:38.249","2","0","79 53:59.998","4","0","0","0","2448","0","0","0","N","0","0","0","1","02448","1","","4.0","1334.0","1","N","N","N","0","","0","0","0","","0","N","","1","1","0","0","0","0","0","2","0","1","","","","N","","","","","","","","","",""