"CRN","ARRIVAL_TM","AUTOMOBILE_COUNT","BELTED_DEATH_COUNT","BELTED_SUSP_SERIOUS_INJ_COUNT","BICYCLE_COUNT","BICYCLE_DEATH_COUNT","BICYCLE_SUSP_SERIOUS_INJ_COUNT","BUS_COUNT","CHLDPAS_DEATH_COUNT","CHLDPAS_SUSP_SERIOUS_INJ_COUNT","COLLISION_TYPE","COMM_VEH_COUNT","CONS_ZONE_SPD_LIM","COUNTY","CRASH_MONTH","CRASH_YEAR","DAY_OF_WEEK","DEC_LATITUDE","DEC_LONGITUDE","DISPATCH_TM","DISTRICT","DRIVER_COUNT_16YR","DRIVER_COUNT_17YR","DRIVER_COUNT_18YR","DRIVER_COUNT_19YR","DRIVER_COUNT_20YR","DRIVER_COUNT_50_64YR","DRIVER_COUNT_65_74YR","DRIVER_COUNT_75PLUS","EST_HRS_CLOSED","FATAL_COUNT","HEAVY_TRUCK_COUNT","HORSE_BUGGY_COUNT","HOUR_OF_DAY","ILLUMINATION","INJURY_COUNT","INTERSECTION_RELATED","INTERSECT_TYPE","LANE_CLOSED","LATITUDE","LN_CLOSE_DIR","LOCATION_TYPE","LONGITUDE","MAX_SEVERITY_LEVEL","MCYCLE_DEATH_COUNT","MCYCLE_SUSP_SERIOUS_INJ_COUNT","MOTORCYCLE_COUNT","MUNICIPALITY","NONMOTR_COUNT","NONMOTR_DEATH_COUNT","NONMOTR_SUSP_SERIOUS_INJ_COUNT","NTFY_HIWY_MAINT","PED_COUNT","PED_DEATH_COUNT","PED_SUSP_SERIOUS_INJ_COUNT","PERSON_COUNT","POLICE_AGCY","POSSIBLE_INJ_COUNT","RDWY_SURF_TYPE_CD","RELATION_TO_ROAD","ROADWAY_CLEARED","ROAD_CONDITION","SCH_BUS_IND","SCH_ZONE_IND","SECONDARY_CRASH","SMALL_TRUCK_COUNT","SPEC_JURIS_CD","SUSP_MINOR_INJ_COUNT","SUSP_SERIOUS_INJ_COUNT","SUV_COUNT","TCD_FUNC_CD","TCD_TYPE","TFC_DETOUR_IND","TIME_OF_DAY","TOTAL_UNITS","TOT_INJ_COUNT","UNBELTED_OCC_COUNT","UNB_DEATH_COUNT","UNB_SUSP_SERIOUS_INJ_COUNT","UNK_INJ_DEG_COUNT","UNK_INJ_PER_COUNT","URBAN_RURAL","VAN_COUNT","VEHICLE_COUNT","WEATHER1","WEATHER2","WORKERS_PRES","WORK_ZONE_IND","WORK_ZONE_LOC","WORK_ZONE_TYPE","WZ_CLOSE_DETOUR","WZ_FLAGGER","WZ_LAW_OFFCR_IND","WZ_LN_CLOSURE","WZ_MOVING","WZ_OTHER","WZ_SHLDER_MDN","WZ_WORKERS_INJ_KILLED"
"2022066420","","1","0","0","0","0","0","0","0","0","1","0","","02","7","2022","3","40.438768","-79.749947","","11","0","0","0","0","0","1","0","0","","0","0","0","","","0","N","0","","40 26:19.563","","0","79 44:59.810","0","0","0","0","2446","0","0","0","N","0","0","0","2","00000","0","","1.0","","1","","","N","1","","0","0","0","","0","","","2","0","0","0","0","0","0","2","0","2","","","","N","","","","","","","","","",""
"2022073365","1945","2","0","0","0","0","0","0","0","0","4","0","","02","8","2022","5","40.40545","-80.01872","1940","11","0","0","0","0","0","0","0","0","","0","0","0","","","0","","1","","40 24:19.619","","0","80 01:07.393","0","0","0","0","2301","0","0","0","N","0","0","0","3","02301","0","","1.0","","1","N","N","N","0","","0","0","1","","0","","","3","0","0","0","0","0","0","2","0","3","","03","","N","","","","","","","","","",""
"2022073337","2107","1","0","0","0","0","0","0","0","0","4","0","","02","8","2022","4","40.513519","-80.000925","2102","11","0","0","0","0","0","0","0","0","","0","0","0","","","2","N","0","","40 30:48.669","","7","80 00:03.331","3","0","0","0","2116","0","0","0","N","0","0","0","2","02116","0","","1.0","","1","N","N","N","0","","2","0","1","","0","","","3","2","0","0","0","0","0","2","1","3","","03","","N","","","","","","","","","",""
"2022067858","2201","1","0","0","0","0","0","0","0","0","7","0","","02","7","2022","5","40.624298","-80.053787","2154","11","0","0","0","0","0","0","0","0","","0","0","0","","","1","N","0","","40 37:27.473","1","0","80 03:13.633","4","0","0","0","2216","0","0","0","N","0","0","0","1","02505","1","","5.0","2309.0","1","N","N","N","0","","0","0","0","","0","N","","1","1","1","0","0","0","0","1","0","1","","","","N","","","","","","","","","",""
"2022079412","0907","0","0","0","0","0","0","0","0","0","1","1","","02","8","2022","7","40.433003","-80.191272","0903","11","0","0","0","0","0","1","0","0","","0","1","0","","","2","N","1","","40 25:58.809","2","0","80 11:28.579","2","0","1","1","2214","0","0","0","N","0","0","0","3","02214","0","","1.0","1239.0","1","N","N","N","0","","1","1","1","","0","N","","3","2","0","0","0","0","0","1","0","3","","","","N","","","","","","","","","",""
"2022074071","0612","1","0","0","0","0","0","0","0","0","7","0","","02","8","2022","6","40.424966","-80.049703","0610","11","0","0","0","0","0","0","0","0","","0","0","0","","","1","N","0","","40 25:29.878","5","99","80 02:58.930","8","0","0","0","2435","0","0","0","N","0","0","0","1","02435","0","","5.0","708.0","1","N","N","N","0","","0","0","0","","0","Y","","1","1","1","0","0","1","0","2","0","1","","","","N","","","","","","","","","",""
"2022072341","1632","2","0","0","0","0","0","0","0","0","2","0","","02","8","2022","2","40.396246","-79.998129","1625","11","0","0","0","0","0","1","0","0","","0","0","0","","","1","N","5","","40 23:46.484","","0","79 59:53.264","3","0","0","0","2301","0","0","0","N","0","0","0","2","02301","0","","1.0","","1","N","N","N","0","","1","0","0","","2","","","2","1","0","0","0","0","0","2","0","2","","03","","N","","","","","","","","","",""
"2022079206","1216","1","0","0","0","0","0","0","0","0","1","1","45","02","8","2022","3","40.463176","-80.11161","1211","11","0","0","0","0","0","0","1","0","","0","1","0","","","0","N","0","","40 27:47.434","","0","80 06:41.795","0","0","0","0","2126","0","0","0","N","0","0","0","2","68B03","0","","1.0","","1","N","N","N","0","","0","0","0","","0","","","2","0","0","0","0","0","0","2","0","2","","03","Y","Y","4","2","N","N","N","N","N","Y","N","N"
"2022073854","2057","1","0","0","0","0","0","0","0","0","5","1","","02","8","2022","3","40.442457","-79.818136","2034","11","0","0","0","0","0","1","0","0","","0","1","0","","","1","N","0","","40 26:32.846","3","0","79 49:05.289","3","0","0","0","2124","0","0","0","N","0","0","0","2","68B03","0","","4.0","925.0","1","N","N","N","0","","1","0","0","","0","N","","2","1","0","0","0","0","0","2","0","2","","","","N","","","","","","","","","",""
"2022075550","1918","1","0","0","0","0","0","0","0","0","7","0","","02","8","2022","2","40.505315","-80.222956","1911","11","0","0","0","0","0","0","1","0","","0","0","0","","","0","N","0","","40 30:19.135","","7","80 13:22.643","0","0","0","0","2213","0","0","0","N","0","0","0","1","02213","0","","5.0","","1","N","N","N","0","","0","0","0","","0","","","1","0","0","0","0","0","0","2","0","1","","03","","N","","","","","","","","","",""
"2022075358","1810","0","0","0","0","0","0","0","0","0","4","0","","02","8","2022","4","40.668951","-79.731688","1807","11","0","0","0","0","0","0","0","1","","0","0","0","","","2","N","2","","40 40:08.224","5","0","79 43:54.078","3","0","0","0","2202","0","0","0","N","0","0","0","2","02202","0","","1.0","1837.0","1","N","N","N","0","","2","0","2","","3","Y","","2","2","0","0","0","0","0","2","0","2","","","","N","","","","","","","","","",""
"2022073937","1430","4","0","0","0","0","0","0","0","0","1","0","","02","8","2022","4","40.42558","-80.124306","1414","11","0","0","0","0","0","1","0","0","","0","0","0","","","3","N","0","","40 25:32.089","","0","80 07:27.500","8","0","0","0","2115","0","0","0","Y","0","0","0","4","68B03","0","","1.0","","1","N","N","N","0","","0","0","0","","0","","","4","3","0","0","0","3","0","2","0","4","","03","","N","","","","","","","","","",""
"2022079288","0925","1","0","0","0","0","0","0","0","0","1","0","","02","8","2022","3","40.357155","-79.832751","0921","11","0","0","0","0","0","0","0","0","","0","0","0","","","1","","3","","40 21:25.758","2","0","79 49:57.902","8","0","0","0","2304","0","0","0","N","0","0","0","2","02304","0","","1.0","1246.0","9","N","N","N","0","","0","0","1","","2","N","","2","1","0","0","0","1","0","2","0","2","","07","","N","","","","","","","","","",""
"2022069911","1119","0","0","0","0","0","0","0","0","0","1","0","55","02","7","2022","5","40.659778","-80.088194","1107","11","0","0","0","0","0","2","0","0","","0","0","0","","","1","N","0","","40 39:35.200","","0","80 05:17.500","3","0","0","0","2212","0","0","0","N","0","0","0","3","68T02","0","","1.0","","1","N","N","N","0","","1","0","2","","0","","","2","1","0","0","0","0","0","2","0","2","","03","N","Y","4","1","","","N","","","","Y","N"
"2022072599","1650","0","0","0","0","0","0","0","0","0","8","0","","02","8","2022","5","40.434563","-79.954589","1619","11","0","0","0","0","0","0","0","0","","1","0","0","","","0","","1","","40 26:04.425","7","0","79 57:16.519","1","0","0","0","2301","1","1","0","N","1","1","0","2","02301","0","2","1.0","1743.0","1","N","N","N","1","0","0","0","0","","2","Y","","2","0","1","0","0","0","0","2","0","1","","","","N","","","","","","","","","",""
"2022074212","1630","1","0","0","0","0","0","0","0","0","1","0","","02","8","2022","1","40.484182","-79.819301","1628","11","0","0","0","0","0","0","1","0","","0","0","0","","","0","N","1","","40 29:03.056","4","0","79 49:09.482","0","0","0","0","2113","0","0","0","N","0","0","0","2","02113","0","","1.0","1654.0","1","N","N","N","0","","0","0","1","","2","N","","2","0","0","0","0","0","0","2","0","2","","03","","N","","","","","","","","","",""
"2022071264","","1","0","0","0","0","0","0","0","0","1","0","","02","6","2022","6","40.489942","-79.911537","","11","0","0","0","0","0","1","0","0","","0","0","0","","","1","N","0","","40 29:23.790","","3","79 54:41.532","8","0","0","0","2301","0","0","0","N","0","0","0","2","00000","0","","1.0","","1","","","N","0","","0","0","0","","0","","","2","1","0","0","0","1","0","2","0","2","","","","N","","","","","","","","","",""
"2022071964","1719","2","0","0","0","0","0","0","0","0","4","0","","02","8","2022","7","40.657854","-79.967903","1717","11","0","0","0","0","0","0","1","0","","0","0","0","","","1","N","1","","40 39:28.276","","0","79 58:04.449","3","0","0","0","2217","0","0","0","N","0","0","0","3","02505","0","","1.0","","1","N","N","N","0","","1","0","0","","2","","","2","1","0","0","0","0","1","2","0","2","","03","","N","","","","","","","","","",""
"2022069739","0634","2","0","0","0","0","0","0","0","0","7","0","","02","7","2022","7","40.346255","-79.956458","0630","11","0","0","0","0","0","1","0","0","","0","0","0","","","2","N","0","","40 20:46.518","3","0","79 57:23.249","4","0","0","0","2473","0","0","0","Y","0","0","0","5","02473","1","","3.0","830.0","1","N","N","N","0","","0","0","0","","0","Y","","2","2","0","0","0","1","0","2","0","2","","03","","N","","","","","","","","","",""
"2022071551","1135","0","0","0","0","0","0","0","0","0","5","1","90","02","8","2022","6","40.222311","-79.848904","1130","11","0","0","0","0","0","0","0","1","","0","1","0","","","1","N","0","","40 13:20.320","2","0","79 50:56.053","3","0","0","0","2105","0","0","0","N","0","0","0","4","02105","0","","1.0","1215.0","1","N","N","N","0","","1","0","0","","0","N","","2","1","0","0","0","0","0","2","1","2","","","Y","Y","1","2","","","N","Y","","","","N"
"2022072850","1913","1","0","0","0","0","0","0","0","0","5","0","","02","8","2022","3","40.630153","-80.057122","1905","11","0","0","0","1","0","0","0","0","","0","0","0","","","0","N","0","","40 37:48.551","2","0","80 03:25.638","0","0","0","0","2216","0","0","0","N","0","0","0","2","02505","0","","1.0","1941.0","1","N","N","N","0","","0","0","1","","0","N","","2","0","0","0","0","0","0","2","0","2","","03","","N","","","","","","","","","",""
"2022078898","1759","1","0","0","0","0","0","0","0","0","8","0","","02","8","2022","4","40.468523","-80.073525","1756","11","0","0","0","0","0","0","0","0","","0","0","0","","","1","N","0","","40 28:06.684","5","0","80 04:24.691","3","0","0","0","2444","1","0","0","N","1","0","0","2","02444","0","","1.0","1815.0","1","N","N","N","0","","1","0","0","","0","Y","","2","1","0","0","0","0","0","2","0","1","","","","N","","","","","","","","","",""
"2022078482","2137","1","0","0","0","0","0","0","0","0","7","0","","02","8","2022","1","40.588502","-79.776054","2115","11","0","0","0","0","0","0","0","0","","0","0","0","","","0","N","0","","40 35:18.608","","0","79 46:33.795","0","0","0","0","2104","0","0","0","N","0","0","0","1","68D02","0","","2.0","","8","N","N","N","0","","0","0","0","","0","","","1","0","0","0","0","0","0","2","0","1","","","","N","","","","","","","","","",""
"2022075035","0005","1","0","0","0","0","0","0","0","0","5","0","","02","8","2022","2","40.438938","-80.011264","0005","11","0","0","0","0","0","0","0","0","","0","0","0","","","1","N","0","","40 26:20.178","4","3","80 00:40.551","3","0","0","0","2301","0","0","0","N","0","0","0","2","68B03","0","","1.0","101.0","1","N","N","N","0","","1","0","1","","0","N","","2","1","0","0","0","0","0","2","0","2","","03","","N","","","","","","","","","",""
"2022078900","1459","3","0","0","0","0","0","0","0","0","1","0","","02","8","2022","2","40.454583","-79.994521","1450","11","0","0","0","0","0","1","0","0","","0","0","0","","","1","","7","","40 27:16.497","2","0","79 59:40.277","3","0","0","0","2301","0","0","0","N","0","0","0","4","02301","0","","1.0","1530.0","1","N","N","N","0","","1","0","0","","0","Y","","3","1","0","0","0","0","0","2","0","3","","04","","N","","","","","","","","","",""
"2022073332","1152","1","0","0","0","0","0","0","0","0","7","0","","02","8","2022","4","40.461033","-79.819487","1145","11","0","0","0","0","0","0","0","1","","0","0","0","","","0","N","0","","40 27:39.719","","7","79 49:10.152","0","0","0","0","2113","0","0","0","N","0","0","0","1","02113","0","","5.0","","1","N","N","N","0","","0","0","0","","0","","","1","0","0","0","0","0","0","2","0","1","","03","","N","","","","","","","","","",""
"2022074741","0703","0","0","0","0","0","0","0","0","0","2","0","","02","8","2022","3","40.398822","-80.044915","0655","11","0","0","0","0","1","0","0","0","","0","0","0","","","1","N","1","","40 23:55.759","","0","80 02:41.694","4","0","0","0","2301","0","0","0","N","0","0","0","2","02301","1","","1.0","","1","N","N","N","1","","0","0","1","","0","","","2","1","0","0","0","0","0","2","0","2","","03","","N","","","","","","","","","",""
"2022048867","1837","1","0","0","0","0","0","0","0","0","4","0","","02","5","2022","3","40.438083","-79.767472","1834","11","0","0","0","0","0","1","1","0","","0","0","0","","","0","","2","","40 26:17.100","","7","79 46:02.900","0","0","0","0","2446","0","0","0","N","0","0","0","2","02446","0","","4.0","","1","N","N","N","0","","0","0","1","","3","","","2","0","0","0","0","0","0","2","0","2","","03","","N","","","","","","","","","",""
"2022074310","2207","1","0","0","0","0","0","0","0","0","4","0","","02","8","2022","1","40.590297","-79.948238","2207","11","1","0","0","0","0","0","0","0","","0","0","0","","","0","","1","","40 35:25.069","1","0","79 56:53.656","0","0","0","0","2207","0","0","0","N","0","0","0","3","02207","0","","1.0","2241.0","9","N","N","N","1","","0","0","0","","2","N","","2","0","1","0","0","0","0","2","0","2","","03","","N","","","","","","","","","",""
"2022071080","1807","0","0","0","0","0","0","0","0","0","4","0","","02","8","2022","4","40.410135","-80.082507","1804","11","0","0","0","0","0","0","0","0","","0","0","0","","","0","","1","","40 24:36.487","","0","80 04:57.026","0","0","0","0","2415","0","0","0","N","0","0","0","2","02415","0","","1.0","","1","N","N","N","0","","0","0","2","","2","N","","2","0","0","0","0","0","0","2","0","2","","03","","N","","","","","","","","","",""
"2022073910","2040","1","0","0","0","0","0","0","0","0","4","0","","02","8","2022","4","40.321032","-79.942218","2038","11","0","0","0","0","0","2","0","0","","1","0","0","","","0","","1","","40 19:15.714","5","0","79 56:31.983","1","1","0","1","2454","0","0","0","N","0","0","0","2","02454","0","2","1.0","27.0","1","N","N","N","0","0","0","0","0","","2","Y","","2","0","0","0","0","0","0","2","0","2","","","","N","","","","","","","","","",""
"2022077743","2156","1","0","0","0","0","0","0","0","0","2","0","","02","8","2022","4","40.466144","-79.71688","2145","11","0","0","0","0","0","0","0","0","","0","0","0","","","0","N","0","","40 27:58.117","","0","79 43:00.769","0","0","0","0","2466","0","0","0","N","0","0","0","1","02466","0","","1.0","","1","N","N","N","1","","0","0","0","","0","N","","2","0","0","0","0","0","0","2","0","2","","03","","N","","","","","","","","","",""
"2022079547","1417","1","0","0","0","0","0","0","0","0","1","0","","02","8","2022","7","40.426269","-79.894191","1405","11","0","0","0","0","0","0","0","0","","0","0","0","","","0","N","0","","40 25:34.569","4","0","79 53:39.089","0","0","0","0","2301","0","0","0","N","0","0","0","2","68B03","0","","1.0","1445.0","1","N","N","N","0","","0","0","1","","0","N","","2","0","0","0","0","0","0","2","0","2","","","","N","","","","","","","","","",""
"2022083235","1126","1","0","0","0","0","0","0","0","0","7","0","","02","9","2022","1","40.530552","-80.077303","1122","11","1","0","0","0","0","0","0","0","","0","0","0","","","0","N","0","","40 31:49.988","","0","80 04:38.290","0","0","0","0","2215","0","0","0","N","0","0","0","2","02215","0","","5.0","","9","N","N","N","0","","0","0","0","","0","","","1","0","0","0","0","0","0","2","0","1","","07","","N","","","","","","","","","",""
"2022071780","0639","0","0","0","0","0","0","0","0","0","7","1","","02","8","2022","5","40.505189","-79.761033","0632","11","0","0","0","0","0","0","0","0","","0","1","0","","","1","N","0","","40 30:18.680","7","0","79 45:39.720","3","0","0","0","2466","0","0","0","N","0","0","0","1","02466","0","","4.0","900.0","1","N","N","N","0","","1","0","0","","0","N","","1","1","0","0","0","0","0","1","0","1","","","","N","","","","","","","","","",""
"2022083406","2237","2","0","0","0","0","0","0","0","0","2","0","","02","9","2022","5","40.333351","-79.984275","2233","11","0","0","0","0","0","1","0","0","","0","0","0","","","1","","2","","40 20:00.065","4","0","79 59:03.390","8","0","0","0","2454","0","0","0","N","0","0","0","2","02454","0","","1.0","2341.0","1","N","N","N","0","","0","0","0","","2","Y","","2","1","0","0","0","1","0","2","0","2","","03","","N","","","","","","","","","",""
"2022082030","1308","0","0","0","0","0","0","0","0","0","4","1","","02","9","2022","3","40.471932","-80.015495","1300","11","0","0","0","0","0","0","0","0","","0","1","0","","","0","","2","","40 28:18.954","","0","80 00:55.781","0","0","0","0","2301","0","0","0","N","0","0","0","2","02301","0","","1.0","","1","","","N","0","","0","0","1","","0","","","2","0","1","0","0","0","0","2","0","2","","03","","N","","","","","","","","","",""
"2022082783","1253","1","0","0","0","0","0","0","0","0","2","1","","02","9","2022","6","40.416028","-80.025944","1251","11","0","0","0","0","0","0","0","0","","0","1","0","","","0","N","0","","40 24:57.700","","0","80 01:33.400","0","0","0","0","2301","0","0","0","N","0","0","0","3","02301","0","","1.0","","1","N","N","Y","0","","0","0","1","","0","","","3","0","0","0","0","0","0","2","0","3","","03","","N","","","","","","","","","",""
"2022081269","1926","2","0","0","0","0","0","0","0","0","2","0","","02","9","2022","7","40.37865","-79.992835","1917","11","0","0","0","0","0","1","0","0","","0","0","0","","","2","N","1","","40 22:43.139","","0","79 59:34.207","3","0","0","0","2301","0","0","0","N","0","0","0","2","02301","0","","1.0","","1","N","N","N","0","","1","0","0","","2","N","","2","2","0","0","0","1","0","2","0","2","","03","","N","","","","","","","","","",""
"2022085113","1430","1","0","0","0","0","0","0","0","0","1","0","","02","8","2022","3","40.501152","-80.181201","1424","11","0","0","0","0","0","0","1","0","","0","0","0","","","2","","2","","40 30:04.148","2","0","80 10:52.325","3","0","0","0","2213","0","0","0","N","0","0","0","3","02213","1","","1.0","1445.0","9","N","N","N","0","","1","0","1","","0","N","","2","2","0","0","0","0","0","2","0","2","","03","","N","","","","","","","","","",""
"2022079487","1610","1","0","0","0","0","0","0","0","0","6","1","","02","8","2022","3","40.317486","-79.886847","1605","11","0","0","0","0","0","0","0","0","","0","1","0","","","0","","1","","40 19:02.949","","0","79 53:12.649","0","0","0","0","2433","0","0","0","N","0","0","0","1","02433","0","","4.0","","1","N","N","N","0","","0","0","0","","0","","","2","0","0","0","0","0","0","2","0","2","","03","","N","","","","","","","","","",""
"2022032491","0058","0","0","0","0","0","0","0","0","0","5","0","","02","3","2022","4","40.372861","-79.979528","0052","11","0","0","0","0","0","0","0","0","","0","0","0","","","0","N","0","","40 22:22.300","","0","79 58:46.300","0","0","0","0","2413","0","0","0","N","0","0","0","1","02413","0","","1.0","","1","N","N","N","0","","0","0","2","","0","","","2","0","0","0","0","0","0","2","0","2","","","","N","","","","","","","","","",""
"2022078528","1220","1","0","0","0","0","0","0","0","0","0","0","","02","8","2022","5","40.429854","-79.751251","1213","11","0","0","0","0","0","0","1","0","","0","0","0","","","0","N","5","","40 25:47.476","1","0","79 45:04.504","0","0","0","0","2446","0","0","0","N","0","0","0","1","02446","0","","1.0","1245.0","1","N","N","N","0","","0","0","0","","0","Y","","1","0","0","0","0","0","0","2","0","1","","03","","N","","","","","","","","","",""
"2022078776","0849","2","0","0","0","0","0","0","0","0","1","0","","02","8","2022","3","40.434283","-79.996661","0832","11","0","0","0","0","0","0","0","0","","0","0","0","","","3","N","0","","40 26:03.420","3","2","79 59:47.979","3","0","0","0","2301","0","0","0","N","0","0","0","4","68B03","0","","1.0","915.0","1","N","N","N","0","","3","0","1","","4","N","","3","3","1","0","0","0","0","2","0","3","","","","N","","","","","","","","","",""
"2022082787","0849","2","0","1","0","0","0","0","0","0","2","0","","02","9","2022","6","40.567566","-79.983227","0844","11","0","0","0","0","0","1","1","0","","0","0","0","","","3","N","2","","40 34:03.237","6","0","79 58:59.617","2","0","0","0","2207","0","0","0","N","0","0","0","3","02207","1","","1.0","947.0","9","N","N","N","0","","1","1","1","","0","Y","","3","3","0","0","0","0","0","2","0","3","","","","N","","","","","","","","","",""
"2022061605","1022","0","0","0","0","0","0","0","0","0","7","0","","02","5","2022","6","40.497472","-80.206722","1018","11","0","0","0","0","0","0","1","0","","0","0","0","","","0","N","0","","40 29:50.900","3","7","80 12:24.200","0","0","0","0","2213","0","0","0","N","0","0","0","1","02213","0","","2.0","1100.0","1","N","N","N","0","","0","0","1","","0","N","","1","0","0","0","0","0","0","2","0","1","","03","","N","","","","","","","","","",""
"2022017240","0935","0","0","0","0","0","0","0","0","0","1","0","","02","2","2022","3","40.424944","-79.891389","0930","11","0","0","0","0","0","0","0","0","","0","0","0","","","0","N","0","","40 25:29.800","","0","79 53:29.000","9","0","0","0","2463","0","0","0","N","0","0","0","1","02463","0","","6.0","","99","N","N","N","0","","0","0","2","","0","N","","2","0","0","0","0","0","1","2","0","2","","","","N","","","","","","","","","",""
"2022059679","1552","1","0","0","0","0","0","0","0","0","1","0","","02","5","2022","4","40.493788","-79.916527","1551","11","0","0","0","0","0","0","0","0","","0","0","0","","","1","N","0","","40 29:37.636","","0","79 54:59.497","3","0","0","0","2461","0","0","0","N","0","0","0","2","02461","0","","1.0","","1","N","N","N","1","","1","0","0","","2","","","2","1","0","0","0","0","0","2","0","2","","","","N","","","","","","","","","",""
"2022079937","1457","1","0","0","0","0","0","0","0","0","4","0","","02","8","2022","4","40.512457","-79.843376","1452","11","0","0","0","0","0","0","0","1","","0","0","0","","","0","N","0","","40 30:44.844","5","0","79 50:36.154","0","0","0","0","2451","0","0","0","N","0","0","0","3","02451","0","","1.0","1520.0","1","N","N","N","1","","0","0","0","","0","N","","2","0","0","0","0","0","0","2","0","2","","","","N","","","","","","","","","",""
"2022080817","1500","0","0","0","0","0","0","0","0","0","4","0","","02","9","2022","6","40.332799","-79.813633","1500","11","0","0","0","0","0","1","0","0","","0","0","0","","","0","","1","","40 19:58.075","","0","79 48:49.079","0","0","0","0","2477","0","0","0","N","0","0","0","2","02477","0","","1.0","","1","N","N","N","0","","0","0","2","","2","","","2","0","0","0","0","0","0","2","0","2","","03","","N","","","","","","","","","",""
"2022082967","2340","1","0","0","0","0","0","0","0","0","98","0","","02","9","2022","6","40.533162","-80.177304","2335","11","0","0","0","0","0","1","0","0","","0","0","0","","","0","N","0","","40 31:59.383","1","0","80 10:38.294","0","0","0","0","2458","0","0","0","N","0","0","0","1","02458","0","","1.0","30.0","1","N","N","N","0","","0","0","0","","0","N","","1","0","0","0","0","0","0","2","0","1","","03","","N","","","","","","","","","",""
"2022051772","1610","1","0","0","0","0","0","0","0","0","1","0","","02","6","2022","6","40.4545","-79.933056","1609","11","0","0","0","0","0","1","1","0","","0","0","0","","","3","N","0","","40 27:16.200","3","0","79 55:59.000","3","0","0","1","2301","0","0","0","N","0","0","0","4","02301","0","","1.0","1705.0","1","N","N","Y","0","","3","0","1","","0","Y","","3","3","0","0","0","0","0","2","0","3","","03","","N","","","","","","","","","",""
"2022074144","0742","0","0","0","0","0","0","1","0","0","7","1","","02","8","2022","1","40.450889","-80.037278","0739","11","0","0","0","0","0","0","0","0","","0","0","0","","","1","N","0","","40 27:03.200","","0","80 02:14.200","3","0","0","0","2301","0","0","0","N","0","0","0","2","02503","0","","2.0","","1","N","N","N","0","","1","0","0","","0","","","1","1","0","0","0","0","0","2","0","1","","","","N","","","","","","","","","",""
"2022080057","1729","1","0","0","0","0","0","0","0","0","1","0","","02","8","2022","5","40.44144","-80.157843","1715","11","0","0","0","0","0","0","0","0","","0","0","0","","","0","N","0","","40 26:29.183","","0","80 09:28.234","0","0","0","0","2115","0","0","0","N","0","0","0","2","68B03","0","","1.0","","1","N","N","N","0","","0","0","1","","0","","","2","0","0","0","0","0","0","2","0","2","","03","","N","","","","","","","","","",""
"2022080132","0633","2","0","0","0","0","0","0","0","0","4","0","","02","8","2022","4","40.408186","-80.083674","0625","11","0","0","0","0","0","0","1","0","","0","0","0","","","0","","2","","40 24:29.468","","0","80 05:01.226","0","0","0","0","2415","0","0","0","N","0","0","0","2","02415","0","","2.0","","1","N","N","N","0","","0","0","0","","3","","","2","0","0","0","0","0","0","2","0","2","","","","N","","","","","","","","","",""
"2022084671","0109","1","0","0","0","0","0","0","0","0","7","0","","02","9","2022","6","40.333502","-79.813067","0108","11","0","0","0","0","0","1","0","0","","0","0","0","","","1","Y","0","","40 20:00.607","2","0","79 48:47.041","3","0","0","0","2477","0","0","0","N","0","0","0","2","02477","0","","5.0","208.0","1","N","N","N","0","","1","0","0","","0","N","","1","1","1","0","0","0","0","2","0","1","","03","","N","","","","","","","","","",""
"2022073896","1427","1","0","0","0","0","0","0","0","0","7","0","","02","7","2022","1","40.435968","-79.969676","1415","11","0","0","0","1","0","0","0","0","","0","0","0","","","1","N","0","","40 26:09.484","","0","79 58:10.835","4","0","0","0","2301","0","0","0","Y","0","0","0","1","68B03","1","","4.0","","9","N","N","N","0","","0","0","0","","0","","","1","1","0","0","0","0","0","2","0","1","","","","N","","","","","","","","","",""
"2022074376","2256","1","0","0","0","0","0","0","0","0","7","0","","02","8","2022","3","40.363116","-80.135009","2251","11","0","0","0","0","0","0","0","0","","0","0","0","","","0","N","0","","40 21:47.218","6","0","80 08:06.033","0","0","0","0","2119","0","0","0","N","0","0","0","3","02119","0","","4.0","3.0","1","N","N","N","0","","0","0","0","","0","Y","","1","0","0","0","0","0","0","2","0","1","","03","","N","","","","","","","","","",""
"2022084439","1359","2","0","0","0","0","0","0","0","0","1","0","45","02","8","2022","3","40.515484","-80.134003","1342","11","0","0","1","0","0","0","0","0","","0","0","0","","","2","N","0","","40 30:55.742","","3","80 08:02.409","3","0","0","0","2110","0","0","0","N","0","0","0","3","68B03","0","","1.0","","1","N","N","N","0","","2","0","0","","0","","","2","2","2","0","0","0","0","2","0","2","","","Y","Y","4","1","N","N","N","N","Y","N","Y","N"
"2022073870","0941","2","0","0","0","0","0","0","0","0","4","0","","02","7","2022","3","40.427408","-79.951787","0920","11","0","0","0","0","0","0","1","0","","0","0","0","","","1","N","0","","40 25:38.667","4","0","79 57:06.433","3","0","0","0","2301","0","0","0","N","0","0","0","3","68B03","0","","1.0","1006.0","9","N","N","N","0","","1","0","1","","0","N","","3","1","0","0","0","0","0","2","0","3","","","","N","","","","","","","","","",""
"2022084464","1527","1","0","0","0","0","0","0","0","0","1","1","","02","8","2022","7","40.439439","-80.010225","1517","11","0","0","0","0","0","0","0","1","","0","1","0","","","0","","6","","40 26:21.982","3","8","80 00:36.809","9","0","0","0","2301","0","0","0","N","0","0","0","2","68B03","0","","7.0","1540.0","1","N","N","N","0","","0","0","0","","0","N","","2","0","0","0","0","0","1","2","0","2","","03","","N","","","","","","","","","",""