"CRN","ARRIVAL_TM","AUTOMOBILE_COUNT","BELTED_DEATH_COUNT","BELTED_SUSP_SERIOUS_INJ_COUNT","BICYCLE_COUNT","BICYCLE_DEATH_COUNT","BICYCLE_SUSP_SERIOUS_INJ_COUNT","BUS_COUNT","CHLDPAS_DEATH_COUNT","CHLDPAS_SUSP_SERIOUS_INJ_COUNT","COLLISION_TYPE","COMM_VEH_COUNT","CONS_ZONE_SPD_LIM","COUNTY","CRASH_MONTH","CRASH_YEAR","DAY_OF_WEEK","DEC_LATITUDE","DEC_LONGITUDE","DISPATCH_TM","DISTRICT","DRIVER_COUNT_16YR","DRIVER_COUNT_17YR","DRIVER_COUNT_18YR","DRIVER_COUNT_19YR","DRIVER_COUNT_20YR","DRIVER_COUNT_50_64YR","DRIVER_COUNT_65_74YR","DRIVER_COUNT_75PLUS","EST_HRS_CLOSED","FATAL_COUNT","HEAVY_TRUCK_COUNT","HORSE_BUGGY_COUNT","HOUR_OF_DAY","ILLUMINATION","INJURY_COUNT","INTERSECTION_RELATED","INTERSECT_TYPE","LANE_CLOSED","LATITUDE","LN_CLOSE_DIR","LOCATION_TYPE","LONGITUDE","MAX_SEVERITY_LEVEL","MCYCLE_DEATH_COUNT","MCYCLE_SUSP_SERIOUS_INJ_COUNT","MOTORCYCLE_COUNT","MUNICIPALITY","NONMOTR_COUNT","NONMOTR_DEATH_COUNT","NONMOTR_SUSP_SERIOUS_INJ_COUNT","NTFY_HIWY_MAINT","PED_COUNT","PED_DEATH_COUNT","PED_SUSP_SERIOUS_INJ_COUNT","PERSON_COUNT","POLICE_AGCY","POSSIBLE_INJ_COUNT","RDWY_SURF_TYPE_CD","RELATION_TO_ROAD","ROADWAY_CLEARED","ROAD_CONDITION","SCH_BUS_IND","SCH_ZONE_IND","SECONDARY_CRASH","SMALL_TRUCK_COUNT","SPEC_JURIS_CD","SUSP_MINOR_INJ_COUNT","SUSP_SERIOUS_INJ_COUNT","SUV_COUNT","TCD_FUNC_CD","TCD_TYPE","TFC_DETOUR_IND","TIME_OF_DAY","TOTAL_UNITS","TOT_INJ_COUNT","UNBELTED_OCC_COUNT","UNB_DEATH_COUNT","UNB_SUSP_SERIOUS_INJ_COUNT","UNK_INJ_DEG_COUNT","UNK_INJ_PER_COUNT","URBAN_RURAL","VAN_COUNT","VEHICLE_COUNT","WEATHER1","WEATHER2","WORKERS_PRES","WORK_ZONE_IND","WORK_ZONE_LOC","WORK_ZONE_TYPE","WZ_CLOSE_DETOUR","WZ_FLAGGER","WZ_LAW_OFFCR_IND","WZ_LN_CLOSURE","WZ_MOVING","WZ_OTHER","WZ_SHLDER_MDN","WZ_WORKERS_INJ_KILLED"
"2022080482","2328","1","0","0","0","0","0","0","0","0","4","0","","02","9","2022","5","40.568471","-80.024004","2324","11","0","0","0","0","0","0","0","0","","0","0","0","","","0","","1","","40 34:06.495","2","0","80 01:26.415","0","0","0","0","2108","0","0","0","N","0","0","0","2","02108","0","","1.0","5.0","1","N","N","N","0","","0","0","1","","2","Y","","2","0","0","0","0","0","0","2","0","2","","","","N","","","","","","","","","",""
"2022073345","1309","1","0","0","0","0","0","0","0","0","7","0","","02","8","2022","4","40.62177","-80.054221","1300","11","0","0","0","0","0","0","0","0","","0","0","0","","","0","N","0","","40 37:18.371","","7","80 03:15.197","0","0","0","0","2216","0","0","0","N","0","0","0","1","02505","0","","4.0","","1","N","N","N","0","","0","0","0","","0","","","1","0","0","0","0","0","0","1","0","1","","","","N","","","","","","","","","",""
"2022082063","1606","2","0","0","0","0","0","0","0","0","4","0","","02","9","2022","4","40.517089","-79.726591","1558","11","0","0","0","0","0","1","0","0","","0","0","0","","","0","","1","","40 31:01.521","3","0","79 43:35.729","0","0","0","0","2466","0","0","0","N","0","0","0","2","02466","0","","1.0","1632.0","1","N","N","N","0","","0","0","0","","3","N","","2","0","0","0","0","0","0","1","0","2","","03","","N","","","","","","","","","",""
"2022079479","0232","0","0","0","0","0","0","0","0","0","7","0","","02","8","2022","1","40.427942","-79.948593","0219","11","0","0","0","0","0","0","0","0","","0","0","0","","","0","N","0","","40 25:40.591","","0","79 56:54.935","9","0","0","0","2301","0","0","0","N","0","0","0","1","68B03","0","","2.0","","9","N","N","N","0","","0","0","1","","0","","","1","0","0","0","0","0","1","2","0","1","","","","N","","","","","","","","","",""
"2022083252","2148","2","0","0","0","0","0","0","0","0","4","0","","02","7","2022","3","40.454698","-79.880675","2141","11","0","0","0","0","0","0","0","0","","0","0","0","","","0","","1","","40 27:16.912","7","0","79 52:50.430","9","0","0","0","2301","0","0","0","N","0","0","0","6","02301","0","","1.0","2259.0","9","N","N","N","0","","0","0","0","","2","Y","","2","0","0","0","0","0","2","2","0","2","","03","","N","","","","","","","","","",""
"2022080407","1222","0","0","0","0","0","0","0","0","0","1","0","","02","8","2022","3","40.495436","-79.940629","1201","11","0","0","1","0","0","1","0","0","","0","0","0","","","0","N","0","","40 29:43.569","","0","79 56:26.263","9","0","0","0","2430","0","0","0","N","0","0","0","3","68D02","0","","1.0","","1","N","N","N","0","","0","0","2","","0","","","3","0","0","0","0","0","1","2","0","3","","","","N","","","","","","","","","",""
"2022082738","0809","1","0","0","0","0","0","0","0","0","4","0","","02","9","2022","6","40.438334","-79.842884","0806","11","0","0","0","0","0","0","0","0","","0","0","0","","","0","","2","","40 26:18.004","7","0","79 50:34.384","0","0","0","0","2419","0","0","0","N","0","0","0","4","02419","0","","1.0","901.0","1","N","N","N","1","","0","0","0","","3","Y","","2","0","0","0","0","0","0","2","0","2","","","","N","","","","","","","","","",""
"2022084449","0516","1","0","0","0","0","0","0","0","0","5","0","","02","8","2022","1","40.478589","-80.007356","0455","11","0","0","0","0","0","1","0","0","","0","0","0","","","0","N","0","","40 28:42.921","","0","80 00:26.483","9","0","0","0","2301","0","0","0","N","0","0","0","2","68B03","0","","1.0","","9","N","N","N","0","","0","0","0","","0","","","2","0","0","0","0","0","1","2","0","2","","","","N","","","","","","","","","",""
"2022078770","1450","1","0","0","0","0","0","0","0","0","1","0","","02","8","2022","7","40.440483","-79.833259","1420","11","0","0","0","0","1","1","0","0","","0","0","0","","","0","N","0","","40 26:25.738","3","0","79 49:59.734","0","0","0","0","2419","0","0","0","N","0","0","0","6","68B03","0","","1.0","1540.0","1","N","N","Y","0","","0","0","2","","0","N","","3","0","0","0","0","0","0","2","0","3","","","","N","","","","","","","","","",""
"2022079477","2335","0","0","0","0","0","0","0","0","0","1","0","","02","8","2022","6","40.419191","-80.090143","2331","11","0","0","0","0","0","1","0","0","","0","0","0","","","0","N","0","","40 25:09.087","4","0","80 05:24.513","0","0","0","0","2457","0","0","0","N","0","0","0","2","68B03","0","","1.0","16.0","1","N","N","N","0","","0","0","2","","0","N","","2","0","1","0","0","0","0","2","0","2","","","","N","","","","","","","","","",""
"2022079350","1230","1","0","0","0","0","0","0","0","0","1","0","","02","8","2022","3","40.349005","-79.938461","1227","11","0","0","0","0","0","0","1","0","","0","0","0","","","2","N","0","","40 20:56.419","4","0","79 56:18.458","8","0","0","0","2473","0","0","0","N","0","0","0","3","02473","0","","1.0","1306.0","9","N","N","N","0","","0","0","1","","0","N","","2","2","0","0","0","2","0","2","0","2","","04","","N","","","","","","","","","",""
"2022076231","1619","0","0","0","0","0","0","0","0","0","7","0","","02","8","2022","7","40.534201","-80.179627","1614","11","0","0","0","0","0","0","0","0","","0","0","0","","","0","N","0","","40 32:03.125","2","0","80 10:46.657","0","0","0","0","2458","0","0","0","N","0","0","0","1","02458","0","","5.0","1657.0","1","N","N","N","0","","0","0","1","","0","N","","1","0","0","0","0","0","0","2","0","1","","03","","N","","","","","","","","","",""
"2022083043","0806","1","0","0","0","0","0","0","0","0","1","0","","02","9","2022","6","40.553278","-80.1092","0804","11","1","0","0","0","0","0","0","0","","0","0","0","","","1","N","2","","40 33:11.802","","0","80 06:33.119","8","0","0","0","2215","0","0","0","N","0","0","0","3","02215","0","","1.0","","1","N","N","N","1","","0","0","0","","2","","","2","1","0","0","0","1","0","2","0","2","","98","","N","","","","","","","","","",""
"2022077021","0901","2","0","0","0","0","0","0","0","0","1","0","","02","8","2022","3","40.488174","-79.921541","0847","11","0","0","0","0","0","1","0","0","","0","0","0","","","0","N","2","","40 29:17.428","","0","79 55:17.549","0","0","0","0","2301","0","0","0","N","0","0","0","2","02301","0","","1.0","","1","N","N","N","0","","0","0","0","","0","N","","2","0","0","0","0","0","0","2","0","2","","","","N","","","","","","","","","",""
"2022079573","2120","1","0","0","0","0","0","0","0","0","7","0","","02","7","2022","5","40.427828","-79.954683","2049","11","0","0","0","0","0","0","0","0","","0","0","0","","","1","N","0","","40 25:40.180","3","0","79 57:16.858","3","0","0","0","2301","0","0","0","N","0","0","0","2","68B03","0","","2.0","2033.0","1","N","N","N","0","","1","0","0","","0","N","","1","1","0","0","0","0","0","2","0","1","","03","","N","","","","","","","","","",""
"2022071088","1642","2","0","0","0","0","0","0","0","0","4","0","","02","8","2022","4","40.388656","-79.830251","1641","11","0","0","0","0","0","1","0","0","","0","0","0","","","1","","3","","40 23:19.161","3","0","79 49:48.903","4","0","0","0","2111","0","0","0","N","0","0","0","2","02111","1","","1.0","1709.0","1","N","N","N","0","","0","0","0","","2","Y","","2","1","0","0","0","0","0","2","0","2","","03","","N","","","","","","","","","",""
"2022078468","1204","0","0","0","0","0","0","0","0","0","0","0","","02","8","2022","4","40.43135","-79.839073","1201","11","0","0","0","0","0","1","0","0","","0","0","0","","","1","","2","","40 25:52.859","","0","79 50:20.661","2","0","1","1","2419","0","0","0","N","0","0","0","1","02419","0","","1.0","","1","N","N","N","0","","0","1","0","","3","N","","1","1","0","0","0","0","0","2","0","1","","03","","N","","","","","","","","","",""
"2022056142","1613","2","0","0","0","0","0","0","0","0","4","0","","02","6","2022","7","40.411694","-79.9125","1606","11","0","1","0","0","0","0","0","0","","0","0","0","","","1","N","0","","40 24:42.100","3","0","79 54:45.000","4","0","0","0","2438","0","0","0","Y","0","0","0","3","02438","1","","1.0","1639.0","1","","","N","0","","0","0","0","","0","N","","2","1","0","0","0","0","0","2","0","2","","03","","N","","","","","","","","","",""
"2022071345","0454","1","0","0","0","0","0","0","0","0","7","0","","02","8","2022","5","40.456391","-79.714649","0448","11","0","0","0","0","0","0","0","0","","0","0","0","","","1","N","0","","40 27:23.009","3","0","79 42:52.735","8","0","0","0","2466","0","0","0","N","0","0","0","1","02466","0","","4.0","531.0","1","N","N","N","0","","0","0","0","","0","N","","1","1","0","0","0","1","0","2","0","1","","03","","N","","","","","","","","","",""
"2022009942","2035","2","0","0","0","0","0","0","0","0","4","1","","02","1","2022","5","40.654793","-79.935422","2030","11","0","0","0","0","0","1","0","0","","0","0","0","","","1","N","0","","40 39:17.256","5","0","79 56:07.518","2","0","0","0","2217","0","0","0","N","0","0","0","2","02505","0","","1.0","2119.0","9","N","N","N","0","","0","1","0","","0","N","","2","1","1","0","1","0","1","2","0","2","","","","N","","","","","","","","","",""
"2022052554","1315","2","0","0","0","0","0","0","0","0","4","0","","02","6","2022","7","40.451951","-79.923991","1315","11","0","0","0","0","0","0","0","0","","0","0","0","","","0","","1","","40 27:07.023","","0","79 55:26.367","0","0","0","0","2301","0","0","0","N","0","0","0","2","02301","0","","1.0","","1","N","N","N","0","","0","0","0","","2","","","2","0","1","0","0","0","0","2","0","2","","03","","N","","","","","","","","","",""
"2022051729","1546","0","0","0","0","0","0","0","0","0","7","0","","02","6","2022","6","40.494459","-79.788379","1545","11","0","0","0","0","0","0","0","0","","0","0","0","","","1","","2","","40 29:40.051","7","0","79 47:18.163","3","0","0","0","2113","0","0","0","Y","0","0","0","1","02113","0","","5.0","1633.0","1","N","N","N","0","","1","0","1","","0","Y","","1","1","1","0","0","0","0","2","0","1","","03","","N","","","","","","","","","",""
"2022052750","0926","1","0","0","0","0","0","0","0","0","4","0","","02","6","2022","7","40.43575","-79.771056","0924","11","0","0","0","0","0","1","1","0","","0","0","0","","","2","N","0","","40 26:08.700","3","7","79 46:15.800","3","0","0","0","2446","0","0","0","N","0","0","0","5","02446","1","","1.0","945.0","1","N","N","N","0","","1","0","1","","2","N","","2","2","0","0","0","0","0","2","0","2","","","","N","","","","","","","","","",""
"2022073046","1252","2","0","0","0","0","0","0","0","0","4","0","","02","8","2022","4","40.441032","-79.993814","1250","11","0","0","0","0","0","2","0","0","","0","0","0","","","0","","1","","40 26:27.714","3","0","79 59:37.731","0","0","0","0","2301","0","0","0","N","0","0","0","2","02301","0","","1.0","1405.0","1","N","N","N","0","","0","0","0","","2","N","","2","0","0","0","0","0","0","2","0","2","","04","","N","","","","","","","","","",""
"2022078044","1718","0","0","0","0","0","0","0","0","0","1","0","","02","8","2022","4","40.652188","-80.081926","1715","11","0","0","0","0","0","1","0","0","","0","0","0","","","0","N","0","","40 39:07.877","1","0","80 04:54.933","0","0","0","0","2212","0","0","0","N","0","0","0","5","02505","0","","1.0","1739.0","1","N","N","N","0","","0","0","1","","2","N","","3","0","0","0","0","0","0","2","2","3","","03","","N","","","","","","","","","",""
"2022053352","","1","0","0","0","0","0","0","0","0","1","0","","02","5","2022","4","40.424426","-79.858797","","11","0","0","0","0","0","0","0","0","","0","0","0","","","2","Y","0","","40 25:27.934","","0","79 51:31.669","8","0","0","0","2431","0","0","0","N","0","0","0","3","00000","0","","1.0","","1","","","N","0","","0","0","0","","2","","","2","2","0","0","0","2","0","2","0","2","","","","N","","","","","","","","","",""
"2022073187","2235","0","0","0","0","0","0","0","0","0","5","0","","02","8","2022","4","40.33942","-79.96788","2228","11","0","0","0","0","0","0","0","0","","0","0","0","","","1","N","0","","40 20:21.913","","0","79 58:04.369","3","0","0","1","2454","0","0","0","N","0","0","0","2","02454","0","","1.0","","1","N","N","N","0","","1","0","1","","0","","","2","1","0","0","0","0","0","2","0","2","","03","","N","","","","","","","","","",""
"2022013098","2037","0","0","0","0","0","0","0","0","0","7","0","","02","2","2022","5","40.592778","-79.794917","2028","11","0","0","0","0","0","1","0","0","","0","0","0","","","0","N","0","","40 35:34.000","7","0","79 47:41.700","0","0","0","0","2206","0","0","0","Y","0","0","0","1","02206","0","","2.0","2330.0","2","N","N","N","1","","0","0","0","","0","Y","","1","0","0","0","0","0","0","1","0","1","","09","","N","","","","","","","","","",""
"2022083479","1404","1","0","0","0","0","0","0","0","0","1","0","","02","9","2022","5","40.586863","-80.041644","1402","11","0","0","0","0","0","1","1","0","","0","0","0","","","1","","1","","40 35:12.706","","0","80 02:29.918","8","0","0","0","2108","0","0","0","N","0","0","0","2","02108","0","","1.0","","1","N","N","N","1","","0","0","0","","2","","","2","1","0","0","0","1","0","2","0","2","","","","N","","","","","","","","","",""
"2022084606","0854","1","0","0","0","0","0","0","0","0","1","0","","02","8","2022","2","40.431226","-79.872726","0849","11","0","0","0","0","0","0","0","0","","0","0","0","","","0","N","0","","40 25:52.412","","0","79 52:21.815","0","0","0","0","2411","0","0","0","N","0","0","0","3","68B03","0","","1.0","","1","N","N","N","0","","0","0","2","","0","","","3","0","0","0","0","0","0","2","0","3","","","","N","","","","","","","","","",""
"2022080328","1733","0","0","0","0","0","0","0","0","0","0","0","","02","8","2022","7","40.374535","-79.995331","1730","11","0","0","0","0","0","0","0","0","","0","0","0","","","1","N","0","","40 22:28.327","5","0","79 59:43.193","3","0","0","1","2476","0","0","0","N","0","0","0","1","02476","0","","1.0","1800.0","1","N","N","N","0","","1","0","0","","0","N","","1","1","0","0","0","0","0","2","0","1","","","","N","","","","","","","","","",""
"2022072386","1521","0","0","0","1","0","0","0","0","0","8","0","","02","6","2022","3","40.458331","-79.906145","1509","11","0","0","0","0","0","1","0","0","","0","0","0","","","1","","2","","40 27:29.991","","0","79 54:22.121","3","0","0","0","2301","2","0","0","N","0","0","0","3","02301","0","","1.0","","98","N","N","N","0","","1","0","0","","3","N","","2","1","0","0","0","0","1","2","0","1","","","","N","","","","","","","","","",""
"2022077097","0823","0","0","0","0","0","0","1","0","0","1","1","","02","8","2022","3","40.407018","-79.910893","0810","11","0","0","0","0","0","0","0","0","","0","0","0","","","1","","1","","40 24:25.266","3","0","79 54:39.216","3","0","0","0","2438","0","0","0","N","0","0","0","3","02503","0","","1.0","855.0","1","N","N","N","0","","1","0","2","","2","N","","3","1","0","0","0","0","1","2","0","3","","03","","N","","","","","","","","","",""
"2022073669","0711","2","0","0","0","0","0","0","0","0","1","0","","02","8","2022","6","40.622417","-80.070046","0703","11","0","0","0","0","0","1","0","0","","0","0","0","","","0","","1","","40 37:20.702","","0","80 04:12.165","0","0","0","0","2212","0","0","0","N","0","0","0","3","02505","0","","1.0","","1","N","N","N","0","","0","0","0","","2","","","2","0","0","0","0","0","0","2","0","2","","03","","N","","","","","","","","","",""
"2022084608","1353","0","0","0","0","0","0","0","0","0","7","0","","02","8","2022","3","40.442964","-79.783814","1339","11","0","0","0","0","0","0","0","0","","0","0","0","","","0","N","0","","40 26:34.670","","0","79 47:01.731","0","0","0","0","2446","0","0","0","Y","0","0","0","1","68B03","0","","4.0","","9","N","N","N","0","","0","0","1","","0","","","1","0","0","0","0","0","0","2","0","1","","","","N","","","","","","","","","",""
"2022078456","2358","2","0","0","0","0","0","0","0","0","1","0","","02","8","2022","7","40.462834","-79.957259","2353","11","0","0","0","0","0","0","0","0","","0","0","0","","","0","N","1","","40 27:46.203","4","0","79 57:26.131","0","0","0","0","2301","0","0","0","N","0","0","0","3","02301","0","","1.0","15.0","1","N","N","N","0","","0","0","0","","2","Y","","2","0","0","0","0","0","0","2","0","2","","03","","N","","","","","","","","","",""
"2022079402","1549","3","0","0","0","0","0","0","0","0","4","0","","02","8","2022","3","40.451225","-79.930466","1420","11","0","0","1","0","0","0","0","0","","0","0","0","","","0","","1","","40 27:04.410","2","0","79 55:49.677","0","0","0","0","2301","0","0","0","N","0","0","0","3","02301","0","","1.0","1500.0","1","N","N","N","0","","0","0","0","","0","N","","3","0","0","0","0","0","0","2","0","3","","03","","N","","","","","","","","","",""
"2022073029","2136","0","0","0","0","0","0","0","0","0","7","0","","02","8","2022","3","40.549582","-79.914118","2135","11","0","0","0","0","0","0","0","0","","0","0","0","","","0","","2","","40 32:58.496","","7","79 54:50.825","0","0","0","0","2209","0","0","0","Y","0","0","0","1","02209","0","","4.0","","1","N","N","N","1","","0","0","0","","2","","","1","0","0","0","0","0","0","2","0","1","","","","N","","","","","","","","","",""
"2022061750","1821","0","0","0","0","0","0","0","0","0","7","0","","02","5","2022","2","40.435771","-79.976807","1802","11","0","0","0","0","0","1","0","0","","0","0","0","","","0","N","0","","40 26:08.774","3","0","79 58:36.504","0","0","0","0","2301","0","0","0","N","0","0","0","1","68B03","0","","2.0","1836.0","1","N","N","N","0","","0","0","1","","0","N","","1","0","0","0","0","0","0","2","0","1","","03","","N","","","","","","","","","",""
"2022078575","2240","1","0","0","0","0","0","0","0","0","8","0","","02","8","2022","7","40.382176","-80.044046","2239","11","0","0","0","0","0","0","1","0","","0","0","0","","","1","N","0","","40 22:55.834","5","0","80 02:38.567","3","0","0","0","2109","1","0","0","N","1","0","0","2","02109","0","","1.0","2309.0","1","N","N","N","0","","1","0","0","","0","Y","","2","1","0","0","0","0","0","2","0","1","","","","N","","","","","","","","","",""
"2022076878","1141","0","0","0","0","0","0","0","0","0","1","0","","02","8","2022","7","40.341683","-79.801276","1141","11","0","0","0","0","0","1","1","0","","0","0","0","","","0","N","0","","40 20:30.060","","0","79 48:04.594","0","0","0","0","2477","0","0","0","N","0","0","0","3","02477","0","","1.0","","1","N","N","N","1","","0","0","1","","0","","","2","0","0","0","0","0","0","2","0","2","","03","","N","","","","","","","","","",""
"2022078340","2112","0","0","0","0","0","0","0","0","0","1","0","","02","8","2022","5","40.369511","-80.060589","2105","11","0","0","0","0","0","0","0","0","","0","0","0","","","0","N","0","","40 22:10.240","","0","80 03:38.120","0","0","0","0","2109","0","0","0","N","0","0","0","1","02109","0","","1.0","","1","N","N","N","0","","0","0","2","","0","","","2","0","0","0","0","0","0","2","0","2","","","","N","","","","","","","","","",""
"2022082798","1540","0","0","0","0","0","0","0","0","0","1","0","","02","9","2022","3","40.586529","-79.950409","1535","11","0","0","0","0","0","0","0","1","","0","0","0","","","1","","2","","40 35:11.506","5","0","79 57:01.473","8","0","0","0","2207","0","0","0","N","0","0","0","3","02207","0","","1.0","1620.0","1","N","N","N","1","","0","0","2","","0","N","","3","1","0","0","0","1","0","2","0","3","","","","N","","","","","","","","","",""
"2022051879","0727","0","0","0","0","0","0","0","0","0","4","0","","02","6","2022","6","40.353954","-79.823236","0724","11","0","0","0","0","0","1","0","0","","0","0","0","","","0","","1","","40 21:14.236","4","0","79 49:23.648","9","0","0","0","2477","0","0","0","N","0","0","0","7","02477","0","","1.0","804.0","1","N","N","N","0","","0","0","2","","3","N","","2","0","0","0","0","0","1","2","0","2","","05","","N","","","","","","","","","",""
"2022083926","1555","1","0","0","0","0","0","0","0","0","4","0","","02","9","2022","2","40.371529","-80.062347","1551","11","0","0","0","0","0","0","0","1","","0","0","0","","","1","","2","","40 22:17.504","7","0","80 03:44.449","8","0","0","0","2109","0","0","0","N","0","0","0","2","02109","0","","1.0","1630.0","1","N","N","N","0","","0","0","1","","3","N","","2","1","0","0","0","1","0","2","0","2","","03","","N","","","","","","","","","",""
"2022047662","1425","1","0","0","0","0","0","0","0","0","4","0","","02","5","2022","7","40.413583","-79.852472","1420","11","0","0","1","0","0","1","0","0","","0","0","0","","","0","N","0","","40 24:48.900","","7","79 51:08.900","0","0","0","0","2411","0","0","0","N","0","0","0","2","02463","0","","1.0","","1","N","N","N","0","","0","0","1","","3","","","2","0","0","0","0","0","0","2","0","2","","03","","N","","","","","","","","","",""
"2022077328","0758","1","0","0","0","0","0","0","0","0","4","1","","02","8","2022","4","40.355872","-79.834228","0755","11","0","0","0","0","0","1","0","0","","0","1","0","","","0","N","0","","40 21:21.138","4","7","79 50:03.222","0","0","0","0","2304","0","0","0","N","0","0","0","2","02304","0","","1.0","819.0","1","N","N","N","0","","0","0","0","","2","N","","2","0","0","0","0","0","0","2","0","2","","03","","N","","","","","","","","","",""
"2022076919","0155","0","0","0","0","0","0","0","0","0","1","2","","02","8","2022","2","40.441707","-80.021463","0146","11","0","0","0","0","0","1","0","0","","0","2","0","","","1","N","0","","40 26:30.145","","7","80 01:17.268","3","0","0","0","2301","0","0","0","N","0","0","0","2","02301","0","","1.0","","9","N","N","N","0","","1","0","0","","0","","","2","1","1","0","0","0","0","2","0","2","","","","N","","","","","","","","","",""
"2022076615","1412","0","0","0","0","0","0","0","0","0","7","0","","02","8","2022","6","40.521875","-80.048203","1407","11","0","0","0","0","0","0","0","0","","0","0","0","","","1","N","0","","40 31:18.751","","0","80 02:53.531","8","0","0","0","2116","0","0","0","N","0","0","0","1","02116","0","","5.0","","1","","","N","0","","0","0","1","","0","","","1","1","0","0","0","1","0","2","0","1","","","","N","","","","","","","","","",""
"2022052010","1540","2","0","0","0","0","0","0","0","0","4","0","","02","6","2022","7","40.416528","-79.993111","1530","11","0","0","0","0","0","1","1","0","","0","0","0","","","1","","1","","40 24:59.500","","0","79 59:35.200","3","0","0","0","2301","0","0","0","N","0","0","0","4","02301","0","","1.0","","1","","","N","0","","1","0","0","","3","","","2","1","0","0","0","0","0","2","0","2","","03","","N","","","","","","","","","",""
"2022077905","2250","1","0","0","0","0","0","1","0","0","5","1","","02","8","2022","1","40.466333","-79.868556","2240","11","0","0","0","0","0","0","0","0","","0","0","0","","","1","","2","","40 27:58.800","5","0","79 52:06.800","3","0","0","0","2113","0","0","0","N","0","0","0","2","02503","0","","1.0","150.0","1","N","N","N","0","","1","0","0","","0","Y","","2","1","0","0","0","0","1","2","0","2","","03","","N","","","","","","","","","",""
"2022083158","0012","1","0","0","0","0","0","0","0","0","7","0","","02","9","2022","1","40.454041","-79.912396","0002","11","0","0","0","0","0","0","0","0","","0","0","0","","","0","N","1","","40 27:14.546","","0","79 54:44.625","0","0","0","0","2301","0","0","0","N","0","0","0","1","02301","0","","2.0","","9","N","N","N","0","","0","0","0","","2","","","1","0","0","0","0","0","0","2","0","1","","07","","N","","","","","","","","","",""
"2022080629","0150","0","0","0","0","0","0","0","0","0","98","0","","02","8","2022","1","40.364903","-80.07063","0143","11","0","0","0","0","0","0","0","0","","0","0","0","","","1","N","0","","40 21:53.651","2","0","80 04:14.268","4","0","0","0","2109","0","0","0","N","0","0","0","1","02109","1","","5.0","226.0","1","N","N","N","1","","0","0","0","","0","N","","1","1","0","0","0","0","0","2","0","1","","","","N","","","","","","","","","",""
"2022083047","1021","1","0","0","0","0","0","0","0","0","0","0","","02","9","2022","7","40.398631","-80.020393","1016","11","0","0","0","0","0","0","0","0","","0","0","0","","","0","N","1","","40 23:55.071","7","0","80 01:13.414","0","0","0","0","2301","0","0","0","N","0","0","0","2","02301","0","","1.0","1045.0","1","N","N","N","0","","0","0","0","","3","Y","","1","0","0","0","0","0","0","2","0","1","","03","","N","","","","","","","","","",""
"2022078839","2155","0","0","0","0","0","0","0","0","0","7","0","","02","8","2022","7","40.449247","-80.017041","2127","11","0","0","0","0","0","0","0","0","","1","0","0","","","0","N","0","","40 26:57.288","4","2","80 01:01.346","1","0","0","0","2301","0","0","0","N","0","0","0","1","02301","0","2","4.0","2253.0","1","N","N","N","0","0","0","0","1","","0","Y","","1","0","1","1","0","0","0","2","0","1","","","","N","","","","","","","","","",""
"2022082436","2218","2","0","0","0","0","0","0","0","0","6","0","","02","9","2022","4","40.547439","-80.093241","2218","11","0","0","0","0","0","0","0","0","","0","0","0","","","0","N","0","","40 32:50.781","","0","80 05:35.669","0","0","0","0","2215","0","0","0","N","0","0","0","1","02215","0","","1.0","","1","N","N","N","0","","0","0","0","","0","","","2","0","0","0","0","0","0","2","0","2","","","","N","","","","","","","","","",""
"2022077840","1706","1","0","0","0","0","0","0","0","0","2","0","","02","8","2022","5","40.278854","-79.875329","1702","11","0","0","0","0","0","0","0","0","","0","0","0","","","0","","1","","40 16:43.875","4","0","79 52:31.186","0","0","0","0","2105","0","0","0","N","0","0","0","4","02105","0","","1.0","1752.0","1","N","N","N","1","","0","0","0","","2","Y","","2","0","0","0","0","0","0","1","0","2","","","","N","","","","","","","","","",""
"2022079817","1230","1","0","0","0","0","0","0","0","0","7","0","","02","8","2022","3","40.653143","-79.950375","1224","11","0","0","0","0","0","0","0","0","","0","0","0","","","0","N","0","","40 39:11.313","6","0","79 57:01.350","0","0","0","0","2217","0","0","0","N","0","0","0","1","02505","0","","2.0","1320.0","9","N","N","N","0","","0","0","0","","0","Y","","1","0","0","0","0","0","0","2","0","1","","","","N","","","","","","","","","",""
"2022078240","0230","1","0","0","0","0","0","0","0","0","2","0","","02","8","2022","3","40.425658","-79.789657","0225","11","0","0","0","0","0","0","0","0","","0","0","0","","","3","N","0","","40 25:32.368","7","0","79 47:22.765","8","0","0","0","2446","0","0","0","N","0","0","0","3","02446","0","","1.0","330.0","1","N","N","N","0","","0","0","1","","0","Y","","2","3","0","0","0","3","0","2","0","2","","03","","N","","","","","","","","","",""
"2022051874","2339","1","0","0","0","0","0","0","0","0","4","0","","02","6","2022","6","40.447243","-79.895396","2331","11","0","0","0","0","0","0","1","0","","0","0","0","","","1","","1","","40 26:50.076","4","0","79 53:43.425","3","0","0","0","2301","0","0","0","N","0","0","0","2","02301","0","","1.0","25.0","1","N","N","N","0","","1","0","1","","3","Y","","2","1","0","0","0","0","0","2","0","2","","","","N","","","","","","","","","",""
"2022084204","0730","1","0","0","0","0","0","0","0","0","1","0","","02","9","2022","5","40.437628","-80.200291","0730","11","0","0","1","0","0","1","0","0","","0","0","0","","","2","N","0","","40 26:15.460","3","0","80 12:01.049","8","0","0","0","2214","0","0","0","N","0","0","0","2","68B03","0","","1.0","804.0","1","N","N","N","0","","0","0","1","","0","N","","2","2","0","0","0","2","0","2","0","2","","03","","N","","","","","","","","","",""