"CRN","ARRIVAL_TM","AUTOMOBILE_COUNT","BELTED_DEATH_COUNT","BELTED_SUSP_SERIOUS_INJ_COUNT","BICYCLE_COUNT","BICYCLE_DEATH_COUNT","BICYCLE_SUSP_SERIOUS_INJ_COUNT","BUS_COUNT","CHLDPAS_DEATH_COUNT","CHLDPAS_SUSP_SERIOUS_INJ_COUNT","COLLISION_TYPE","COMM_VEH_COUNT","CONS_ZONE_SPD_LIM","COUNTY","CRASH_MONTH","CRASH_YEAR","DAY_OF_WEEK","DEC_LATITUDE","DEC_LONGITUDE","DISPATCH_TM","DISTRICT","DRIVER_COUNT_16YR","DRIVER_COUNT_17YR","DRIVER_COUNT_18YR","DRIVER_COUNT_19YR","DRIVER_COUNT_20YR","DRIVER_COUNT_50_64YR","DRIVER_COUNT_65_74YR","DRIVER_COUNT_75PLUS","EST_HRS_CLOSED","FATAL_COUNT","HEAVY_TRUCK_COUNT","HORSE_BUGGY_COUNT","HOUR_OF_DAY","ILLUMINATION","INJURY_COUNT","INTERSECTION_RELATED","INTERSECT_TYPE","LANE_CLOSED","LATITUDE","LN_CLOSE_DIR","LOCATION_TYPE","LONGITUDE","MAX_SEVERITY_LEVEL","MCYCLE_DEATH_COUNT","MCYCLE_SUSP_SERIOUS_INJ_COUNT","MOTORCYCLE_COUNT","MUNICIPALITY","NONMOTR_COUNT","NONMOTR_DEATH_COUNT","NONMOTR_SUSP_SERIOUS_INJ_COUNT","NTFY_HIWY_MAINT","PED_COUNT","PED_DEATH_COUNT","PED_SUSP_SERIOUS_INJ_COUNT","PERSON_COUNT","POLICE_AGCY","POSSIBLE_INJ_COUNT","RDWY_SURF_TYPE_CD","RELATION_TO_ROAD","ROADWAY_CLEARED","ROAD_CONDITION","SCH_BUS_IND","SCH_ZONE_IND","SECONDARY_CRASH","SMALL_TRUCK_COUNT","SPEC_JURIS_CD","SUSP_MINOR_INJ_COUNT","SUSP_SERIOUS_INJ_COUNT","SUV_COUNT","TCD_FUNC_CD","TCD_TYPE","TFC_DETOUR_IND","TIME_OF_DAY","TOTAL_UNITS","TOT_INJ_COUNT","UNBELTED_OCC_COUNT","UNB_DEATH_COUNT","UNB_SUSP_SERIOUS_INJ_COUNT","UNK_INJ_DEG_COUNT","UNK_INJ_PER_COUNT","URBAN_RURAL","VAN_COUNT","VEHICLE_COUNT","WEATHER1","WEATHER2","WORKERS_PRES","WORK_ZONE_IND","WORK_ZONE_LOC","WORK_ZONE_TYPE","WZ_CLOSE_DETOUR","WZ_FLAGGER","WZ_LAW_OFFCR_IND","WZ_LN_CLOSURE","WZ_MOVING","WZ_OTHER","WZ_SHLDER_MDN","WZ_WORKERS_INJ_KILLED"
"2022085116","0858","2","0","0","0","0","0","0","0","0","4","0","","02","9","2022","2","40.519789","-80.217893","0854","11","0","0","0","0","0","0","0","0","","0","0","0","","","1","","1","","40 31:11.241","2","0","80 13:04.413","3","0","0","0","2213","0","0","0","N","0","0","0","3","02213","0","","1.0","915.0","1","N","N","N","0","","1","0","0","","2","N","","2","1","1","0","0","0","0","2","0","2","","04","","N","","","","","","","","","",""
"2022064970","0530","1","0","0","0","0","0","0","0","0","1","1","","02","7","2022","5","40.45749","-79.917474","0521","11","0","0","1","0","0","0","0","0","","0","1","0","","","0","","1","","40 27:26.965","","0","79 55:02.908","0","0","0","0","2301","0","0","0","N","0","0","0","2","02301","0","","1.0","","1","N","N","N","0","","0","0","0","","2","","","2","0","0","0","0","0","0","2","0","2","","","","N","","","","","","","","","",""
"2022096667","2233","1","0","0","0","0","0","0","0","0","1","0","","02","10","2022","5","40.49333","-79.900326","2212","11","0","0","0","0","0","0","0","0","","0","0","0","","","1","N","0","","40 29:35.988","","0","79 54:01.173","3","0","0","0","2112","0","0","0","N","0","0","0","2","68D02","0","","1.0","","1","N","N","N","0","","1","0","1","","0","","","2","1","1","0","0","0","0","2","0","2","","","","N","","","","","","","","","",""
"2022082008","0936","1","0","0","0","0","0","0","0","0","1","0","","02","9","2022","3","40.648533","-79.937301","0934","11","0","0","0","1","0","0","0","0","","0","0","0","","","1","N","2","","40 38:54.718","","0","79 56:14.285","8","0","0","0","2217","0","0","0","N","0","0","0","2","02505","0","","1.0","","9","N","N","N","0","","0","0","1","","0","","","2","1","0","0","0","1","0","2","0","2","","07","","N","","","","","","","","","",""
"2022040606","1515","0","0","0","0","0","0","0","0","0","7","0","","02","5","2022","1","40.36036","-79.845381","1512","11","0","0","0","1","0","0","0","0","","0","0","0","","","0","","3","","40 21:37.295","5","8","79 50:43.370","0","0","0","0","2303","0","0","0","N","0","0","0","2","02303","0","","1.0","1550.0","9","N","N","N","0","","0","0","1","","0","Y","","1","0","0","0","0","0","0","2","0","1","","","","N","","","","","","","","","",""
"2022082642","2215","2","0","0","0","0","0","0","0","0","4","0","","02","9","2022","7","40.494009","-79.860721","2215","11","0","0","0","0","0","0","1","0","","0","0","0","","","0","N","2","","40 29:38.431","","0","79 51:38.596","0","0","0","0","2408","0","0","0","N","0","0","0","2","02408","0","","1.0","","1","N","N","N","0","","0","0","0","","0","","","2","0","0","0","0","0","0","2","0","2","","03","","N","","","","","","","","","",""
"2022094949","1315","0","0","0","0","0","0","0","0","0","1","1","","02","10","2022","1","40.490511","-79.877739","1245","11","0","0","0","0","0","1","0","0","","0","1","0","","","0","","6","","40 29:25.841","2","2","79 52:39.861","0","0","0","0","2112","0","0","0","N","0","0","0","3","68D02","0","","7.0","1404.0","1","N","N","N","1","","0","0","0","","0","N","","2","0","0","0","0","0","0","2","0","2","","03","","N","","","","","","","","","",""
"2022081238","0536","2","0","0","0","0","0","0","0","0","7","0","","02","9","2022","1","40.323694","-79.784859","0532","11","0","0","0","0","0","0","0","0","","0","1","0","","","1","N","0","","40 19:25.298","6","0","79 47:05.491","8","0","0","0","2477","0","0","0","N","0","0","0","1","02477","0","","2.0","740.0","1","N","N","N","0","","0","0","1","","0","Y","","4","1","0","0","0","1","0","2","0","4","","03","","N","","","","","","","","","",""
"2022096159","2002","1","0","0","0","0","0","0","0","0","6","0","","02","10","2022","7","40.333605","-79.842388","2000","11","0","0","0","0","0","0","1","0","","0","0","0","","","0","N","0","","40 20:00.978","6","0","79 50:32.595","0","0","0","0","2304","0","0","0","N","0","0","0","1","02304","0","","4.0","2055.0","1","N","N","Y","1","","0","0","0","","0","N","","2","0","0","0","0","0","0","2","0","2","","03","","N","","","","","","","","","",""
"2022078288","0708","2","0","0","0","0","0","0","0","0","4","0","","02","8","2022","7","40.424146","-80.043428","0704","11","0","0","0","0","0","0","1","0","","0","0","0","","","1","","2","","40 25:26.926","2","0","80 02:36.342","4","0","0","0","2435","0","0","0","N","0","0","0","2","02435","1","","1.0","743.0","1","N","N","N","0","","0","0","0","","2","N","","2","1","0","0","0","0","0","2","0","2","","","","N","","","","","","","","","",""
"2022058900","1953","1","0","0","0","0","0","0","0","0","8","0","","02","6","2022","3","40.341","-80.122667","1953","11","0","0","0","0","0","1","0","0","","0","0","0","","","1","N","0","","40 20:27.600","1","0","80 07:21.600","8","0","0","0","2119","1","0","0","N","1","0","0","2","02119","0","","1.0","2030.0","1","N","N","N","0","","0","0","0","","0","Y","","2","1","0","0","0","1","0","2","0","1","","03","","N","","","","","","","","","",""
"2022057358","2200","1","0","0","0","0","0","0","0","0","3","0","","02","6","2022","2","40.472028","-79.835389","2130","11","0","0","1","0","0","0","0","0","","0","0","0","","","1","N","0","","40 28:19.300","","7","79 50:07.400","4","0","0","0","2113","0","0","0","N","0","0","0","4","02113","1","","1.0","","1","N","N","N","0","","0","0","1","","0","","","2","1","0","0","0","0","0","2","0","2","","03","","N","","","","","","","","","",""
"2022096929","1607","0","0","0","0","0","0","0","0","0","7","0","","02","10","2022","4","40.44381","-80.227662","1559","11","0","0","0","1","0","0","0","0","","0","0","0","","","0","N","2","","40 26:37.716","","0","80 13:39.583","0","0","0","0","2214","0","0","0","N","0","0","0","1","02214","0","","4.0","","9","N","N","N","0","","0","0","1","","0","","","1","0","0","0","0","0","0","2","0","1","","07","","N","","","","","","","","","",""
"2022057876","1655","1","0","0","0","0","0","0","0","0","7","0","","02","6","2022","2","40.575611","-80.054667","1649","11","0","0","0","0","1","0","0","0","","0","0","0","","","0","N","0","","40 34:32.200","","7","80 03:16.800","0","0","0","0","2108","0","0","0","N","0","0","0","1","02108","0","","2.0","","9","N","N","N","0","","0","0","0","","0","","","1","0","0","0","0","0","0","2","0","1","","","","N","","","","","","","","","",""
"2022083351","1111","1","0","0","0","0","0","0","0","0","1","1","45","02","9","2022","5","40.495083","-79.907585","1059","11","0","0","0","0","0","0","0","0","","0","1","0","","","0","","6","","40 29:42.298","1","2","79 54:27.305","0","0","0","0","2401","0","0","0","N","0","0","0","3","68D02","0","","1.0","1222.0","1","N","N","N","0","","0","0","0","","0","N","","2","0","0","0","0","0","0","2","0","2","","03","N","Y","4","1","","","N","","","","Y","N"
"2022052115","0127","0","0","0","0","0","0","0","0","0","7","0","","02","6","2022","1","40.471722","-80.010917","0121","11","0","0","0","0","0","0","0","0","","0","0","0","","","0","N","0","","40 28:18.200","","0","80 00:39.300","0","0","0","0","2301","0","0","0","N","0","0","0","1","02301","0","","5.0","","1","N","N","N","0","","0","0","1","","0","","","1","0","1","0","0","0","0","2","0","1","","03","","N","","","","","","","","","",""
"2022079953","1918","0","0","0","0","0","0","0","0","0","0","0","","02","6","2022","3","40.286056","-79.827361","1915","11","0","0","0","0","0","0","0","0","","0","0","0","","","1","N","0","","40 17:09.800","6","0","79 49:38.500","2","0","1","1","2105","0","0","0","N","0","0","0","1","02105","0","","5.0","2231.0","1","N","N","N","0","","0","1","0","","0","Y","","1","1","0","0","0","0","0","2","0","1","","03","","N","","","","","","","","","",""
"2022057749","0844","0","0","0","0","0","0","0","0","0","4","0","","02","6","2022","4","40.406778","-79.82875","0842","11","0","0","0","0","0","0","0","0","","0","0","0","","","1","","2","","40 24:24.400","3","0","79 49:43.500","3","0","0","0","2467","0","0","0","N","0","0","0","3","02467","0","","1.0","912.0","1","N","N","N","0","","1","0","1","","0","N","","2","1","0","0","0","0","0","2","1","2","","03","","N","","","","","","","","","",""
"2022071082","1905","1","0","0","0","0","0","0","0","0","4","0","","02","8","2022","4","40.409424","-80.081716","1901","11","0","0","0","0","0","0","0","0","","0","0","0","","","0","","1","","40 24:33.927","5","0","80 04:54.178","0","0","0","0","2415","0","0","0","N","0","0","0","2","02415","0","","1.0","1950.0","1","N","N","N","0","","0","0","1","","2","Y","","2","0","0","0","0","0","0","2","0","2","","03","","N","","","","","","","","","",""
"2022097383","1654","0","0","0","0","0","0","0","0","0","4","1","","02","10","2022","4","40.622575","-80.096215","1629","11","0","0","0","0","0","1","1","0","","0","1","0","","","2","N","0","","40 37:21.269","2","0","80 05:46.375","3","0","0","0","2212","0","0","0","Y","0","0","0","4","68B03","0","","1.0","1735.0","1","N","N","N","0","","2","0","2","","0","N","","3","2","0","0","0","0","0","2","0","3","","03","","N","","","","","","","","","",""
"2022052001","1215","0","0","0","0","0","0","0","0","0","1","0","","02","6","2022","6","40.385002","-79.862739","1204","11","0","0","0","0","0","0","0","0","","0","0","0","","","6","","1","","40 23:06.006","","0","79 51:45.860","3","0","0","0","2303","0","0","0","N","0","0","0","10","02303","0","","1.0","","1","N","N","Y","0","","6","0","4","","2","N","","4","6","0","0","0","0","0","2","0","4","","","","N","","","","","","","","","",""
"2022057793","1601","0","0","0","0","0","0","0","0","0","4","0","","02","6","2022","4","40.356005","-79.898147","1556","11","0","0","0","0","0","1","0","0","","0","0","0","","","0","","3","","40 21:21.617","1","0","79 53:53.328","0","0","0","0","2423","0","0","0","N","0","0","0","2","02304","0","","1.0","1601.0","1","N","N","N","0","","0","0","2","","0","N","","2","0","0","0","0","0","0","2","0","2","","03","","N","","","","","","","","","",""
"2022084446","0052","1","0","0","0","0","0","0","0","0","7","0","","02","8","2022","1","40.428682","-79.888863","0037","11","0","0","0","0","0","1","0","0","","0","0","0","","","0","N","0","","40 25:43.254","3","0","79 53:19.905","0","0","0","0","2426","0","0","0","N","0","0","0","1","68B03","0","","4.0","59.0","9","N","N","N","0","","0","0","0","","0","N","","1","0","0","0","0","0","0","2","0","1","","","","N","","","","","","","","","",""
"2022058218","1544","1","0","0","0","0","0","0","0","0","4","0","","02","6","2022","5","40.433028","-80.029222","1541","11","0","0","0","0","0","1","0","0","","0","0","0","","","1","","1","","40 25:58.900","7","0","80 01:45.200","3","0","0","0","2301","0","0","0","N","0","0","0","2","02301","0","","1.0","1604.0","1","N","N","N","0","","1","0","1","","0","Y","","2","1","0","0","0","0","0","2","0","2","","03","","N","","","","","","","","","",""
"2022051963","0854","1","0","0","0","0","0","0","0","0","2","0","","02","6","2022","7","40.477665","-79.785487","0844","11","0","0","0","0","0","0","1","0","","0","0","0","","","1","","1","","40 28:39.595","6","0","79 47:07.754","3","0","0","0","2113","0","0","0","N","0","0","0","2","02113","0","","1.0","915.0","1","N","N","N","0","","1","0","1","","2","N","","2","1","0","0","0","0","1","2","0","2","","03","","N","","","","","","","","","",""
"2022078320","1305","0","0","0","0","0","0","0","0","0","0","0","","02","8","2022","7","40.378343","-79.804117","1301","11","0","0","0","1","0","0","0","0","","0","0","0","","","1","N","2","","40 22:42.036","","0","79 48:14.820","8","0","0","1","2111","0","0","0","N","0","0","0","1","02111","0","","1.0","","1","N","N","N","0","","0","0","0","","0","","","1","1","0","0","0","1","0","2","0","1","","03","","N","","","","","","","","","",""
"2022082721","1719","1","0","0","0","0","0","0","0","0","4","0","","02","9","2022","5","40.559836","-80.014459","1715","11","0","0","0","0","1","0","0","0","","0","0","0","","","0","","2","","40 33:35.409","","0","80 00:52.054","0","0","0","0","2108","0","0","0","N","0","0","0","2","02108","0","","1.0","","1","N","N","N","0","","0","0","1","","3","","","2","0","0","0","0","0","0","2","0","2","","","","N","","","","","","","","","",""
"2022095520","2250","0","0","0","0","0","0","1","0","0","1","1","","02","10","2022","4","40.450528","-80.002861","2248","11","0","0","0","0","0","1","0","0","","0","0","0","","","1","","1","","40 27:01.900","4","0","80 00:10.300","3","0","0","0","2301","0","0","0","N","0","0","0","2","02503","0","","1.0","2350.0","1","N","N","N","0","","1","0","1","","2","Y","","2","1","0","0","0","0","0","2","0","2","","03","","N","","","","","","","","","",""
"2022035849","1643","0","0","0","0","0","0","0","0","0","4","0","","02","4","2022","6","40.421028","-80.002472","1633","11","0","0","0","0","0","0","1","0","","0","0","0","","","0","","1","","40 25:15.700","","0","80 00:08.900","0","0","0","0","2301","0","0","0","N","0","0","0","2","02301","0","","1.0","","1","N","N","N","0","","0","0","0","","0","","","2","0","0","0","0","0","0","2","2","2","","03","","N","","","","","","","","","",""
"2022058017","2015","1","0","0","0","0","0","0","0","0","1","0","","02","6","2022","4","40.528529","-80.007504","2011","11","0","1","0","0","0","0","0","0","","0","0","0","","","1","N","0","","40 31:42.704","2","0","80 00:27.015","3","0","0","0","2116","0","0","0","N","0","0","0","2","02116","0","","1.0","2055.0","1","N","N","N","0","","1","0","1","","0","N","","2","1","0","0","0","0","0","2","0","2","","","","N","","","","","","","","","",""
"2022058429","1419","0","0","0","0","0","0","0","0","0","4","0","","02","6","2022","1","40.567972","-80.0495","1412","11","0","0","0","0","0","2","0","0","","0","0","0","","","1","N","1","","40 34:04.700","","0","80 02:58.200","8","0","0","0","2108","0","0","0","N","0","0","0","3","02108","0","","1.0","","1","N","N","N","0","","0","0","2","","3","","","2","1","0","0","0","1","0","2","0","2","","03","","N","","","","","","","","","",""
"2022083393","0854","1","0","1","0","0","0","0","0","0","2","0","","02","9","2022","7","40.537388","-80.186044","0854","11","0","0","0","0","0","1","0","1","","0","0","0","","","2","N","1","","40 32:14.596","7","0","80 11:09.757","2","0","0","0","2458","0","0","0","N","0","0","0","2","02458","0","","1.0","930.0","1","N","N","N","0","","1","1","1","","2","N","","2","2","0","0","0","0","0","2","0","2","","03","","N","","","","","","","","","",""
"2022057332","2101","1","0","0","0","0","0","0","0","0","1","0","","02","6","2022","1","40.481306","-80.025583","2057","11","0","0","0","0","0","0","0","0","","0","0","0","","","2","N","0","","40 28:52.700","1","0","80 01:32.100","3","0","0","0","2301","0","0","0","N","0","0","0","2","02301","0","","1.0","2130.0","1","N","N","Y","0","","2","0","2","","0","Y","","3","2","0","0","0","0","0","2","0","3","","03","","N","","","","","","","","","",""
"2022089536","0051","1","0","0","0","0","0","0","0","0","7","0","","02","9","2022","5","40.514479","-79.952175","0045","11","0","0","0","0","0","0","0","0","","0","0","0","","","1","","2","","40 30:52.126","1","0","79 57:07.831","3","0","0","0","2118","0","0","0","Y","0","0","0","1","02118","0","","2.0","119.0","1","N","N","N","0","","1","0","0","","8","N","","1","1","0","0","0","0","0","2","0","1","","04","","N","","","","","","","","","",""
"2022091887","1911","0","0","0","0","0","0","0","0","0","8","0","","02","9","2022","6","40.376722","-80.040661","1908","11","0","0","0","0","0","0","1","0","","0","0","0","","","1","N","0","","40 22:36.200","6","0","80 02:26.380","3","0","0","0","2109","1","0","0","N","1","0","0","2","02109","0","","1.0","1937.0","1","N","N","N","0","","1","0","1","","0","N","","2","1","0","0","0","0","0","2","0","1","","","","N","","","","","","","","","",""
"2022096380","1651","1","0","0","0","0","0","0","0","0","4","0","","02","10","2022","7","40.359871","-79.872004","1645","11","0","0","0","0","0","0","1","0","","0","0","0","","","0","","2","","40 21:35.536","5","0","79 52:19.214","0","0","0","0","2473","0","0","0","N","0","0","0","3","02473","0","","1.0","1720.0","1","N","N","N","0","","0","0","1","","0","N","","2","0","0","0","0","0","0","2","0","2","","03","","N","","","","","","","","","",""
"2022057565","2025","1","0","0","0","0","0","0","0","0","5","0","","02","6","2022","3","40.601727","-80.116956","2023","11","0","0","0","0","0","1","0","0","","0","0","0","","","1","N","0","","40 36:06.216","","0","80 07:01.043","8","0","0","1","2481","0","0","0","N","0","0","0","2","02481","0","","1.0","","1","N","N","N","0","","0","0","0","","0","","","2","1","0","0","0","1","0","2","0","2","","03","","N","","","","","","","","","",""
"2022087530","2011","0","0","0","0","0","0","0","0","0","7","0","","02","9","2022","1","40.328281","-79.796428","2010","11","0","0","0","0","0","0","0","0","","0","0","0","","","0","N","2","","40 19:41.812","5","0","79 47:47.139","0","0","0","0","2477","0","0","0","N","0","0","0","2","02477","0","","1.0","2030.0","9","N","N","N","0","","0","0","1","","0","N","","1","0","0","0","0","0","0","2","0","1","","","","N","","","","","","","","","",""
"2022084666","1445","0","0","0","0","0","0","0","0","0","7","0","","02","9","2022","2","40.430166","-80.136343","1440","11","0","0","0","0","0","0","0","0","","0","0","0","","","1","N","0","","40 25:48.597","","0","80 08:10.833","4","0","0","0","2115","0","0","0","N","0","0","0","1","02115","1","","2.0","","1","N","N","N","1","","0","0","0","","0","N","","1","1","0","0","0","0","0","2","0","1","","","","N","","","","","","","","","",""
"2022058179","1312","1","0","0","0","0","0","0","0","0","8","0","","02","6","2022","5","40.441111","-79.996778","1306","11","0","0","0","0","0","1","0","0","","0","0","0","","","1","","1","","40 26:28.000","","0","79 59:48.400","3","0","0","0","2301","1","0","0","N","1","0","0","2","02301","0","","1.0","","1","N","N","N","0","","1","0","0","","2","","","2","1","0","0","0","0","0","2","0","1","","03","","N","","","","","","","","","",""
"2022084634","2020","1","0","0","0","0","0","0","0","0","7","0","","02","8","2022","2","40.427014","-79.891536","2012","11","0","0","0","1","0","0","0","0","","0","0","0","","","1","N","0","","40 25:37.249","3","0","79 53:29.530","3","0","0","0","2301","0","0","0","N","0","0","0","1","68B03","0","","2.0","100.0","9","N","N","N","0","","1","0","0","","0","Y","","1","1","1","0","0","0","0","2","0","1","","04","","N","","","","","","","","","",""
"2022076795","1714","0","1","0","0","0","0","0","0","0","2","0","","02","8","2022","2","40.505436","-79.7934","1712","11","1","0","0","0","0","0","0","1","","1","0","0","","","3","N","0","","40 30:19.571","5","0","79 47:36.241","1","0","0","0","2113","0","0","0","N","0","0","0","4","02113","0","2","1.0","1847.0","1","N","N","N","1","0","0","3","1","","0","Y","","2","3","3","0","3","0","0","2","0","2","","03","","N","","","","","","","","","",""
"2022058198","1457","2","0","0","0","0","0","0","0","0","5","0","","02","6","2022","5","40.494111","-80.064055","1455","11","0","0","0","0","0","1","0","0","","0","0","0","","","0","N","0","","40 29:38.799","3","0","80 03:50.599","0","0","0","0","2402","0","0","0","N","0","0","0","3","02402","0","","1.0","1517.0","1","N","N","N","0","","0","0","0","","0","N","","2","0","1","0","0","0","0","2","0","2","","03","","N","","","","","","","","","",""
"2022084574","2110","0","0","0","0","0","0","0","0","0","4","0","","02","9","2022","4","40.47007","-79.957833","2101","11","0","0","0","0","0","0","0","0","","0","0","0","","","0","","1","","40 28:12.253","3","0","79 57:28.197","0","0","0","0","2301","0","0","0","N","0","0","0","2","02301","0","","1.0","2130.0","1","N","N","N","0","","0","0","2","","3","N","","2","0","0","0","0","0","0","2","0","2","","03","","N","","","","","","","","","",""
"2022058645","1154","0","0","0","0","0","0","0","0","0","1","0","","02","6","2022","1","40.502651","-80.027348","1149","11","0","0","0","0","0","1","0","0","","0","0","0","","","1","","2","","40 30:09.544","","8","80 01:38.453","8","0","0","0","2116","0","0","0","N","0","0","0","4","68B03","0","","1.0","","1","N","N","N","1","","0","0","1","","3","","","2","1","0","0","0","1","0","2","0","2","","03","","N","","","","","","","","","",""
"2022058060","0440","2","0","0","0","0","0","0","0","0","4","0","","02","6","2022","5","40.353694","-79.903472","0435","11","0","0","0","0","0","0","0","0","","0","0","0","","","0","N","0","","40 21:13.300","1","0","79 54:12.500","9","0","0","0","2473","0","0","0","N","0","0","0","1","02473","0","","2.0","510.0","1","N","N","N","0","","0","0","1","","0","Y","","3","0","0","0","0","0","1","2","0","3","","03","","N","","","","","","","","","",""
"2022094953","0910","0","0","0","0","0","0","0","0","0","1","1","45","02","10","2022","3","40.501763","-79.862107","0901","11","0","0","0","0","0","0","0","0","","0","0","0","","","0","N","0","","40 30:06.347","2","0","79 51:43.585","0","0","0","0","2112","0","0","0","N","0","0","0","5","68D02","0","","1.0","945.0","1","N","N","Y","3","","0","0","1","","0","N","","4","0","1","0","0","0","0","2","0","4","","03","N","Y","2","1","","","N","","Y","","","N"
"2022077332","1530","0","0","0","0","0","0","0","0","0","1","0","","02","8","2022","3","40.326006","-79.793457","1528","11","0","0","0","0","0","0","1","0","","0","0","0","","","1","N","2","","40 19:33.622","4","0","79 47:36.446","3","0","0","0","2477","0","0","0","N","0","0","0","5","02477","0","","1.0","1555.0","1","N","N","N","1","","1","0","1","","0","N","","2","1","0","0","0","0","0","2","0","2","","03","","N","","","","","","","","","",""
"2022091606","1647","2","0","0","0","0","0","0","0","0","1","0","","02","9","2022","4","40.426033","-79.896261","1647","11","0","0","0","0","0","0","0","0","","0","0","0","","","0","N","0","","40 25:33.718","3","0","79 53:46.541","0","0","0","0","2463","0","0","0","N","0","0","0","3","68B03","0","","1.0","1700.0","1","N","N","N","0","","0","0","1","","0","N","","3","0","0","0","0","0","0","2","0","3","","","","N","","","","","","","","","",""
"2022095774","1825","1","0","0","0","0","0","0","0","0","4","0","","02","10","2022","4","40.533203","-80.035877","1822","11","0","0","0","0","0","1","0","0","","0","0","0","","","0","","2","","40 31:59.529","","0","80 02:09.158","0","0","0","0","2116","0","0","0","N","0","0","0","2","02116","0","","1.0","","1","N","N","N","0","","0","0","1","","2","","","2","0","0","0","0","0","0","2","0","2","","98","","N","","","","","","","","","",""
"2022096598","0547","3","0","0","0","0","0","0","0","0","1","0","","02","10","2022","6","40.480578","-79.965128","0547","11","0","0","0","0","0","0","0","0","","0","0","0","","","0","N","0","","40 28:50.082","2","0","79 57:54.462","0","0","0","0","2118","0","0","0","N","0","0","0","4","02118","0","","1.0","709.0","9","N","N","Y","1","","0","0","0","","8","N","","4","0","0","0","0","0","0","2","0","4","","","","N","","","","","","","","","",""
"2022095052","1028","1","0","0","0","0","0","0","0","0","7","0","","02","10","2022","6","40.34294","-79.84111","1020","11","0","0","0","0","0","0","0","1","","0","0","0","","","0","N","0","","40 20:34.584","","7","79 50:27.996","0","0","0","0","2304","0","0","0","N","0","0","0","1","02304","0","","4.0","","3","N","N","N","0","","0","0","0","","0","","","1","0","1","0","0","0","0","2","0","1","","03","","N","","","","","","","","","",""
"2022081855","1420","2","0","0","0","0","0","0","0","0","5","0","","02","3","2022","5","40.53654","-80.184319","1417","11","0","0","0","0","0","0","1","0","","0","0","0","","","0","","1","","40 32:11.544","2","0","80 11:03.548","0","0","0","0","2458","0","0","0","N","0","0","0","3","02458","0","","1.0","1454.0","1","N","N","N","0","","0","0","0","","0","N","","2","0","0","0","0","0","0","2","0","2","","03","","N","","","","","","","","","",""
"2022055847","2027","1","0","0","0","0","0","0","0","0","4","0","","02","6","2022","4","40.609981","-80.053296","2027","11","0","0","0","0","0","1","0","0","","0","0","0","","","2","","1","","40 36:35.930","1","0","80 03:11.864","8","0","0","0","2108","0","0","0","N","0","0","0","4","02108","0","","1.0","2120.0","1","N","N","N","0","","0","0","1","","2","N","","2","2","0","0","0","2","0","2","0","2","","03","","N","","","","","","","","","",""
"2022096652","0435","0","0","0","0","0","0","0","0","0","98","0","","02","10","2022","7","40.577019","-80.094657","0419","11","0","0","0","0","0","0","0","0","","0","0","0","","","0","N","0","","40 34:37.267","","0","80 05:40.766","0","0","0","0","2481","0","0","0","N","0","0","0","1","68B03","0","","1.0","","1","N","N","N","1","","0","0","0","","0","","","1","0","0","0","0","0","0","2","0","1","","","","N","","","","","","","","","",""
"2022073745","0823","1","0","0","0","0","0","0","0","0","8","0","","02","8","2022","2","40.398944","-79.965389","0819","11","0","0","0","0","0","0","0","0","","0","0","0","","","1","N","0","","40 23:56.200","","0","79 57:55.400","8","0","0","0","2403","1","0","0","N","1","0","0","2","02403","0","","1.0","","1","N","N","N","0","","0","0","0","","0","","","2","1","0","0","0","1","0","2","0","1","","","","N","","","","","","","","","",""
"2022057243","1218","1","0","0","0","0","0","0","0","0","4","0","","02","6","2022","2","40.44975","-80.176139","1216","11","0","0","0","0","0","0","0","0","","0","0","0","","","0","N","0","","40 26:59.100","","7","80 10:34.100","0","0","0","0","2214","0","0","0","N","0","0","0","2","02214","0","","1.0","","1","N","N","N","0","","0","0","1","","2","","","2","0","0","0","0","0","0","2","0","2","","","","N","","","","","","","","","",""
"2022089507","1624","1","0","0","0","0","0","0","0","0","4","0","","02","9","2022","4","40.33798","-79.894971","1622","11","0","0","0","0","0","0","0","0","","0","0","0","","","0","","2","","40 20:16.728","7","1","79 53:41.897","9","0","0","0","2473","0","0","0","N","0","0","0","4","02473","0","","1.0","1430.0","1","N","N","N","1","","0","0","0","","2","N","","2","0","0","0","0","0","1","2","0","2","","03","","N","","","","","","","","","",""
"2022083491","0956","2","0","0","0","0","0","0","0","0","1","0","","02","9","2022","2","40.445673","-79.828044","0951","11","0","0","0","0","0","0","0","0","","0","0","0","","","1","N","0","","40 26:44.423","2","0","79 49:40.958","3","0","0","0","2113","0","0","0","N","0","0","0","3","02113","0","","1.0","1015.0","1","N","N","N","0","","1","0","0","","0","N","","2","1","0","0","0","0","0","2","0","2","","","","N","","","","","","","","","",""
"2022074975","0035","3","0","0","0","0","0","0","0","0","5","0","","02","8","2022","6","40.567069","-80.210445","0032","11","0","0","0","0","0","0","0","0","","0","0","0","","","0","N","0","","40 34:01.450","2","0","80 12:37.601","0","0","0","0","2441","0","0","0","N","0","0","0","1","02441","0","","1.0","234.0","1","N","N","N","0","","0","0","0","","0","N","","3","0","0","0","0","0","0","2","0","3","","03","","N","","","","","","","","","",""