"CRN","ARRIVAL_TM","AUTOMOBILE_COUNT","BELTED_DEATH_COUNT","BELTED_SUSP_SERIOUS_INJ_COUNT","BICYCLE_COUNT","BICYCLE_DEATH_COUNT","BICYCLE_SUSP_SERIOUS_INJ_COUNT","BUS_COUNT","CHLDPAS_DEATH_COUNT","CHLDPAS_SUSP_SERIOUS_INJ_COUNT","COLLISION_TYPE","COMM_VEH_COUNT","CONS_ZONE_SPD_LIM","COUNTY","CRASH_MONTH","CRASH_YEAR","DAY_OF_WEEK","DEC_LATITUDE","DEC_LONGITUDE","DISPATCH_TM","DISTRICT","DRIVER_COUNT_16YR","DRIVER_COUNT_17YR","DRIVER_COUNT_18YR","DRIVER_COUNT_19YR","DRIVER_COUNT_20YR","DRIVER_COUNT_50_64YR","DRIVER_COUNT_65_74YR","DRIVER_COUNT_75PLUS","EST_HRS_CLOSED","FATAL_COUNT","HEAVY_TRUCK_COUNT","HORSE_BUGGY_COUNT","HOUR_OF_DAY","ILLUMINATION","INJURY_COUNT","INTERSECTION_RELATED","INTERSECT_TYPE","LANE_CLOSED","LATITUDE","LN_CLOSE_DIR","LOCATION_TYPE","LONGITUDE","MAX_SEVERITY_LEVEL","MCYCLE_DEATH_COUNT","MCYCLE_SUSP_SERIOUS_INJ_COUNT","MOTORCYCLE_COUNT","MUNICIPALITY","NONMOTR_COUNT","NONMOTR_DEATH_COUNT","NONMOTR_SUSP_SERIOUS_INJ_COUNT","NTFY_HIWY_MAINT","PED_COUNT","PED_DEATH_COUNT","PED_SUSP_SERIOUS_INJ_COUNT","PERSON_COUNT","POLICE_AGCY","POSSIBLE_INJ_COUNT","RDWY_SURF_TYPE_CD","RELATION_TO_ROAD","ROADWAY_CLEARED","ROAD_CONDITION","SCH_BUS_IND","SCH_ZONE_IND","SECONDARY_CRASH","SMALL_TRUCK_COUNT","SPEC_JURIS_CD","SUSP_MINOR_INJ_COUNT","SUSP_SERIOUS_INJ_COUNT","SUV_COUNT","TCD_FUNC_CD","TCD_TYPE","TFC_DETOUR_IND","TIME_OF_DAY","TOTAL_UNITS","TOT_INJ_COUNT","UNBELTED_OCC_COUNT","UNB_DEATH_COUNT","UNB_SUSP_SERIOUS_INJ_COUNT","UNK_INJ_DEG_COUNT","UNK_INJ_PER_COUNT","URBAN_RURAL","VAN_COUNT","VEHICLE_COUNT","WEATHER1","WEATHER2","WORKERS_PRES","WORK_ZONE_IND","WORK_ZONE_LOC","WORK_ZONE_TYPE","WZ_CLOSE_DETOUR","WZ_FLAGGER","WZ_LAW_OFFCR_IND","WZ_LN_CLOSURE","WZ_MOVING","WZ_OTHER","WZ_SHLDER_MDN","WZ_WORKERS_INJ_KILLED"
"2022077325","0741","1","0","0","0","0","0","0","0","0","7","0","","02","6","2022","1","40.445959","-79.852794","0736","11","0","0","0","0","0","0","0","0","","0","0","0","","","1","N","0","","40 26:45.453","","0","79 51:10.060","8","0","0","0","2419","0","0","0","N","0","0","0","1","02419","0","","5.0","","1","N","N","N","0","","0","0","0","","0","","","1","1","0","0","0","1","0","2","0","1","","03","","N","","","","","","","","","",""
"2022084478","1644","0","0","0","0","0","0","0","0","0","1","0","","02","9","2022","6","40.437174","-80.149538","1636","11","0","0","0","0","0","0","0","0","","0","0","0","","","1","N","0","","40 26:13.827","","0","80 08:58.335","4","0","0","0","2115","0","0","0","N","0","0","0","3","68B03","1","","1.0","","1","N","N","N","0","","0","0","2","","0","","","2","1","0","0","0","0","0","2","0","2","","","","N","","","","","","","","","",""
"2022051847","1342","2","0","0","0","0","0","0","0","0","1","0","","02","6","2022","6","40.35434","-79.842334","1342","11","0","0","0","0","0","0","0","0","","0","0","0","","","0","Y","0","","40 21:15.625","1","0","79 50:32.401","0","0","0","0","2304","0","0","0","N","0","0","0","2","02304","0","","1.0","1404.0","1","N","N","N","0","","0","0","0","","0","N","","2","0","0","0","0","0","0","2","0","2","","03","","N","","","","","","","","","",""
"2022052258","1204","0","0","0","0","0","0","0","0","0","1","0","","02","6","2022","6","40.356211","-80.052296","1159","11","0","0","0","0","0","1","0","0","","0","0","0","","","1","N","0","","40 21:22.361","6","0","80 03:08.266","8","0","0","0","2109","0","0","0","N","0","0","0","3","02109","0","","1.0","1243.0","1","N","N","N","0","","0","0","3","","0","N","","3","1","0","0","0","1","0","2","0","3","","03","","N","","","","","","","","","",""
"2022051773","1737","1","0","0","0","0","0","0","0","0","1","0","","02","6","2022","6","40.451951","-79.923991","1731","11","0","0","0","0","0","0","0","0","","0","0","0","","","2","","2","","40 27:07.023","","0","79 55:26.367","3","0","0","0","2301","0","0","0","N","0","0","0","5","02301","0","","1.0","","1","N","N","N","1","","2","0","0","","2","","","2","2","0","0","0","0","0","2","0","2","","03","","N","","","","","","","","","",""
"2022056165","1256","1","0","0","0","0","0","0","0","0","1","0","","02","6","2022","6","40.489493","-79.911865","1227","11","0","0","0","0","0","1","0","0","","0","0","0","","","0","N","0","","40 29:22.175","2","3","79 54:42.714","0","0","0","0","2301","0","0","0","N","0","0","0","5","68D02","0","","4.0","1305.0","1","N","N","N","1","","0","0","1","","0","N","","3","0","0","0","0","0","0","2","0","3","","03","","N","","","","","","","","","",""
"2022084195","1644","0","0","0","0","0","0","0","0","0","1","0","","02","8","2022","2","40.451152","-80.174369","1630","11","0","0","0","0","0","0","0","0","","0","0","0","","","2","N","0","","40 27:04.147","3","2","80 10:27.727","3","0","0","0","2214","0","0","0","N","0","0","0","4","68B03","0","","1.0","1645.0","1","N","N","N","0","","2","0","2","","4","N","","2","2","0","0","0","0","0","2","0","2","","03","","N","","","","","","","","","",""
"2022083876","0303","0","0","0","0","0","0","0","0","0","7","0","","02","8","2022","2","40.398529","-80.105164","0249","11","0","0","0","0","0","0","0","0","","0","0","0","","","0","","6","","40 23:54.706","2","2","80 06:18.592","0","0","0","0","2102","0","0","0","N","0","0","0","1","68B03","0","","2.0","434.0","1","N","N","N","0","","0","0","1","","0","Y","","1","0","0","0","0","0","0","2","0","1","","","","N","","","","","","","","","",""
"2022052021","1810","0","0","0","0","0","0","0","0","0","4","0","","02","6","2022","6","40.352882","-80.14045","1805","11","0","0","0","0","0","0","1","0","","0","0","0","","","0","","2","","40 21:10.374","4","0","80 08:25.619","9","0","0","0","2119","0","0","0","N","0","0","0","4","02119","0","","1.0","1900.0","1","N","N","Y","0","","0","0","3","","0","N","","3","0","0","0","0","0","2","2","0","3","","03","","N","","","","","","","","","",""
"2022082795","1416","1","0","0","0","0","0","0","0","0","4","0","","02","9","2022","5","40.572128","-80.023673","1413","11","0","0","0","0","0","1","0","1","","0","0","0","","","0","","1","","40 34:19.660","","2","80 01:25.221","0","0","0","0","2108","0","0","0","N","0","0","0","2","02108","0","","1.0","","1","N","N","N","0","","0","0","0","","2","N","","2","0","0","0","0","0","0","2","1","2","","","","N","","","","","","","","","",""
"2022083211","1102","2","0","0","0","0","0","0","0","0","1","0","","02","9","2022","3","40.299652","-79.921511","1100","11","0","0","0","0","0","2","0","0","","0","0","0","","","0","N","0","","40 17:58.746","1","0","79 55:17.440","0","0","0","0","2440","0","0","0","N","0","0","0","2","02440","0","","1.0","1130.0","1","N","N","N","0","","0","0","0","","0","N","","2","0","0","0","0","0","0","2","0","2","","03","","N","","","","","","","","","",""
"2022070612","1426","0","0","0","0","0","0","0","0","0","6","0","","02","8","2022","3","40.429417","-80.004972","1421","11","0","0","0","0","0","1","0","0","","0","1","0","","","0","N","0","","40 25:45.900","","0","80 00:17.900","0","0","0","0","2301","0","0","0","N","0","0","0","3","02301","0","","1.0","","1","N","N","N","0","","0","0","1","","0","","","2","0","0","0","0","0","0","2","0","2","","","","N","","","","","","","","","",""
"2022057750","1110","1","0","0","0","0","0","0","0","0","1","0","","02","6","2022","4","40.435828","-79.981252","1105","11","0","0","0","0","0","0","0","0","","0","0","0","","","0","N","0","","40 26:08.981","","0","79 58:52.508","0","0","0","0","2301","0","0","0","N","0","0","0","2","02301","0","","1.0","","1","N","N","N","0","","0","0","1","","0","N","","2","0","0","0","0","0","0","2","0","2","","","","N","","","","","","","","","",""
"2022074179","1115","3","0","0","0","0","0","0","0","0","2","0","","02","8","2022","1","40.419024","-79.926879","1107","11","0","0","0","0","0","0","0","0","","0","0","0","","","2","N","0","","40 25:08.486","5","7","79 55:36.764","3","0","0","0","2301","0","0","0","N","0","0","0","3","02301","0","","1.0","1218.0","1","N","N","Y","0","","2","0","0","","0","N","","3","2","0","0","0","0","0","2","0","3","","98","","N","","","","","","","","","",""
"2022090250","1044","2","0","0","0","0","0","0","0","0","4","0","","02","9","2022","6","40.453609","-79.915354","1042","11","0","0","0","0","0","0","1","0","","0","0","0","","","0","","2","","40 27:12.994","3","0","79 54:55.273","0","0","0","0","2301","0","0","0","N","0","0","0","2","02301","0","","1.0","1100.0","1","N","N","N","0","","0","0","0","","2","N","","2","0","0","0","0","0","0","2","0","2","","03","","N","","","","","","","","","",""
"2022061839","2231","1","0","0","0","0","0","0","0","0","7","0","","02","6","2022","2","40.429238","-79.942661","2228","11","0","0","0","0","0","0","0","0","","0","0","0","","","2","N","0","","40 25:45.256","3","0","79 56:33.579","3","0","0","0","2301","0","0","0","N","0","0","0","2","68B03","0","","3.0","2310.0","9","N","N","N","0","","1","0","1","","0","N","","2","2","0","0","0","1","0","2","0","2","","","","N","","","","","","","","","",""
"2022057725","0906","2","0","0","0","0","0","0","0","0","4","0","","02","6","2022","4","40.452278","-79.980806","0902","11","0","0","0","1","0","0","0","0","","0","0","0","","","0","","2","","40 27:08.200","4","0","79 58:50.900","0","0","0","0","2301","0","0","0","N","0","0","0","2","02301","0","","1.0","945.0","1","N","N","N","0","","0","0","0","","3","Y","","2","0","0","0","0","0","0","2","0","2","","03","","N","","","","","","","","","",""
"2022084460","1805","2","0","0","0","0","0","0","0","0","1","0","","02","8","2022","4","40.425441","-79.909378","1750","11","0","0","0","0","0","0","0","0","","0","0","0","","","1","N","0","","40 25:31.588","3","0","79 54:33.761","3","0","0","0","2301","0","0","0","N","0","0","0","2","68B03","0","","1.0","1820.0","1","N","N","N","0","","1","0","0","","0","N","","2","1","0","0","0","0","0","2","0","2","","03","","N","","","","","","","","","",""
"2022089843","1932","1","0","0","0","0","0","0","0","0","4","0","","02","9","2022","5","40.53002","-80.002323","1932","11","0","0","0","0","0","0","1","0","","0","0","0","","","0","","2","","40 31:48.073","","0","80 00:08.362","0","0","0","0","2116","0","0","0","N","0","0","0","2","02116","0","","1.0","","1","","","N","0","","0","0","1","","3","","","2","0","0","0","0","0","0","2","0","2","","","","N","","","","","","","","","",""
"2022085051","1157","2","0","0","0","0","0","0","0","0","4","0","","02","9","2022","5","40.470534","-79.887636","1145","11","0","0","0","0","0","0","0","0","","0","0","0","","","0","","2","","40 28:13.922","","0","79 53:15.489","9","0","0","0","2113","0","0","0","N","0","0","0","3","02113","0","","1.0","","1","N","N","N","0","","0","0","0","","3","","","2","0","0","0","0","0","1","2","0","2","","","","N","","","","","","","","","",""
"2022095359","1006","0","0","0","0","0","0","0","0","0","1","0","","02","10","2022","7","40.376184","-79.984162","1003","11","0","1","0","0","0","0","0","0","","0","0","0","","","0","N","0","","40 22:34.262","1","0","79 59:02.984","9","0","0","0","2413","0","0","0","N","0","0","0","3","02413","0","","1.0","1039.0","1","N","N","N","1","","0","0","1","","0","N","","2","0","0","0","0","0","1","2","0","2","","03","","N","","","","","","","","","",""
"2022083797","1200","0","0","0","0","0","0","0","0","0","4","0","","02","9","2022","6","40.395939","-79.838551","1137","11","0","0","0","0","0","1","0","0","","0","0","0","","","1","N","0","","40 23:45.382","4","0","79 50:18.785","8","0","0","0","2425","0","0","0","N","0","0","0","2","68B03","0","","1.0","1235.0","1","N","N","N","0","","0","0","2","","0","N","","2","1","0","0","0","1","0","2","0","2","","","","N","","","","","","","","","",""
"2022059075","1620","1","0","0","0","0","0","0","0","0","4","0","","02","6","2022","1","40.422972","-79.960889","1618","11","1","0","0","0","0","0","0","0","","0","0","0","","","1","N","0","","40 25:22.698","","7","79 57:39.199","4","0","0","1","2301","0","0","0","N","0","0","0","3","02301","1","","1.0","","1","N","N","Y","0","","0","0","1","","0","","","3","1","0","0","0","0","0","2","0","3","","03","","N","","","","","","","","","",""
"2022090267","1525","2","0","0","0","0","0","0","0","0","1","0","","02","9","2022","5","40.35958","-79.830766","1524","11","0","0","0","0","0","1","0","0","","0","0","0","","","1","","2","","40 21:34.488","3","0","79 49:50.759","8","0","0","0","2477","0","0","0","N","0","0","0","2","02477","0","","1.0","1554.0","1","N","N","N","0","","0","0","0","","0","Y","","2","1","0","0","0","1","0","2","0","2","","","","N","","","","","","","","","",""
"2022083146","2017","1","0","0","0","0","0","0","0","0","0","0","","02","9","2022","6","40.264179","-79.897959","2011","11","0","0","1","0","0","0","0","0","","0","0","0","","","0","N","0","","40 15:51.046","7","0","79 53:52.652","0","0","0","0","2204","0","0","0","N","0","0","0","1","02105","0","","1.0","2113.0","1","N","N","N","0","","0","0","0","","0","Y","","1","0","0","0","0","0","0","2","0","1","","03","","N","","","","","","","","","",""
"2022096834","1340","1","0","0","0","0","0","0","0","0","8","0","","02","10","2022","4","40.464843","-79.828658","1336","11","0","0","0","0","1","0","0","0","","0","0","0","","","1","N","2","","40 27:53.434","","0","79 49:43.169","3","0","0","0","2113","1","0","0","N","1","0","0","2","02113","0","","1.0","","1","N","N","N","0","","1","0","0","","2","","","2","1","0","0","0","0","0","2","0","1","","03","","N","","","","","","","","","",""
"2022051769","1745","0","0","0","0","0","0","0","0","0","7","0","","02","6","2022","6","40.440444","-79.996056","1740","11","0","0","0","0","0","0","0","0","","0","0","0","","","0","N","0","","40 26:25.600","1","0","79 59:45.800","0","0","0","0","2301","0","0","0","N","0","0","0","2","02301","0","","3.0","1817.0","1","N","N","N","0","","0","0","1","","0","Y","","1","0","0","0","0","0","0","2","0","1","","04","","N","","","","","","","","","",""
"2022083530","1433","2","0","0","0","0","0","0","0","0","4","0","","02","9","2022","2","40.396214","-79.998191","1425","11","0","0","0","0","0","0","0","0","","0","0","0","","","0","","1","","40 23:46.371","1","0","79 59:53.487","0","0","0","0","2301","0","0","0","N","0","0","0","2","02301","0","","1.0","1451.0","9","N","N","N","0","","0","0","0","","0","N","","2","0","0","0","0","0","0","2","0","2","","04","","N","","","","","","","","","",""
"2022051985","0918","1","0","0","0","0","0","0","0","0","4","0","","02","6","2022","6","40.477436","-79.746862","0912","11","0","0","0","0","0","1","0","0","","0","0","0","","","1","Y","0","","40 28:38.771","3","7","79 44:48.703","3","0","0","0","2466","0","0","0","N","0","0","0","2","02466","0","","1.0","938.0","1","N","N","N","0","","1","0","1","","0","N","","2","1","0","0","0","0","0","2","0","2","","","","N","","","","","","","","","",""
"2022057449","1622","0","0","0","0","0","0","0","0","0","4","0","99","02","6","2022","2","40.4555","-80.006644","1618","11","0","0","0","0","0","0","0","0","","0","0","0","","","1","","1","","40 27:19.801","","0","80 00:23.920","3","0","0","0","2301","0","0","0","N","0","0","0","4","02301","0","","1.0","","9","N","N","N","1","","1","0","1","","2","","","2","1","1","0","0","0","0","2","0","2","","04","Y","Y","3","1","","Y","N","Y","","","","N"
"2022051636","0820","1","0","0","0","0","0","0","0","0","5","0","","02","6","2022","6","40.434597","-79.990067","0809","11","0","0","0","0","0","0","0","0","","0","0","0","","","0","N","0","","40 26:04.548","","8","79 59:24.240","0","0","0","0","2301","0","0","0","N","0","0","0","3","02301","0","","1.0","","1","N","N","N","0","","0","0","1","","0","","","2","0","0","0","0","0","0","2","0","2","","03","","N","","","","","","","","","",""
"2022096828","1129","1","0","0","0","0","0","0","0","0","1","0","","02","10","2022","4","40.498784","-79.747456","1127","11","0","0","0","0","0","0","2","0","","0","0","0","","","2","N","0","","40 29:55.622","5","0","79 44:50.843","3","0","0","0","2466","0","0","0","N","0","0","0","2","02466","0","","1.0","1226.0","9","N","N","N","1","","1","0","0","","0","Y","","2","2","0","0","0","1","0","2","0","2","","","","N","","","","","","","","","",""
"2022057544","1510","0","0","0","0","0","0","0","0","0","7","0","","02","6","2022","2","40.434034","-79.794911","1507","11","0","0","0","0","0","0","0","1","","0","0","0","","","0","N","0","","40 26:02.524","3","0","79 47:41.679","0","0","0","0","2446","0","0","0","N","0","0","0","1","02446","0","","2.0","1735.0","1","N","N","N","0","","0","0","1","","0","N","","1","0","0","0","0","0","0","2","0","1","","03","","N","","","","","","","","","",""
"2022092111","0345","1","0","0","0","0","0","0","0","0","98","0","","02","10","2022","2","40.64341","-80.023813","0328","11","0","0","0","0","0","0","0","0","","0","0","0","","","0","N","0","","40 38:36.277","","0","80 01:25.726","0","0","0","0","2216","0","0","0","N","0","0","0","1","68T02","0","","1.0","","1","N","N","N","0","","0","0","0","","0","","","1","0","0","0","0","0","0","2","0","1","","03","","N","","","","","","","","","",""
"2022080735","1907","2","0","0","0","0","0","0","0","0","4","0","","02","9","2022","6","40.454227","-79.88683","1907","11","0","1","0","0","0","0","0","0","","0","0","0","","","1","","1","","40 27:15.218","4","0","79 53:12.588","8","0","0","0","2301","0","0","0","N","0","0","0","2","02301","0","","1.0","2000.0","1","N","N","N","0","","0","0","0","","3","N","","2","1","0","0","0","1","0","2","0","2","","03","","N","","","","","","","","","",""
"2022084205","0747","2","0","0","0","0","0","0","0","0","1","0","","02","9","2022","5","40.436921","-80.207242","0747","11","0","0","0","1","0","0","0","0","","0","0","0","","","0","N","0","","40 26:12.916","","0","80 12:26.070","0","0","0","0","2214","0","0","0","N","0","0","0","2","68B03","0","","1.0","","1","N","N","N","0","","0","0","0","","0","","","2","0","0","0","0","0","0","2","0","2","","03","","N","","","","","","","","","",""
"2022055158","1222","1","0","0","0","0","0","0","0","0","5","0","","02","6","2022","3","40.434789","-79.992506","1213","11","0","0","0","0","0","0","0","0","","0","0","0","","","0","","3","","40 26:05.242","","2","79 59:33.023","0","0","0","0","2301","0","0","0","N","0","0","0","2","02301","0","","1.0","","1","","","N","0","","0","0","1","","0","","","2","0","0","0","0","0","0","2","0","2","","","","N","","","","","","","","","",""
"2022095340","1334","0","0","0","0","0","0","0","0","0","7","0","","02","10","2022","2","40.429466","-80.007342","1324","11","0","0","0","0","0","0","0","1","","0","0","0","","","1","N","1","","40 25:46.076","","0","80 00:26.431","8","0","0","0","2301","0","0","0","N","0","0","0","1","02301","0","","5.0","","1","N","N","N","0","","0","0","1","","0","","","1","1","0","0","0","1","0","2","0","1","","","","N","","","","","","","","","",""
"2022084334","1610","1","0","0","0","0","0","0","0","0","7","0","","02","9","2022","4","40.337672","-79.951306","1604","11","0","0","0","0","1","0","0","0","","0","0","0","","","0","N","0","","40 20:15.618","1","0","79 57:04.703","0","0","0","0","2473","0","0","0","N","0","0","0","2","02473","0","","5.0","1710.0","1","N","N","N","0","","0","0","0","","0","N","","1","0","0","0","0","0","0","2","0","1","","03","","N","","","","","","","","","",""
"2022057680","0716","1","0","0","0","0","0","0","0","0","1","0","","02","6","2022","4","40.45118","-79.995054","0710","11","0","0","0","0","0","0","0","0","","0","0","0","","","0","","6","","40 27:04.249","","2","79 59:42.193","0","0","0","0","2301","0","0","0","N","0","0","0","2","02301","0","","7.0","","1","N","N","N","0","","0","0","1","","0","","","2","0","0","0","0","0","0","2","0","2","","","","N","","","","","","","","","",""
"2022095149","1621","1","0","0","0","0","0","0","0","0","5","1","","02","10","2022","6","40.440722","-79.959972","1613","11","0","0","0","0","0","1","1","0","","0","0","0","","","3","N","0","","40 26:26.600","","0","79 57:35.900","3","0","0","0","2301","0","0","0","N","0","0","0","3","02301","0","","1.0","","1","N","N","N","1","","3","0","0","","0","","","2","3","0","0","0","0","0","2","0","2","","03","","N","","","","","","","","","",""
"2022059639","1504","1","0","0","0","0","0","0","0","0","1","0","","02","6","2022","6","40.355436","-80.030661","1456","11","0","0","0","0","1","0","0","0","","0","0","0","","","1","","2","","40 21:19.571","3","0","80 01:50.378","3","0","0","0","2407","0","0","0","N","0","0","0","5","02407","0","","1.0","1545.0","1","N","N","N","0","","1","0","3","","0","N","","4","1","0","0","0","0","0","2","0","4","","","","N","","","","","","","","","",""
"2022056550","1502","2","0","0","0","0","0","0","0","0","4","0","","02","6","2022","7","40.463528","-79.930667","1454","11","0","0","0","0","0","0","0","0","","0","0","0","","","0","","1","","40 27:48.700","","0","79 55:50.400","0","0","0","0","2301","0","0","0","N","0","0","0","5","02301","0","","1.0","","1","N","N","N","0","","0","0","0","","2","","","2","0","0","0","0","0","0","2","0","2","","","","N","","","","","","","","","",""
"2022057160","0025","1","0","1","0","0","0","0","0","0","2","0","","02","6","2022","6","40.449015","-80.167182","0011","11","0","0","0","0","0","0","0","0","","0","0","0","","","2","","6","","40 26:56.453","4","2","80 10:01.856","2","0","0","0","2115","0","0","0","N","0","0","0","5","68B03","0","","1.0","140.0","1","N","N","N","0","","1","1","1","","0","N","","2","2","1","0","0","0","0","2","0","2","","","","N","","","","","","","","","",""
"2022054459","0230","0","0","0","0","0","0","0","0","0","7","0","","02","6","2022","6","40.395507","-79.882877","0200","11","0","0","1","0","0","0","0","0","","0","0","0","","","1","","3","","40 23:43.824","","1","79 52:58.358","3","0","0","0","2473","0","0","0","N","0","0","0","2","68B03","0","","4.0","","1","N","N","N","0","","1","0","1","","0","","","1","1","2","0","0","0","0","2","0","1","","","","N","","","","","","","","","",""
"2022091830","0733","1","0","0","0","0","0","0","0","0","1","0","","02","10","2022","4","40.342982","-79.968916","0726","11","0","0","0","0","0","1","0","0","","0","0","0","","","0","","2","","40 20:34.735","","0","79 58:08.096","0","0","0","0","2403","0","0","0","N","0","0","0","3","02403","0","","1.0","","1","N","N","N","0","","0","0","2","","0","","","3","0","0","0","0","0","0","2","0","3","","03","","N","","","","","","","","","",""
"2022094311","1754","1","0","0","0","0","0","0","0","0","4","0","","02","10","2022","2","40.456421","-79.891913","1754","11","0","0","0","0","0","0","1","0","","0","0","0","","","0","","1","","40 27:23.115","","0","79 53:30.886","0","0","0","0","2301","0","0","0","N","0","0","0","2","02301","0","","1.0","","1","N","N","N","1","","0","0","0","","1","","","2","0","0","0","0","0","0","2","0","2","","","","N","","","","","","","","","",""
"2022051552","0241","1","0","0","0","0","0","0","0","0","7","0","","02","6","2022","6","40.449706","-80.025099","0234","11","0","0","0","0","0","0","0","0","","0","0","0","","","0","","2","","40 26:58.940","","2","80 01:30.356","0","0","0","0","2301","0","0","0","N","0","0","0","1","02301","0","","1.0","","1","N","N","N","0","","0","0","0","","0","","","2","0","0","0","0","0","0","2","0","1","","","","N","","","","","","","","","",""
"2022058200","1513","1","0","0","0","0","0","0","0","0","2","0","","02","6","2022","5","40.382939","-79.857485","1509","11","0","0","0","0","0","0","0","0","","0","0","0","","","0","","1","","40 22:58.581","7","0","79 51:26.947","0","0","0","0","2303","0","0","0","N","0","0","0","3","02303","0","","1.0","1556.0","1","N","N","N","1","","0","0","1","","2","N","","3","0","0","0","0","0","0","2","0","3","","03","","N","","","","","","","","","",""
"2022082753","0953","2","0","0","0","0","0","0","0","0","4","0","","02","9","2022","6","40.446741","-79.893955","0947","11","0","0","0","1","0","0","0","0","","0","0","0","","","1","","2","","40 26:48.266","1","0","79 53:38.239","3","0","0","0","2301","0","0","0","N","0","0","0","2","02301","0","","1.0","1045.0","1","N","N","N","0","","1","0","0","","3","N","","2","1","0","0","0","0","0","2","0","2","","","","N","","","","","","","","","",""
"2022083330","1537","2","0","0","0","0","0","0","0","0","4","0","","02","9","2022","1","40.516233","-79.843314","1535","11","0","0","0","0","0","2","0","0","","0","0","0","","","2","N","1","","40 30:58.437","","0","79 50:35.929","4","0","0","0","2451","0","0","0","N","0","0","0","5","02451","1","","1.0","","1","N","N","N","1","","0","0","0","","3","N","","3","2","2","0","0","1","0","2","0","3","","98","","N","","","","","","","","","",""
"2022051566","0144","1","0","0","0","0","0","0","0","0","5","0","","02","6","2022","6","40.510945","-79.957019","0142","11","0","1","0","0","0","0","0","0","","0","0","0","","","0","","2","","40 30:39.402","1","0","79 57:25.268","0","0","0","1","2118","0","0","0","N","0","0","0","5","02118","0","","1.0","242.0","1","N","N","N","0","","0","0","0","","3","N","","2","0","0","0","0","0","0","2","0","2","","05","","N","","","","","","","","","",""
"2022052108","2350","1","0","0","0","0","0","0","0","0","2","0","","02","6","2022","7","40.453917","-79.99825","2345","11","0","0","0","0","0","0","0","0","","0","0","0","","","0","","2","","40 27:14.100","","0","79 59:53.700","0","0","0","0","2301","0","0","0","N","0","0","0","2","02301","0","","1.0","","1","N","N","N","0","","0","0","1","","0","","","2","0","0","0","0","0","0","2","0","2","","03","","N","","","","","","","","","",""
"2022083079","1500","0","0","0","0","0","0","0","0","0","5","1","","02","9","2022","6","40.438032","-79.974441","1451","11","0","0","0","0","0","1","0","1","","0","1","0","","","1","","2","","40 26:16.915","","0","79 58:27.987","3","0","0","0","2301","0","0","0","N","0","0","0","4","02301","0","","1.0","","1","N","N","N","0","","1","0","1","","0","","","2","1","1","0","0","0","0","2","0","2","","03","","N","","","","","","","","","",""
"2022060881","1942","1","0","0","0","0","0","0","0","0","7","0","","02","6","2022","1","40.48525","-79.916444","1937","11","0","0","0","0","0","0","0","0","","0","0","0","","","0","N","0","","40 29:06.900","","0","79 54:59.200","9","0","0","0","2301","0","0","0","N","0","0","0","1","02301","0","","1.0","","1","N","N","N","0","","0","0","0","","0","","","1","0","0","0","0","0","1","2","0","1","","03","","N","","","","","","","","","",""
"2022092975","1458","3","0","0","0","0","0","0","0","0","4","0","","02","10","2022","7","40.466188","-79.912216","1457","11","0","0","0","0","0","1","1","0","","0","0","0","","","4","","1","","40 27:58.276","7","0","79 54:43.977","8","0","0","0","2301","0","0","0","N","0","0","0","6","02301","0","","1.0","1550.0","1","N","N","N","0","","0","0","0","","3","Y","","3","4","0","0","0","4","0","2","0","3","","","","N","","","","","","","","","",""
"2022057316","0723","1","0","0","0","0","0","0","0","0","4","0","","02","6","2022","2","40.514019","-80.029899","0722","11","0","0","0","0","0","1","1","0","","0","0","0","","","1","","1","","40 30:50.470","","0","80 01:47.635","4","0","0","0","2474","0","0","0","N","0","0","0","2","02474","1","","1.0","","1","N","N","N","1","","0","0","0","","2","","","2","1","0","0","0","0","0","2","0","2","","","","N","","","","","","","","","",""
"2022057679","9999","0","0","0","0","0","0","0","0","0","7","0","","02","6","2022","1","40.5285","-79.903194","2358","11","0","0","0","0","0","1","0","0","","0","0","0","","","0","N","0","","40 31:42.600","4","0","79 54:11.500","0","0","0","0","2301","0","0","0","Y","0","0","0","1","02432","0","","1.0","40.0","1","N","N","N","0","","0","0","1","","0","N","","1","0","0","0","0","0","0","2","0","1","","03","","N","","","","","","","","","",""
"2022057598","2321","0","0","0","0","0","0","0","0","0","4","0","","02","6","2022","3","40.474491","-79.9714","2317","11","1","0","0","0","0","0","0","0","","0","0","0","","","0","","2","","40 28:28.169","7","8","79 58:17.039","0","0","0","0","2445","0","0","0","N","0","0","0","5","02445","0","","1.0","18.0","1","N","N","N","0","","0","0","2","","2","N","","2","0","0","0","0","0","0","2","0","2","","","","N","","","","","","","","","",""
"2022097746","2335","1","0","0","0","0","0","0","0","0","1","0","","02","10","2022","1","40.434703","-79.986381","2335","11","0","0","0","0","0","0","0","0","","0","0","0","","","0","N","0","","40 26:04.929","","0","79 59:10.973","9","0","0","0","2301","0","0","0","N","0","0","0","2","68B03","0","","1.0","","1","N","N","N","0","","0","0","0","","0","","","2","0","0","0","0","0","1","2","0","2","","","","N","","","","","","","","","",""
"2022052100","2100","3","0","0","0","0","0","0","0","0","1","0","","02","6","2022","7","40.389861","-79.798667","2100","11","0","0","0","0","0","0","0","0","","0","0","0","","","1","N","0","","40 23:23.500","2","0","79 47:55.200","3","0","0","0","2424","0","0","0","N","0","0","0","3","02424","0","","1.0","2130.0","1","N","N","N","0","","1","0","0","","0","Y","","3","1","1","0","0","0","0","2","0","3","","03","","N","","","","","","","","","",""