"CRN","ARRIVAL_TM","AUTOMOBILE_COUNT","BELTED_DEATH_COUNT","BELTED_SUSP_SERIOUS_INJ_COUNT","BICYCLE_COUNT","BICYCLE_DEATH_COUNT","BICYCLE_SUSP_SERIOUS_INJ_COUNT","BUS_COUNT","CHLDPAS_DEATH_COUNT","CHLDPAS_SUSP_SERIOUS_INJ_COUNT","COLLISION_TYPE","COMM_VEH_COUNT","CONS_ZONE_SPD_LIM","COUNTY","CRASH_MONTH","CRASH_YEAR","DAY_OF_WEEK","DEC_LATITUDE","DEC_LONGITUDE","DISPATCH_TM","DISTRICT","DRIVER_COUNT_16YR","DRIVER_COUNT_17YR","DRIVER_COUNT_18YR","DRIVER_COUNT_19YR","DRIVER_COUNT_20YR","DRIVER_COUNT_50_64YR","DRIVER_COUNT_65_74YR","DRIVER_COUNT_75PLUS","EST_HRS_CLOSED","FATAL_COUNT","HEAVY_TRUCK_COUNT","HORSE_BUGGY_COUNT","HOUR_OF_DAY","ILLUMINATION","INJURY_COUNT","INTERSECTION_RELATED","INTERSECT_TYPE","LANE_CLOSED","LATITUDE","LN_CLOSE_DIR","LOCATION_TYPE","LONGITUDE","MAX_SEVERITY_LEVEL","MCYCLE_DEATH_COUNT","MCYCLE_SUSP_SERIOUS_INJ_COUNT","MOTORCYCLE_COUNT","MUNICIPALITY","NONMOTR_COUNT","NONMOTR_DEATH_COUNT","NONMOTR_SUSP_SERIOUS_INJ_COUNT","NTFY_HIWY_MAINT","PED_COUNT","PED_DEATH_COUNT","PED_SUSP_SERIOUS_INJ_COUNT","PERSON_COUNT","POLICE_AGCY","POSSIBLE_INJ_COUNT","RDWY_SURF_TYPE_CD","RELATION_TO_ROAD","ROADWAY_CLEARED","ROAD_CONDITION","SCH_BUS_IND","SCH_ZONE_IND","SECONDARY_CRASH","SMALL_TRUCK_COUNT","SPEC_JURIS_CD","SUSP_MINOR_INJ_COUNT","SUSP_SERIOUS_INJ_COUNT","SUV_COUNT","TCD_FUNC_CD","TCD_TYPE","TFC_DETOUR_IND","TIME_OF_DAY","TOTAL_UNITS","TOT_INJ_COUNT","UNBELTED_OCC_COUNT","UNB_DEATH_COUNT","UNB_SUSP_SERIOUS_INJ_COUNT","UNK_INJ_DEG_COUNT","UNK_INJ_PER_COUNT","URBAN_RURAL","VAN_COUNT","VEHICLE_COUNT","WEATHER1","WEATHER2","WORKERS_PRES","WORK_ZONE_IND","WORK_ZONE_LOC","WORK_ZONE_TYPE","WZ_CLOSE_DETOUR","WZ_FLAGGER","WZ_LAW_OFFCR_IND","WZ_LN_CLOSURE","WZ_MOVING","WZ_OTHER","WZ_SHLDER_MDN","WZ_WORKERS_INJ_KILLED"
"2022087812","0815","0","0","0","0","0","0","0","0","0","7","0","","02","9","2022","6","40.458282","-79.721379","0812","11","0","0","0","0","0","0","0","0","","0","0","0","","","1","N","0","","40 27:29.814","6","0","79 43:16.966","4","0","0","0","2466","0","0","0","N","0","0","0","1","02466","1","","5.0","913.0","1","N","N","N","0","","0","0","0","","0","Y","","1","1","0","0","0","0","0","2","1","1","","","","N","","","","","","","","","",""
"2022055674","1713","1","0","0","0","0","0","0","0","0","1","0","","02","6","2022","2","40.359653","-79.847005","1710","11","0","0","0","0","0","1","0","0","","0","0","0","","","1","","3","","40 21:34.749","2","0","79 50:49.219","8","0","0","0","2303","0","0","0","N","0","0","0","2","02303","0","","1.0","1800.0","1","N","N","N","1","","0","0","0","","4","N","","2","1","0","0","0","1","0","2","0","2","","03","","N","","","","","","","","","",""
"2022088277","1049","1","0","0","0","0","0","0","0","0","4","0","","02","9","2022","1","40.372376","-79.850208","1046","11","0","0","0","0","0","1","1","0","","0","0","0","","","0","N","1","","40 22:20.553","","0","79 51:00.748","0","0","0","0","2303","0","0","0","N","0","0","0","2","02303","0","","1.0","","9","N","N","N","0","","0","0","1","","3","","","2","0","1","0","0","0","0","2","0","2","","","","N","","","","","","","","","",""
"2022054484","1008","0","0","0","1","0","0","0","0","0","4","0","","02","6","2022","1","40.464583","-79.9615","1000","11","0","0","0","0","0","0","0","0","","0","0","0","","","1","","1","","40 27:52.500","","0","79 57:41.400","3","0","0","0","2301","1","0","0","N","0","0","0","2","02301","0","","1.0","","1","N","N","N","0","","1","0","1","","3","","","2","1","0","0","0","0","0","2","0","1","","","","N","","","","","","","","","",""
"2022088322","1824","1","0","0","0","0","0","0","0","0","7","0","","02","9","2022","4","40.524603","-79.983113","1817","11","0","0","0","1","0","0","0","0","","0","0","0","","","0","","1","","40 31:28.570","4","0","79 58:59.206","0","0","0","0","2118","0","0","0","N","0","0","0","1","02118","0","","5.0","1858.0","1","N","N","N","0","","0","0","0","","3","N","","1","0","1","0","0","0","0","2","0","1","","03","","N","","","","","","","","","",""
"2022088065","1050","0","0","0","0","0","0","0","0","0","4","0","","02","9","2022","7","40.377332","-79.801326","1050","11","0","0","0","0","0","1","0","0","","0","0","0","","","1","N","2","","40 22:38.396","","0","79 48:04.775","8","0","0","0","2111","0","0","0","N","0","0","0","2","02111","0","","1.0","","1","N","N","N","0","","0","0","2","","3","","","2","1","0","0","0","1","0","2","0","2","","03","","N","","","","","","","","","",""
"2022088375","1749","0","0","0","0","0","0","0","0","0","5","1","","02","8","2022","1","40.476473","-80.11955","1728","11","0","0","0","0","0","1","1","0","","0","1","0","","","0","N","0","","40 28:35.303","","0","80 07:10.379","0","0","0","0","2115","0","0","0","N","0","0","0","4","68B03","0","","1.0","","1","N","N","N","0","","0","0","1","","0","","","2","0","0","0","0","0","0","2","0","2","","03","","N","","","","","","","","","",""
"2022088795","2031","0","0","0","0","0","0","0","0","0","7","0","","02","9","2022","2","40.613359","-79.95491","2027","11","0","0","0","0","0","0","0","0","","0","0","0","","","1","N","2","","40 36:48.094","1","0","79 57:17.676","4","0","0","0","2207","0","0","0","N","0","0","0","1","02207","1","","5.0","2105.0","9","N","N","N","0","","0","0","1","","0","N","","1","1","0","0","0","0","0","2","0","1","","03","","N","","","","","","","","","",""
"2022092154","1709","0","0","0","0","0","0","0","0","0","4","0","","02","10","2022","3","40.517089","-79.726591","1701","11","0","0","0","0","0","1","0","0","","0","0","0","","","0","","1","","40 31:01.521","","0","79 43:35.729","0","0","0","0","2466","0","0","0","N","0","0","0","2","02466","0","","1.0","","9","N","N","N","0","","0","0","2","","3","","","2","0","0","0","0","0","0","1","0","2","","07","","N","","","","","","","","","",""
"2022089662","2124","0","0","0","0","0","0","0","0","0","7","0","","02","9","2022","1","40.453766","-79.914266","2118","11","0","0","0","0","0","0","1","0","","0","0","0","","","0","","1","","40 27:13.558","","0","79 54:51.357","0","0","0","0","2301","0","0","0","N","0","0","0","1","02301","0","","1.0","","9","N","N","N","0","","0","0","1","","0","","","1","0","0","0","0","0","0","2","0","1","","","","N","","","","","","","","","",""
"2022089221","0250","1","0","0","0","0","0","0","0","0","98","0","","02","9","2022","1","40.629597","-79.985163","0239","11","0","0","0","0","0","0","0","0","","0","0","0","","","0","N","0","","40 37:46.548","","0","79 59:06.585","0","0","0","0","2217","0","0","0","N","0","0","0","2","68T02","0","","1.0","","1","N","N","N","0","","0","0","0","","0","","","1","0","0","0","0","0","0","1","0","1","","","","N","","","","","","","","","",""
"2022087027","2106","1","0","0","0","0","0","0","0","0","1","0","","02","9","2022","3","40.551457","-79.96886","2104","11","0","0","0","0","0","1","1","0","","0","0","0","","","0","","2","","40 33:05.245","6","0","79 58:07.896","0","0","0","0","2118","0","0","0","N","0","0","0","2","02118","0","","1.0","2145.0","1","N","N","N","0","","0","0","1","","0","Y","","2","0","0","0","0","0","0","2","0","2","","03","","N","","","","","","","","","",""
"2022088130","1320","0","0","0","0","0","0","0","0","0","1","0","","02","8","2022","5","40.411453","-80.075748","1315","11","0","0","0","0","0","1","0","0","","0","0","0","","","1","N","0","","40 24:41.232","3","0","80 04:32.693","3","0","0","0","2117","0","0","0","N","0","0","0","3","68B03","0","","1.0","1350.0","1","N","N","N","0","","1","0","2","","0","N","","2","1","0","0","0","0","1","2","0","2","","03","","N","","","","","","","","","",""
"2022090334","1453","1","0","0","0","0","0","0","0","0","2","0","","02","10","2022","7","40.436765","-80.035652","1443","11","0","0","0","0","0","0","0","0","","0","0","0","","","2","N","0","","40 26:12.354","7","0","80 02:08.347","3","0","0","0","2301","0","0","0","N","0","0","0","6","02301","0","","1.0","1545.0","9","N","N","N","0","","2","0","1","","0","Y","","2","2","0","0","0","0","0","2","0","2","","04","","N","","","","","","","","","",""
"2022080281","1130","1","0","1","0","0","0","0","0","0","4","0","","02","8","2022","2","40.549248","-80.03701","1128","11","0","0","0","0","0","0","0","1","","1","0","0","","","1","N","0","","40 32:57.293","5","7","80 02:13.237","1","1","0","1","2116","0","0","0","N","0","0","0","2","02116","0","2","1.0","1730.0","1","N","N","N","0","0","0","1","0","","0","Y","","2","1","0","0","0","0","0","2","0","2","","03","","N","","","","","","","","","",""
"2022054816","1628","0","0","0","0","0","0","0","0","0","8","0","","02","6","2022","2","40.412833","-79.994472","1625","11","0","0","0","0","0","0","0","0","","0","0","0","","","1","N","0","","40 24:46.200","","0","79 59:40.100","8","0","0","0","2301","1","0","0","N","1","0","0","2","02301","0","","1.0","","1","N","N","N","0","","0","0","1","","0","","","2","1","0","0","0","1","1","2","0","1","","03","","N","","","","","","","","","",""
"2022091756","1648","0","0","0","0","0","0","0","0","0","1","0","","02","9","2022","7","40.427345","-79.921183","1620","11","0","0","0","0","0","0","1","0","","0","0","0","","","1","N","0","","40 25:38.441","","4","79 55:16.259","3","0","0","0","2301","0","0","0","N","0","0","0","3","68B03","0","","1.0","","1","N","N","N","0","","1","0","2","","0","","","2","1","0","0","0","0","0","2","0","2","","03","","N","","","","","","","","","",""
"2022087952","2154","0","0","0","0","0","0","0","0","0","7","0","","02","9","2022","5","40.541191","-80.184478","2150","11","0","0","0","0","0","0","0","0","","0","0","0","","","0","N","0","","40 32:28.289","","0","80 11:04.120","0","0","0","0","2458","0","0","0","N","0","0","0","2","02458","0","","5.0","","1","N","N","N","0","","0","0","1","","0","","","1","0","0","0","0","0","0","2","0","1","","03","","N","","","","","","","","","",""
"2022076384","1124","0","0","0","0","0","0","0","0","0","6","2","","02","8","2022","5","40.607332","-80.173335","1119","11","0","0","0","0","0","1","0","0","","0","1","0","","","1","N","0","","40 36:26.396","6","0","80 10:24.005","8","0","0","0","2480","0","0","0","N","0","0","0","3","02480","0","","1.0","1200.0","1","N","N","N","1","","0","0","0","","0","N","","2","1","0","0","0","1","0","1","0","2","","","","N","","","","","","","","","",""
"2022054362","2026","0","0","0","0","0","0","0","0","0","4","0","","02","6","2022","6","40.374532","-80.049512","2023","11","0","1","0","0","0","0","0","0","","0","0","0","","","0","","2","","40 22:28.314","1","0","80 02:58.242","0","0","0","0","2109","0","0","0","N","0","0","0","3","02109","0","","1.0","2108.0","1","N","N","N","0","","0","0","2","","3","N","","2","0","0","0","0","0","0","2","0","2","","","","N","","","","","","","","","",""
"2022081411","2123","2","0","0","0","0","0","0","0","0","4","0","","02","9","2022","2","40.447816","-79.937146","2118","11","0","0","0","0","0","0","0","0","","0","0","0","","","0","","2","","40 26:52.137","","0","79 56:13.724","0","0","0","0","2301","0","0","0","N","0","0","0","2","02301","0","","1.0","","9","N","N","N","0","","0","0","0","","0","","","2","0","0","0","0","0","0","2","0","2","","","","N","","","","","","","","","",""
"2022086736","2130","2","0","0","0","0","0","0","0","0","4","0","","02","9","2022","2","40.508451","-79.946184","2125","11","0","0","0","0","0","0","0","0","","0","0","0","","","0","","2","","40 30:30.422","","0","79 56:46.263","0","0","0","0","2118","0","0","0","N","0","0","0","2","02118","0","","1.0","","1","N","N","N","0","","0","0","0","","0","","","2","0","0","0","0","0","0","2","0","2","","","","N","","","","","","","","","",""
"2022085390","0534","2","0","0","0","0","0","0","0","0","7","1","","02","9","2022","6","40.410847","-79.834752","0533","11","0","0","0","0","0","0","0","0","","0","1","0","","","1","N","0","","40 24:39.048","6","0","79 50:05.108","3","0","0","0","2417","0","0","0","N","0","0","0","3","02431","0","","5.0","630.0","1","N","N","Y","0","","1","0","0","","0","N","","3","1","0","0","0","0","0","2","0","3","","","","N","","","","","","","","","",""
"2022091600","0839","1","0","0","0","0","0","0","0","0","1","0","","02","9","2022","3","40.463714","-79.999872","0804","11","0","0","0","0","0","0","1","0","","0","0","0","","","0","N","0","","40 27:49.369","","0","79 59:59.540","0","0","0","0","2301","0","0","0","N","0","0","0","4","68B03","0","","1.0","","1","N","N","N","0","","0","0","3","","0","","","4","0","0","0","0","0","0","2","0","4","","","","N","","","","","","","","","",""
"2022089781","1700","2","0","0","0","0","0","0","0","0","4","0","","02","9","2022","5","40.482854","-80.036514","1649","11","0","0","0","1","0","1","0","0","","0","0","0","","","0","N","1","","40 28:58.274","","0","80 02:11.450","0","0","0","0","2301","0","0","0","N","0","0","0","2","02301","0","","1.0","","1","N","N","N","0","","0","0","0","","3","","","2","0","0","0","0","0","0","2","0","2","","03","","N","","","","","","","","","",""
"2022089639","0935","0","0","0","0","0","0","0","0","0","7","1","","02","9","2022","4","40.42167","-80.049914","0925","11","0","0","0","0","0","1","1","1","","0","1","0","","","1","N","1","","40 25:18.012","3","0","80 02:59.690","8","0","0","0","2435","0","0","0","Y","0","0","0","3","02435","0","","5.0","1014.0","1","N","N","N","1","","0","0","1","","2","Y","","3","1","0","0","0","1","0","2","0","3","","03","","N","","","","","","","","","",""
"2022055088","2035","0","0","0","0","0","0","0","0","0","4","0","","02","6","2022","6","40.386506","-79.865309","2029","11","0","0","0","0","0","0","0","0","","0","0","0","","","0","N","0","","40 23:11.421","","7","79 51:55.114","0","0","0","0","2473","0","0","0","N","0","0","0","5","02473","0","","1.0","","1","N","N","N","0","","0","0","2","","0","","","2","0","0","0","0","0","0","2","0","2","","03","","N","","","","","","","","","",""
"2022087809","1210","2","0","0","0","0","0","0","0","0","4","0","","02","9","2022","6","40.454686","-79.880719","1204","11","0","0","0","0","0","1","0","0","","0","0","0","","","3","","1","","40 27:16.868","3","0","79 52:50.588","3","0","0","0","2301","0","0","0","N","0","0","0","4","02301","2","","1.0","1240.0","1","N","N","Y","0","","1","0","1","","2","N","","3","3","0","0","0","0","0","2","0","3","","","","N","","","","","","","","","",""
"2022089996","1151","1","0","0","0","0","0","0","0","0","1","0","","02","9","2022","6","40.369439","-79.911369","1138","11","0","0","0","0","1","0","0","0","","0","0","0","","","0","","2","","40 22:09.981","","0","79 54:40.929","9","0","0","0","2301","0","0","0","N","0","0","0","4","02301","0","","1.0","","1","N","N","Y","0","","0","0","2","","0","","","3","0","0","0","0","0","1","2","0","3","","98","","N","","","","","","","","","",""
"2022087795","1037","1","0","0","0","0","0","0","0","0","4","0","","02","9","2022","6","40.438329","-79.977478","1029","11","0","0","0","0","0","0","0","1","","0","0","0","","","0","N","0","","40 26:17.985","","0","79 58:38.920","0","0","0","0","2301","0","0","0","N","0","0","0","1","02301","0","","1.0","","1","N","N","Y","0","","0","0","1","","0","","","2","0","0","0","0","0","0","2","0","2","","","","N","","","","","","","","","",""
"2022089214","1840","0","0","0","0","0","0","0","0","0","98","0","","02","9","2022","6","40.504946","-79.859024","1840","11","0","0","0","0","0","1","0","0","","0","0","0","","","0","N","0","","40 30:17.805","","0","79 51:32.485","0","0","0","0","2112","0","0","0","N","0","0","0","1","68D02","0","","1.0","","1","N","N","N","0","","0","0","1","","0","","","1","0","0","0","0","0","0","2","0","1","","03","","N","","","","","","","","","",""
"2022088802","2308","1","0","0","0","0","0","0","0","0","1","0","","02","9","2022","2","40.470309","-79.908671","2301","11","0","0","0","0","0","0","0","0","","0","0","0","","","1","","2","","40 28:13.111","","0","79 54:31.217","4","0","0","0","2301","0","0","0","N","0","0","0","3","02301","1","","1.0","","1","N","N","N","1","","0","0","1","","2","","","3","1","0","0","0","0","0","2","0","3","","03","","N","","","","","","","","","",""
"2022029678","1409","1","0","0","0","0","0","0","0","0","4","0","","02","2","2022","1","40.382408","-79.856802","1402","11","0","0","1","0","0","0","1","0","","0","0","0","","","1","N","0","","40 22:56.668","1","7","79 51:24.487","3","0","0","0","2303","0","0","0","N","0","0","0","2","02303","0","","4.0","1450.0","1","N","N","N","0","","1","0","1","","2","N","","2","1","0","0","0","0","0","2","0","2","","03","","N","","","","","","","","","",""
"2022088689","1650","1","0","0","0","0","0","0","0","0","4","0","","02","9","2022","2","40.415343","-79.848063","1648","11","0","0","0","0","0","0","0","0","","0","0","0","","","0","N","0","","40 24:55.233","1","7","79 50:53.027","0","0","0","0","2431","0","0","0","N","0","0","0","2","02431","0","","1.0","1700.0","1","N","N","N","1","","0","0","0","","0","Y","","2","0","0","0","0","0","0","2","0","2","","03","","N","","","","","","","","","",""
"2022085447","1720","0","0","0","0","0","0","0","0","0","6","0","","02","9","2022","7","40.400927","-80.0484","1718","11","0","0","0","0","0","0","1","0","","0","0","0","","","1","N","1","","40 24:03.337","7","0","80 02:54.239","4","0","0","0","2301","0","0","0","N","0","0","0","2","02301","1","","1.0","1820.0","1","N","N","N","1","","0","0","1","","2","Y","","2","1","0","0","0","0","0","2","0","2","","03","","N","","","","","","","","","",""
"2022085782","0231","0","0","0","0","0","0","0","0","0","7","0","","02","9","2022","7","40.529372","-80.041734","0229","11","0","0","0","0","0","0","0","0","","0","0","0","","","1","N","0","","40 31:45.739","","0","80 02:30.244","8","0","0","0","2116","0","0","0","Y","0","0","0","1","02116","0","","2.0","","1","N","N","N","1","","0","0","0","","0","","","1","1","1","0","0","1","0","2","0","1","","03","","N","","","","","","","","","",""
"2022054257","0427","1","0","0","0","0","0","0","0","0","7","0","","02","6","2022","7","40.442528","-80.083944","0403","11","0","0","0","0","0","0","0","0","","0","0","0","","","0","","11","","40 26:33.100","","0","80 05:02.200","9","0","0","0","2301","0","0","0","Y","0","0","0","1","02301","0","","2.0","","1","N","N","N","0","","0","0","0","","0","","","1","0","0","0","0","0","1","2","0","1","","03","","N","","","","","","","","","",""
"2022092400","1703","1","0","0","0","0","0","0","0","0","4","0","","02","10","2022","5","40.474772","-79.862993","1655","11","0","0","0","0","0","0","0","0","","0","0","0","","","0","","3","","40 28:29.179","3","0","79 51:46.776","0","0","0","0","2113","0","0","0","N","0","0","0","2","02113","0","","1.0","1733.0","1","N","N","N","1","","0","0","0","","0","N","","2","0","0","0","0","0","0","2","0","2","","03","","N","","","","","","","","","",""
"2022056227","1700","1","0","0","0","0","0","0","0","0","7","0","","02","6","2022","5","40.455271","-79.993504","1651","11","0","0","0","0","0","0","0","0","","0","0","0","","","0","N","0","","40 27:18.974","1","2","79 59:36.613","0","0","0","0","2301","0","0","0","N","0","0","0","1","02301","0","","2.0","1720.0","1","N","N","N","0","","0","0","0","","0","N","","1","0","0","0","0","0","0","2","0","1","","03","","N","","","","","","","","","",""
"2022054111","1615","1","0","0","0","0","0","0","0","0","1","0","","02","6","2022","6","40.483907","-79.949161","1551","11","0","0","0","0","0","1","0","0","","0","0","0","","","0","N","0","","40 29:02.064","","0","79 56:56.980","0","0","0","0","2301","0","0","0","N","0","0","0","3","02301","0","","1.0","","1","N","N","N","1","","0","0","1","","0","","","3","0","1","0","0","0","0","2","0","3","","03","","N","","","","","","","","","",""
"2022088717","1730","1","0","0","0","0","0","0","0","0","7","0","","02","9","2022","2","40.530546","-80.042616","1720","11","0","0","1","0","0","0","0","0","","0","0","0","","","1","N","0","","40 31:49.966","6","0","80 02:33.419","3","0","0","0","2116","0","0","0","N","0","0","0","1","02116","0","","5.0","1812.0","1","N","N","N","0","","1","0","0","","0","Y","","1","1","0","0","0","0","0","2","0","1","","03","","N","","","","","","","","","",""
"2022054632","2125","2","0","0","0","0","0","0","0","0","1","0","","02","6","2022","1","40.443472","-79.980524","2125","11","0","0","0","0","0","0","0","0","","0","0","0","","","0","","2","","40 26:36.499","","0","79 58:49.886","0","0","0","0","2301","0","0","0","N","0","0","0","4","02301","0","","1.0","","1","N","N","N","0","","0","0","0","","2","","","2","0","0","0","0","0","0","2","0","2","","03","","N","","","","","","","","","",""
"2022089985","1749","1","0","0","0","0","0","0","0","0","4","0","","02","9","2022","5","40.427282","-79.836054","1746","11","0","0","0","0","0","0","0","0","","0","0","0","","","2","N","0","","40 25:38.214","4","7","79 50:09.795","3","0","0","0","2124","0","0","0","N","0","0","0","2","02124","0","","1.0","1819.0","1","N","N","N","0","","2","0","1","","0","N","","2","2","0","0","0","0","0","2","0","2","","","","N","","","","","","","","","",""
"2022091947","1757","1","0","0","0","0","0","0","0","0","2","0","","02","9","2022","3","40.327688","-80.041022","1751","11","0","0","0","0","0","0","0","0","","0","0","0","","","2","","2","","40 19:39.675","3","0","80 02:27.678","8","0","0","0","2407","0","0","0","N","0","0","0","3","02407","0","","1.0","1842.0","1","N","N","Y","0","","0","0","1","","2","Y","","2","2","0","0","0","2","0","2","0","2","","","","N","","","","","","","","","",""
"2022088782","1654","1","0","0","0","0","0","0","0","0","1","0","","02","9","2022","3","40.544542","-80.035287","1652","11","0","0","0","0","0","1","0","0","","0","0","0","","","0","N","0","","40 32:40.351","3","0","80 02:07.032","0","0","0","0","2116","0","0","0","N","0","0","0","2","02116","0","","1.0","1703.0","1","N","N","N","0","","0","0","1","","0","N","","2","0","0","0","0","0","0","2","0","2","","","","N","","","","","","","","","",""
"2022057577","2341","1","0","1","0","0","0","0","0","0","2","0","","02","6","2022","2","40.489478","-79.95326","2333","11","0","0","0","0","0","0","0","0","","0","0","0","","","10","N","0","","40 29:22.119","2","0","79 57:11.735","2","0","0","0","2118","0","0","0","N","0","0","0","11","02118","0","","1.0","110.0","1","N","N","N","0","","9","1","0","","8","Y","","2","10","0","0","0","0","0","2","1","2","","","","N","","","","","","","","","",""
"2022091349","1037","1","0","0","0","0","0","0","0","0","4","0","","02","9","2022","5","40.332422","-79.933883","1035","11","0","0","1","0","0","0","0","0","","0","0","0","","","1","N","1","","40 19:56.719","","0","79 56:01.978","3","0","0","0","2473","0","0","0","N","0","0","0","3","02473","0","","1.0","","1","N","N","N","0","","1","0","1","","2","","","2","1","0","0","0","0","0","2","0","2","","03","","N","","","","","","","","","",""
"2022055384","0038","1","0","0","0","0","0","0","0","0","7","0","","02","6","2022","4","40.324389","-79.898751","0035","11","0","0","0","0","0","0","0","0","","0","0","0","","","0","N","0","","40 19:27.799","5","0","79 53:55.503","9","0","0","0","2473","0","0","0","Y","0","0","0","1","02473","0","","2.0","110.0","1","N","N","N","0","","0","0","0","","0","N","","1","0","0","0","0","0","1","2","0","1","","03","","N","","","","","","","","","",""
"2022054392","1901","0","0","0","0","0","0","0","0","0","8","0","","02","6","2022","7","40.458224","-79.843","1858","11","0","0","0","0","0","0","1","0","","0","0","0","","","1","N","0","","40 27:29.608","","0","79 50:34.799","8","0","0","0","2113","1","0","0","N","1","0","0","2","02113","0","","1.0","","1","N","N","N","0","","0","0","1","","0","","","2","1","0","0","0","1","0","2","0","1","","03","","N","","","","","","","","","",""
"2022056131","1547","1","0","0","0","0","0","0","0","0","4","0","","02","6","2022","5","40.331124","-79.945549","1546","11","0","0","0","0","0","0","0","1","","0","0","0","","","0","N","0","","40 19:52.047","1","7","79 56:43.977","0","0","0","0","2454","0","0","0","N","0","0","0","2","02454","0","","1.0","1617.0","1","N","N","N","0","","0","0","1","","2","N","","2","0","0","0","0","0","0","2","0","2","","","","N","","","","","","","","","",""
"2022088138","0650","0","0","0","0","0","0","0","0","0","1","0","","02","9","2022","3","40.440495","-79.859452","0635","11","0","0","0","0","0","1","0","0","","0","0","0","","","0","N","0","","40 26:25.782","4","0","79 51:34.026","0","0","0","0","2419","0","0","0","N","0","0","0","2","68B03","0","","1.0","650.0","1","N","N","N","0","","0","0","2","","0","N","","2","0","0","0","0","0","0","2","0","2","","","","N","","","","","","","","","",""
"2022094539","0129","1","0","0","0","0","0","0","0","0","7","0","","02","10","2022","1","40.347224","-79.944381","0126","11","0","0","0","0","0","0","0","0","","0","0","0","","","2","N","0","","40 20:50.005","","0","79 56:39.772","3","0","0","0","2473","0","0","0","N","0","0","0","2","02473","0","","5.0","","1","N","N","N","0","","2","0","0","","0","","","1","2","1","0","0","0","0","2","0","1","","03","","N","","","","","","","","","",""
"2022089900","0833","1","0","0","0","0","0","0","0","0","7","0","","02","9","2022","5","40.437952","-79.739852","0833","11","0","0","0","0","0","0","0","0","","0","0","0","","","0","N","2","","40 26:16.627","","0","79 44:23.466","0","0","0","0","2446","0","0","0","N","0","0","0","1","02446","0","","4.0","","1","N","N","N","0","","0","0","0","","2","","","1","0","0","0","0","0","0","2","0","1","","03","","N","","","","","","","","","",""
"2022056238","0102","1","0","0","0","0","0","0","0","0","4","0","","02","6","2022","6","40.429364","-79.999101","0100","11","0","0","0","0","0","0","0","0","","0","0","0","","","1","","2","","40 25:45.712","","0","79 59:56.762","3","0","0","0","2301","0","0","0","N","0","0","0","3","02301","0","","1.0","","1","N","N","N","0","","1","0","1","","2","","","2","1","0","0","0","0","0","2","0","2","","","","N","","","","","","","","","",""
"2022055194","1538","1","0","0","0","0","0","0","0","0","7","0","","02","6","2022","3","40.4225","-79.92775","1531","11","0","0","0","0","0","0","0","0","","0","0","0","","","0","N","0","","40 25:21.000","2","0","79 55:39.900","0","0","0","0","2301","0","0","0","N","0","0","0","1","02301","0","","5.0","1620.0","1","N","N","N","0","","0","0","0","","0","N","","1","0","0","0","0","0","0","2","0","1","","","","N","","","","","","","","","",""
"2022054074","1230","0","0","0","0","0","0","0","0","0","8","0","","02","6","2022","6","40.46876","-79.962189","1221","11","0","0","0","0","0","0","0","0","","0","0","0","","","1","","1","","40 28:07.537","","0","79 57:43.881","8","0","0","0","2301","1","0","0","N","1","0","0","2","02301","0","","1.0","","1","N","N","N","0","","0","0","1","","2","","","2","1","0","0","0","1","0","2","0","1","","03","","N","","","","","","","","","",""
"2022091545","1723","2","0","0","0","0","0","0","0","0","1","0","","02","10","2022","3","40.407629","-80.192353","1723","11","0","0","1","0","0","1","0","0","","0","0","0","","","0","","2","","40 24:27.464","","0","80 11:32.472","0","0","0","0","2214","0","0","0","N","0","0","0","2","02214","0","","1.0","","1","N","N","N","0","","0","0","0","","0","","","2","0","0","0","0","0","0","1","0","2","","","","N","","","","","","","","","",""
"2022055089","0923","1","0","0","0","0","0","0","0","0","4","0","","02","6","2022","3","40.450662","-79.905834","0920","11","0","0","0","0","0","0","1","0","","0","0","0","","","2","","2","","40 27:02.382","4","0","79 54:21.003","3","0","0","0","2301","0","0","0","N","0","0","0","3","02301","0","","1.0","955.0","9","N","N","N","0","","2","0","1","","3","N","","2","2","0","0","0","0","0","2","0","2","","","","N","","","","","","","","","",""
"2022088444","1430","0","0","0","0","0","0","0","0","0","4","1","","02","9","2022","5","40.546177","-79.770448","1429","11","0","0","0","1","0","1","0","0","","0","1","0","","","0","","2","","40 32:46.237","","0","79 46:13.611","0","0","0","0","2121","0","0","0","N","0","0","0","4","02514","0","","1.0","","1","N","N","N","0","","0","0","1","","3","","","2","0","0","0","0","0","0","1","0","2","","03","","N","","","","","","","","","",""
"2022090090","1502","1","0","0","0","0","0","0","0","0","4","0","","02","9","2022","6","40.595324","-80.195082","1457","11","0","0","0","0","0","0","0","0","","0","1","0","","","1","N","0","","40 35:43.167","4","0","80 11:42.296","3","0","0","0","2480","0","0","0","N","0","0","0","2","02480","0","","5.0","1615.0","1","N","N","N","0","","1","0","0","","0","N","","2","1","0","0","0","0","0","1","0","2","","","","N","","","","","","","","","",""
"2022088152","1025","0","0","0","0","0","0","0","0","0","4","0","","02","9","2022","4","40.340344","-79.938195","1022","11","0","0","0","0","0","1","0","0","","0","0","0","","","0","","2","","40 20:25.240","","7","79 56:17.503","0","0","0","0","2473","0","0","0","N","0","0","0","2","02473","0","","1.0","","1","N","N","N","1","","0","0","1","","2","","","2","0","0","0","0","0","0","2","0","2","","","","N","","","","","","","","","",""