"CRN","ARRIVAL_TM","AUTOMOBILE_COUNT","BELTED_DEATH_COUNT","BELTED_SUSP_SERIOUS_INJ_COUNT","BICYCLE_COUNT","BICYCLE_DEATH_COUNT","BICYCLE_SUSP_SERIOUS_INJ_COUNT","BUS_COUNT","CHLDPAS_DEATH_COUNT","CHLDPAS_SUSP_SERIOUS_INJ_COUNT","COLLISION_TYPE","COMM_VEH_COUNT","CONS_ZONE_SPD_LIM","COUNTY","CRASH_MONTH","CRASH_YEAR","DAY_OF_WEEK","DEC_LATITUDE","DEC_LONGITUDE","DISPATCH_TM","DISTRICT","DRIVER_COUNT_16YR","DRIVER_COUNT_17YR","DRIVER_COUNT_18YR","DRIVER_COUNT_19YR","DRIVER_COUNT_20YR","DRIVER_COUNT_50_64YR","DRIVER_COUNT_65_74YR","DRIVER_COUNT_75PLUS","EST_HRS_CLOSED","FATAL_COUNT","HEAVY_TRUCK_COUNT","HORSE_BUGGY_COUNT","HOUR_OF_DAY","ILLUMINATION","INJURY_COUNT","INTERSECTION_RELATED","INTERSECT_TYPE","LANE_CLOSED","LATITUDE","LN_CLOSE_DIR","LOCATION_TYPE","LONGITUDE","MAX_SEVERITY_LEVEL","MCYCLE_DEATH_COUNT","MCYCLE_SUSP_SERIOUS_INJ_COUNT","MOTORCYCLE_COUNT","MUNICIPALITY","NONMOTR_COUNT","NONMOTR_DEATH_COUNT","NONMOTR_SUSP_SERIOUS_INJ_COUNT","NTFY_HIWY_MAINT","PED_COUNT","PED_DEATH_COUNT","PED_SUSP_SERIOUS_INJ_COUNT","PERSON_COUNT","POLICE_AGCY","POSSIBLE_INJ_COUNT","RDWY_SURF_TYPE_CD","RELATION_TO_ROAD","ROADWAY_CLEARED","ROAD_CONDITION","SCH_BUS_IND","SCH_ZONE_IND","SECONDARY_CRASH","SMALL_TRUCK_COUNT","SPEC_JURIS_CD","SUSP_MINOR_INJ_COUNT","SUSP_SERIOUS_INJ_COUNT","SUV_COUNT","TCD_FUNC_CD","TCD_TYPE","TFC_DETOUR_IND","TIME_OF_DAY","TOTAL_UNITS","TOT_INJ_COUNT","UNBELTED_OCC_COUNT","UNB_DEATH_COUNT","UNB_SUSP_SERIOUS_INJ_COUNT","UNK_INJ_DEG_COUNT","UNK_INJ_PER_COUNT","URBAN_RURAL","VAN_COUNT","VEHICLE_COUNT","WEATHER1","WEATHER2","WORKERS_PRES","WORK_ZONE_IND","WORK_ZONE_LOC","WORK_ZONE_TYPE","WZ_CLOSE_DETOUR","WZ_FLAGGER","WZ_LAW_OFFCR_IND","WZ_LN_CLOSURE","WZ_MOVING","WZ_OTHER","WZ_SHLDER_MDN","WZ_WORKERS_INJ_KILLED"
"2022104289","1056","0","0","0","0","0","0","0","0","0","7","1","","02","10","2022","7","40.421026","-80.031397","1041","11","0","0","0","0","0","1","0","0","","0","1","0","","","0","N","0","","40 25:15.692","3","0","80 01:53.030","0","0","0","0","2301","0","0","0","Y","0","0","0","1","68B03","0","","4.0","1543.0","1","N","N","N","0","","0","0","0","","0","N","","1","0","0","0","0","0","0","2","0","1","","","","N","","","","","","","","","",""
"2022044165","1535","2","0","0","0","0","0","0","0","0","2","0","","02","5","2022","4","40.487778","-79.880789","1533","11","0","0","0","0","0","0","0","0","","0","0","0","","","0","N","0","","40 29:16.000","","7","79 52:50.840","0","0","0","0","2112","0","0","0","N","0","0","0","2","02112","0","","1.0","","1","N","N","N","0","","0","0","0","","0","","","2","0","0","0","0","0","0","2","0","2","","","","N","","","","","","","","","",""
"2022104534","2121","0","0","0","0","0","0","0","0","0","98","0","","02","11","2022","1","40.616106","-79.753345","2118","11","0","0","0","0","0","0","0","0","","0","0","0","","","0","N","0","","40 36:57.981","","0","79 45:12.043","0","0","0","0","2202","0","0","0","N","0","0","0","2","68D02","0","","1.0","","1","N","N","N","0","","0","0","1","","0","","","1","0","0","0","0","0","0","2","0","1","","03","","N","","","","","","","","","",""
"2022065714","0816","1","0","0","0","0","0","0","0","0","7","0","","02","7","2022","7","40.330386","-79.992481","0809","11","0","0","0","0","0","0","0","0","","0","0","0","","","0","N","0","","40 19:49.389","6","0","79 59:32.930","0","0","0","0","2219","0","0","0","N","0","0","0","1","02219","0","","5.0","859.0","1","N","N","N","0","","0","0","0","","0","Y","","1","0","0","0","0","0","0","2","0","1","","03","","N","","","","","","","","","",""
"2022064481","1554","0","0","0","0","0","0","0","0","0","7","0","","02","7","2022","4","40.489147","-80.335313","1553","11","0","0","0","0","0","1","0","0","","0","0","0","","","0","N","0","","40 29:20.930","","0","80 20:07.126","0","0","0","0","2203","0","0","0","N","0","0","0","1","02203","0","","5.0","","1","N","N","N","1","","0","0","0","","0","","","1","0","0","0","0","0","0","1","0","1","","03","","N","","","","","","","","","",""
"2022065343","0254","0","0","0","0","0","0","0","0","0","7","0","","02","7","2022","7","40.422417","-79.927772","0254","11","0","0","0","0","0","0","0","0","","0","0","0","","","0","N","0","","40 25:20.700","","0","79 55:39.980","0","0","0","0","2301","0","0","0","N","0","0","0","2","02301","0","","5.0","","1","N","N","N","0","","0","0","1","","0","N","","1","0","0","0","0","0","0","2","0","1","","","","N","","","","","","","","","",""
"2022066771","1129","0","0","0","0","0","0","0","0","0","5","0","","02","7","2022","6","40.570666","-79.787517","1129","11","0","0","0","0","0","2","0","0","","0","0","0","","","0","","1","","40 34:14.396","4","0","79 47:15.062","0","0","0","0","2206","0","0","0","N","0","0","0","2","02206","0","","1.0","1217.0","1","N","N","N","0","","0","0","2","","3","N","","2","0","0","0","0","0","0","2","0","2","","","","N","","","","","","","","","",""
"2022076331","0133","2","0","0","0","0","0","0","0","0","2","0","","02","7","2022","5","40.428976","-79.956089","0133","11","0","0","0","0","0","0","0","0","","0","0","0","","","2","N","0","","40 25:44.313","2","0","79 57:21.920","3","0","0","0","2301","0","0","0","N","0","0","0","2","68B03","0","","1.0","220.0","1","N","N","N","0","","1","0","0","","0","N","","2","2","0","0","0","1","0","2","0","2","","03","","N","","","","","","","","","",""
"2022103187","0947","1","0","0","0","0","0","0","0","0","4","1","","02","10","2022","2","40.42872","-80.029486","0934","11","0","0","0","0","1","0","0","0","","0","1","0","","","0","N","0","","40 25:43.392","","0","80 01:46.150","0","0","0","0","2301","0","0","0","N","0","0","0","2","68B03","0","","1.0","","9","N","N","N","0","","0","0","0","","0","","","2","0","0","0","0","0","0","2","0","2","","","","N","","","","","","","","","",""
"2022065051","0712","0","0","0","0","0","0","0","0","0","4","0","","02","7","2022","6","40.522184","-79.81106","0702","11","0","0","0","0","0","0","1","1","","0","0","0","","","1","","2","","40 31:19.864","","0","79 48:39.817","3","0","0","1","2466","0","0","0","N","0","0","0","2","02466","0","","1.0","","1","N","N","N","0","","1","0","1","","0","","","2","1","0","0","0","0","0","2","0","2","","98","","N","","","","","","","","","",""
"2022103798","1435","1","0","0","0","0","0","0","0","0","7","0","","02","10","2022","4","40.498915","-80.174793","1430","11","0","1","0","0","0","0","0","0","","0","0","0","","","2","N","0","","40 29:56.093","","0","80 10:29.255","3","0","0","0","2213","0","0","0","N","0","0","0","2","02213","0","","5.0","","9","N","N","N","0","","2","0","0","","0","","","1","2","0","0","0","0","0","2","0","1","","04","","N","","","","","","","","","",""
"2022069992","1358","1","0","0","0","0","0","0","0","0","1","0","","02","7","2022","5","40.33097","-80.070383","1357","11","0","0","0","0","0","0","0","0","","0","0","0","","","1","","6","","40 19:51.492","2","2","80 04:13.377","3","0","0","0","2123","0","0","0","N","0","0","0","2","02123","0","","1.0","1434.0","1","N","N","N","0","","1","0","1","","3","N","","2","1","0","0","0","0","0","2","0","2","","03","","N","","","","","","","","","",""
"2022103862","1809","2","0","0","0","0","0","0","0","0","2","0","","02","11","2022","2","40.457318","-79.909073","1802","11","0","0","0","0","0","1","0","1","","0","0","0","","","0","","2","","40 27:26.345","","0","79 54:32.662","0","0","0","0","2301","0","0","0","N","0","0","0","2","02301","0","","1.0","","1","N","N","N","0","","0","0","0","","2","","","2","0","1","0","0","0","0","2","0","2","","03","","N","","","","","","","","","",""
"2022066804","0434","0","0","0","0","0","0","0","0","0","7","0","","02","7","2022","4","40.52868","-79.770506","0434","11","0","0","0","0","0","1","0","0","","0","0","0","","","0","N","0","","40 31:43.249","","0","79 46:13.820","0","0","0","0","2466","0","0","0","N","0","0","0","2","02466","0","","2.0","","1","N","N","Y","0","","0","0","1","","0","","","1","0","0","0","0","0","0","2","0","1","","03","","N","","","","","","","","","",""
"2022066275","1700","0","0","0","0","0","0","0","0","0","1","0","","02","7","2022","2","40.522333","-80.084083","1658","11","0","0","0","0","0","0","1","0","","0","0","0","","","0","","2","","40 31:20.400","1","0","80 05:02.700","0","0","0","0","2211","0","0","0","N","0","0","0","2","02215","0","","1.0","1720.0","1","N","N","N","1","","0","0","1","","0","Y","","2","0","0","0","0","0","0","2","0","2","","","","N","","","","","","","","","",""
"2022066798","0238","1","0","0","0","0","0","0","0","0","1","0","","02","7","2022","1","40.405889","-79.832722","0232","11","0","0","1","0","0","0","0","0","","0","0","0","","","0","","5","","40 24:21.200","2","0","79 49:57.800","0","0","0","0","2467","0","0","0","N","0","0","0","4","02467","0","","1.0","305.0","9","N","N","N","0","","0","0","1","","3","Y","","2","0","0","0","0","0","0","2","0","2","","","","N","","","","","","","","","",""
"2022102296","1730","0","0","0","0","0","0","0","0","0","2","0","","02","11","2022","4","40.283661","-79.987379","1730","11","0","0","0","0","0","1","0","0","","0","0","0","","","1","N","3","","40 17:01.181","2","0","79 59:14.564","3","0","0","0","2219","0","0","0","N","0","0","0","3","02219","0","","1.0","1835.0","1","N","N","N","1","","1","0","1","","3","N","","2","1","0","0","0","0","0","2","0","2","","03","","N","","","","","","","","","",""
"2022065445","0152","1","0","0","0","0","0","0","0","0","7","0","","02","7","2022","1","40.410472","-79.918111","0150","11","0","0","0","0","1","0","0","0","","0","0","0","","","0","N","0","","40 24:37.700","1","3","79 55:05.200","0","0","0","0","2438","0","0","0","N","0","0","0","1","02438","0","","1.0","228.0","9","N","N","N","0","","0","0","0","","0","Y","","1","0","0","0","0","0","0","2","0","1","","","","N","","","","","","","","","",""
"2022067727","1456","1","0","0","0","0","0","0","0","0","7","0","","02","7","2022","5","40.462342","-79.759725","1452","11","0","0","0","0","0","0","0","1","","0","0","0","","","2","N","0","","40 27:44.430","5","0","79 45:35.010","2","0","0","0","2466","0","0","0","N","0","0","0","2","02466","1","","5.0","1555.0","1","N","N","N","0","","0","1","0","","0","Y","","1","2","2","0","1","0","0","2","0","1","","03","","N","","","","","","","","","",""
"2022106318","1002","1","0","0","0","0","0","0","0","0","4","0","","02","11","2022","4","40.482919","-80.045352","0958","11","0","0","0","0","1","0","0","0","","0","0","0","","","2","N","1","","40 28:58.508","5","0","80 02:43.267","3","0","0","0","2301","0","0","0","N","0","0","0","3","02301","0","","1.0","1230.0","1","N","N","N","0","","2","0","2","","3","N","","3","2","0","0","0","0","0","2","0","3","","03","","N","","","","","","","","","",""
"2022104536","0029","0","0","0","0","0","0","0","0","0","98","0","","02","11","2022","2","40.601664","-79.933478","0015","11","0","0","0","0","0","1","0","0","","0","0","0","","","0","N","0","","40 36:05.992","","0","79 56:00.522","0","0","0","0","2207","0","0","0","N","0","0","0","2","68T02","0","","1.0","","1","N","N","N","0","","0","0","1","","0","","","1","0","0","0","0","0","0","2","0","1","","","","N","","","","","","","","","",""
"2022103134","1500","1","0","0","0","0","0","0","0","0","4","0","","02","11","2022","6","40.356422","-80.113431","1455","11","0","0","0","0","0","0","0","0","","0","0","0","","","0","N","0","","40 21:23.118","","7","80 06:48.352","0","0","0","0","2414","0","0","0","N","0","0","0","2","02414","0","","1.0","","1","N","N","N","0","","0","0","1","","0","","","2","0","0","0","0","0","0","2","0","2","","03","","N","","","","","","","","","",""
"2022105590","1453","1","0","0","0","0","0","0","0","0","4","0","","02","11","2022","6","40.578874","-79.953149","1448","11","0","1","0","0","0","0","0","0","","0","0","0","","","0","","3","","40 34:43.946","2","0","79 57:11.335","0","0","0","0","2207","0","0","0","N","0","0","0","3","02207","0","","1.0","1528.0","9","N","N","N","1","","0","0","0","","3","N","","2","0","0","0","0","0","0","2","0","2","","","","N","","","","","","","","","",""
"2022064819","1620","1","0","0","0","0","0","0","0","0","7","0","","02","7","2022","5","40.475529","-79.848493","1609","11","0","0","0","0","0","0","0","1","","0","0","0","","","1","N","1","","40 28:31.904","3","0","79 50:54.576","3","0","0","0","2113","0","0","0","N","0","0","0","1","02113","0","","4.0","1635.0","1","N","N","N","0","","1","0","0","","2","N","","1","1","0","0","0","0","0","2","0","1","","03","","N","","","","","","","","","",""
"2022104863","1631","0","0","0","0","0","0","0","0","0","1","0","","02","10","2022","6","40.435499","-79.867016","1622","11","0","0","0","0","0","1","0","0","","0","0","0","","","1","N","0","","40 26:07.797","","0","79 52:01.256","3","0","0","0","2478","0","0","0","N","0","0","0","2","68B03","0","","1.0","","1","N","N","N","0","","1","0","2","","0","","","2","1","0","0","0","0","0","2","0","2","","","","N","","","","","","","","","",""
"2022104161","0929","0","0","0","0","0","0","0","0","0","1","0","","02","11","2022","4","40.425333","-79.754428","0927","11","0","0","0","0","0","2","1","0","","0","0","0","","","1","","2","","40 25:31.197","1","0","79 45:15.942","4","0","0","0","2446","0","0","0","N","0","0","0","3","02446","1","","1.0","1005.0","1","N","N","N","2","","0","0","1","","2","N","","3","1","0","0","0","0","0","2","0","3","","","","N","","","","","","","","","",""
"2022077973","0626","1","0","0","0","0","0","0","0","0","1","0","","02","7","2022","5","40.425867","-79.901278","0610","11","0","0","0","0","0","0","0","0","","0","0","0","","","0","N","0","","40 25:33.122","","0","79 54:04.599","0","0","0","0","2301","0","0","0","N","0","0","0","4","68B03","0","","1.0","","1","N","N","N","0","","0","0","1","","0","","","2","0","0","0","0","0","0","2","0","2","","03","","N","","","","","","","","","",""
"2022065865","1420","1","0","0","0","0","0","0","0","0","1","0","","02","7","2022","2","40.388387","-79.996748","1416","11","0","0","0","1","0","1","0","0","","0","0","0","","","0","N","0","","40 23:18.192","","0","79 59:48.292","0","0","0","0","2301","0","0","0","N","0","0","0","2","02301","0","","1.0","","9","N","N","N","0","","0","0","1","","0","N","","2","0","0","0","0","0","0","2","0","2","","03","","N","","","","","","","","","",""
"2022075527","1450","2","0","0","0","0","0","0","0","0","1","0","","02","8","2022","5","40.449706","-80.025099","1447","11","0","0","0","0","0","1","0","0","","0","0","0","","","2","","2","","40 26:58.940","3","2","80 01:30.356","4","0","0","0","2301","0","0","0","N","0","0","0","2","02301","1","","1.0","1520.0","1","N","N","N","0","","0","0","0","","2","Y","","2","2","0","0","0","1","0","2","0","2","","03","","N","","","","","","","","","",""
"2022102735","0812","1","0","0","0","0","0","0","0","0","1","0","","02","11","2022","5","40.633115","-79.957507","0801","11","0","0","0","0","0","0","0","0","","0","0","0","","","0","","2","","40 37:59.213","","0","79 57:27.024","0","0","0","0","2217","0","0","0","N","0","0","0","2","02505","0","","1.0","","1","N","N","N","0","","0","0","1","","0","N","","2","0","0","0","0","0","0","2","0","2","","","","N","","","","","","","","","",""
"2022104300","2132","0","0","0","0","0","0","0","0","0","7","0","","02","10","2022","3","40.508152","-80.044821","2103","11","0","0","0","0","0","0","0","0","","0","0","0","","","0","N","0","","40 30:29.347","1","0","80 02:41.357","0","0","0","0","2116","0","0","0","Y","0","0","0","2","68B03","0","","2.0","2200.0","1","N","N","N","0","","0","0","1","","0","N","","1","0","0","0","0","0","0","2","0","1","","03","","N","","","","","","","","","",""
"2022066351","1935","0","0","0","0","0","0","0","0","0","2","0","","02","7","2022","3","40.454306","-80.058389","1928","11","0","0","0","0","0","1","1","0","","0","0","0","","","1","N","1","","40 27:15.500","","0","80 03:30.200","8","0","0","0","2301","0","0","0","N","0","0","0","2","02301","0","","1.0","","1","N","N","N","0","","0","0","2","","0","","","2","1","0","0","0","1","1","2","0","2","","03","","N","","","","","","","","","",""
"2022104837","0020","0","0","0","0","0","0","0","0","0","98","0","","02","10","2022","1","40.459159","-80.190044","0018","11","0","0","0","0","0","1","0","0","","0","0","0","","","0","N","0","","40 27:32.971","","0","80 11:24.159","0","0","0","0","2213","0","0","0","N","0","0","0","5","68B03","0","","1.0","","1","N","N","N","1","","0","0","0","","0","","","1","0","0","0","0","0","0","2","0","1","","","","N","","","","","","","","","",""
"2022067044","1730","1","0","0","0","0","0","0","0","0","2","0","","02","7","2022","5","40.427659","-79.977714","1720","11","0","0","0","0","0","0","0","0","","0","0","0","","","0","","1","","40 25:39.574","","0","79 58:39.769","0","0","0","0","2301","0","0","0","N","0","0","0","2","02301","0","","1.0","","1","N","N","N","0","","0","0","1","","2","","","2","0","0","0","0","0","0","2","0","2","","03","","N","","","","","","","","","",""
"2022104974","1753","0","0","0","0","0","0","0","0","0","7","0","","02","11","2022","3","40.393977","-79.887451","1739","11","0","0","0","0","0","1","0","0","","0","0","0","","","0","N","0","","40 23:38.318","","0","79 53:14.825","0","0","0","0","2473","0","0","0","N","0","0","0","1","02473","0","","2.0","","1","N","N","N","1","","0","0","0","","0","","","1","0","1","0","0","0","0","2","0","1","","03","","N","","","","","","","","","",""
"2022064966","2257","0","0","0","0","0","0","0","0","0","5","0","","02","7","2022","5","40.428265","-79.972027","2247","11","0","0","0","0","0","1","0","0","","0","0","0","","","0","N","0","","40 25:41.755","","0","79 58:19.296","0","0","0","0","2301","0","0","0","N","0","0","0","2","02301","0","","1.0","","1","N","N","N","0","","0","0","2","","0","","","2","0","0","0","0","0","0","2","0","2","","03","","N","","","","","","","","","",""
"2022067042","1749","1","0","0","0","0","0","0","0","0","1","0","","02","7","2022","5","40.453773","-80.040223","1743","11","0","0","0","0","0","0","1","0","","0","0","0","","","0","N","0","","40 27:13.584","","0","80 02:24.803","9","0","0","0","2301","0","0","0","N","0","0","0","3","02301","0","","1.0","","1","N","N","N","1","","0","0","1","","2","","","3","0","0","0","0","0","1","2","0","3","","03","","N","","","","","","","","","",""
"2022114525","1708","1","0","0","0","0","0","0","0","0","6","0","","02","12","2022","5","40.522157","-79.973449","1657","11","0","0","0","0","0","0","0","1","","0","0","0","","","0","N","0","","40 31:19.764","5","7","79 58:24.416","0","0","0","0","2118","0","0","0","N","0","0","0","2","02118","0","","1.0","1730.0","1","N","N","N","0","","0","0","1","","3","N","","2","0","0","0","0","0","0","2","0","2","","03","","N","","","","","","","","","",""
"2022103079","0902","1","0","0","0","0","0","0","0","0","4","0","","02","10","2022","7","40.312432","-80.032291","0857","11","0","0","0","1","0","0","0","0","","0","0","0","","","0","N","0","","40 18:44.755","","7","80 01:56.248","0","0","0","0","2407","0","0","0","N","0","0","0","2","02407","0","","1.0","","1","N","N","N","0","","0","0","1","","0","","","2","0","0","0","0","0","0","2","0","2","","","","N","","","","","","","","","",""
"2022077449","1703","1","0","0","0","0","0","0","0","0","4","0","","02","8","2022","4","40.435928","-79.959121","1657","11","0","0","0","0","1","1","0","0","","0","0","0","","","0","","2","","40 26:09.340","","0","79 57:32.835","0","0","0","0","2301","0","0","0","N","0","0","0","2","02301","0","","1.0","","1","N","N","N","0","","0","0","1","","0","","","2","0","1","0","0","0","0","2","0","2","","03","","N","","","","","","","","","",""
"2022065517","1649","1","0","0","0","0","0","0","0","0","4","0","","02","7","2022","1","40.389557","-79.93275","1646","11","0","0","0","0","0","2","0","0","","0","0","0","","","0","N","0","","40 23:22.405","","7","79 55:57.901","0","0","0","0","2301","0","0","0","N","0","0","0","4","02301","0","","1.0","","9","N","N","N","0","","0","0","1","","0","","","2","0","0","0","0","0","0","2","0","2","","","","N","","","","","","","","","",""
"2022104200","1451","1","0","0","0","0","0","0","0","0","5","0","","02","11","2022","3","40.435469","-79.952023","1436","11","0","0","0","0","0","0","0","0","","0","0","0","","","0","N","0","","40 26:07.688","1","0","79 57:07.283","0","0","0","0","2301","0","0","0","N","0","0","0","1","02301","0","","1.0","1538.0","1","N","N","N","0","","0","0","1","","0","N","","2","0","0","0","0","0","0","2","0","2","","03","","N","","","","","","","","","",""
"2022104334","0636","1","0","0","0","0","0","0","0","0","1","0","","02","11","2022","5","40.4134","-80.08104","0617","11","0","0","0","0","0","1","0","0","","0","0","0","","","3","N","0","","40 24:48.239","3","0","80 04:51.744","4","0","0","0","2415","0","0","0","N","0","0","0","4","68B03","2","","1.0","705.0","1","N","N","N","0","","0","0","2","","0","N","","3","3","0","0","0","1","0","2","0","3","","","","N","","","","","","","","","",""
"2022105454","0048","1","0","0","0","0","0","0","0","0","98","0","","02","11","2022","2","40.473044","-79.765874","0003","11","0","0","0","0","0","1","0","0","","0","0","0","","","0","N","0","","40 28:22.959","","0","79 45:57.148","0","0","0","0","2466","0","0","0","N","0","0","0","1","68T02","0","","1.0","","1","N","N","N","0","","0","0","0","","0","","","1","0","0","0","0","0","0","2","0","1","","","","N","","","","","","","","","",""
"2022067148","0216","1","0","0","0","0","0","0","0","0","7","0","","02","7","2022","5","40.461099","-79.871265","0206","11","0","0","0","0","0","0","0","0","","0","0","0","","","0","N","0","","40 27:39.957","","0","79 52:16.555","0","0","0","0","2301","0","0","0","N","0","0","0","1","02301","0","","5.0","","1","N","N","N","0","","0","0","0","","0","","","1","0","0","0","0","0","0","2","0","1","","","","N","","","","","","","","","",""
"2022066131","0737","0","0","0","0","0","0","0","0","0","7","0","","02","7","2022","3","40.629244","-80.016785","0732","11","0","0","0","1","0","0","0","0","","0","0","0","","","1","N","0","","40 37:45.279","2","0","80 01:00.427","3","0","0","1","2216","0","0","0","N","0","0","0","1","02505","0","","4.0","819.0","1","N","N","N","0","","1","0","0","","0","N","","1","1","0","0","0","0","0","2","0","1","","","","N","","","","","","","","","",""
"2022103796","1847","0","0","0","0","0","0","0","0","0","4","0","","02","11","2022","1","40.356271","-80.071544","1843","11","0","0","0","0","0","0","0","0","","0","0","0","","","0","N","0","","40 21:22.575","5","0","80 04:17.559","9","0","0","0","2123","0","0","0","N","0","0","0","4","02123","0","","1.0","2035.0","1","N","N","N","0","","0","0","2","","0","N","","2","0","0","0","0","0","2","2","0","2","","03","","N","","","","","","","","","",""
"2022099207","1736","0","0","0","0","0","0","0","0","0","1","0","","02","10","2022","2","40.457988","-79.708385","1734","11","0","0","0","0","0","0","0","0","","0","0","0","","","0","N","1","","40 27:28.755","3","0","79 42:30.185","0","0","0","0","2466","0","0","0","N","0","0","0","3","02466","0","","1.0","1800.0","1","N","N","N","1","","0","0","1","","2","N","","2","0","0","0","0","0","0","2","0","2","","03","","N","","","","","","","","","",""
"2022066622","1502","0","0","0","0","0","0","0","0","0","1","0","","02","7","2022","4","40.444972","-80.185694","1433","11","0","0","0","0","0","1","0","0","","0","0","0","","","1","Y","0","","40 26:41.900","","0","80 11:08.500","4","0","0","0","2203","0","0","0","N","0","0","0","2","02203","1","","1.0","","1","N","N","N","0","","0","0","2","","0","","","2","1","0","0","0","0","0","2","0","2","","03","","N","","","","","","","","","",""
"2022067263","1015","0","0","0","0","0","0","0","0","0","4","0","","02","7","2022","6","40.396116","-79.997108","1000","11","0","0","0","0","0","0","0","0","","0","0","0","","","1","N","1","","40 23:46.019","","0","79 59:49.588","3","0","0","0","2301","0","0","0","N","0","0","0","3","02301","0","","1.0","","1","N","N","N","0","","1","0","1","","3","","","2","1","3","0","0","0","0","2","1","2","","03","","N","","","","","","","","","",""
"2022104854","1531","0","0","0","0","0","0","0","0","0","1","2","","02","10","2022","5","40.477978","-80.119084","1525","11","0","0","0","0","0","0","0","0","","0","2","0","","","0","N","0","","40 28:40.722","","0","80 07:08.703","0","0","0","0","2126","0","0","0","N","0","0","0","2","68B03","0","","2.0","","1","N","N","N","0","","0","0","0","","0","","","2","0","0","0","0","0","0","2","0","2","","","","N","","","","","","","","","",""
"2022072530","1809","0","0","0","0","0","0","0","0","0","1","0","","02","7","2022","4","40.429734","-79.957044","1805","11","0","0","0","0","0","1","0","1","","0","0","0","","","0","N","0","","40 25:47.043","3","0","79 57:25.357","0","0","0","0","2301","0","0","0","N","0","0","0","4","68B03","0","","1.0","1910.0","1","N","N","N","1","","0","0","3","","0","N","","4","0","0","0","0","0","0","2","0","4","","","","N","","","","","","","","","",""
"2022066886","1219","2","0","0","0","0","0","0","0","0","4","0","","02","7","2022","6","40.534889","-80.17525","1215","11","0","0","0","0","0","1","0","0","","0","0","0","","","0","","1","","40 32:05.600","","0","80 10:30.900","0","0","0","0","2458","0","0","0","N","0","0","0","3","02458","0","","1.0","","1","N","N","N","0","","0","0","0","","3","","","2","0","0","0","0","0","0","2","0","2","","","","N","","","","","","","","","",""
"2022114564","0245","0","0","0","0","0","0","0","0","0","2","0","","02","12","2022","2","40.406495","-79.887738","0243","11","0","0","0","0","0","0","0","0","","0","0","0","","","0","N","0","","40 24:23.381","","0","79 53:15.858","9","0","0","0","2448","0","0","0","N","0","0","0","1","02448","0","","6.0","","1","N","N","N","0","","0","0","2","","0","N","","2","0","0","0","0","0","1","2","0","2","","","","N","","","","","","","","","",""
"2022114517","2035","2","0","0","0","0","0","0","0","0","1","0","","02","12","2022","1","40.336423","-79.971599","2031","11","0","0","0","0","0","0","0","0","","0","0","0","","","1","N","0","","40 20:11.123","","0","79 58:17.755","3","0","0","0","2454","0","0","0","N","0","0","0","4","02454","0","","1.0","","1","N","N","N","0","","1","0","0","","0","","","2","1","1","0","0","0","0","2","0","2","","03","","N","","","","","","","","","",""
"2022080485","1655","1","0","0","0","0","0","0","0","0","7","0","","02","8","2022","2","40.378167","-79.807639","1653","11","1","0","0","0","0","0","0","0","","0","0","0","","","0","N","0","","40 22:41.400","2","0","79 48:27.500","0","0","0","0","2111","0","0","0","N","0","0","0","1","02111","0","","4.0","1720.0","1","N","N","N","0","","0","0","0","","0","N","","1","0","0","0","0","0","0","2","0","1","","03","","N","","","","","","","","","",""
"2022067313","1510","1","0","0","0","0","0","0","0","0","7","0","","02","7","2022","4","40.387543","-79.965743","1510","11","0","0","1","0","0","0","0","0","","0","0","0","","","0","N","0","","40 23:15.155","2","0","79 57:56.675","0","0","0","0","2403","0","0","0","N","0","0","0","1","02403","0","","2.0","1548.0","1","N","N","N","0","","0","0","0","","0","N","","1","0","0","0","0","0","0","2","0","1","","","","N","","","","","","","","","",""
"2022067410","2310","2","0","0","0","0","0","0","0","0","4","0","","02","7","2022","6","40.457389","-79.974861","2255","11","0","0","0","0","0","0","0","0","","0","0","0","","","0","N","0","","40 27:26.600","4","0","79 58:29.500","0","0","0","0","2301","0","0","0","N","0","0","0","3","02301","0","","1.0","2325.0","1","N","N","N","0","","0","0","1","","0","N","","3","0","0","0","0","0","0","2","0","3","","03","","N","","","","","","","","","",""
"2022066150","0723","2","0","0","0","0","0","0","0","0","5","0","","02","7","2022","3","40.401689","-79.832823","0716","11","0","0","0","0","0","0","0","0","","0","0","0","","","0","N","0","","40 24:06.079","","0","79 49:58.163","0","0","0","0","2467","0","0","0","N","0","0","0","2","02467","0","","1.0","","1","N","N","N","0","","0","0","0","","0","","","2","0","0","0","0","0","0","2","0","2","","03","","N","","","","","","","","","",""
"2022064529","1801","1","0","0","0","0","0","0","0","0","2","0","","02","7","2022","4","40.451502","-79.908158","1753","11","0","0","0","0","0","0","0","0","","0","0","0","","","2","","1","","40 27:05.406","4","0","79 54:29.369","3","0","0","0","2301","0","0","0","N","0","0","0","4","02301","0","","1.0","1900.0","1","N","N","N","0","","2","0","1","","2","N","","2","2","0","0","0","0","0","2","0","2","","","","N","","","","","","","","","",""
"2022102711","1326","0","0","0","0","0","0","0","0","0","7","0","","02","10","2022","7","40.50627","-80.043084","1323","11","0","0","0","0","0","1","1","0","","0","0","0","","","1","N","2","","40 30:22.572","7","3","80 02:35.102","8","0","0","0","2116","0","0","0","Y","0","0","0","3","02116","0","","2.0","1416.0","1","N","N","N","0","","0","0","1","","0","Y","","2","1","1","0","0","1","0","2","1","2","","","","N","","","","","","","","","",""