"CRN","ARRIVAL_TM","AUTOMOBILE_COUNT","BELTED_DEATH_COUNT","BELTED_SUSP_SERIOUS_INJ_COUNT","BICYCLE_COUNT","BICYCLE_DEATH_COUNT","BICYCLE_SUSP_SERIOUS_INJ_COUNT","BUS_COUNT","CHLDPAS_DEATH_COUNT","CHLDPAS_SUSP_SERIOUS_INJ_COUNT","COLLISION_TYPE","COMM_VEH_COUNT","CONS_ZONE_SPD_LIM","COUNTY","CRASH_MONTH","CRASH_YEAR","DAY_OF_WEEK","DEC_LATITUDE","DEC_LONGITUDE","DISPATCH_TM","DISTRICT","DRIVER_COUNT_16YR","DRIVER_COUNT_17YR","DRIVER_COUNT_18YR","DRIVER_COUNT_19YR","DRIVER_COUNT_20YR","DRIVER_COUNT_50_64YR","DRIVER_COUNT_65_74YR","DRIVER_COUNT_75PLUS","EST_HRS_CLOSED","FATAL_COUNT","HEAVY_TRUCK_COUNT","HORSE_BUGGY_COUNT","HOUR_OF_DAY","ILLUMINATION","INJURY_COUNT","INTERSECTION_RELATED","INTERSECT_TYPE","LANE_CLOSED","LATITUDE","LN_CLOSE_DIR","LOCATION_TYPE","LONGITUDE","MAX_SEVERITY_LEVEL","MCYCLE_DEATH_COUNT","MCYCLE_SUSP_SERIOUS_INJ_COUNT","MOTORCYCLE_COUNT","MUNICIPALITY","NONMOTR_COUNT","NONMOTR_DEATH_COUNT","NONMOTR_SUSP_SERIOUS_INJ_COUNT","NTFY_HIWY_MAINT","PED_COUNT","PED_DEATH_COUNT","PED_SUSP_SERIOUS_INJ_COUNT","PERSON_COUNT","POLICE_AGCY","POSSIBLE_INJ_COUNT","RDWY_SURF_TYPE_CD","RELATION_TO_ROAD","ROADWAY_CLEARED","ROAD_CONDITION","SCH_BUS_IND","SCH_ZONE_IND","SECONDARY_CRASH","SMALL_TRUCK_COUNT","SPEC_JURIS_CD","SUSP_MINOR_INJ_COUNT","SUSP_SERIOUS_INJ_COUNT","SUV_COUNT","TCD_FUNC_CD","TCD_TYPE","TFC_DETOUR_IND","TIME_OF_DAY","TOTAL_UNITS","TOT_INJ_COUNT","UNBELTED_OCC_COUNT","UNB_DEATH_COUNT","UNB_SUSP_SERIOUS_INJ_COUNT","UNK_INJ_DEG_COUNT","UNK_INJ_PER_COUNT","URBAN_RURAL","VAN_COUNT","VEHICLE_COUNT","WEATHER1","WEATHER2","WORKERS_PRES","WORK_ZONE_IND","WORK_ZONE_LOC","WORK_ZONE_TYPE","WZ_CLOSE_DETOUR","WZ_FLAGGER","WZ_LAW_OFFCR_IND","WZ_LN_CLOSURE","WZ_MOVING","WZ_OTHER","WZ_SHLDER_MDN","WZ_WORKERS_INJ_KILLED"
"2022068548","1847","0","0","0","0","0","0","0","0","0","1","0","","02","7","2022","4","40.436794","-79.758208","1837","11","0","0","1","0","0","1","0","0","","0","0","0","","","0","","1","","40 26:12.457","","0","79 45:29.547","0","0","0","0","2446","0","0","0","N","0","0","0","2","02446","0","","1.0","","1","N","N","N","0","","0","0","2","","2","","","2","0","0","0","0","0","0","2","0","2","","","","N","","","","","","","","","",""
"2022067040","1752","1","0","0","0","0","0","0","0","0","4","0","","02","7","2022","5","40.454218","-79.948539","1742","11","0","0","0","0","0","1","0","0","","0","0","0","","","0","","1","","40 27:15.186","","0","79 56:54.741","0","0","0","0","2301","0","0","0","N","0","0","0","2","02301","0","","1.0","","1","N","N","N","0","","0","0","1","","2","","","2","0","0","0","0","0","0","2","0","2","","","","N","","","","","","","","","",""
"2022104878","0838","0","0","0","0","0","0","0","0","0","7","0","","02","10","2022","2","40.427501","-79.953247","0830","11","0","0","0","0","0","0","0","0","","0","0","0","","","0","N","0","","40 25:39.002","","0","79 57:11.689","0","0","0","0","2301","0","0","0","N","0","0","0","1","68B03","0","","4.0","","8","N","N","N","0","","0","0","1","","0","","","1","0","0","0","0","0","0","2","0","1","","","","N","","","","","","","","","",""
"2022076336","2108","2","0","0","0","0","0","0","0","0","5","0","","02","7","2022","1","40.435946","-79.974314","2052","11","0","0","0","0","0","0","0","0","","0","0","0","","","0","N","0","","40 26:09.406","3","0","79 58:27.529","0","0","0","0","2301","0","0","0","N","0","0","0","2","68B03","0","","1.0","2150.0","9","N","N","N","0","","0","0","0","","0","N","","3","0","0","0","0","0","0","2","0","2","","03","","N","","","","","","","","","",""
"2022066363","2206","0","0","0","0","0","0","0","0","0","1","0","","02","7","2022","3","40.464232","-79.978611","2202","11","0","0","1","0","0","0","0","0","","0","0","0","","","0","N","0","","40 27:51.235","","0","79 58:42.999","0","0","0","0","2301","0","0","0","N","0","0","0","4","02301","0","","1.0","","1","N","N","N","0","","0","0","2","","0","","","2","0","0","0","0","0","0","2","0","2","","03","","N","","","","","","","","","",""
"2022104514","0716","1","0","0","0","0","0","0","0","0","98","0","","02","11","2022","5","40.556095","-79.810231","0708","11","0","0","0","0","0","1","0","0","","0","0","0","","","0","N","0","","40 33:21.942","","0","79 48:36.831","0","0","0","0","2121","0","0","0","N","0","0","0","1","68D02","0","","1.0","","1","N","N","N","0","","0","0","0","","0","","","1","0","0","0","0","0","0","2","0","1","","05","","N","","","","","","","","","",""
"2022080211","1403","1","0","0","0","0","0","0","0","0","4","0","","02","8","2022","5","40.382156","-79.904947","1400","11","0","0","0","0","0","1","0","0","","0","0","0","","","1","N","0","","40 22:55.760","5","0","79 54:17.810","8","0","0","0","2448","0","0","0","N","0","0","0","2","02448","0","","1.0","1444.0","1","N","N","N","0","","0","0","1","","0","Y","","2","1","0","0","0","1","0","2","0","2","","03","","N","","","","","","","","","",""
"2022103764","1400","0","0","0","0","0","0","0","0","0","8","1","","02","11","2022","2","40.414417","-79.988","1355","11","0","0","0","0","0","1","0","0","","0","1","0","","","1","","1","","40 24:51.900","","0","79 59:16.800","8","0","0","0","2301","1","0","0","N","1","0","0","2","02301","0","","1.0","","1","N","N","N","0","","0","0","0","","0","","","2","1","0","0","0","1","0","2","0","1","","03","","N","","","","","","","","","",""
"2022075821","0759","0","0","0","0","0","0","0","0","0","8","0","","02","8","2022","6","40.672389","-80.02175","0754","11","0","0","0","0","0","1","0","0","","0","0","0","","","1","N","2","","40 40:20.600","3","0","80 01:18.300","8","0","0","0","2216","1","0","0","N","1","0","0","2","02505","0","","1.0","814.0","1","N","N","N","0","","0","0","1","","3","N","","2","1","0","0","0","1","0","2","0","1","","","","N","","","","","","","","","",""
"2022064617","2028","0","0","0","2","0","0","0","0","0","8","0","","02","7","2022","4","40.442278","-79.978333","2026","11","0","0","0","0","0","0","0","0","","0","0","0","","","2","N","2","","40 26:32.200","","0","79 58:42.000","8","0","0","0","2301","2","0","0","N","0","0","0","6","02301","0","","1.0","","9","N","N","N","0","","0","0","1","","3","","","3","2","3","0","0","2","0","2","0","1","","04","","N","","","","","","","","","",""
"2022104794","1720","1","0","0","0","0","0","0","0","0","5","0","","02","11","2022","4","40.430211","-80.013634","1710","11","0","0","0","0","0","1","0","0","","0","0","0","","","0","N","2","","40 25:48.760","2","0","80 00:49.081","0","0","0","0","2301","0","0","0","N","0","0","0","3","02301","0","","1.0","1818.0","1","N","N","N","0","","0","0","2","","2","N","","3","0","0","0","0","0","0","2","0","3","","","","N","","","","","","","","","",""
"2022104935","0850","1","0","0","0","0","0","0","0","0","2","0","","02","11","2022","5","40.360485","-79.90769","0846","11","0","0","0","0","0","0","1","1","","0","0","0","","","2","","2","","40 21:37.746","5","0","79 54:27.685","4","0","0","0","2473","0","0","0","N","0","0","0","3","02473","2","","1.0","930.0","1","N","N","N","0","","0","0","1","","2","Y","","2","2","0","0","0","0","1","2","0","2","","03","","N","","","","","","","","","",""
"2022093302","2015","1","0","0","0","0","0","0","0","0","1","0","","02","10","2022","1","40.386273","-79.979743","2008","11","0","0","0","0","0","0","0","0","","0","0","0","","","0","N","0","","40 23:10.583","","0","79 58:47.073","9","0","0","0","2301","0","0","0","N","0","0","0","1","02301","0","","6.0","","1","N","N","N","1","","0","0","1","","0","","","3","0","0","0","0","0","1","2","0","3","","","","N","","","","","","","","","",""
"2022103617","2253","0","0","0","0","0","0","0","0","0","5","0","","02","10","2022","4","40.428939","-79.945111","2239","11","0","0","0","0","0","1","0","0","","0","0","0","","","0","N","0","","40 25:44.181","4","0","79 56:42.401","9","0","0","0","2301","0","0","0","N","0","0","0","2","68B03","0","","1.0","2319.0","1","N","N","N","0","","0","0","2","","0","N","","2","0","0","0","0","0","1","2","0","2","","","","N","","","","","","","","","",""
"2022067961","1451","0","0","0","0","0","0","0","0","0","1","0","","02","7","2022","7","40.483084","-79.898371","1445","11","0","0","0","0","0","0","0","0","","0","0","0","","","0","Y","0","","40 28:59.104","3","0","79 53:54.136","0","0","0","0","2301","0","0","0","N","0","0","0","2","02301","0","","1.0","1510.0","1","N","N","N","0","","0","0","2","","0","N","","2","0","0","0","0","0","0","2","0","2","","","","N","","","","","","","","","",""
"2022104830","1644","1","0","1","0","0","0","0","0","0","1","0","","02","10","2022","6","40.657496","-80.091815","1630","11","0","0","1","0","0","0","2","0","","0","0","0","","","1","N","0","","40 39:26.987","1","0","80 05:30.534","2","0","0","0","2212","0","0","0","N","0","0","0","7","68B03","0","","1.0","1730.0","1","N","N","N","2","","0","1","2","","0","N","","5","1","0","0","0","0","0","2","0","5","","","","N","","","","","","","","","",""
"2022097900","1340","1","0","0","0","0","0","0","0","0","4","0","","02","10","2022","6","40.447083","-79.947278","1330","11","0","0","1","0","1","0","0","0","","0","0","0","","","0","N","1","","40 26:49.500","1","0","79 56:50.200","0","0","0","0","2301","0","0","0","N","0","0","0","3","02301","0","","1.0","1405.0","1","N","N","N","0","","0","0","1","","2","Y","","2","0","0","0","0","0","0","2","0","2","","03","","N","","","","","","","","","",""
"2022112042","1837","0","0","0","0","0","0","0","0","0","6","0","","02","11","2022","6","40.656356","-80.050098","1834","11","0","0","0","0","0","1","0","1","","0","0","0","","","1","N","0","","40 39:22.882","5","0","80 03:00.354","4","0","0","0","2216","0","0","0","N","0","0","0","4","02505","1","","1.0","1919.0","1","N","N","Y","0","","0","0","2","","0","N","","2","1","0","0","0","0","0","2","0","2","","","","N","","","","","","","","","",""
"2022064978","0021","0","0","0","0","0","0","0","0","0","7","0","","02","7","2022","6","40.392381","-80.157786","0014","11","0","1","0","0","0","0","0","0","","0","0","0","","","0","N","0","","40 23:32.570","6","0","80 09:28.029","0","0","0","0","2102","0","0","0","N","0","0","0","1","02102","0","","5.0","105.0","1","N","N","N","0","","0","0","1","","0","N","","1","0","0","0","0","0","0","2","0","1","","03","","N","","","","","","","","","",""
"2022066768","1930","0","0","0","0","0","0","0","0","0","8","0","","02","7","2022","4","40.450639","-79.972667","1927","11","0","0","0","0","0","0","0","0","","0","0","0","","","1","N","0","","40 27:02.300","","0","79 58:21.600","8","0","0","0","2301","1","0","0","N","1","0","0","2","02301","0","","1.0","","1","N","N","N","0","","0","0","1","","0","","","2","1","0","0","0","1","0","2","0","1","","03","","N","","","","","","","","","",""
"2022113999","0140","1","0","0","0","0","0","0","0","0","1","0","","02","12","2022","7","40.450833","-79.972193","0135","11","0","0","0","0","0","0","0","0","","0","0","0","","","0","N","1","","40 27:02.999","3","0","79 58:19.894","0","0","0","0","2301","0","0","0","N","0","0","0","1","02301","0","","2.0","221.0","1","N","N","N","0","","0","0","0","","0","N","","2","0","0","0","0","0","0","2","0","2","","03","","N","","","","","","","","","",""
"2022097886","1253","0","0","0","0","0","0","0","0","0","5","0","","02","10","2022","4","40.448432","-80.158021","1250","11","0","0","0","1","0","0","0","0","","0","0","0","","","0","N","1","","40 26:54.356","4","0","80 09:28.877","0","0","0","0","2115","0","0","0","N","0","0","0","2","02115","0","","1.0","1336.0","1","N","N","N","1","","0","0","1","","2","N","","2","0","0","0","0","0","0","2","0","2","","","","N","","","","","","","","","",""
"2022094534","1915","1","0","0","0","0","0","0","0","0","4","0","","02","10","2022","1","40.472266","-79.92819","1900","11","0","0","0","0","0","0","0","0","","0","0","0","","","0","N","0","","40 28:20.156","","0","79 55:41.484","9","0","0","0","2301","0","0","0","N","0","0","0","1","02301","0","","6.0","","99","N","N","N","0","","0","0","0","","0","","","2","0","0","0","0","0","1","2","0","2","","","","N","","","","","","","","","",""
"2022104422","0255","2","0","0","0","0","0","0","0","0","4","0","","02","11","2022","4","40.449824","-79.801356","0250","11","0","0","0","0","0","1","0","0","","0","0","0","","","1","N","0","","40 26:59.368","5","0","79 48:04.882","8","0","0","0","2113","0","0","0","N","0","0","0","1","02113","0","","1.0","410.0","1","N","N","N","0","","0","0","0","","0","Y","","2","1","1","0","0","1","0","2","0","2","","03","","N","","","","","","","","","",""
"2022102104","1408","0","0","0","0","0","0","0","0","0","4","0","","02","7","2022","5","40.516662","-80.159107","1408","11","0","0","0","0","0","2","0","0","","0","0","0","","","1","","1","","40 30:59.982","3","0","80 09:32.784","8","0","0","1","2420","0","0","0","N","0","0","0","2","02420","0","","1.0","1445.0","1","N","N","N","0","","0","0","1","","3","N","","2","1","0","0","0","1","0","2","0","2","","03","","N","","","","","","","","","",""
"2022067160","1245","2","0","0","0","0","0","0","0","0","1","0","","02","7","2022","5","40.343364","-79.884791","1244","11","0","0","0","0","0","0","0","0","","0","0","0","","","0","N","0","","40 20:36.112","","0","79 53:05.249","0","0","0","0","2304","0","0","0","N","0","0","0","4","02304","0","","1.0","","1","N","N","N","0","","0","0","0","","0","","","2","0","0","0","0","0","0","2","0","2","","03","","N","","","","","","","","","",""
"2022116301","1254","1","0","0","0","0","0","0","0","0","4","0","","02","12","2022","7","40.419994","-80.034451","1225","11","0","0","0","1","0","0","1","0","","0","0","0","","","0","N","0","","40 25:11.980","4","0","80 02:04.024","0","0","0","0","2301","0","0","0","Y","0","0","0","4","68B03","0","","1.0","1312.0","1","N","N","N","0","","0","0","1","","0","N","","2","0","0","0","0","0","0","2","0","2","","","","N","","","","","","","","","",""
"2022065299","0445","0","0","0","0","0","0","0","0","0","7","0","","02","7","2022","7","40.477961","-80.042264","0442","11","0","0","0","0","0","1","0","0","","0","0","0","","","0","Y","0","","40 28:40.661","","2","80 02:32.150","0","0","0","0","2301","0","0","0","N","0","0","0","1","02301","0","","2.0","","1","N","N","N","0","","0","0","1","","0","","","1","0","0","0","0","0","0","2","0","1","","03","","N","","","","","","","","","",""
"2022074072","2335","2","0","0","0","0","0","0","0","0","5","0","","02","8","2022","7","40.412633","-79.844859","2330","11","0","1","0","0","0","0","0","0","","0","0","0","","","1","N","0","","40 24:45.480","3","0","79 50:41.494","8","0","0","0","2431","0","0","0","N","0","0","0","7","02431","0","","1.0","20.0","1","N","N","N","0","","0","0","0","","0","N","","2","1","0","0","0","1","0","2","0","2","","","","N","","","","","","","","","",""
"2022075502","1020","0","0","0","0","0","0","0","0","0","8","0","","02","8","2022","5","40.47839","-79.955649","1006","11","0","0","0","0","0","1","0","0","","0","0","0","","","1","N","1","","40 28:42.203","2","0","79 57:20.337","3","0","0","0","2301","1","0","0","N","1","0","0","2","02301","0","","1.0","1025.0","1","N","N","N","1","","1","0","0","","1","N","","2","1","0","0","0","0","0","2","0","1","","03","","N","","","","","","","","","",""
"2022064782","1202","0","0","0","0","0","0","0","0","0","7","0","","02","7","2022","4","40.662056","-80.040542","1200","11","0","0","0","0","0","0","0","0","","0","0","0","","","0","N","0","","40 39:43.400","","0","80 02:25.950","0","0","0","0","2216","0","0","0","N","0","0","0","3","02505","0","","5.0","","1","N","N","N","0","","0","0","1","","0","","","1","0","0","0","0","0","0","2","0","1","","03","","N","","","","","","","","","",""
"2022066183","1444","0","0","0","0","0","0","0","0","0","4","0","","02","7","2022","3","40.451278","-80.001028","1444","11","0","0","0","0","0","0","0","0","","0","0","0","","","0","N","0","","40 27:04.600","2","0","80 00:03.700","0","0","0","0","2301","0","0","0","N","0","0","0","2","02301","0","","1.0","1530.0","1","N","N","N","0","","0","0","2","","0","N","","2","0","0","0","0","0","0","2","0","2","","03","","N","","","","","","","","","",""
"2022065793","1415","2","0","0","0","0","0","0","0","0","2","0","","02","7","2022","2","40.406211","-79.992114","1413","11","0","0","0","0","0","0","0","0","","0","0","0","","","1","N","0","","40 24:22.360","","0","79 59:31.610","8","0","0","0","2301","0","0","0","N","0","0","0","1","02301","0","","4.0","","9","N","N","N","0","","0","0","0","","0","","","2","1","1","0","0","1","0","2","0","2","","04","","N","","","","","","","","","",""
"2022103513","2254","1","0","0","0","0","0","0","0","0","98","0","","02","11","2022","6","40.640897","-80.010598","2228","11","0","0","0","0","0","0","0","0","","0","0","0","","","0","N","0","","40 38:27.228","","0","80 00:38.153","0","0","0","0","2216","0","0","0","N","0","0","0","1","68T02","0","","1.0","","1","N","N","N","0","","0","0","0","","0","","","1","0","0","0","0","0","0","2","0","1","","","","N","","","","","","","","","",""
"2022064638","0038","0","0","0","0","0","0","0","0","0","7","0","","02","7","2022","5","40.426475","-79.788639","0035","11","0","0","0","0","0","0","0","0","","0","0","0","","","0","N","0","","40 25:35.310","","0","79 47:19.100","0","0","0","0","2446","0","0","0","N","0","0","0","1","02446","0","","5.0","","9","N","N","N","0","","0","0","1","","0","","","1","0","0","0","0","0","0","2","0","1","","","","N","","","","","","","","","",""
"2022103120","1734","0","0","0","0","0","0","0","0","0","7","0","","02","11","2022","6","40.404574","-79.896983","1730","11","0","0","0","0","0","1","0","0","","0","0","0","","","1","N","0","","40 24:16.468","5","0","79 53:49.140","3","0","0","0","2448","0","0","0","N","0","0","0","1","02448","0","","5.0","1811.0","1","N","N","N","1","","1","0","0","","0","Y","","2","1","0","0","0","0","0","2","1","2","","03","","N","","","","","","","","","",""
"2022069049","2330","1","0","0","0","0","0","0","0","0","2","0","","02","7","2022","7","40.462754","-79.894711","2324","11","0","0","0","0","0","1","0","0","","0","0","0","","","1","N","0","","40 27:45.913","","0","79 53:40.960","8","0","0","1","2301","0","0","0","N","0","0","0","2","02301","0","","1.0","","1","N","N","N","0","","0","0","0","","0","","","2","1","0","0","0","1","0","2","0","2","","03","","N","","","","","","","","","",""
"2022065744","1445","1","0","0","0","0","0","0","0","0","4","0","","02","7","2022","5","40.449381","-80.107469","1440","11","0","0","1","0","0","0","0","1","","0","0","0","","","0","","1","","40 26:57.771","1","0","80 06:26.887","0","0","0","0","2115","0","0","0","N","0","0","0","2","02115","0","","1.0","1446.0","1","N","N","N","0","","0","0","1","","2","N","","2","0","0","0","0","0","0","2","0","2","","03","","N","","","","","","","","","",""
"2022067281","1350","1","0","0","0","0","0","0","0","0","1","0","","02","7","2022","5","40.378702","-79.805257","1350","11","0","0","0","0","0","1","0","1","","0","0","0","","","2","N","0","","40 22:43.327","3","0","79 48:18.924","3","0","0","0","2111","0","0","0","N","0","0","0","3","02111","0","","1.0","1418.0","1","N","N","N","1","","1","0","0","","0","N","","2","2","0","0","0","1","0","2","0","2","","03","","N","","","","","","","","","",""
"2022069991","0829","1","0","0","0","0","0","0","0","0","4","0","","02","7","2022","5","40.338577","-80.098259","0824","11","0","0","0","0","0","2","0","0","","0","0","0","","","0","","2","","40 20:18.877","5","0","80 05:53.732","0","0","0","0","2123","0","0","0","N","0","0","0","2","02123","0","","1.0","858.0","1","N","N","N","0","","0","0","1","","3","N","","2","0","0","0","0","0","0","2","0","2","","04","","N","","","","","","","","","",""
"2022102761","1335","0","0","0","0","0","0","0","0","0","1","1","","02","11","2022","6","40.455589","-79.966229","1329","11","0","0","0","0","0","1","1","0","","0","1","0","","","4","","1","","40 27:20.119","3","0","79 57:58.425","8","0","0","0","2301","0","0","0","N","0","0","0","6","02301","0","","1.0","1530.0","1","N","N","N","2","","0","0","2","","0","N","","5","4","1","0","0","4","0","2","0","5","","03","","N","","","","","","","","","",""
"2022103374","1108","2","0","0","0","0","0","0","0","0","4","0","","02","11","2022","1","40.462856","-80.031983","1106","11","0","0","0","0","0","1","0","0","","0","0","0","","","1","","2","","40 27:46.281","","0","80 01:55.137","8","0","0","0","2301","0","0","0","N","0","0","0","3","02301","0","","1.0","","1","N","N","Y","0","","0","0","0","","0","","","2","1","0","0","0","1","1","2","0","2","","03","","N","","","","","","","","","",""
"2022093312","2305","1","0","0","0","0","0","0","0","0","4","0","","02","10","2022","1","40.435115","-79.956409","2259","11","0","0","0","0","0","0","0","0","","0","0","0","","","0","","1","","40 26:06.415","","0","79 57:23.074","0","0","0","0","2301","0","0","0","N","0","0","0","2","02301","0","","1.0","","1","N","N","N","0","","0","0","1","","2","","","2","0","0","0","0","0","0","2","0","2","","03","","N","","","","","","","","","",""
"2022067928","0925","0","0","0","0","0","0","0","0","0","1","0","","02","7","2022","3","40.479677","-79.965899","0919","11","0","0","0","0","0","0","0","0","","0","0","0","","","0","N","0","","40 28:46.836","","0","79 57:57.237","0","0","0","0","2118","0","0","0","N","0","0","0","2","02118","0","","1.0","","1","N","N","N","1","","0","0","1","","0","","","2","0","0","0","0","0","0","2","0","2","","04","","N","","","","","","","","","",""
"2022077025","1358","0","0","0","0","0","0","0","0","0","4","0","","02","8","2022","2","40.527861","-80.017694","1358","11","1","1","0","0","0","0","0","0","","0","0","0","","","0","","2","","40 31:40.300","","0","80 01:03.700","0","0","0","0","2116","0","0","0","N","0","0","0","2","02116","0","","1.0","","1","","","N","0","","0","0","2","","3","","","2","0","0","0","0","0","0","2","0","2","","","","N","","","","","","","","","",""
"2022066937","1303","0","0","0","0","0","0","0","0","0","1","0","","02","7","2022","5","40.553779","-79.971237","1257","11","0","0","0","0","0","0","1","1","","0","0","0","","","2","Y","0","","40 33:13.605","","0","79 58:16.452","8","0","0","0","2118","0","0","0","N","0","0","0","3","02118","0","","1.0","","1","N","N","N","0","","0","0","2","","0","N","","2","2","0","0","0","2","0","2","0","2","","03","","N","","","","","","","","","",""
"2022103271","1126","1","0","0","0","0","0","0","0","0","7","0","","02","11","2022","7","40.656048","-79.961013","1123","11","0","0","0","0","0","0","1","0","","0","0","0","","","1","N","0","","40 39:21.772","5","0","79 57:39.647","8","0","0","0","2217","0","0","0","N","0","0","0","1","02505","0","","4.0","1600.0","1","N","N","N","0","","0","0","0","","0","Y","","1","1","0","0","0","1","0","2","0","1","","","","N","","","","","","","","","",""
"2022067310","0937","0","0","0","0","0","0","0","0","0","8","0","","02","7","2022","3","40.373084","-80.034306","0934","11","0","0","0","0","0","0","0","0","","0","0","0","","","1","","2","","40 22:23.104","2","0","80 02:03.501","8","0","0","0","2109","1","0","0","N","1","0","0","2","02109","0","","1.0","1006.0","1","N","N","N","0","","0","0","1","","2","N","","2","1","0","0","0","1","0","2","0","1","","03","","N","","","","","","","","","",""
"2022103248","0122","0","0","0","0","0","0","0","0","0","1","0","","02","11","2022","1","40.462502","-79.849734","0117","11","0","0","0","0","0","0","0","0","","0","0","0","","","1","N","0","","40 27:45.008","3","0","79 50:59.042","4","0","0","0","2113","0","0","0","N","0","0","0","1","02113","1","","2.0","205.0","1","N","N","N","0","","0","0","2","","0","N","","2","1","0","0","0","0","0","2","0","2","","","","N","","","","","","","","","",""
"2022067248","1100","0","0","0","0","0","0","0","0","0","4","0","","02","7","2022","5","40.532111","-79.969889","1055","11","0","0","0","0","0","0","0","0","","0","0","0","","","1","","1","","40 31:55.600","","0","79 58:11.600","3","0","0","0","2118","0","0","0","N","0","0","0","2","02118","0","","1.0","","1","N","N","N","0","","1","0","1","","3","","","2","1","0","0","0","0","0","2","1","2","","03","","N","","","","","","","","","",""
"2022076106","0555","0","0","0","0","0","0","0","0","0","7","0","","02","8","2022","7","40.407763","-80.01351","0548","11","0","0","0","0","0","0","0","0","","0","0","0","","","0","N","3","","40 24:27.946","","0","80 00:48.635","0","0","0","0","2301","0","0","0","N","0","0","0","1","02301","0","","5.0","","1","N","N","N","0","","0","0","1","","3","","","1","0","0","0","0","0","0","2","0","1","","03","","N","","","","","","","","","",""
"2022110715","1101","0","0","0","0","0","0","0","0","0","4","1","","02","11","2022","4","40.532116","-79.712779","1059","11","0","0","0","0","0","1","0","0","","0","1","0","","","1","N","1","","40 31:55.616","3","0","79 42:46.006","8","0","0","0","2466","0","0","0","N","0","0","0","3","02466","0","","1.0","1128.0","1","N","N","Y","1","","0","0","1","","3","N","","3","1","0","0","0","1","0","1","0","3","","03","","N","","","","","","","","","",""
"2022079872","1336","1","0","0","0","0","0","0","0","0","4","0","","02","8","2022","4","40.42666","-80.056516","1331","11","0","0","0","0","0","0","1","0","","0","0","0","","","0","N","0","","40 25:35.976","","7","80 03:23.459","0","0","0","0","2301","0","0","0","N","0","0","0","2","02301","0","","1.0","","1","N","N","N","0","","0","0","1","","0","","","2","0","0","0","0","0","0","2","0","2","","03","","N","","","","","","","","","",""
"2022066576","1300","1","0","0","0","0","0","0","0","0","8","0","","02","7","2022","4","40.396964","-79.978661","1245","11","0","0","0","0","0","0","1","0","","0","0","0","","","1","N","1","","40 23:49.071","","0","79 58:43.179","8","0","0","0","2301","1","0","0","N","1","0","0","2","02301","0","","1.0","","1","N","N","N","0","","0","0","0","","2","","","2","1","1","0","0","1","0","2","0","1","","03","","N","","","","","","","","","",""
"2022064784","1236","1","0","0","0","0","0","0","0","0","1","0","","02","7","2022","5","40.420838","-79.884258","1236","11","0","0","0","0","0","1","1","0","","0","0","0","","","0","N","1","","40 25:15.016","","0","79 53:03.328","0","0","0","0","2463","0","0","0","N","0","0","0","2","02463","0","","1.0","","1","N","N","N","0","","0","0","1","","2","","","2","0","0","0","0","0","0","2","0","2","","","","N","","","","","","","","","",""
"2022070259","1719","1","0","0","0","0","0","0","0","0","1","0","","02","7","2022","2","40.51195","-80.102891","1707","11","0","0","1","0","0","0","0","0","","0","0","0","","","1","Y","0","","40 30:43.021","1","0","80 06:10.408","3","0","0","0","2429","0","0","0","N","0","0","0","3","02215","0","","1.0","1800.0","1","N","N","N","0","","1","0","2","","2","N","","3","1","0","0","0","0","0","2","0","3","","03","","N","","","","","","","","","",""
"2022088835","0212","0","0","0","0","0","0","0","0","0","7","0","","02","8","2022","7","40.517495","-80.129763","0145","11","0","0","0","0","0","0","0","0","","0","0","0","","","0","","7","","40 31:02.983","","2","80 07:47.146","0","0","0","0","2434","0","0","0","N","0","0","0","1","68B03","0","","4.0","","1","N","N","N","0","","0","0","1","","0","","","1","0","0","0","0","0","0","2","0","1","","03","","N","","","","","","","","","",""
"2022066992","1448","0","0","0","0","0","0","0","0","0","4","0","","02","7","2022","4","40.354923","-80.115812","1440","11","0","0","0","0","0","1","0","0","","0","0","0","","","0","N","0","","40 21:17.724","","0","80 06:56.923","0","0","0","0","2119","0","0","0","N","0","0","0","2","02119","0","","1.0","","1","N","N","N","1","","0","0","1","","4","","","2","0","0","0","0","0","0","2","0","2","","","","N","","","","","","","","","",""
"2022065129","1636","1","0","0","0","0","0","0","0","0","8","0","","02","7","2022","6","40.438026","-79.997688","1621","11","0","0","0","0","0","0","0","0","","0","0","0","","","1","","1","","40 26:16.895","","0","79 59:51.678","3","0","0","0","2301","1","0","0","N","1","0","0","2","02301","0","","1.0","","1","N","N","N","0","","1","0","0","","2","N","","2","1","0","0","0","0","0","2","0","1","","","","N","","","","","","","","","",""
"2022041812","2133","0","0","0","0","0","0","0","0","0","2","0","","02","5","2022","4","40.397353","-80.088285","2131","11","0","0","0","0","0","0","0","0","","0","0","0","","","1","N","0","","40 23:50.469","5","0","80 05:17.825","3","0","0","0","2117","0","0","0","N","0","0","0","3","02117","0","","1.0","2215.0","1","N","N","N","0","","1","0","1","","0","Y","","2","1","0","0","0","0","0","2","1","2","","","","N","","","","","","","","","",""