"CRN","ARRIVAL_TM","AUTOMOBILE_COUNT","BELTED_DEATH_COUNT","BELTED_SUSP_SERIOUS_INJ_COUNT","BICYCLE_COUNT","BICYCLE_DEATH_COUNT","BICYCLE_SUSP_SERIOUS_INJ_COUNT","BUS_COUNT","CHLDPAS_DEATH_COUNT","CHLDPAS_SUSP_SERIOUS_INJ_COUNT","COLLISION_TYPE","COMM_VEH_COUNT","CONS_ZONE_SPD_LIM","COUNTY","CRASH_MONTH","CRASH_YEAR","DAY_OF_WEEK","DEC_LATITUDE","DEC_LONGITUDE","DISPATCH_TM","DISTRICT","DRIVER_COUNT_16YR","DRIVER_COUNT_17YR","DRIVER_COUNT_18YR","DRIVER_COUNT_19YR","DRIVER_COUNT_20YR","DRIVER_COUNT_50_64YR","DRIVER_COUNT_65_74YR","DRIVER_COUNT_75PLUS","EST_HRS_CLOSED","FATAL_COUNT","HEAVY_TRUCK_COUNT","HORSE_BUGGY_COUNT","HOUR_OF_DAY","ILLUMINATION","INJURY_COUNT","INTERSECTION_RELATED","INTERSECT_TYPE","LANE_CLOSED","LATITUDE","LN_CLOSE_DIR","LOCATION_TYPE","LONGITUDE","MAX_SEVERITY_LEVEL","MCYCLE_DEATH_COUNT","MCYCLE_SUSP_SERIOUS_INJ_COUNT","MOTORCYCLE_COUNT","MUNICIPALITY","NONMOTR_COUNT","NONMOTR_DEATH_COUNT","NONMOTR_SUSP_SERIOUS_INJ_COUNT","NTFY_HIWY_MAINT","PED_COUNT","PED_DEATH_COUNT","PED_SUSP_SERIOUS_INJ_COUNT","PERSON_COUNT","POLICE_AGCY","POSSIBLE_INJ_COUNT","RDWY_SURF_TYPE_CD","RELATION_TO_ROAD","ROADWAY_CLEARED","ROAD_CONDITION","SCH_BUS_IND","SCH_ZONE_IND","SECONDARY_CRASH","SMALL_TRUCK_COUNT","SPEC_JURIS_CD","SUSP_MINOR_INJ_COUNT","SUSP_SERIOUS_INJ_COUNT","SUV_COUNT","TCD_FUNC_CD","TCD_TYPE","TFC_DETOUR_IND","TIME_OF_DAY","TOTAL_UNITS","TOT_INJ_COUNT","UNBELTED_OCC_COUNT","UNB_DEATH_COUNT","UNB_SUSP_SERIOUS_INJ_COUNT","UNK_INJ_DEG_COUNT","UNK_INJ_PER_COUNT","URBAN_RURAL","VAN_COUNT","VEHICLE_COUNT","WEATHER1","WEATHER2","WORKERS_PRES","WORK_ZONE_IND","WORK_ZONE_LOC","WORK_ZONE_TYPE","WZ_CLOSE_DETOUR","WZ_FLAGGER","WZ_LAW_OFFCR_IND","WZ_LN_CLOSURE","WZ_MOVING","WZ_OTHER","WZ_SHLDER_MDN","WZ_WORKERS_INJ_KILLED"
"2022080153","1945","0","0","0","0","0","0","0","0","0","7","0","","02","8","2022","2","40.329306","-80.060444","1933","11","0","0","0","0","0","0","0","0","","0","0","0","","","1","N","0","","40 19:45.500","","0","80 03:37.600","4","0","0","0","2407","0","0","0","N","0","0","0","1","02407","1","","2.0","","9","N","N","Y","0","","0","0","1","","0","","","1","1","0","0","0","0","0","2","0","1","","03","","N","","","","","","","","","",""
"2022119259","1056","1","0","0","0","0","0","0","0","0","4","1","","02","12","2022","3","40.344803","-80.049054","1041","11","0","0","0","0","0","1","0","0","","0","1","0","","","0","N","0","","40 20:41.292","","7","80 02:56.595","0","0","0","0","2407","0","0","0","N","0","0","0","2","02407","0","","1.0","","9","N","N","N","0","","0","0","0","","0","","","2","0","0","0","0","0","0","2","0","2","","","","N","","","","","","","","","",""
"2022117515","1550","1","0","0","0","0","0","0","0","0","4","0","","02","10","2022","3","40.437004","-79.771217","1545","11","0","0","0","0","0","0","0","0","","0","0","0","","","1","N","0","","40 26:13.213","","7","79 46:16.382","3","0","0","0","2446","0","0","0","N","0","0","0","3","02446","0","","1.0","","1","N","N","N","0","","1","0","1","","0","","","2","1","0","0","0","0","0","2","0","2","","03","","N","","","","","","","","","",""
"2022078717","2313","1","0","0","0","0","0","0","0","0","7","0","","02","8","2022","1","40.468851","-79.962075","2313","11","0","0","0","0","0","0","0","0","","0","0","0","","","1","N","0","","40 28:07.864","","7","79 57:43.469","3","0","0","0","2301","0","0","0","N","0","0","0","1","02301","0","","4.0","","1","N","N","N","0","","1","0","1","","0","","","2","1","0","0","0","0","0","2","0","2","","","","N","","","","","","","","","",""
"2022091736","1557","1","0","0","0","0","0","0","0","0","7","0","","02","9","2022","2","40.652528","-80.093576","1540","11","0","0","0","0","0","0","0","0","","0","0","0","","","0","N","0","","40 39:09.102","","0","80 05:36.872","0","0","0","0","2212","0","0","0","Y","0","0","0","1","68B03","0","","2.0","","9","N","N","N","0","","0","0","0","","0","","","1","0","0","0","0","0","0","2","0","1","","","","N","","","","","","","","","",""
"2022081146","2053","2","0","0","0","0","0","0","0","0","1","0","","02","9","2022","1","40.402639","-79.993722","2053","11","0","0","0","0","0","0","0","0","","0","0","0","","","0","N","0","","40 24:09.500","","0","79 59:37.400","0","0","0","0","2301","0","0","0","N","0","0","0","2","02301","0","","1.0","","1","N","N","Y","0","","0","0","0","","0","","","2","0","1","0","0","0","0","2","0","2","","","","N","","","","","","","","","",""
"2022065718","0700","0","0","0","0","0","0","0","0","0","5","0","","02","7","2022","2","40.428683","-80.029539","0655","11","0","0","0","0","0","0","1","0","","0","0","0","","","1","","3","","40 25:43.257","1","0","80 01:46.340","8","0","0","0","2301","0","0","0","N","0","0","0","3","02301","0","","1.0","722.0","9","N","N","N","0","","0","0","1","","0","N","","2","1","0","0","0","1","0","2","1","2","","07","","N","","","","","","","","","",""
"2022096938","1731","1","0","0","0","0","0","0","0","0","7","0","","02","10","2022","4","40.613151","-80.12688","1718","11","0","0","0","0","0","0","1","0","","0","0","0","","","0","N","0","","40 36:47.342","2","0","80 07:36.769","0","0","0","0","2212","0","0","0","N","0","0","0","1","02505","0","","1.0","1753.0","9","N","N","N","0","","0","0","0","","0","Y","","1","0","0","0","0","0","0","1","0","1","","","","N","","","","","","","","","",""
"2022103534","0304","0","0","0","0","0","0","0","0","0","98","0","","02","11","2022","7","40.34844","-79.999291","0301","11","0","0","0","0","0","0","0","0","","0","0","0","","","1","N","0","","40 20:54.383","5","0","79 59:57.449","3","0","0","0","2403","0","0","0","N","0","0","0","1","02403","0","","5.0","340.0","1","N","N","N","1","","1","0","1","","0","Y","","2","1","0","0","0","0","0","2","0","2","","03","","N","","","","","","","","","",""
"2022079265","0655","2","0","0","0","0","0","0","0","0","5","0","","02","8","2022","3","40.487125","-79.972646","0650","11","0","0","0","0","0","0","0","0","","0","0","0","","","2","N","2","","40 29:13.649","5","0","79 58:21.525","3","0","0","0","2445","0","0","0","N","0","0","0","2","02445","1","","1.0","735.0","9","N","N","N","0","","1","0","1","","3","Y","","3","2","0","0","0","0","0","2","0","3","","04","","N","","","","","","","","","",""
"2022116804","1049","0","0","0","0","0","0","0","0","0","4","0","","02","12","2022","6","40.360601","-79.93312","1048","11","0","0","0","0","0","1","0","1","","0","0","0","","","1","N","0","","40 21:38.164","","7","79 55:59.233","4","0","0","0","2473","0","0","0","N","0","0","0","2","02473","1","","6.0","","1","N","N","N","1","","0","0","1","","0","","","2","1","0","0","0","0","0","2","0","2","","03","","N","","","","","","","","","",""
"2022064633","0027","0","0","0","0","0","0","0","0","0","2","0","","02","7","2022","5","40.344083","-79.837583","0025","11","0","0","0","0","0","0","0","0","","0","0","0","","","0","N","0","","40 20:38.700","1","0","79 50:15.300","0","0","0","0","2304","0","0","0","N","0","0","0","1","02304","0","","1.0","110.0","1","N","N","N","0","","0","0","3","","0","N","","3","0","0","0","0","0","0","2","0","3","","","","N","","","","","","","","","",""
"2022110199","0700","1","0","0","0","0","0","0","0","0","5","0","","02","11","2022","3","40.492796","-80.049957","0656","11","0","0","0","0","0","0","0","0","","0","0","0","","","0","N","0","","40 29:34.065","","0","80 02:59.845","9","0","0","0","2404","0","0","0","N","0","0","0","1","02404","0","","4.0","","1","N","N","N","0","","0","0","2","","0","","","3","0","0","0","0","0","1","2","0","3","","03","","N","","","","","","","","","",""
"2022114852","1752","0","0","0","0","0","0","0","0","0","8","0","","02","12","2022","2","40.407252","-80.089021","1749","11","0","0","0","0","0","1","0","0","","0","0","0","","","1","","1","","40 24:26.107","","0","80 05:20.475","3","0","0","0","2415","1","0","0","N","1","0","0","3","02415","0","","1.0","","1","N","N","N","0","","1","0","1","","2","","","2","1","0","0","0","0","0","2","0","1","","03","","N","","","","","","","","","",""
"2022084475","1255","0","0","0","0","0","0","0","0","0","0","0","","02","8","2022","4","40.428382","-79.889543","1243","11","0","0","0","0","0","1","0","0","","0","0","0","","","0","N","0","","40 25:42.176","","0","79 53:22.356","0","0","0","0","2426","0","0","0","N","0","0","0","3","68B03","0","","1.0","","1","N","N","N","0","","0","0","2","","0","","","2","0","0","0","0","0","0","2","0","2","","","","N","","","","","","","","","",""
"2022103354","1501","1","0","0","0","0","0","0","0","0","4","0","","02","10","2022","6","40.382939","-79.857485","1457","11","0","0","0","0","0","0","0","0","","0","0","0","","","0","N","1","","40 22:58.581","","0","79 51:26.947","0","0","0","0","2303","0","0","0","N","0","0","0","2","02303","0","","1.0","","1","N","N","N","1","","0","0","0","","2","","","2","0","0","0","0","0","0","2","0","2","","03","","N","","","","","","","","","",""
"2022065613","1847","2","0","0","0","0","0","0","0","0","4","0","","02","7","2022","1","40.481889","-80.04175","1846","11","0","0","0","0","0","0","0","0","","0","0","0","","","0","N","1","","40 28:54.800","","0","80 02:30.300","0","0","0","0","2301","0","0","0","N","0","0","0","3","02301","0","","1.0","","9","N","N","N","0","","0","0","0","","0","","","2","0","0","0","0","0","0","2","0","2","","04","","N","","","","","","","","","",""
"2022103559","0108","1","0","0","0","0","0","0","0","0","5","0","","02","11","2022","2","40.393224","-79.98657","0058","11","0","0","0","0","0","0","0","0","","0","0","0","","","0","","1","","40 23:35.606","","0","79 59:11.652","0","0","0","0","2301","0","0","0","N","0","0","0","1","02301","0","","1.0","","1","N","N","N","0","","0","0","1","","0","","","2","0","0","0","0","0","0","2","0","2","","","","N","","","","","","","","","",""
"2022079629","0115","0","0","0","0","0","0","0","0","0","7","0","","02","8","2022","4","40.438044","-80.013564","0059","11","0","0","0","0","0","0","0","0","","0","0","0","","","1","N","0","","40 26:16.960","","2","80 00:48.829","3","0","0","0","2301","0","0","0","N","0","0","0","1","02301","0","","4.0","","1","N","N","N","0","","1","0","1","","0","","","1","1","0","0","0","0","0","2","0","1","","03","","N","","","","","","","","","",""
"2022115995","0452","1","0","0","0","0","0","0","0","0","5","1","","02","9","2022","1","40.443429","-80.009037","0448","11","0","0","0","1","0","0","0","0","","0","1","0","","","0","N","0","","40 26:36.343","6","3","80 00:32.532","0","0","0","0","2301","0","0","0","N","0","0","0","2","68B03","0","","1.0","100.0","9","N","N","N","0","","0","0","0","","0","N","","2","0","0","0","0","0","0","2","0","2","","04","","N","","","","","","","","","",""
"2022067253","1015","1","0","0","0","0","0","0","0","0","5","0","","02","7","2022","6","40.434947","-79.921664","1011","11","0","0","0","0","0","0","0","0","","0","0","0","","","0","N","0","","40 26:05.808","3","0","79 55:17.989","0","0","0","0","2301","0","0","0","N","0","0","0","1","02301","0","","1.0","1155.0","1","N","N","Y","0","","0","0","2","","0","N","","3","0","0","0","0","0","0","2","0","3","","98","","N","","","","","","","","","",""
"2022066047","0155","0","0","0","0","0","0","0","0","0","7","0","","02","7","2022","2","40.365778","-80.0245","0140","11","0","0","0","0","0","0","0","0","","0","0","0","","","0","N","2","","40 21:56.800","","99","80 01:28.200","0","0","0","0","2416","0","0","0","N","0","0","0","0","02503","0","","5.0","","9","N","N","N","0","","0","0","1","","3","","","1","0","0","0","0","0","0","2","0","1","","","","N","","","","","","","","","",""
"2022067224","2230","1","0","0","0","0","0","0","0","0","2","0","","02","7","2022","5","40.372933","-80.09937","2220","11","0","0","1","0","0","1","0","0","","0","0","0","","","1","","2","","40 22:22.557","6","0","80 05:57.732","3","0","0","0","2102","0","0","0","N","0","0","0","2","02102","0","","1.0","2255.0","1","N","N","N","0","","1","0","1","","2","N","","2","1","0","0","0","0","0","2","0","2","","03","","N","","","","","","","","","",""
"2022077276","1240","1","0","0","0","0","0","0","0","0","0","0","","02","8","2022","2","40.452667","-79.920722","1233","11","0","0","0","0","0","0","0","0","","0","0","0","","","0","N","0","","40 27:09.600","","0","79 55:14.600","0","0","0","0","2301","0","0","0","N","0","0","0","1","02301","0","","2.0","","1","N","N","N","0","","0","0","0","","0","","","1","0","0","0","0","0","0","2","0","1","","","","N","","","","","","","","","",""
"2022065790","0143","0","0","0","0","0","0","0","0","0","7","0","","02","7","2022","1","40.415732","-79.847618","0141","11","0","0","0","0","0","0","0","0","","0","0","0","","","0","N","0","","40 24:56.635","","0","79 50:51.424","0","0","0","0","2431","0","0","0","N","0","0","0","3","02431","0","","5.0","","9","N","N","Y","0","","0","0","2","","0","","","2","0","0","0","0","0","0","2","0","2","","","","N","","","","","","","","","",""
"2022079590","1641","0","0","0","0","0","0","0","0","0","2","0","","02","8","2022","3","40.464667","-79.962833","1628","11","0","0","0","0","0","0","0","0","","0","0","0","","","0","","2","","40 27:52.800","","0","79 57:46.200","0","0","0","0","2301","0","0","0","N","0","0","0","2","02301","0","","1.0","","1","N","N","Y","0","","0","0","2","","0","","","3","0","0","0","0","0","0","2","1","3","","03","","N","","","","","","","","","",""
"2022117122","1210","1","0","0","0","0","0","0","0","0","4","0","","02","12","2022","1","40.614581","-80.097822","1206","11","0","0","0","0","0","1","0","0","","0","0","0","","","0","","2","","40 36:52.490","","0","80 05:52.160","0","0","0","0","2481","0","0","0","N","0","0","0","4","02481","0","","1.0","","1","N","N","N","1","","0","0","0","","3","","","2","0","0","0","0","0","0","2","0","2","","","","N","","","","","","","","","",""
"2022066169","1215","1","0","0","0","0","0","0","0","0","1","0","","02","7","2022","3","40.404611","-79.990472","1209","11","0","0","0","0","0","0","1","0","","0","0","0","","","3","","11","","40 24:16.600","","99","79 59:25.700","3","0","0","0","2301","0","0","0","N","0","0","0","6","02301","0","","1.0","","1","N","N","N","0","","3","0","2","","0","","","3","3","0","0","0","0","0","2","0","3","","03","","N","","","","","","","","","",""
"2022075518","1310","2","0","0","0","0","0","0","0","0","1","0","","02","8","2022","5","40.450719","-79.905823","1258","11","0","0","0","0","0","0","1","0","","0","0","0","","","1","","2","","40 27:02.587","3","0","79 54:20.963","3","0","0","0","2301","0","0","0","N","0","0","0","3","02301","0","","1.0","1334.0","1","N","N","N","0","","1","0","0","","0","N","","2","1","0","0","0","0","0","2","0","2","","03","","N","","","","","","","","","",""
"2022077438","1601","1","0","0","0","0","0","0","0","0","1","0","","02","8","2022","4","40.454041","-79.912396","1553","11","0","0","0","0","0","1","0","0","","0","0","0","","","1","","1","","40 27:14.546","3","0","79 54:44.625","4","0","0","0","2301","0","0","0","N","0","0","0","4","02301","1","","1.0","1645.0","1","N","N","N","0","","0","0","1","","2","N","","3","1","0","0","0","0","0","2","1","3","","03","","N","","","","","","","","","",""
"2022100234","1436","1","0","0","0","0","0","0","0","0","2","0","","02","10","2022","7","40.451283","-80.128861","1433","11","0","0","0","0","0","1","1","0","","0","0","0","","","2","N","2","","40 27:04.620","","0","80 07:43.901","4","0","0","0","2115","0","0","0","N","0","0","0","2","02115","2","","1.0","","1","N","N","N","0","","0","0","1","","0","","","2","2","0","0","0","0","0","2","0","2","","","","N","","","","","","","","","",""
"2022067341","2001","2","0","0","0","0","0","0","0","0","6","0","","02","7","2022","1","40.408201","-80.00461","1953","11","0","0","0","0","0","0","1","0","","0","0","0","","","0","N","0","","40 24:29.524","","0","80 00:16.597","0","0","0","0","2301","0","0","0","N","0","0","0","2","02301","0","","1.0","","9","N","N","N","0","","0","0","0","","0","","","2","0","0","0","0","0","0","2","0","2","","","","N","","","","","","","","","",""
"2022117032","1949","0","0","0","0","0","0","0","0","0","7","0","","02","12","2022","5","40.441741","-80.00882","1943","11","0","0","0","0","0","0","1","0","","0","0","0","","","1","N","0","","40 26:30.267","","0","80 00:31.753","3","0","0","0","2301","0","0","0","Y","0","0","0","2","68B03","0","","4.0","","1","N","N","N","0","","1","0","1","","0","","","1","1","0","0","0","0","0","2","0","1","","","","N","","","","","","","","","",""
"2022094528","1943","0","0","0","0","0","0","0","0","0","1","0","","02","10","2022","4","40.447972","-80.163","1940","11","0","0","0","0","0","2","0","0","","0","0","0","","","0","N","0","","40 26:52.700","","0","80 09:46.800","0","0","0","0","2115","0","0","0","N","0","0","0","3","02115","0","","1.0","","1","N","N","N","0","","0","0","3","","2","","","3","0","0","0","0","0","0","2","0","3","","03","","N","","","","","","","","","",""
"2022101013","0410","1","0","0","0","0","0","0","0","0","6","0","","02","10","2022","1","40.372206","-79.895875","0401","11","0","0","0","0","0","0","0","0","","0","0","0","","","0","N","0","","40 22:19.943","","0","79 53:45.149","0","0","0","0","2301","0","0","0","N","0","0","0","1","02301","0","","1.0","","1","N","N","N","0","","0","0","1","","0","","","2","0","0","0","0","0","0","2","0","2","","","","N","","","","","","","","","",""
"2022080300","2125","1","0","0","0","0","0","0","0","0","2","0","","02","8","2022","5","40.447059","-79.947293","2123","11","0","0","0","0","0","1","0","0","","0","0","0","","","0","N","1","","40 26:49.413","3","0","79 56:50.256","0","0","0","0","2301","0","0","0","N","0","0","0","3","02301","0","","1.0","2150.0","1","N","N","N","0","","0","0","1","","2","N","","2","0","0","0","0","0","0","2","0","2","","03","","N","","","","","","","","","",""
"2022117530","1535","0","0","0","0","0","0","0","0","0","7","0","","02","12","2022","1","40.467921","-80.199439","1526","11","0","0","0","0","0","0","0","0","","0","0","0","","","0","N","0","","40 28:04.515","","1","80 11:57.979","9","0","0","0","2213","0","0","0","N","0","0","0","3","02213","0","","2.0","","1","N","N","N","0","","0","0","1","","0","","","1","0","0","0","0","0","1","2","0","1","","","","N","","","","","","","","","",""
"2022078831","0840","2","0","0","0","0","0","0","0","0","6","0","","02","8","2022","2","40.395111","-79.98675","0833","11","0","0","0","0","1","0","0","0","","0","0","0","","","0","N","2","","40 23:42.400","","0","79 59:12.300","0","0","0","0","2301","0","0","0","N","0","0","0","2","02301","0","","1.0","","1","N","N","N","0","","0","0","0","","0","","","2","0","0","0","0","0","0","2","0","2","","","","N","","","","","","","","","",""
"2022080809","1806","0","0","0","0","0","0","0","0","0","7","0","","02","8","2022","2","40.347471","-79.944689","1804","11","0","0","0","0","0","0","0","1","","0","0","0","","","0","N","5","","40 20:50.896","","0","79 56:40.880","0","0","0","0","2473","0","0","0","N","0","0","0","2","02473","0","","3.0","","9","N","N","N","0","","0","0","1","","2","N","","1","0","0","0","0","0","0","2","0","1","","07","","N","","","","","","","","","",""
"2022116314","1902","1","0","0","0","0","0","0","0","0","1","0","","02","12","2022","5","40.427943","-80.074956","1859","11","0","0","0","0","0","1","0","0","","0","0","0","","","0","N","0","","40 25:40.596","","0","80 04:29.843","0","0","0","0","2421","0","0","0","N","0","0","0","1","02421","0","","1.0","","1","N","N","N","0","","0","0","1","","0","","","2","0","0","0","0","0","0","2","0","2","","04","","N","","","","","","","","","",""
"2022064526","1610","1","0","0","0","0","0","0","0","0","4","0","","02","7","2022","4","40.442861","-79.968111","1601","11","0","0","0","0","1","0","0","0","","0","0","0","","","0","","2","","40 26:34.300","","0","79 58:05.200","0","0","0","0","2301","0","0","0","N","0","0","0","1","02301","0","","1.0","","1","N","N","N","0","","0","0","1","","0","","","2","0","0","0","0","0","0","2","0","2","","03","","N","","","","","","","","","",""
"2022081031","1856","2","0","0","0","0","0","0","0","0","6","0","","02","9","2022","6","40.395499","-79.899629","1854","11","0","0","0","0","0","2","0","0","","0","0","0","","","1","","2","","40 23:43.795","","0","79 53:58.664","3","0","0","0","2448","0","0","0","N","0","0","0","3","02448","0","","1.0","","1","N","N","N","0","","1","0","1","","3","","","3","1","0","0","0","0","1","2","0","3","","03","","N","","","","","","","","","",""
"2022110753","1330","0","0","0","0","0","0","0","0","0","1","0","","02","11","2022","4","40.402023","-80.000597","1330","11","0","0","0","0","0","0","0","0","","0","0","0","","","0","","1","","40 24:07.283","","0","80 00:02.150","0","0","0","0","2301","0","0","0","N","0","0","0","2","02301","0","","1.0","","1","N","N","N","0","","0","0","2","","0","","","2","0","2","0","0","0","0","2","0","2","","03","","N","","","","","","","","","",""
"2022117887","1331","1","0","0","0","0","0","0","0","0","4","0","","02","12","2022","2","40.489256","-80.047058","1329","11","0","0","0","0","0","1","0","0","","0","0","0","","","2","","2","","40 29:21.321","","0","80 02:49.408","4","0","0","0","2404","0","0","0","N","0","0","0","3","02404","2","","1.0","","1","N","N","N","0","","0","0","1","","3","","","2","2","0","0","0","0","0","2","0","2","","03","","N","","","","","","","","","",""
"2022110247","1400","2","0","0","0","0","0","0","0","0","5","1","","02","11","2022","2","40.487498","-79.882951","1400","11","0","0","0","0","0","3","0","1","","0","1","0","","","0","N","1","","40 29:14.994","1","0","79 52:58.625","0","0","0","0","2112","0","0","0","N","0","0","0","4","02112","0","","1.0","1440.0","1","N","N","N","0","","0","0","1","","2","N","","4","0","0","0","0","0","0","2","0","4","","03","","N","","","","","","","","","",""
"2022103751","1308","0","0","0","0","0","0","0","0","0","4","0","","02","11","2022","2","40.475011","-80.099378","1308","11","0","0","0","0","0","1","0","0","","0","0","0","","","1","N","0","","40 28:30.040","1","7","80 05:57.762","8","0","0","0","2126","0","0","0","N","0","0","0","2","02126","0","","1.0","1334.0","1","N","N","N","0","","0","0","2","","0","N","","2","1","1","0","0","1","0","2","0","2","","","","N","","","","","","","","","",""
"2022079301","1803","1","0","0","0","0","0","0","0","0","7","0","","02","8","2022","2","40.473216","-79.97216","1757","11","0","0","0","0","0","0","0","0","","0","0","0","","","0","N","0","","40 28:23.578","","0","79 58:19.777","0","0","0","0","2445","0","0","0","Y","0","0","0","1","02445","0","","5.0","","1","N","N","N","0","","0","0","0","","0","","","1","0","0","0","0","0","0","2","0","1","","","","N","","","","","","","","","",""
"2022120132","0806","0","0","0","0","0","0","0","0","0","7","0","","02","12","2022","1","40.337661","-79.84382","0759","11","0","0","0","1","0","0","0","0","","0","0","0","","","0","N","0","","40 20:15.579","","0","79 50:37.752","0","0","0","0","2304","0","0","0","N","0","0","0","1","02304","0","","5.0","","7","N","N","N","1","","0","0","0","","0","","","1","0","0","0","0","0","0","2","0","1","","02","","N","","","","","","","","","",""
"2022078339","1338","0","0","0","0","0","0","0","0","0","4","0","","02","8","2022","4","40.362669","-80.033533","1335","11","0","0","0","0","0","0","0","0","","0","0","0","","","0","","1","","40 21:45.608","2","0","80 02:00.718","0","0","0","0","2109","0","0","0","N","0","0","0","5","02109","0","","1.0","1410.0","1","N","N","N","0","","0","0","1","","0","N","","2","0","0","0","0","0","0","2","1","2","","","","N","","","","","","","","","",""
"2022066789","0156","1","0","0","0","0","0","0","0","0","5","0","","02","7","2022","1","40.430111","-79.985972","0150","11","0","0","0","0","0","0","0","0","","0","0","0","","","0","N","0","","40 25:48.400","","7","79 59:09.500","0","0","0","0","2301","0","0","0","N","0","0","0","2","02301","0","","4.0","","1","N","N","Y","0","","0","0","1","","0","","","2","0","0","0","0","0","0","2","0","2","","03","","N","","","","","","","","","",""
"2022104825","1715","1","0","0","0","0","0","0","0","0","7","0","","02","10","2022","4","40.440089","-80.00914","1701","11","0","0","0","0","0","0","1","0","","0","0","0","","","0","N","0","","40 26:24.319","","0","80 00:32.905","0","0","0","0","2301","0","0","0","N","0","0","0","1","68B03","0","","4.0","","9","N","N","N","0","","0","0","0","","0","","","1","0","0","0","0","0","0","2","0","1","","07","","N","","","","","","","","","",""
"2022117403","0051","1","0","0","0","0","0","0","0","0","1","0","","02","5","2022","7","40.496634","-79.937691","0017","11","0","0","0","0","0","0","0","0","","0","0","0","","","0","","6","","40 29:47.884","2","8","79 56:15.686","0","0","0","0","2461","0","0","0","N","0","0","0","2","68D06","0","","1.0","122.0","1","N","N","N","0","","0","0","1","","0","N","","2","0","0","0","0","0","0","2","0","2","","","","N","","","","","","","","","",""
"2022114876","1510","2","0","0","0","0","0","0","0","0","1","0","","02","11","2022","6","40.432828","-79.961264","1506","11","0","0","0","0","1","0","0","0","","0","0","0","","","2","N","0","","40 25:58.181","4","0","79 57:40.551","4","0","0","0","2301","0","0","0","N","0","0","0","5","68B03","1","","1.0","1552.0","9","N","N","N","0","","0","0","1","","0","N","","3","2","0","0","0","1","0","2","0","3","","","","N","","","","","","","","","",""
"2022066562","1101","1","0","0","0","0","0","0","0","0","1","0","","02","7","2022","4","40.357273","-79.843859","1100","11","0","0","0","0","0","1","0","0","","0","0","0","","","0","N","0","","40 21:26.182","","0","79 50:37.891","0","0","0","0","2304","0","0","0","N","0","0","0","3","02304","0","","1.0","","1","N","N","N","1","","0","0","1","","0","","","3","0","0","0","0","0","0","2","0","3","","03","","N","","","","","","","","","",""
"2022081231","0827","0","0","0","0","0","0","0","0","0","1","0","","02","9","2022","5","40.356573","-80.119189","0822","11","0","0","0","0","0","0","0","0","","0","0","0","","","1","Y","0","","40 21:23.661","4","0","80 07:09.082","3","0","0","0","2119","0","0","0","N","0","0","0","2","02119","0","","1.0","905.0","1","N","N","N","0","","1","0","1","","2","N","","2","1","0","0","0","0","0","2","1","2","","","","N","","","","","","","","","",""
"2022087559","1632","3","0","0","0","0","0","0","0","0","1","0","","02","8","2022","7","40.411697","-80.076415","1616","11","0","0","0","1","0","0","0","0","","0","0","0","","","0","","6","","40 24:42.108","3","2","80 04:35.095","0","0","0","0","2117","0","0","0","N","0","0","0","8","68B03","0","","1.0","1638.0","1","N","N","N","1","","0","0","0","","4","N","","4","0","0","0","0","0","0","2","0","4","","","","N","","","","","","","","","",""
"2022066048","0352","1","0","0","0","0","0","0","0","0","7","0","","02","7","2022","2","40.428602","-80.053496","0347","11","0","0","0","0","0","0","0","0","","0","0","0","","","0","N","0","","40 25:42.968","","0","80 03:12.585","0","0","0","0","2301","0","0","0","N","0","0","0","1","02301","0","","2.0","","9","N","N","N","0","","0","0","0","","0","","","1","0","0","0","0","0","0","2","0","1","","03","","N","","","","","","","","","",""
"2022082737","1233","0","0","0","0","0","0","0","0","0","5","0","","02","8","2022","7","40.437704","-79.972679","1231","11","0","0","0","0","1","0","0","0","","0","0","0","","","0","","1","","40 26:15.734","","0","79 58:21.645","0","0","0","1","2301","0","0","0","N","0","0","0","3","02506","0","","1.0","","1","N","N","N","0","","0","0","1","","2","","","2","0","0","0","0","0","0","2","0","2","","03","","N","","","","","","","","","",""
"2022120125","0828","1","0","0","0","0","0","0","0","0","4","0","","02","12","2022","1","40.476091","-79.865138","0816","11","0","0","0","0","0","1","0","0","","0","0","0","","","2","N","0","","40 28:33.927","","0","79 51:54.496","3","0","0","0","2113","0","0","0","N","0","0","0","2","02113","0","","1.0","","2","N","N","N","0","","2","0","1","","0","","","2","2","0","0","0","0","0","2","0","2","","10","","N","","","","","","","","","",""
"2022080550","0850","1","0","0","0","0","0","0","0","0","5","0","","02","9","2022","6","40.443556","-80.028167","0840","11","0","0","0","0","0","0","0","0","","0","0","0","","","0","","2","","40 26:36.800","1","0","80 01:41.400","0","0","0","0","2301","0","0","0","N","0","0","0","3","02301","0","","1.0","855.0","1","N","N","N","0","","0","0","1","","3","N","","2","0","0","0","0","0","0","2","0","2","","","","N","","","","","","","","","",""
"2022078997","1505","1","0","0","0","0","0","0","0","0","1","0","","02","8","2022","2","40.461319","-79.935137","1458","11","0","0","0","0","0","0","0","0","","0","0","0","","","1","N","0","","40 27:40.748","3","0","79 56:06.494","3","0","0","0","2301","0","0","0","N","0","0","0","2","02301","0","","1.0","1527.0","1","N","N","N","0","","1","0","1","","0","Y","","2","1","0","0","0","0","1","2","0","2","","","","N","","","","","","","","","",""