"CRN","ARRIVAL_TM","AUTOMOBILE_COUNT","BELTED_DEATH_COUNT","BELTED_SUSP_SERIOUS_INJ_COUNT","BICYCLE_COUNT","BICYCLE_DEATH_COUNT","BICYCLE_SUSP_SERIOUS_INJ_COUNT","BUS_COUNT","CHLDPAS_DEATH_COUNT","CHLDPAS_SUSP_SERIOUS_INJ_COUNT","COLLISION_TYPE","COMM_VEH_COUNT","CONS_ZONE_SPD_LIM","COUNTY","CRASH_MONTH","CRASH_YEAR","DAY_OF_WEEK","DEC_LATITUDE","DEC_LONGITUDE","DISPATCH_TM","DISTRICT","DRIVER_COUNT_16YR","DRIVER_COUNT_17YR","DRIVER_COUNT_18YR","DRIVER_COUNT_19YR","DRIVER_COUNT_20YR","DRIVER_COUNT_50_64YR","DRIVER_COUNT_65_74YR","DRIVER_COUNT_75PLUS","EST_HRS_CLOSED","FATAL_COUNT","HEAVY_TRUCK_COUNT","HORSE_BUGGY_COUNT","HOUR_OF_DAY","ILLUMINATION","INJURY_COUNT","INTERSECTION_RELATED","INTERSECT_TYPE","LANE_CLOSED","LATITUDE","LN_CLOSE_DIR","LOCATION_TYPE","LONGITUDE","MAX_SEVERITY_LEVEL","MCYCLE_DEATH_COUNT","MCYCLE_SUSP_SERIOUS_INJ_COUNT","MOTORCYCLE_COUNT","MUNICIPALITY","NONMOTR_COUNT","NONMOTR_DEATH_COUNT","NONMOTR_SUSP_SERIOUS_INJ_COUNT","NTFY_HIWY_MAINT","PED_COUNT","PED_DEATH_COUNT","PED_SUSP_SERIOUS_INJ_COUNT","PERSON_COUNT","POLICE_AGCY","POSSIBLE_INJ_COUNT","RDWY_SURF_TYPE_CD","RELATION_TO_ROAD","ROADWAY_CLEARED","ROAD_CONDITION","SCH_BUS_IND","SCH_ZONE_IND","SECONDARY_CRASH","SMALL_TRUCK_COUNT","SPEC_JURIS_CD","SUSP_MINOR_INJ_COUNT","SUSP_SERIOUS_INJ_COUNT","SUV_COUNT","TCD_FUNC_CD","TCD_TYPE","TFC_DETOUR_IND","TIME_OF_DAY","TOTAL_UNITS","TOT_INJ_COUNT","UNBELTED_OCC_COUNT","UNB_DEATH_COUNT","UNB_SUSP_SERIOUS_INJ_COUNT","UNK_INJ_DEG_COUNT","UNK_INJ_PER_COUNT","URBAN_RURAL","VAN_COUNT","VEHICLE_COUNT","WEATHER1","WEATHER2","WORKERS_PRES","WORK_ZONE_IND","WORK_ZONE_LOC","WORK_ZONE_TYPE","WZ_CLOSE_DETOUR","WZ_FLAGGER","WZ_LAW_OFFCR_IND","WZ_LN_CLOSURE","WZ_MOVING","WZ_OTHER","WZ_SHLDER_MDN","WZ_WORKERS_INJ_KILLED"
"2022114719","0715","0","0","0","0","0","0","0","0","0","1","1","","02","12","2022","2","40.396234","-79.998208","0711","11","0","0","0","0","0","1","0","0","","0","1","0","","","1","","1","","40 23:46.443","2","0","79 59:53.548","4","0","0","0","2301","0","0","0","N","0","0","0","3","02301","1","","1.0","720.0","1","N","N","N","0","","0","0","0","","2","N","","2","1","0","0","0","0","0","2","1","2","","03","","N","","","","","","","","","",""
"2022080276","1125","1","0","0","0","0","0","0","0","0","7","0","","02","9","2022","5","40.558164","-80.023313","1120","11","0","0","0","0","0","0","1","0","","0","0","0","","","2","","1","","40 33:29.390","2","0","80 01:23.925","2","0","0","0","2108","0","0","0","N","0","0","0","2","02108","0","","1.0","1200.0","1","N","N","N","0","","0","2","0","","2","N","","1","2","2","0","2","0","0","2","0","1","","","","N","","","","","","","","","",""
"2022079803","1425","1","0","0","0","0","0","0","0","0","1","0","","02","8","2022","3","40.572128","-80.023673","1418","11","0","0","0","0","0","1","0","1","","0","0","0","","","1","N","1","","40 34:19.660","2","0","80 01:25.221","3","0","0","0","2108","0","0","0","N","0","0","0","3","02108","0","","1.0","1448.0","1","N","N","N","0","","1","0","2","","2","N","","3","1","1","0","0","0","0","2","0","3","","03","","N","","","","","","","","","",""
"2022080588","1250","2","0","0","0","0","0","0","0","0","2","0","","02","9","2022","6","40.436578","-79.962392","1239","11","0","0","0","0","0","0","0","1","","0","0","0","","","0","N","0","","40 26:11.680","2","7","79 57:44.610","0","0","0","0","2301","0","0","0","N","0","0","0","2","02301","0","","1.0","1340.0","1","N","N","N","0","","0","0","0","","0","N","","2","0","0","0","0","0","0","2","0","2","","98","","N","","","","","","","","","",""
"2022117478","1837","1","0","0","0","0","0","0","0","0","7","0","","02","12","2022","5","40.32432","-79.856948","1828","11","0","0","0","0","0","0","1","0","","0","0","0","","","1","N","0","","40 19:27.552","5","0","79 51:25.013","3","0","0","0","2442","0","0","0","N","0","0","0","1","02442","0","","5.0","1929.0","1","N","N","N","0","","1","0","0","","0","Y","","1","1","1","0","0","0","0","2","0","1","","03","","N","","","","","","","","","",""
"2022116703","0206","2","0","0","0","0","0","0","0","0","4","0","","02","12","2022","7","40.454041","-79.912396","0158","11","0","0","0","0","0","0","0","0","","0","0","0","","","0","N","1","","40 27:14.546","7","0","79 54:44.625","0","0","0","0","2301","0","0","0","N","0","0","0","3","02301","0","","1.0","226.0","9","N","N","N","0","","0","0","0","","2","N","","2","0","0","0","0","0","0","2","0","2","","","","N","","","","","","","","","",""
"2022118625","0115","1","0","0","0","0","0","0","0","0","7","0","","02","12","2022","5","40.39441","-79.896058","0109","11","0","0","0","0","0","1","0","0","","0","0","0","","","1","N","0","","40 23:39.875","6","0","79 53:45.810","8","0","0","0","2448","0","0","0","N","0","0","0","1","02448","0","","5.0","144.0","1","N","N","N","0","","0","0","0","","0","Y","","1","1","0","0","0","1","0","2","0","1","","","","N","","","","","","","","","",""
"2022114029","1310","1","0","0","0","0","0","0","0","0","4","0","","02","11","2022","3","40.434182","-79.751626","1300","11","0","0","0","0","0","0","1","0","","0","0","0","","","1","N","0","","40 26:03.055","4","7","79 45:05.852","8","0","0","0","2446","0","0","0","N","0","0","0","3","02446","0","","1.0","1315.0","1","N","N","N","0","","0","0","0","","0","N","","2","1","1","0","0","1","0","2","1","2","","03","","N","","","","","","","","","",""
"2022116561","1915","2","0","0","0","0","0","0","0","0","2","0","","02","12","2022","6","40.437761","-80.055846","1905","11","0","0","0","0","0","0","0","0","","0","0","0","","","0","","11","","40 26:15.941","","0","80 03:21.044","0","0","0","0","2301","0","0","0","N","0","0","0","2","02301","0","","1.0","","1","","N","N","0","","0","0","0","","2","","","2","0","0","0","0","0","0","2","0","2","","03","","N","","","","","","","","","",""
"2022078417","1637","1","0","0","0","0","0","0","0","0","2","0","","02","8","2022","7","40.579509","-80.220525","1630","11","0","0","0","0","0","2","0","0","","0","0","0","","","1","","3","","40 34:46.232","1","0","80 13:13.890","8","0","0","1","2441","0","0","0","N","0","0","0","2","02441","0","","1.0","1705.0","1","N","N","N","0","","0","0","0","","0","N","","2","1","1","0","0","1","0","2","0","2","","03","","N","","","","","","","","","",""
"2022078462","0237","0","0","0","0","0","0","0","0","0","7","0","","02","8","2022","1","40.439576","-80.005065","0235","11","0","0","0","0","0","0","0","0","","0","0","0","","","0","","1","","40 26:22.473","3","0","80 00:18.235","9","0","0","0","2301","0","0","0","N","0","0","0","1","02301","0","","4.0","321.0","1","N","N","N","1","","0","0","0","","2","N","","1","0","0","0","0","0","1","2","0","1","","03","","N","","","","","","","","","",""
"2022114527","2030","0","0","0","0","0","0","0","0","0","7","0","","02","12","2022","1","40.427227","-79.70349","2027","11","0","0","0","0","0","0","0","0","","0","0","0","","","2","N","0","","40 25:38.018","3","0","79 42:12.565","4","0","0","0","2446","0","0","0","N","0","0","0","3","02446","2","","4.0","2110.0","1","N","N","N","0","","0","0","1","","0","Y","","1","2","0","0","0","0","0","2","0","1","","03","","N","","","","","","","","","",""
"2022036106","1847","1","0","0","0","0","0","0","0","0","7","0","","02","3","2022","7","40.536278","-80.073972","1841","11","0","0","0","0","0","0","0","0","","0","0","0","","","0","N","0","","40 32:10.600","","0","80 04:26.300","0","0","0","0","2215","0","0","0","N","0","0","0","1","02215","0","","4.0","","9","N","N","N","0","","0","0","0","","0","","","1","0","0","0","0","0","0","2","0","1","","","","N","","","","","","","","","",""
"2022109861","2224","1","0","0","0","0","0","0","0","0","1","0","","02","11","2022","1","40.466239","-79.822675","2224","11","0","0","0","0","0","1","0","0","","0","0","0","","","0","N","0","","40 27:58.459","1","0","79 49:21.631","0","0","0","0","2113","0","0","0","N","0","0","0","2","02113","0","","4.0","2345.0","1","N","N","Y","1","","0","0","0","","0","Y","","3","0","0","0","0","0","0","2","1","3","","03","","N","","","","","","","","","",""
"2022116914","1720","0","0","0","0","0","0","0","0","0","1","0","","02","12","2022","5","40.527763","-79.850968","1716","11","0","0","0","0","0","0","0","0","","0","0","0","","","0","N","0","","40 31:39.945","1","0","79 51:03.484","0","0","0","0","2208","0","0","0","N","0","0","0","5","68D02","0","","1.0","1755.0","1","N","N","N","0","","0","0","1","","0","Y","","2","0","0","0","0","0","0","2","1","2","","03","","N","","","","","","","","","",""
"2022079647","1523","1","0","0","0","0","0","0","0","0","1","0","","02","8","2022","3","40.542325","-79.840816","1519","11","0","0","0","0","1","1","0","0","","0","0","0","","","0","N","0","","40 32:32.371","","0","79 50:26.939","0","0","0","0","2208","0","0","0","N","0","0","0","2","02208","0","","1.0","","1","N","N","N","0","","0","0","1","","0","","","2","0","0","0","0","0","0","2","0","2","","","","N","","","","","","","","","",""
"2022077908","0815","1","0","0","0","0","0","0","0","0","6","0","","02","8","2022","7","40.457334","-79.997367","0756","11","0","0","0","0","0","0","0","1","","0","0","0","","","0","","2","","40 27:26.402","","99","79 59:50.522","0","0","0","0","2301","0","0","0","N","0","0","0","2","02301","0","","1.0","","1","N","N","N","0","","0","0","1","","0","N","","2","0","0","0","0","0","0","2","0","2","","03","","N","","","","","","","","","",""
"2022084599","0246","0","0","0","0","0","0","0","0","0","7","0","","02","8","2022","2","40.427977","-79.954719","0232","11","0","0","0","0","0","1","0","0","","0","0","0","","","0","N","0","","40 25:40.718","4","0","79 57:16.988","0","0","0","0","2301","0","0","0","N","0","0","0","1","68B03","0","","2.0","246.0","9","N","N","N","0","","0","0","1","","0","N","","1","0","0","0","0","0","0","2","0","1","","","","N","","","","","","","","","",""
"2022071197","0845","0","0","0","0","0","0","0","0","0","1","0","","02","8","2022","5","40.566733","-80.004051","0839","11","0","0","0","0","0","0","0","0","","0","0","0","","","0","Y","0","","40 34:00.240","","0","80 00:14.585","0","0","0","0","2108","0","0","0","N","0","0","0","5","02108","0","","1.0","","9","N","N","N","1","","0","0","0","","3","","","2","0","0","0","0","0","0","2","1","2","","04","","N","","","","","","","","","",""
"2022072346","1152","1","0","0","0","0","0","0","0","0","4","0","","02","8","2022","4","40.313516","-80.08874","1144","11","0","0","1","0","0","0","0","0","","0","0","0","","","0","","2","","40 18:48.658","","0","80 05:19.464","0","0","0","0","2123","0","0","0","N","0","0","0","5","02123","0","","1.0","","1","N","N","N","0","","0","0","0","","3","","","2","0","0","0","0","0","0","2","1","2","","03","","N","","","","","","","","","",""
"2022090495","0220","0","0","0","0","0","0","0","0","0","7","0","","02","8","2022","2","40.471389","-80.039833","0216","11","0","0","0","0","0","0","0","0","","0","0","0","","","1","N","1","","40 28:17.000","","0","80 02:23.400","2","0","0","0","2301","0","0","0","N","0","0","0","2","02301","0","","5.0","","1","N","N","N","0","","0","1","1","","0","","","1","1","1","0","1","0","1","2","0","1","","03","","N","","","","","","","","","",""
"2022119082","1459","0","0","0","0","0","0","0","0","0","7","0","","02","12","2022","5","40.318453","-80.072519","1455","11","1","0","0","0","0","0","0","0","","0","0","0","","","0","N","0","","40 19:06.430","2","0","80 04:21.070","0","0","0","0","2123","0","0","0","N","0","0","0","1","02123","0","","4.0","1610.0","9","N","N","N","1","","0","0","0","","0","N","","1","0","0","0","0","0","0","2","0","1","","","","N","","","","","","","","","",""
"2022115291","1826","1","0","0","0","0","0","0","0","0","7","0","","02","12","2022","3","40.58671","-80.000515","1822","11","0","0","0","0","1","0","0","0","","0","0","0","","","0","","2","","40 35:12.156","","0","80 00:01.854","0","0","0","0","2108","0","0","0","N","0","0","0","2","02108","0","","3.0","","9","N","N","N","0","","0","0","0","","0","","","1","0","0","0","0","0","0","2","0","1","","07","","N","","","","","","","","","",""
"2022071775","1757","1","0","0","0","0","0","0","0","0","1","0","","02","8","2022","6","40.438035","-79.830164","1752","11","0","1","0","0","0","0","0","0","","0","0","0","","","0","N","0","","40 26:16.927","","0","79 49:48.589","0","0","0","0","2419","0","0","0","N","0","0","0","2","02419","0","","1.0","","9","N","N","N","0","","0","0","1","","0","","","2","0","0","0","0","0","0","2","0","2","","","","N","","","","","","","","","",""
"2022078033","1132","0","0","0","0","0","0","0","0","0","8","0","","02","8","2022","6","40.457378","-79.998981","1128","11","0","0","0","0","0","1","0","0","","0","0","0","","","1","N","1","","40 27:26.560","","0","79 59:56.332","3","0","0","0","2301","1","0","0","N","1","0","0","2","02301","0","","1.0","","1","N","N","N","1","","1","0","0","","2","","","2","1","0","0","0","0","0","2","0","1","","03","","N","","","","","","","","","",""
"2022113471","2359","0","0","0","0","0","0","0","0","0","98","0","","02","11","2022","4","40.524809","-79.988245","2358","11","0","0","0","0","0","0","0","0","","0","0","0","","","0","N","0","","40 31:29.312","","0","79 59:17.682","0","0","0","0","2116","0","0","0","N","0","0","0","1","02116","0","","5.0","","1","N","N","N","0","","0","0","1","","0","","","1","0","0","0","0","0","0","2","0","1","","03","","N","","","","","","","","","",""
"2022078996","1813","2","0","0","0","0","0","0","0","0","4","0","","02","8","2022","2","40.487294","-80.039029","1810","11","0","0","0","0","0","0","0","0","","0","0","0","","","2","N","0","","40 29:14.258","5","7","80 02:20.504","3","0","0","0","2301","0","0","0","N","0","0","0","2","02301","0","","1.0","1900.0","9","N","N","N","0","","2","0","0","","0","Y","","2","2","0","0","0","0","0","2","0","2","","","","N","","","","","","","","","",""
"2022119075","0304","0","0","0","0","0","0","0","0","0","7","0","","02","12","2022","6","40.631078","-79.966366","0301","11","0","0","0","1","0","0","0","0","","0","0","0","","","0","","3","","40 37:51.881","7","0","79 57:58.919","0","0","0","0","2217","0","0","0","N","0","0","0","1","02505","0","","5.0","345.0","9","N","N","N","0","","0","0","1","","0","N","","1","0","0","0","0","0","0","2","0","1","","07","","N","","","","","","","","","",""
"2022104572","","0","0","0","0","0","0","0","0","0","1","0","","02","10","2022","5","40.447565","-80.164907","","11","0","0","0","0","0","1","0","0","","0","0","0","","","2","","3","","40 26:51.233","","2","80 09:53.666","8","0","0","0","2115","0","0","0","N","0","0","0","3","00000","0","","1.0","","1","","","N","0","","0","0","1","","4","","","2","2","0","0","0","2","0","2","0","2","","","","N","","","","","","","","","",""
"2022076516","2005","2","0","0","0","0","0","0","0","0","5","0","","02","8","2022","1","40.465056","-79.958722","1957","11","0","0","0","0","0","0","0","0","","0","0","0","","","0","N","0","","40 27:54.200","","0","79 57:31.400","0","0","0","0","2301","0","0","0","N","0","0","0","2","02301","0","","1.0","","1","N","N","N","0","","0","0","1","","0","","","3","0","1","0","0","0","0","2","0","3","","","","N","","","","","","","","","",""
"2022105863","0138","1","0","0","0","0","0","0","0","0","5","0","","02","11","2022","1","40.436894","-79.977757","0138","11","0","0","0","0","0","0","0","0","","0","0","0","","","0","N","1","","40 26:12.819","","0","79 58:39.925","0","0","0","0","2301","0","0","0","N","0","0","0","2","02301","0","","2.0","","1","N","N","Y","0","","0","0","1","","0","","","2","0","0","0","0","0","0","2","0","2","","03","","N","","","","","","","","","",""
"2022079769","1332","2","0","0","0","0","0","0","0","0","4","0","","02","8","2022","3","40.467647","-80.098861","1327","11","0","0","0","1","0","0","0","1","","0","0","0","","","0","N","0","","40 28:03.530","","7","80 05:55.900","0","0","0","0","2126","0","0","0","N","0","0","0","2","02126","0","","9.0","","1","N","N","N","0","","0","0","0","","0","N","","2","0","2","0","0","0","0","2","0","2","","03","","N","","","","","","","","","",""
"2022078376","1536","1","0","0","0","0","0","0","0","0","1","0","","02","8","2022","7","40.550111","-80.017333","1522","11","0","0","0","1","0","0","0","0","","0","0","0","","","1","","2","","40 33:00.400","1","0","80 01:02.400","3","0","0","0","2116","0","0","0","N","0","0","0","2","02116","0","","1.0","1559.0","1","N","N","N","0","","1","0","1","","0","N","","2","1","0","0","0","0","0","2","0","2","","03","","N","","","","","","","","","",""
"2022078419","1635","1","0","0","0","0","0","0","0","0","4","0","","02","8","2022","7","40.327639","-79.891444","1635","11","1","0","0","0","0","0","1","0","","0","0","0","","","0","N","1","","40 19:39.500","","0","79 53:29.200","0","0","0","0","2433","0","0","0","N","0","0","0","4","02433","0","","1.0","","1","","","N","0","","0","0","1","","3","","","2","0","0","0","0","0","0","2","0","2","","03","","N","","","","","","","","","",""
"2022081984","1250","0","0","0","0","0","0","0","0","0","1","0","","02","9","2022","6","40.491622","-80.257836","1244","11","0","0","0","0","0","0","0","0","","0","0","0","","","1","N","0","","40 29:29.840","","7","80 15:28.210","3","0","0","0","2203","0","0","0","N","0","0","0","3","02501","0","","1.0","","1","N","N","N","0","","1","0","2","","0","","","2","1","0","0","0","0","0","2","0","2","","03","","N","","","","","","","","","",""
"2022115864","1200","0","0","0","0","0","0","1","0","0","1","2","","02","11","2022","7","40.635907","-80.097806","1157","11","0","0","0","0","0","2","1","0","","0","1","0","","","2","N","0","","40 38:09.266","1","0","80 05:52.100","8","0","0","0","2212","0","0","0","N","0","0","0","25","68B03","0","","1.0","1240.0","1","Y","N","N","0","","0","0","1","","0","N","","3","2","1","0","0","2","0","2","0","3","","03","","N","","","","","","","","","",""
"2022077075","0951","1","0","0","0","0","0","0","0","0","8","0","","02","8","2022","3","40.440446","-79.992757","0945","11","0","0","0","0","0","0","0","0","","0","0","0","","","1","N","0","","40 26:25.606","","7","79 59:33.926","3","0","0","0","2301","1","0","0","N","1","0","0","2","02301","0","","1.0","","1","N","N","N","0","","1","0","0","","2","","","2","1","0","0","0","0","1","2","0","1","","03","","N","","","","","","","","","",""
"2022114164","1045","2","0","0","0","0","0","0","0","0","4","0","","02","12","2022","7","40.591258","-79.948096","1045","11","0","0","1","0","0","0","0","0","","0","0","0","","","2","","1","","40 35:28.527","2","0","79 56:53.145","3","0","0","0","2207","0","0","0","N","0","0","0","3","02207","1","","1.0","1116.0","9","N","N","N","0","","1","0","0","","2","N","","2","2","0","0","0","0","0","2","0","2","","","","N","","","","","","","","","",""
"2022071974","2149","1","0","0","0","0","0","0","0","0","8","0","","02","8","2022","5","40.345347","-79.939038","2146","11","0","0","0","0","0","1","0","0","","0","0","0","","","1","N","0","","40 20:43.249","","0","79 56:20.536","8","0","0","0","2473","1","0","0","N","1","0","0","2","02473","0","","1.0","","1","N","N","N","0","","0","0","0","","0","","","2","1","0","0","0","1","0","2","0","1","","03","","N","","","","","","","","","",""
"2022117192","1843","0","0","0","0","0","0","0","0","0","4","0","","02","12","2022","4","40.332422","-79.933883","1839","11","0","0","0","0","0","0","1","0","","0","0","0","","","2","","1","","40 19:56.719","5","0","79 56:01.978","3","0","0","0","2473","0","0","0","N","0","0","0","2","02473","0","","1.0","1930.0","9","N","N","N","0","","2","0","2","","2","N","","2","2","0","0","0","0","0","2","0","2","","03","","N","","","","","","","","","",""
"2022077915","0030","1","0","1","0","0","0","0","0","0","4","0","","02","8","2022","6","40.43775","-79.972833","0022","11","0","0","0","0","0","1","0","0","","0","0","0","","","2","N","2","","40 26:15.900","","0","79 58:22.200","2","0","0","0","2301","0","0","0","N","0","0","0","3","02301","0","","1.0","","1","N","N","N","0","","1","1","1","","2","","","2","2","0","0","0","0","0","2","0","2","","03","","N","","","","","","","","","",""
"2022078123","1757","2","0","0","0","0","0","0","0","0","4","0","","02","8","2022","6","40.398304","-80.026185","1757","11","0","0","0","0","0","0","1","1","","0","0","0","","","0","N","2","","40 23:53.893","","0","80 01:34.265","0","0","0","0","2301","0","0","0","N","0","0","0","2","02301","0","","1.0","","1","N","N","N","0","","0","0","0","","3","","","2","0","0","0","0","0","0","2","0","2","","","","N","","","","","","","","","",""
"2022077407","0708","0","0","0","0","0","0","0","0","0","7","0","","02","8","2022","3","40.658227","-79.727111","0708","11","0","0","0","0","0","0","0","0","","0","0","0","","","0","N","0","","40 39:29.617","","0","79 43:37.601","0","0","0","0","2202","0","0","0","N","0","0","0","1","02202","0","","1.0","","1","N","N","N","1","","0","0","0","","0","N","","1","0","0","0","0","0","0","2","0","1","","","","N","","","","","","","","","",""
"2022111967","1448","1","0","0","0","0","0","0","0","0","7","0","","02","11","2022","2","40.42364","-79.857569","1445","11","0","0","0","0","0","1","1","0","","0","0","0","","","2","N","0","","40 25:25.104","4","0","79 51:27.248","3","0","0","0","2431","0","0","0","N","0","0","0","4","02431","0","","4.0","1540.0","9","N","N","N","0","","2","0","1","","0","Y","","2","2","0","0","0","0","0","2","0","2","","","","N","","","","","","","","","",""
"2022113827","2321","0","0","0","0","0","0","0","0","0","7","0","","02","12","2022","5","40.599651","-80.118726","2317","11","0","0","0","0","0","0","0","0","","0","0","0","","","1","","3","","40 35:58.742","6","0","80 07:07.413","3","0","0","0","2481","0","0","0","Y","0","0","0","1","02481","0","","5.0","2.0","1","N","N","N","0","","1","0","1","","3","Y","","1","1","0","0","0","0","0","1","0","1","","","","N","","","","","","","","","",""
"2022079656","1014","0","0","0","0","0","0","0","0","0","7","0","","02","8","2022","3","40.436776","-79.995319","1014","11","0","0","0","0","0","1","0","0","","0","0","0","","","0","N","0","","40 26:12.394","","0","79 59:43.147","0","0","0","0","2301","0","0","0","N","0","0","0","1","02301","0","","1.0","","9","N","N","N","1","","0","0","0","","0","","","1","0","0","0","0","0","0","2","0","1","","07","","N","","","","","","","","","",""
"2022078017","1115","1","0","0","0","0","0","0","0","0","7","0","25","02","8","2022","6","40.469431","-79.960411","1103","11","0","0","0","0","0","0","0","0","","0","0","0","","","1","","1","","40 28:09.951","2","0","79 57:37.478","3","0","0","0","2301","0","0","0","N","0","0","0","1","02301","0","","1.0","1130.0","1","N","N","N","0","","1","0","0","","0","N","","1","1","0","0","0","0","0","2","0","1","","03","N","Y","4","1","","","N","","","Y","","N"
"2022116697","0035","0","0","0","0","0","0","0","0","0","7","0","","02","12","2022","7","40.426836","-79.937958","0032","11","0","1","0","0","0","0","0","0","","0","0","0","","","0","N","2","","40 25:36.609","","0","79 56:16.648","0","0","0","0","2301","0","0","0","N","0","0","0","1","02301","0","","5.0","","1","N","N","N","0","","0","0","1","","0","","","1","0","0","0","0","0","0","2","0","1","","03","","N","","","","","","","","","",""
"2022074287","1635","2","0","0","0","0","0","0","0","0","4","1","","02","8","2022","1","40.438889","-79.992361","1625","11","0","0","0","0","0","0","0","0","","0","1","0","","","0","N","0","","40 26:20.000","","0","79 59:32.500","0","0","0","0","2301","0","0","0","N","0","0","0","2","02301","0","","1.0","","1","N","N","N","0","","0","0","0","","0","","","3","0","0","0","0","0","0","2","0","3","","03","","Y","","","","","","","","","",""
"2022072674","1912","1","0","0","0","0","0","0","0","0","7","0","","02","8","2022","1","40.533667","-79.88275","1906","11","0","0","0","0","1","0","0","0","","0","0","0","","","1","","2","","40 32:01.200","","0","79 52:57.900","3","0","0","0","2432","0","0","0","N","0","0","0","1","02432","0","","5.0","","1","N","N","N","0","","1","0","0","","0","","","1","1","0","0","0","0","0","2","0","1","","","","N","","","","","","","","","",""
"2022075873","1428","1","0","0","0","0","0","0","0","0","7","0","","02","8","2022","6","40.401714","-80.015476","1414","11","0","0","0","0","0","0","1","0","","0","0","0","","","0","N","0","","40 24:06.172","","0","80 00:55.715","0","0","0","0","2301","0","0","0","N","0","0","0","1","02301","0","","5.0","","1","N","N","N","0","","0","0","0","","0","","","1","0","0","0","0","0","0","2","0","1","","03","","N","","","","","","","","","",""
"2022080396","0307","2","0","0","0","0","0","0","0","0","4","0","","02","8","2022","2","40.32599","-79.892478","0305","11","0","0","0","0","0","0","0","0","","0","0","0","","","0","N","1","","40 19:33.564","","0","79 53:32.920","0","0","0","0","2433","0","0","0","N","0","0","0","2","02455","0","","1.0","","1","N","N","N","0","","0","0","0","","3","","","2","0","0","0","0","0","0","2","0","2","","03","","N","","","","","","","","","",""
"2022115955","2232","1","0","0","0","0","0","0","0","0","7","0","","02","12","2022","4","40.352856","-80.14224","2232","11","0","0","0","0","0","1","0","0","","0","0","0","","","0","N","0","","40 21:10.280","4","0","80 08:32.064","0","0","0","0","2119","0","0","0","Y","0","0","0","1","02119","0","","2.0","2310.0","1","N","N","N","0","","0","0","0","","0","N","","1","0","0","0","0","0","0","2","0","1","","03","","N","","","","","","","","","",""
"2022081196","0903","1","0","0","0","0","0","0","0","0","1","0","","02","9","2022","6","40.42652","-79.993583","0859","11","0","0","0","0","0","0","0","0","","0","0","0","","","0","N","0","","40 25:35.471","","0","79 59:36.899","9","0","0","0","2301","0","0","0","N","0","0","0","3","02301","0","","4.0","","1","N","N","N","0","","0","0","1","","0","","","2","0","0","0","0","0","2","2","0","2","","03","","N","","","","","","","","","",""
"2022102391","1731","1","0","0","0","0","0","0","0","0","1","0","","02","11","2022","4","40.293293","-79.882571","1728","11","0","0","0","0","0","2","0","0","","0","0","0","","","0","N","0","","40 17:35.854","3","0","79 52:57.254","0","0","0","0","2302","0","0","0","N","0","0","0","2","02302","0","","1.0","1815.0","1","N","N","N","0","","0","0","1","","0","Y","","2","0","0","0","0","0","0","2","0","2","","","","N","","","","","","","","","",""
"2022080628","1618","0","0","0","0","0","0","0","0","0","4","0","","02","9","2022","6","40.391579","-80.071125","1614","11","0","0","0","0","0","1","1","0","","0","0","0","","","0","N","2","","40 23:29.686","","7","80 04:16.051","0","0","0","0","2117","0","0","0","N","0","0","0","2","02117","0","","1.0","","1","N","","N","0","","0","0","2","","3","","","2","0","0","0","0","0","0","2","0","2","","","","N","","","","","","","","","",""
"2022113015","1003","1","0","0","0","0","0","0","0","0","7","0","","02","11","2022","6","40.631948","-80.00068","0958","11","0","1","0","0","0","0","0","0","","0","0","0","","","1","N","0","","40 37:55.013","3","0","80 00:02.449","4","0","0","0","2217","0","0","0","N","0","0","0","1","02505","1","","5.0","1040.0","9","N","N","N","0","","0","0","0","","0","N","","1","1","0","0","0","0","0","2","0","1","","","","N","","","","","","","","","",""
"2022080493","0155","0","0","0","0","0","0","0","0","0","7","0","","02","9","2022","6","40.329945","-79.842046","0152","11","0","0","0","0","0","0","0","0","","0","0","0","","","1","N","0","","40 19:47.802","","0","79 50:31.366","3","0","0","0","2304","0","0","0","N","0","0","0","1","02304","0","","2.0","","1","N","N","N","0","","1","0","1","","0","","","1","1","1","0","0","0","0","2","0","1","","03","","N","","","","","","","","","",""
"2022080455","1748","1","0","0","0","0","0","0","0","0","1","0","","02","9","2022","5","40.419428","-79.797853","1746","11","0","0","0","0","0","0","1","0","","0","0","0","","","1","N","0","","40 25:09.940","","0","79 47:52.270","3","0","0","0","2446","0","0","0","N","0","0","0","2","02446","0","","1.0","","1","N","N","N","0","","1","0","1","","0","","","2","1","0","0","0","0","0","2","0","2","","03","","N","","","","","","","","","",""
"2022116496","1044","0","0","0","0","0","0","0","0","0","7","1","","02","12","2022","5","40.428769","-79.999598","1039","11","0","0","0","0","0","0","0","0","","0","1","0","","","0","N","0","","40 25:43.569","","3","79 59:58.552","0","0","0","0","2301","0","0","0","Y","0","0","0","1","02301","0","","5.0","","1","N","N","N","0","","0","0","1","","2","","","2","0","0","0","0","0","0","2","0","2","","03","","N","","","","","","","","","",""
"2022099045","1534","1","0","0","0","0","0","0","0","0","4","0","","02","9","2022","6","40.511392","-80.101018","1530","11","0","0","0","0","0","1","0","0","","0","0","0","","","1","","1","","40 30:41.012","2","0","80 06:03.665","3","0","0","0","2429","0","0","0","N","0","0","0","2","02215","0","","1.0","1638.0","1","N","N","N","1","","1","0","0","","2","N","","2","1","0","0","0","0","0","2","0","2","","","","N","","","","","","","","","",""