"CRN","ARRIVAL_TM","AUTOMOBILE_COUNT","BELTED_DEATH_COUNT","BELTED_SUSP_SERIOUS_INJ_COUNT","BICYCLE_COUNT","BICYCLE_DEATH_COUNT","BICYCLE_SUSP_SERIOUS_INJ_COUNT","BUS_COUNT","CHLDPAS_DEATH_COUNT","CHLDPAS_SUSP_SERIOUS_INJ_COUNT","COLLISION_TYPE","COMM_VEH_COUNT","CONS_ZONE_SPD_LIM","COUNTY","CRASH_MONTH","CRASH_YEAR","DAY_OF_WEEK","DEC_LATITUDE","DEC_LONGITUDE","DISPATCH_TM","DISTRICT","DRIVER_COUNT_16YR","DRIVER_COUNT_17YR","DRIVER_COUNT_18YR","DRIVER_COUNT_19YR","DRIVER_COUNT_20YR","DRIVER_COUNT_50_64YR","DRIVER_COUNT_65_74YR","DRIVER_COUNT_75PLUS","EST_HRS_CLOSED","FATAL_COUNT","HEAVY_TRUCK_COUNT","HORSE_BUGGY_COUNT","HOUR_OF_DAY","ILLUMINATION","INJURY_COUNT","INTERSECTION_RELATED","INTERSECT_TYPE","LANE_CLOSED","LATITUDE","LN_CLOSE_DIR","LOCATION_TYPE","LONGITUDE","MAX_SEVERITY_LEVEL","MCYCLE_DEATH_COUNT","MCYCLE_SUSP_SERIOUS_INJ_COUNT","MOTORCYCLE_COUNT","MUNICIPALITY","NONMOTR_COUNT","NONMOTR_DEATH_COUNT","NONMOTR_SUSP_SERIOUS_INJ_COUNT","NTFY_HIWY_MAINT","PED_COUNT","PED_DEATH_COUNT","PED_SUSP_SERIOUS_INJ_COUNT","PERSON_COUNT","POLICE_AGCY","POSSIBLE_INJ_COUNT","RDWY_SURF_TYPE_CD","RELATION_TO_ROAD","ROADWAY_CLEARED","ROAD_CONDITION","SCH_BUS_IND","SCH_ZONE_IND","SECONDARY_CRASH","SMALL_TRUCK_COUNT","SPEC_JURIS_CD","SUSP_MINOR_INJ_COUNT","SUSP_SERIOUS_INJ_COUNT","SUV_COUNT","TCD_FUNC_CD","TCD_TYPE","TFC_DETOUR_IND","TIME_OF_DAY","TOTAL_UNITS","TOT_INJ_COUNT","UNBELTED_OCC_COUNT","UNB_DEATH_COUNT","UNB_SUSP_SERIOUS_INJ_COUNT","UNK_INJ_DEG_COUNT","UNK_INJ_PER_COUNT","URBAN_RURAL","VAN_COUNT","VEHICLE_COUNT","WEATHER1","WEATHER2","WORKERS_PRES","WORK_ZONE_IND","WORK_ZONE_LOC","WORK_ZONE_TYPE","WZ_CLOSE_DETOUR","WZ_FLAGGER","WZ_LAW_OFFCR_IND","WZ_LN_CLOSURE","WZ_MOVING","WZ_OTHER","WZ_SHLDER_MDN","WZ_WORKERS_INJ_KILLED"
"2022082362","0528","1","0","0","0","0","0","0","0","0","7","0","","02","8","2022","1","40.430441","-80.107199","0517","11","0","0","0","0","1","0","0","0","","0","0","0","","","0","N","0","","40 25:49.589","","0","80 06:25.918","0","0","0","0","2115","0","0","0","Y","0","0","0","1","68B03","0","","4.0","","1","N","N","N","0","","0","0","0","","0","","","1","0","0","0","0","0","0","2","0","1","","","","N","","","","","","","","","",""
"2022071199","0940","1","0","0","0","0","0","0","0","0","1","0","","02","8","2022","5","40.622417","-80.070046","0938","11","0","0","0","0","0","0","0","1","","0","0","0","","","0","","1","","40 37:20.702","4","0","80 04:12.165","0","0","0","0","2212","0","0","0","N","0","0","0","2","02505","0","","1.0","1012.0","9","N","N","N","0","","0","0","1","","2","Y","","2","0","0","0","0","0","0","2","0","2","","04","","N","","","","","","","","","",""
"2022084193","0236","0","0","0","0","0","0","0","0","0","7","0","","02","8","2022","5","40.429246","-79.941061","0217","11","0","0","0","0","0","0","0","0","","0","0","0","","","0","N","0","","40 25:45.285","","0","79 56:27.819","0","0","0","0","2301","0","0","0","N","0","0","0","1","68B03","0","","3.0","","1","N","N","N","0","","0","0","1","","0","","","1","0","0","0","0","0","0","2","0","1","","","","N","","","","","","","","","",""
"2022075678","0124","0","0","0","0","0","0","0","0","0","7","0","","02","8","2022","6","40.448246","-80.013772","0114","11","0","0","0","0","0","0","0","0","","0","0","0","","","0","N","0","","40 26:53.686","","0","80 00:49.579","0","0","0","0","2301","0","0","0","N","0","0","0","0","02301","0","","2.0","","1","N","N","N","0","","0","0","1","","0","","","1","0","0","0","0","0","0","2","0","1","","03","","N","","","","","","","","","",""
"2022077561","1738","1","0","0","0","0","0","0","0","0","4","0","","02","8","2022","4","40.524694","-79.980417","1734","11","0","1","0","0","0","0","0","0","","0","0","0","","","0","","3","","40 31:28.900","","0","79 58:49.500","0","0","0","0","2116","0","0","0","N","0","0","0","3","02118","0","","1.0","","1","N","N","N","0","","0","0","1","","0","","","2","0","0","0","0","0","0","2","0","2","","","","N","","","","","","","","","",""
"2022071442","0418","0","0","0","0","0","0","0","0","0","7","0","","02","8","2022","5","40.510166","-79.714811","0411","11","0","0","0","0","0","0","0","0","","0","0","0","","","0","N","0","","40 30:36.598","","0","79 42:53.318","0","0","0","0","2466","0","0","0","N","0","0","0","1","02466","0","","5.0","","1","N","N","N","0","","0","0","1","","0","N","","1","0","0","0","0","0","0","1","0","1","","","","N","","","","","","","","","",""
"2022109988","1634","0","0","0","0","0","0","0","0","0","7","0","","02","11","2022","3","40.43821","-80.245226","1625","11","0","1","0","0","0","0","0","0","","0","0","0","","","0","N","0","","40 26:17.557","","0","80 14:42.813","0","0","0","0","2214","0","0","0","N","0","0","0","1","68B03","0","","4.0","","9","N","N","N","1","","0","0","0","","0","","","1","0","0","0","0","0","0","2","0","1","","04","","N","","","","","","","","","",""
"2022110543","2017","1","0","0","0","0","0","0","0","0","98","0","","02","11","2022","2","40.516987","-79.726981","2015","11","0","0","0","0","0","0","0","0","","0","0","0","","","1","N","0","","40 31:01.153","6","0","79 43:37.132","2","0","0","0","2466","0","0","0","N","0","0","0","1","02466","0","","5.0","2115.0","1","N","N","N","0","","0","1","0","","0","Y","","1","1","1","0","1","0","0","1","0","1","","03","","N","","","","","","","","","",""
"2022115838","0356","0","0","0","0","0","0","0","0","0","7","1","","02","11","2022","3","40.5507","-80.086773","0334","11","0","0","0","0","0","0","0","0","","0","1","0","","","0","N","0","","40 33:02.520","","3","80 05:12.382","0","0","0","0","2215","0","0","0","N","0","0","0","1","68B03","0","","2.0","","1","N","N","N","0","","0","0","0","","0","","","1","0","0","0","0","0","0","2","0","1","","","","N","","","","","","","","","",""
"2022071788","1116","1","0","0","0","0","0","0","0","0","2","0","","02","8","2022","7","40.463583","-79.952889","1104","11","0","0","0","0","0","0","0","0","","0","0","0","","","2","","1","","40 27:48.900","7","0","79 57:10.400","4","0","0","0","2301","0","0","0","N","0","0","0","2","02301","2","","1.0","1140.0","9","N","N","N","0","","0","0","1","","0","N","","2","2","0","0","0","0","0","2","0","2","","","","N","","","","","","","","","",""
"2022115140","0944","1","0","0","0","0","0","0","0","0","4","1","","02","12","2022","3","40.46175","-79.965333","0934","11","0","0","0","0","0","0","0","0","","0","1","0","","","0","N","2","","40 27:42.300","","0","79 57:55.200","0","0","0","0","2301","0","0","0","N","0","0","0","2","02301","0","","1.0","","9","N","N","N","0","","0","0","0","","0","","","2","0","0","0","0","0","0","2","0","2","","04","","N","","","","","","","","","",""
"2022111195","1112","1","0","0","0","0","0","0","0","0","1","1","45","02","11","2022","2","40.493876","-79.9025","1111","11","0","0","0","0","0","0","0","0","","0","1","0","","","2","N","0","","40 29:37.954","2","0","79 54:09.000","3","0","0","0","2401","0","0","0","N","0","0","0","4","68D02","1","","1.0","1159.0","1","N","N","N","0","","1","0","0","","0","Y","","2","2","2","0","0","0","1","2","0","2","","03","Y","Y","4","1","N","N","N","N","N","N","Y","N"
"2022076653","1006","0","0","0","0","0","0","0","0","0","4","0","","02","8","2022","2","40.532214","-80.175304","1006","11","0","0","0","0","0","1","0","0","","0","0","0","","","0","N","2","","40 31:55.971","1","0","80 10:31.095","0","0","0","0","2452","0","0","0","N","0","0","0","2","02458","0","","1.0","1040.0","1","N","N","N","1","","0","0","1","","0","N","","2","0","0","0","0","0","0","2","0","2","","03","","N","","","","","","","","","",""
"2022080731","1112","2","0","0","0","0","0","0","0","0","3","0","","02","8","2022","6","40.465667","-79.955194","1110","11","0","0","0","0","0","0","0","1","","0","0","0","","","0","N","1","","40 27:56.400","1","0","79 57:18.700","0","0","0","0","2301","0","0","0","N","0","0","0","2","02301","0","","1.0","1140.0","1","N","N","N","0","","0","0","0","","2","Y","","2","0","0","0","0","0","0","2","0","2","","03","","N","","","","","","","","","",""
"2022071498","0803","1","0","0","0","0","0","0","0","0","2","0","","02","8","2022","6","40.454076","-79.996814","0757","11","0","0","0","0","0","1","0","0","","0","0","0","","","0","","1","","40 27:14.672","","0","79 59:48.532","0","0","0","0","2301","0","0","0","N","0","0","0","2","02301","0","","1.0","","1","N","N","N","1","","0","0","0","","2","","","2","0","0","0","0","0","0","2","0","2","","03","","N","","","","","","","","","",""
"2022078724","0206","1","0","0","0","0","0","0","0","0","7","0","","02","8","2022","2","40.436526","-79.994784","0201","11","0","0","0","0","0","0","0","0","","0","0","0","","","1","N","0","","40 26:11.492","3","2","79 59:41.223","8","0","0","0","2301","0","0","0","N","0","0","0","1","02301","0","","2.0","247.0","9","N","N","N","0","","0","0","0","","0","Y","","1","1","0","0","0","1","0","2","0","1","","","","N","","","","","","","","","",""
"2022076227","1619","1","0","0","0","0","0","0","0","0","1","0","","02","8","2022","7","40.534374","-80.179989","1618","11","0","0","0","0","1","0","1","0","","0","0","0","","","0","","2","","40 32:03.748","","0","80 10:47.962","0","0","0","0","2458","0","0","0","N","0","0","0","3","02458","0","","1.0","","1","N","N","N","2","","0","0","0","","0","","","3","0","0","0","0","0","0","2","0","3","","03","","N","","","","","","","","","",""
"2022077919","1340","0","0","0","0","0","0","0","0","0","4","0","","02","8","2022","5","40.440407","-79.994824","1331","11","0","0","0","0","0","0","0","0","","0","0","0","","","0","","1","","40 26:25.466","","0","79 59:41.368","0","0","0","0","2301","0","0","0","N","0","0","0","2","02301","0","","1.0","","1","N","N","N","0","","0","0","2","","2","","","2","0","0","0","0","0","0","2","0","2","","","","N","","","","","","","","","",""
"2022071728","0924","0","0","0","1","0","0","0","0","0","8","0","","02","8","2022","6","40.460111","-79.927917","0915","11","0","0","0","0","0","1","0","0","","0","0","0","","","1","","5","","40 27:36.400","","0","79 55:40.500","3","0","0","0","2301","1","0","0","N","0","0","0","2","02301","0","","1.0","","1","N","N","N","0","","1","0","1","","3","","","2","1","1","0","0","0","0","2","0","1","","","","N","","","","","","","","","",""
"2022075671","2305","3","0","0","0","0","0","0","0","0","4","0","","02","8","2022","5","40.410274","-79.987438","2305","11","0","0","0","0","0","0","0","0","","0","0","0","","","1","Y","0","","40 24:36.985","","0","79 59:14.776","4","0","0","0","2301","0","0","0","N","0","0","0","1","02301","1","","6.0","","1","N","N","Y","0","","0","0","0","","0","","","4","1","0","0","0","0","0","2","1","4","","04","","N","","","","","","","","","",""
"2022109512","2124","0","0","0","0","0","0","0","0","0","98","0","","02","11","2022","4","40.632686","-80.002263","2110","11","0","0","0","0","0","0","0","0","","0","0","0","","","0","","2","","40 37:57.668","","0","80 00:08.147","0","0","0","0","2216","0","0","0","N","0","0","0","1","02505","0","","1.0","","1","N","N","N","0","","0","0","1","","0","","","1","0","0","0","0","0","0","2","0","1","","03","","N","","","","","","","","","",""
"2022114885","1902","2","0","0","0","0","0","0","0","0","4","0","","02","11","2022","3","40.444274","-80.009165","1723","11","0","0","0","0","0","0","0","0","","0","0","0","","","0","N","0","","40 26:39.388","","3","80 00:32.993","9","0","0","0","2301","0","0","0","N","0","0","0","2","68B03","0","","1.0","","9","N","N","N","0","","0","0","0","","0","","","2","0","0","0","0","0","1","2","0","2","","","","N","","","","","","","","","",""
"2022116867","0828","1","0","0","0","0","0","0","0","0","4","0","","02","12","2022","6","40.356576","-80.065208","0823","11","0","0","0","0","0","0","1","0","","0","0","0","","","2","","2","","40 21:23.675","3","0","80 03:54.750","3","0","0","0","2123","0","0","0","N","0","0","0","2","02123","1","","1.0","859.0","1","N","N","N","0","","1","0","1","","3","N","","2","2","0","0","0","0","0","2","0","2","","03","","N","","","","","","","","","",""
"2022109015","1851","2","0","0","0","0","0","0","0","0","4","0","","02","11","2022","6","40.461033","-79.819487","1848","11","1","0","0","0","0","0","0","0","","0","0","0","","","0","N","0","","40 27:39.719","5","0","79 49:10.152","0","0","0","0","2113","0","0","0","N","0","0","0","4","02113","0","","1.0","1931.0","2","N","N","Y","0","","0","0","1","","0","Y","","3","0","1","0","0","0","0","2","0","3","","98","","N","","","","","","","","","",""
"2022109060","2335","1","0","0","0","0","0","0","0","0","7","1","","02","11","2022","6","40.425765","-80.01976","2321","11","0","0","0","0","0","1","0","0","","0","1","0","","","0","","1","","40 25:32.754","5","0","80 01:11.135","0","0","0","0","2301","0","0","0","Y","0","0","0","2","02301","0","","3.0","243.0","1","N","N","N","0","","0","0","0","","2","Y","","3","0","0","0","0","0","0","2","0","2","","03","","N","","","","","","","","","",""
"2022076532","0006","2","0","0","0","0","0","0","0","0","4","0","","02","8","2022","1","40.455446","-79.943609","2357","11","0","0","0","1","0","0","0","0","","0","0","0","","","1","Y","0","","40 27:19.607","6","0","79 56:36.993","4","0","0","0","2301","0","0","0","N","0","0","0","2","02301","1","","1.0","20.0","1","N","N","N","0","","0","0","0","","0","Y","","2","1","0","0","0","0","0","2","0","2","","","","N","","","","","","","","","",""
"2022109722","2335","0","0","0","0","0","0","0","0","0","98","0","","02","11","2022","7","40.328517","-80.156956","2305","11","0","0","0","0","0","0","0","0","","0","1","0","","","0","N","0","","40 19:42.660","","0","80 09:25.040","0","0","0","0","2119","0","0","0","N","0","0","0","1","68T09","0","","1.0","","1","N","N","N","0","","0","0","0","","0","","","1","0","0","0","0","0","0","2","0","1","","03","","N","","","","","","","","","",""
"2022071811","1440","0","0","0","0","0","0","0","0","0","8","0","","02","8","2022","7","40.616406","-79.736534","1440","11","0","0","0","0","0","0","1","0","","0","0","0","","","1","","1","","40 36:59.063","1","0","79 44:11.523","3","0","0","0","2106","1","0","0","N","1","0","0","2","02106","0","","1.0","1458.0","1","N","N","N","0","","1","0","1","","2","N","","2","1","0","0","0","0","0","2","0","1","","","","N","","","","","","","","","",""
"2022078002","1330","0","0","0","0","0","0","0","0","0","1","0","","02","8","2022","3","40.431763","-79.893272","1330","11","0","0","0","0","0","0","0","0","","0","0","0","","","0","N","1","","40 25:54.346","","0","79 53:35.779","0","0","0","0","2463","0","0","0","N","0","0","0","2","02463","0","","1.0","","1","N","N","N","1","","0","0","1","","0","","","2","0","0","0","0","0","0","2","0","2","","03","","N","","","","","","","","","",""
"2022078212","1345","0","0","0","0","0","0","0","0","0","4","0","","02","8","2022","6","40.423056","-79.887472","1339","11","0","0","0","0","1","1","0","0","","0","0","0","","","0","","3","","40 25:23.000","","0","79 53:14.900","0","0","0","0","2463","0","0","0","N","0","0","0","2","02463","0","","1.0","","1","N","N","N","0","","0","0","2","","3","","","2","0","0","0","0","0","0","2","0","2","","","","N","","","","","","","","","",""
"2022106854","1750","1","0","0","0","0","0","0","0","0","1","0","","02","11","2022","3","40.381088","-80.094874","1744","11","0","0","0","0","0","0","2","0","","0","0","0","","","0","N","0","","40 22:51.917","2","0","80 05:41.546","0","0","0","0","2102","0","0","0","N","0","0","0","3","02102","0","","1.0","1817.0","1","N","N","Y","0","","0","0","2","","0","N","","3","0","0","0","0","0","0","2","0","3","","03","","N","","","","","","","","","",""
"2022109485","1100","2","0","0","0","0","0","0","0","0","7","0","","02","11","2022","7","40.378601","-79.926012","1047","11","0","0","0","0","1","0","0","0","","0","0","0","","","1","N","0","","40 22:42.965","2","0","79 55:33.643","3","0","0","0","2301","0","0","0","N","0","0","0","8","02301","0","","4.0","1245.0","1","N","N","N","0","","1","0","1","","0","Y","","4","1","0","0","0","0","0","2","1","4","","04","","N","","","","","","","","","",""
"2022071688","1653","1","0","0","0","0","0","0","0","0","4","0","","02","8","2022","5","40.382954","-79.876972","1649","11","0","0","0","0","0","0","0","1","","0","0","0","","","0","N","0","","40 22:58.634","","7","79 52:37.099","0","0","0","0","2473","0","0","0","N","0","0","0","2","02473","0","","1.0","","1","N","N","N","0","","0","0","1","","3","","","2","0","0","0","0","0","0","2","0","2","","03","","N","","","","","","","","","",""
"2022070554","0824","0","0","0","0","0","0","0","0","0","1","0","","02","8","2022","3","40.458139","-80.068222","0821","11","0","0","0","0","0","1","0","0","","0","0","0","","","0","Y","0","","40 27:29.300","","0","80 04:05.600","0","0","0","0","2301","0","0","0","N","0","0","0","2","02301","0","","1.0","","98","N","N","N","0","","0","0","1","","0","N","","2","0","0","0","0","0","0","2","1","2","","03","","N","","","","","","","","","",""
"2022106038","1001","1","0","0","0","0","0","0","0","0","7","0","","02","11","2022","6","40.519141","-79.920483","0956","11","0","0","0","0","0","0","0","0","","0","0","0","","","0","","2","","40 31:08.907","","0","79 55:13.738","0","0","0","0","2112","0","0","0","N","0","0","0","1","02112","0","","2.0","","9","N","N","N","0","","0","0","0","","3","","","1","0","0","0","0","0","0","2","0","1","","","","N","","","","","","","","","",""
"2022078230","2319","0","0","0","0","0","0","0","0","0","7","0","","02","8","2022","6","40.449492","-80.107442","2314","11","0","0","0","0","0","0","0","0","","0","0","0","","","0","N","0","","40 26:58.172","2","0","80 06:26.791","0","0","0","0","2115","0","0","0","N","0","0","0","1","02115","0","","5.0","6.0","1","N","N","N","0","","0","0","1","","0","N","","1","0","0","0","0","0","0","2","0","1","","03","","N","","","","","","","","","",""
"2022075086","1202","1","0","0","0","0","0","0","0","0","7","0","","02","8","2022","6","40.439639","-79.756667","1157","11","0","0","0","0","0","0","0","0","","0","0","0","","","0","N","0","","40 26:22.700","","2","79 45:24.000","0","0","0","0","2446","0","0","0","N","0","0","0","1","02446","0","","2.0","","1","N","N","N","0","","0","0","0","","0","N","","1","0","0","0","0","0","0","2","0","1","","","","N","","","","","","","","","",""
"2022108645","0604","1","0","0","0","0","0","0","0","0","7","0","","02","11","2022","4","40.534483","-80.202381","0601","11","0","0","0","0","0","0","0","0","","1","0","0","","","0","N","0","","40 32:04.139","2","0","80 12:08.572","1","0","0","0","2213","0","0","0","N","0","0","0","1","02213","0","2","4.0","1015.0","9","N","N","N","0","0","0","0","0","","0","Y","","1","0","0","0","0","0","0","2","0","1","","04","","N","","","","","","","","","",""
"2022094939","1848","1","0","0","0","0","0","0","0","0","5","0","","02","8","2022","1","40.439521","-80.233085","1837","11","0","0","0","0","0","1","0","0","","0","0","0","","","0","N","0","","40 26:22.275","","0","80 13:59.105","0","0","0","0","2214","0","0","0","Y","0","0","0","6","68B03","0","","1.0","","9","N","N","N","0","","0","0","1","","0","","","2","0","0","0","0","0","0","2","0","2","","","","N","","","","","","","","","",""
"2022080149","0043","0","0","0","0","0","0","0","0","0","7","0","","02","8","2022","5","40.429364","-79.999101","0043","11","0","0","0","0","0","0","0","0","","0","0","0","","","0","N","1","","40 25:45.712","4","3","79 59:56.762","0","0","0","0","2301","0","0","0","N","0","0","0","1","02301","0","","2.0","110.0","1","N","N","N","0","","0","0","1","","2","N","","1","0","0","0","0","0","0","2","0","1","","","","N","","","","","","","","","",""
"2022071886","1543","1","0","0","0","0","0","0","0","0","7","0","","02","8","2022","7","40.499838","-80.072489","1538","11","0","0","0","0","0","0","0","0","","0","0","0","","","1","N","0","","40 29:59.416","3","0","80 04:20.959","3","0","0","0","2402","0","0","0","N","0","0","0","1","02402","0","","5.0","1630.0","1","N","N","N","0","","1","0","0","","0","N","","1","1","1","0","0","0","0","2","0","1","","03","","N","","","","","","","","","",""
"2022077608","1235","0","0","0","0","0","0","0","0","0","1","0","","02","8","2022","6","40.411171","-80.080891","1227","11","0","0","0","0","0","1","0","0","","0","0","0","","","1","N","0","","40 24:40.214","","0","80 04:51.207","3","0","0","0","2415","0","0","0","N","0","0","0","8","02415","0","","1.0","","1","N","N","N","1","","1","0","1","","2","","","2","1","0","0","0","0","0","2","0","2","","03","","N","","","","","","","","","",""
"2022076721","1645","0","0","0","0","0","0","0","0","0","1","0","","02","8","2022","2","40.458732","-79.957909","1634","11","0","0","0","0","0","1","0","0","","0","0","0","","","2","N","1","","40 27:31.435","","0","79 57:28.471","3","0","0","0","2301","0","0","0","N","0","0","0","3","02301","1","","1.0","","1","N","N","N","0","","1","0","2","","2","","","2","2","0","0","0","0","0","2","0","2","","","","N","","","","","","","","","",""
"2022110748","1515","1","0","0","0","0","0","0","0","0","2","0","","02","11","2022","4","40.495283","-80.066049","1513","11","0","0","0","0","1","0","0","0","","0","0","0","","","2","N","0","","40 29:43.020","4","7","80 03:57.776","3","0","0","0","2402","0","0","0","N","0","0","0","2","02402","0","","1.0","1540.0","1","N","N","N","0","","1","0","1","","0","Y","","2","2","1","0","0","1","0","2","0","2","","","","N","","","","","","","","","",""
"2022075539","1526","0","0","0","0","0","0","0","0","0","2","0","","02","8","2022","5","40.500266","-79.72885","1522","11","0","0","0","0","0","0","1","0","","0","0","0","","","0","N","1","","40 30:00.957","2","0","79 43:43.859","0","0","0","0","2466","0","0","0","N","0","0","0","2","02466","0","","1.0","1558.0","1","N","N","N","0","","0","0","2","","0","N","","2","0","0","0","0","0","0","2","0","2","","03","","N","","","","","","","","","",""
"2022113980","1745","0","0","0","0","0","0","0","0","0","1","0","","02","12","2022","6","40.459083","-79.707505","1738","11","0","0","0","0","0","0","0","0","","0","0","0","","","0","N","0","","40 27:32.698","4","0","79 42:27.019","0","0","0","0","2466","0","0","0","N","0","0","0","4","02466","0","","1.0","1814.0","1","N","N","N","0","","0","0","3","","0","N","","3","0","0","0","0","0","0","2","0","3","","03","","N","","","","","","","","","",""
"2022111207","1641","0","0","0","0","0","0","0","0","0","4","1","","02","11","2022","4","40.435294","-80.145831","1637","11","0","0","0","0","0","0","0","0","","0","1","0","","","0","N","0","","40 26:07.057","3","0","80 08:44.992","9","0","0","0","2115","0","0","0","N","0","0","0","2","68B03","0","","1.0","1650.0","1","N","N","N","0","","0","0","1","","0","N","","2","0","0","0","0","0","1","2","0","2","","03","","N","","","","","","","","","",""
"2022111236","0823","0","0","0","0","0","0","0","0","0","1","1","","02","11","2022","6","40.367158","-79.819174","0820","11","0","0","0","0","0","1","0","0","","0","1","0","","","0","N","0","","40 22:01.770","","0","79 49:09.026","0","0","0","0","2111","0","0","0","N","0","0","0","2","02111","0","","1.0","","9","N","N","N","0","","0","0","1","","8","","","2","0","1","0","0","0","0","2","0","2","","","","N","","","","","","","","","",""
"2022114698","2321","0","0","0","0","0","0","0","0","0","7","0","","02","12","2022","6","40.427714","-79.811868","2321","11","0","0","0","0","0","0","0","0","","0","0","0","","","1","N","0","","40 25:39.772","","0","79 48:42.723","4","0","0","0","2124","0","0","0","N","0","0","0","1","02124","1","","5.0","","1","N","N","N","0","","0","0","1","","0","","","1","1","0","0","0","0","0","2","0","1","","","","N","","","","","","","","","",""
"2022080914","1617","1","0","0","0","0","0","0","0","0","4","0","","02","9","2022","7","40.454686","-79.880719","1613","11","0","0","0","0","0","2","0","0","","0","0","0","","","0","","1","","40 27:16.868","","0","79 52:50.588","0","0","0","0","2301","0","0","0","N","0","0","0","2","02301","0","","1.0","","1","N","N","N","0","","0","0","1","","2","","","2","0","0","0","0","0","0","2","0","2","","03","","N","","","","","","","","","",""
"2022071884","1959","1","0","0","0","0","0","0","0","0","5","0","","02","8","2022","7","40.399954","-79.935937","1951","11","0","0","0","0","0","0","0","0","","0","0","0","","","0","N","0","","40 23:59.833","2","3","79 56:09.372","9","0","0","0","2301","0","0","0","N","0","0","0","2","02301","0","","1.0","2030.0","1","N","N","N","0","","0","0","1","","0","N","","2","0","0","0","0","0","1","2","0","2","","","","N","","","","","","","","","",""
"2022071967","1448","0","0","0","0","0","0","0","0","0","2","0","","02","8","2022","7","40.422557","-79.991243","1446","11","0","0","0","0","0","2","0","0","","0","0","0","","","2","N","0","","40 25:21.205","","0","79 59:28.473","3","0","0","0","2301","0","0","0","N","0","0","0","3","02301","0","","1.0","","9","N","N","N","0","","2","0","2","","0","","","2","2","2","0","0","0","0","2","0","2","","07","","N","","","","","","","","","",""
"2022076303","0312","1","0","0","0","0","0","0","0","0","99","0","","02","8","2022","1","40.438139","-79.972667","0306","11","0","0","0","0","0","0","0","0","","0","0","0","","","0","Y","0","","40 26:17.300","","0","79 58:21.600","9","0","0","0","2301","0","0","0","N","0","0","0","1","02301","0","","9.0","","1","N","N","N","0","","0","0","0","","0","","","1","0","0","0","0","0","1","2","0","1","","","","N","","","","","","","","","",""
"2022108845","1218","0","0","0","0","0","0","0","0","0","2","0","","02","11","2022","6","40.364569","-79.984507","1210","11","0","0","0","0","0","0","1","0","","0","0","0","","","0","N","0","","40 21:52.450","","7","79 59:04.226","0","0","0","0","2413","0","0","0","N","0","0","0","2","02413","0","","1.0","","9","N","N","N","0","","0","0","1","","3","","","2","0","0","0","0","0","0","2","1","2","","","","N","","","","","","","","","",""
"2022115866","1331","1","0","0","0","0","0","0","0","0","1","0","","02","11","2022","7","40.645191","-80.096135","1228","11","0","0","0","0","0","0","1","0","","0","0","0","","","0","N","0","","40 38:42.688","","0","80 05:46.086","0","0","0","0","2212","0","0","0","N","0","0","0","13","68B03","0","","1.0","","1","N","N","Y","0","","0","0","2","","0","","","3","0","0","0","0","0","0","2","0","3","","","","N","","","","","","","","","",""
"2022115997","0106","1","0","0","0","0","0","0","0","0","98","0","","02","10","2022","2","40.490399","-80.271381","1255","11","0","0","0","0","0","0","0","0","","0","0","0","","","0","N","0","","40 29:25.438","3","1","80 16:16.973","0","0","0","0","2203","0","0","0","N","0","0","0","1","68B03","0","","1.0","100.0","1","N","N","N","0","","0","0","0","","0","N","","1","0","0","0","0","0","0","2","0","1","","","","N","","","","","","","","","",""
"2022116373","2243","2","0","0","0","0","0","0","0","0","4","0","","02","12","2022","5","40.427843","-79.980641","2237","11","0","0","0","0","0","0","0","0","","0","0","0","","","0","","1","","40 25:40.234","","0","79 58:50.306","0","0","0","0","2301","0","0","0","N","0","0","0","2","02301","0","","1.0","","1","N","N","N","0","","0","0","0","","2","","","2","0","0","0","0","0","0","2","0","2","","03","","N","","","","","","","","","",""
"2022110955","0619","1","0","0","0","0","0","0","0","0","1","0","","02","11","2022","5","40.567102","-80.212318","0610","11","0","0","0","0","0","0","0","0","","0","0","0","","","0","","2","","40 34:01.566","2","0","80 12:44.344","0","0","0","0","2441","0","0","0","N","0","0","0","1","02441","0","","1.0","651.0","1","N","N","N","0","","0","0","0","","0","N","","2","0","0","0","0","0","0","2","0","1","","","","N","","","","","","","","","",""
"2022072552","1048","0","0","0","0","0","0","0","0","0","1","0","","02","8","2022","4","40.42581","-79.910882","1031","11","0","0","0","0","0","1","0","0","","0","0","0","","","0","N","0","","40 25:32.915","","0","79 54:39.176","0","0","0","0","2301","0","0","0","N","0","0","0","5","68B03","0","","1.0","","1","N","N","N","0","","0","0","4","","0","","","4","0","0","0","0","0","0","2","0","4","","","","N","","","","","","","","","",""
"2022108119","1648","0","0","0","0","0","0","0","0","0","98","0","","02","11","2022","4","40.650419","-79.936762","1634","11","0","0","0","0","0","0","1","0","","0","0","0","","","1","N","0","","40 39:01.510","","0","79 56:12.342","4","0","0","0","2217","0","0","0","N","0","0","0","1","02505","1","","1.0","","1","N","N","N","0","","0","0","1","","0","","","1","1","0","0","0","0","0","2","0","1","","","","N","","","","","","","","","",""
"2022072883","2228","0","0","0","0","0","0","0","0","0","7","0","","02","8","2022","6","40.347028","-79.889611","2226","11","0","0","1","0","0","0","0","0","","0","0","0","","","0","N","0","","40 20:49.300","2","3","79 53:22.600","0","0","0","0","2423","0","0","0","N","0","0","0","1","02304","0","","3.0","2100.0","9","N","N","N","0","","0","0","1","","0","N","","1","0","0","0","0","0","0","2","0","1","","","","N","","","","","","","","","",""