"CRN","ARRIVAL_TM","AUTOMOBILE_COUNT","BELTED_DEATH_COUNT","BELTED_SUSP_SERIOUS_INJ_COUNT","BICYCLE_COUNT","BICYCLE_DEATH_COUNT","BICYCLE_SUSP_SERIOUS_INJ_COUNT","BUS_COUNT","CHLDPAS_DEATH_COUNT","CHLDPAS_SUSP_SERIOUS_INJ_COUNT","COLLISION_TYPE","COMM_VEH_COUNT","CONS_ZONE_SPD_LIM","COUNTY","CRASH_MONTH","CRASH_YEAR","DAY_OF_WEEK","DEC_LATITUDE","DEC_LONGITUDE","DISPATCH_TM","DISTRICT","DRIVER_COUNT_16YR","DRIVER_COUNT_17YR","DRIVER_COUNT_18YR","DRIVER_COUNT_19YR","DRIVER_COUNT_20YR","DRIVER_COUNT_50_64YR","DRIVER_COUNT_65_74YR","DRIVER_COUNT_75PLUS","EST_HRS_CLOSED","FATAL_COUNT","HEAVY_TRUCK_COUNT","HORSE_BUGGY_COUNT","HOUR_OF_DAY","ILLUMINATION","INJURY_COUNT","INTERSECTION_RELATED","INTERSECT_TYPE","LANE_CLOSED","LATITUDE","LN_CLOSE_DIR","LOCATION_TYPE","LONGITUDE","MAX_SEVERITY_LEVEL","MCYCLE_DEATH_COUNT","MCYCLE_SUSP_SERIOUS_INJ_COUNT","MOTORCYCLE_COUNT","MUNICIPALITY","NONMOTR_COUNT","NONMOTR_DEATH_COUNT","NONMOTR_SUSP_SERIOUS_INJ_COUNT","NTFY_HIWY_MAINT","PED_COUNT","PED_DEATH_COUNT","PED_SUSP_SERIOUS_INJ_COUNT","PERSON_COUNT","POLICE_AGCY","POSSIBLE_INJ_COUNT","RDWY_SURF_TYPE_CD","RELATION_TO_ROAD","ROADWAY_CLEARED","ROAD_CONDITION","SCH_BUS_IND","SCH_ZONE_IND","SECONDARY_CRASH","SMALL_TRUCK_COUNT","SPEC_JURIS_CD","SUSP_MINOR_INJ_COUNT","SUSP_SERIOUS_INJ_COUNT","SUV_COUNT","TCD_FUNC_CD","TCD_TYPE","TFC_DETOUR_IND","TIME_OF_DAY","TOTAL_UNITS","TOT_INJ_COUNT","UNBELTED_OCC_COUNT","UNB_DEATH_COUNT","UNB_SUSP_SERIOUS_INJ_COUNT","UNK_INJ_DEG_COUNT","UNK_INJ_PER_COUNT","URBAN_RURAL","VAN_COUNT","VEHICLE_COUNT","WEATHER1","WEATHER2","WORKERS_PRES","WORK_ZONE_IND","WORK_ZONE_LOC","WORK_ZONE_TYPE","WZ_CLOSE_DETOUR","WZ_FLAGGER","WZ_LAW_OFFCR_IND","WZ_LN_CLOSURE","WZ_MOVING","WZ_OTHER","WZ_SHLDER_MDN","WZ_WORKERS_INJ_KILLED"
"2022086887","0722","0","0","0","0","0","0","0","0","0","4","0","","02","9","2022","2","40.4423","-80.240397","0720","11","0","1","0","0","0","0","0","0","","0","0","0","","","1","N","0","","40 26:32.280","4","0","80 14:25.429","3","0","0","0","2214","0","0","0","N","0","0","0","6","02214","0","","1.0","820.0","1","N","N","N","0","","1","0","4","","3","Y","","4","1","0","0","0","0","0","2","0","4","","","","N","","","","","","","","","",""
"2022121543","1002","1","0","0","0","0","0","0","0","0","6","0","","02","12","2022","4","40.406688","-79.907634","1000","11","0","0","0","0","0","0","1","0","","0","0","0","","","0","N","0","","40 24:24.078","5","0","79 54:27.484","0","0","0","0","2438","0","0","0","N","0","0","0","1","02438","0","","1.0","1045.0","1","N","N","N","0","","0","0","1","","0","Y","","2","0","0","0","0","0","0","2","0","2","","03","","N","","","","","","","","","",""
"2022120460","0126","0","0","0","0","0","0","0","0","0","4","1","","02","12","2022","1","40.42478","-80.115166","0115","11","0","0","0","0","0","1","0","0","","0","1","0","","","0","N","0","","40 25:29.209","3","0","80 06:54.597","0","0","0","0","2102","0","0","0","N","0","0","0","3","68B03","0","","1.0","226.0","7","N","N","N","1","","0","0","1","","0","N","","3","0","0","0","0","0","0","2","0","3","","","","N","","","","","","","","","",""
"2022121917","0730","0","0","0","0","0","0","0","0","0","4","2","","02","12","2022","3","40.410532","-80.07206","0704","11","0","0","0","0","0","1","0","0","","0","2","0","","","1","N","0","","40 24:37.915","6","0","80 04:19.415","3","0","0","0","2117","0","0","0","Y","0","0","0","4","68B03","0","","1.0","900.0","1","N","N","N","0","","1","0","1","","0","N","","3","1","0","0","0","0","0","2","0","3","","03","","N","","","","","","","","","",""
"2022081661","2239","1","0","0","0","0","0","0","0","0","5","0","","02","9","2022","2","40.515588","-79.843393","2237","11","0","0","0","0","0","0","0","0","","0","0","0","","","0","N","0","","40 30:56.115","2","0","79 50:36.216","0","0","0","0","2451","0","0","0","N","0","0","0","2","02451","0","","1.0","2255.0","1","N","N","N","0","","0","0","1","","0","N","","2","0","0","0","0","0","0","2","0","2","","03","","N","","","","","","","","","",""
"2022121381","1928","1","0","0","0","0","0","0","0","0","5","0","","02","12","2022","1","40.632403","-79.923619","1913","11","0","0","0","0","0","0","1","0","","0","0","0","","","0","N","0","","40 37:56.650","","0","79 55:25.030","0","0","0","0","2217","0","0","0","N","0","0","0","1","02505","0","","1.0","","1","N","N","N","0","","0","0","1","","0","","","2","0","0","0","0","0","0","2","0","2","","","","N","","","","","","","","","",""
"2022082508","1455","1","0","0","0","0","0","0","0","0","7","0","","02","9","2022","5","40.526549","-79.956015","1453","11","0","0","0","0","0","0","1","0","","0","0","0","","","0","N","0","","40 31:35.578","6","0","79 57:21.653","0","0","0","0","2118","0","0","0","N","0","0","0","1","02118","0","","5.0","1526.0","1","N","N","N","0","","0","0","0","","0","N","","1","0","0","0","0","0","0","2","0","1","","03","","N","","","","","","","","","",""
"2022124507","0857","0","0","0","0","0","0","0","0","0","4","0","","02","12","2022","5","40.452886","-79.920712","0850","11","0","0","0","0","0","1","0","0","","0","0","0","","","0","N","1","","40 27:10.389","3","0","79 55:14.564","0","0","0","0","2301","0","0","0","N","0","0","0","2","02301","0","","1.0","940.0","1","N","N","N","0","","0","0","2","","2","N","","2","0","0","0","0","0","0","2","0","2","","","","N","","","","","","","","","",""
"2022088989","1755","1","0","0","0","0","0","0","0","0","7","0","","02","9","2022","7","40.500722","-80.173553","1751","11","0","0","0","0","0","0","1","0","","0","0","0","","","1","N","0","","40 30:02.600","1","0","80 10:24.790","3","0","0","0","2213","0","0","0","N","0","0","0","1","02213","0","","4.0","1816.0","1","N","N","N","0","","1","0","1","","3","Y","","2","1","0","0","0","0","0","2","0","2","","","","N","","","","","","","","","",""
"2022087443","1557","2","0","0","0","0","0","0","0","0","4","0","","02","9","2022","1","40.351741","-80.011492","1553","11","0","0","0","0","1","0","1","0","","0","0","0","","","0","","1","","40 21:06.266","1","0","80 00:41.371","0","0","0","0","2476","0","0","0","N","0","0","0","3","02476","0","","1.0","1630.0","9","N","N","N","0","","0","0","0","","2","Y","","2","0","0","0","0","0","0","2","0","2","","04","","N","","","","","","","","","",""
"2022082330","1334","1","0","0","0","0","0","0","0","0","1","0","","02","9","2022","2","40.404414","-79.825161","1330","11","0","0","0","0","0","0","0","0","","0","0","0","","","0","Y","0","","40 24:15.889","1","0","79 49:30.581","0","0","0","0","2111","0","0","0","N","0","0","0","2","02111","0","","1.0","1412.0","9","N","N","N","0","","0","0","1","","0","N","","2","0","0","0","0","0","0","2","0","2","","","","N","","","","","","","","","",""
"2022121922","2000","0","0","0","0","0","0","0","0","0","7","0","","02","12","2022","3","40.516485","-80.052702","1951","11","0","0","0","0","0","0","0","0","","0","0","0","","","0","N","0","","40 30:59.345","2","2","80 03:09.728","0","0","0","0","2116","0","0","0","Y","0","0","0","1","68B03","0","","4.0","2010.0","1","N","N","N","0","","0","0","0","","0","N","","1","0","0","0","0","0","0","2","1","1","","","","N","","","","","","","","","",""
"2022106048","1459","0","0","0","0","0","0","0","0","0","7","0","","02","11","2022","7","40.421433","-79.998284","1458","11","0","0","0","0","0","0","0","0","","0","0","0","","","0","N","2","","40 25:17.158","","0","79 59:53.822","0","0","0","0","2301","0","0","0","N","0","0","0","1","02301","0","","3.0","","9","N","N","N","0","","0","0","1","","0","N","","1","0","0","0","0","0","0","2","0","1","","07","","N","","","","","","","","","",""
"2022038907","1240","1","0","0","0","0","0","0","0","0","5","0","","02","4","2022","1","40.441419","-80.006956","1240","11","0","0","0","0","0","0","0","0","","0","0","0","","","0","N","0","","40 26:29.110","","0","80 00:25.040","0","0","0","0","2301","0","0","0","N","0","0","0","4","22506","0","","6.0","","1","","","N","0","","0","0","2","","0","N","","3","0","0","0","0","0","0","2","0","3","","04","","N","","","","","","","","","",""
"2022118914","1746","2","0","0","0","0","0","0","0","0","1","0","","02","12","2022","5","40.606756","-80.051723","1738","11","0","1","0","0","0","0","0","0","","0","0","0","","","1","","1","","40 36:24.321","","0","80 03:06.202","3","0","0","0","2216","0","0","0","N","0","0","0","3","02505","0","","1.0","","9","N","N","N","0","","1","0","1","","2","","","3","1","0","0","0","0","0","2","0","3","","","","N","","","","","","","","","",""
"2022082576","1752","1","0","0","0","0","0","0","0","0","4","0","","02","9","2022","5","40.373155","-79.846924","1750","11","0","0","0","0","0","0","0","0","","0","0","0","","","0","","1","","40 22:23.357","2","0","79 50:48.926","0","0","0","0","2303","0","0","0","N","0","0","0","2","02303","0","","1.0","1800.0","1","N","N","N","0","","0","0","1","","3","Y","","2","0","0","0","0","0","0","2","0","2","","03","","N","","","","","","","","","",""
"2022120896","2045","2","0","0","0","0","0","0","0","0","4","0","","02","12","2022","2","40.487098","-80.033372","2040","11","0","0","0","0","1","0","0","0","","0","0","0","","","0","","2","","40 29:13.552","7","0","80 02:00.139","0","0","0","0","2301","0","0","0","N","0","0","0","1","02301","0","","2.0","2115.0","1","N","N","N","0","","0","0","2","","0","Y","","4","0","0","0","0","0","0","2","0","4","","03","","N","","","","","","","","","",""
"2022109505","1044","1","0","0","0","0","0","0","0","0","2","0","","02","11","2022","1","40.461667","-79.922083","1044","11","0","0","0","0","0","0","0","0","","0","0","0","","","0","N","1","","40 27:42.000","1","0","79 55:19.500","0","0","0","0","2301","0","0","0","N","0","0","0","2","02301","0","","1.0","1100.0","1","N","N","N","0","","0","0","0","","2","N","","2","0","0","0","0","0","0","2","1","2","","03","","N","","","","","","","","","",""
"2022120373","0307","1","0","0","0","0","0","0","0","0","4","0","","02","12","2022","1","40.423206","-79.997444","0306","11","0","0","0","0","0","0","0","0","","0","0","0","","","0","N","2","","40 25:23.541","7","0","79 59:50.799","0","0","0","0","2301","0","0","0","N","0","0","0","1","02301","0","","1.0","700.0","2","N","N","N","0","","0","0","2","","0","Y","","3","0","0","0","0","0","0","2","0","3","","02","","N","","","","","","","","","",""
"2022120927","0254","1","0","0","0","0","0","0","0","0","7","0","","02","12","2022","1","40.556726","-79.960309","0241","11","0","0","0","0","0","0","0","0","","0","0","0","","","0","N","0","","40 33:24.215","","0","79 57:37.111","0","0","0","0","2118","0","0","0","N","0","0","0","2","02118","0","","5.0","","7","N","N","N","0","","0","0","0","","0","","","1","0","0","0","0","0","0","2","0","1","","","","N","","","","","","","","","",""
"2022092030","0430","1","0","0","0","0","0","0","0","0","7","0","","02","9","2022","7","40.450491","-79.993945","0409","11","0","0","0","0","0","0","0","0","","0","0","0","","","0","N","0","","40 27:01.769","","3","79 59:38.201","0","0","0","0","2301","0","0","0","N","0","0","0","1","68B03","0","","4.0","","1","N","N","N","0","","0","0","0","","0","","","1","0","0","0","0","0","0","2","0","1","","","","N","","","","","","","","","",""
"2022121880","0721","0","0","0","0","0","0","0","0","0","7","0","","02","11","2022","6","40.436015","-79.972381","0652","11","0","0","0","0","0","0","0","0","","0","0","0","","","1","N","0","","40 26:09.653","3","0","79 58:20.571","3","0","0","0","2301","0","0","0","N","0","0","0","1","68B03","0","","3.0","751.0","1","N","N","N","0","","1","0","1","","0","N","","1","1","0","0","0","0","0","2","0","1","","","","N","","","","","","","","","",""
"2022120089","1510","1","0","0","0","0","0","0","0","0","7","0","","02","12","2022","6","40.44273","-79.811991","1426","11","0","0","0","0","0","0","0","0","","0","0","0","","","0","N","0","","40 26:33.828","3","0","79 48:43.166","0","0","0","0","2113","0","0","0","N","0","0","0","1","68B03","0","","3.0","1550.0","1","N","N","N","0","","0","0","0","","0","N","","1","0","0","0","0","0","0","2","0","1","","","","N","","","","","","","","","",""
"2022119922","1911","0","0","0","0","0","0","0","0","0","0","0","","02","12","2022","7","40.633255","-79.957139","1904","11","1","0","0","0","0","0","0","0","","0","0","0","","","1","N","0","","40 37:59.719","6","0","79 57:25.702","8","0","0","0","2217","0","0","0","N","0","0","0","1","02505","0","","1.0","2005.0","7","N","N","N","0","","0","0","1","","0","Y","","1","1","0","0","0","1","0","2","0","1","","","","N","","","","","","","","","",""
"2022121646","1733","2","0","0","0","0","0","0","0","0","1","0","","02","12","2022","3","40.645219","-80.070574","1728","11","0","0","0","0","0","0","0","0","","0","0","0","","","0","N","0","","40 38:42.787","1","0","80 04:14.068","0","0","0","0","2212","0","0","0","N","0","0","0","2","02505","0","","1.0","1814.0","1","N","N","N","0","","0","0","0","","0","N","","2","0","0","0","0","0","0","2","0","2","","03","","N","","","","","","","","","",""
"2022113378","0724","0","0","0","0","0","0","1","0","0","7","1","","02","11","2022","1","40.414539","-79.851981","0714","11","0","0","0","0","0","1","0","0","","0","0","0","","","1","N","0","","40 24:52.340","","7","79 51:07.130","3","0","0","0","2411","0","0","0","N","0","0","0","1","02503","0","","4.0","","9","N","N","N","0","","1","0","0","","0","N","","1","1","0","0","0","0","0","2","0","1","","","","N","","","","","","","","","",""
"2022081641","1705","1","0","0","0","0","0","0","0","0","7","0","","02","9","2022","2","40.493028","-80.052028","1702","11","0","0","0","0","0","0","0","0","","0","0","0","","","1","N","0","","40 29:34.900","","0","80 03:07.300","3","0","0","0","2404","0","0","0","N","0","0","0","1","02404","0","","5.0","","1","N","N","N","0","","1","0","0","","0","","","1","1","1","0","0","0","0","2","0","1","","","","N","","","","","","","","","",""
"2022081980","0825","1","0","0","0","0","0","0","0","0","7","0","","02","9","2022","4","40.408453","-79.890325","0818","11","0","0","0","0","0","1","0","0","","0","0","0","","","0","N","0","","40 24:30.430","3","0","79 53:25.170","0","0","0","0","2448","0","0","0","N","0","0","0","1","02448","0","","4.0","842.0","1","N","N","N","0","","0","0","0","","0","N","","1","0","0","0","0","0","0","2","0","1","","04","","N","","","","","","","","","",""
"2022082959","2242","1","0","0","0","0","0","0","0","0","5","0","","02","9","2022","6","40.441432","-80.033389","2235","11","0","0","0","0","0","0","0","0","","0","0","0","","","0","N","0","","40 26:29.154","","0","80 02:00.199","0","0","0","0","2301","0","0","0","N","0","0","0","1","02301","0","","6.0","","1","N","N","Y","2","","0","0","0","","0","N","","3","0","0","0","0","0","0","2","0","3","","","","N","","","","","","","","","",""
"2022085321","1446","0","0","0","0","0","0","0","0","0","7","0","","02","9","2022","7","40.439484","-80.010252","1441","11","0","0","0","0","0","1","0","0","","0","0","0","","","2","N","0","","40 26:22.141","4","3","80 00:36.908","2","0","1","1","2301","0","0","0","N","0","0","0","2","68B03","0","","4.0","1719.0","1","N","N","N","0","","1","1","1","","0","N","","2","2","0","0","0","0","0","2","0","2","","","","N","","","","","","","","","",""
"2022084216","1824","0","0","0","0","0","0","0","0","0","1","0","","02","9","2022","5","40.425918","-79.898313","1737","11","0","0","0","0","0","0","0","0","","0","0","0","","","0","N","0","","40 25:33.303","","0","79 53:53.928","0","0","0","0","2301","0","0","0","N","0","0","0","2","68B03","0","","1.0","","1","N","N","Y","0","","0","0","2","","0","","","2","0","0","0","0","0","0","2","0","2","","","","N","","","","","","","","","",""
"2022085061","0803","1","0","0","0","0","0","0","0","0","1","0","","02","9","2022","6","40.434986","-79.987726","0744","11","0","0","0","0","0","0","0","0","","0","0","0","","","0","N","0","","40 26:05.950","","0","79 59:15.814","0","0","0","0","2301","0","0","0","N","0","0","0","2","02301","0","","1.0","","1","N","N","N","0","","0","0","1","","0","","","2","0","0","0","0","0","0","2","0","2","","","","N","","","","","","","","","",""
"2022085034","1415","1","0","0","0","0","0","0","0","0","4","0","","02","9","2022","5","40.438989","-79.761672","1410","11","0","0","0","0","0","0","1","0","","0","0","0","","","1","N","0","","40 26:20.362","","7","79 45:42.018","3","0","0","0","2446","0","0","0","N","0","0","0","2","02446","0","","1.0","","1","N","N","N","0","","1","0","1","","0","","","2","1","0","0","0","0","0","2","0","2","","03","","N","","","","","","","","","",""
"2022082064","1630","1","0","0","0","0","0","0","0","0","1","0","","02","9","2022","4","40.356478","-79.843456","1626","11","0","0","0","0","0","0","0","0","","0","0","0","","","0","N","0","","40 21:23.321","","3","79 50:36.440","0","0","0","0","2304","0","0","0","N","0","0","0","2","02304","0","","1.0","","1","N","N","N","1","","0","0","0","","0","","","2","0","0","0","0","0","0","2","0","2","","03","","N","","","","","","","","","",""
"2022085869","0941","1","0","0","0","0","0","0","0","0","7","0","","02","9","2022","2","40.280972","-79.953361","0931","11","0","0","0","0","0","0","0","0","","0","0","0","","","0","N","0","","40 16:51.500","6","0","79 57:12.100","0","0","0","0","2440","0","0","0","N","0","0","0","1","02440","0","","5.0","1045.0","9","N","N","N","0","","0","0","0","","0","Y","","1","0","0","0","0","0","0","2","0","1","","04","","N","","","","","","","","","",""
"2022083176","1205","1","0","1","0","0","0","0","0","0","4","0","","02","9","2022","7","40.425764","-79.927847","1201","11","0","0","0","0","0","1","0","0","","0","0","0","","","1","N","0","","40 25:32.750","4","0","79 55:40.249","2","0","0","0","2301","0","0","0","N","0","0","0","1","02301","0","","4.0","1340.0","1","N","N","N","0","","0","1","1","","0","N","","2","1","0","0","0","0","0","2","0","2","","03","","N","","","","","","","","","",""
"2022081169","0225","0","0","0","0","0","0","0","0","0","8","0","","02","9","2022","2","40.459806","-79.971361","0219","11","0","0","0","0","0","0","0","0","","0","0","0","","","1","","1","","40 27:35.300","","0","79 58:16.900","3","0","0","0","2301","1","0","0","N","1","0","0","4","02301","0","","1.0","","1","N","N","N","0","","1","0","1","","2","","","2","1","0","0","0","0","0","2","0","1","","","","N","","","","","","","","","",""
"2022121054","1154","1","0","0","0","0","0","0","0","0","7","0","","02","12","2022","1","40.441356","-80.008811","1104","11","0","0","0","0","0","0","0","0","","0","0","0","","","0","","7","","40 26:28.882","1","3","80 00:31.718","0","0","0","0","2301","0","0","0","N","0","0","0","1","68B03","0","","4.0","1203.0","9","N","N","N","0","","0","0","0","","0","N","","1","0","0","0","0","0","0","2","0","1","","03","","N","","","","","","","","","",""
"2022122163","1443","0","0","0","0","0","0","0","0","0","1","0","","02","12","2022","5","40.619214","-80.05527","1431","11","1","1","0","0","0","0","0","0","","0","0","0","","","0","N","0","","40 37:09.169","","0","80 03:18.972","0","0","0","0","2216","0","0","0","N","0","0","0","4","02505","0","","1.0","","9","N","N","N","0","","0","0","2","","0","","","2","0","0","0","0","0","0","1","0","2","","07","","N","","","","","","","","","",""
"2022081578","1124","0","0","0","0","0","0","0","0","0","7","0","","02","9","2022","2","40.295889","-79.932861","1123","11","0","0","0","0","0","1","0","0","","0","0","0","","","1","N","0","","40 17:45.200","5","0","79 55:58.300","3","0","0","0","2440","0","0","0","Y","0","0","0","1","02440","0","","5.0","1302.0","9","N","N","N","1","","1","0","0","","0","N","","1","1","1","0","0","0","0","2","0","1","","","","N","","","","","","","","","",""
"2022109902","1550","0","0","0","0","0","0","0","0","0","8","0","","02","11","2022","2","40.42087","-79.893121","1547","11","0","0","0","0","0","0","0","0","","0","0","0","","","1","","1","","40 25:15.132","1","0","79 53:35.235","2","0","0","0","2463","1","0","1","N","1","0","1","2","02463","0","","1.0","1610.0","1","N","N","N","0","","0","1","0","","3","Y","","2","1","0","0","0","0","1","2","0","1","","03","","N","","","","","","","","","",""
"2022083230","1155","1","0","0","0","0","0","0","0","0","8","0","","02","9","2022","1","40.438725","-79.767623","1151","11","0","1","0","0","0","0","0","0","","0","0","0","","","1","N","0","","40 26:19.409","4","7","79 46:03.442","3","0","0","0","2446","1","0","0","N","1","0","0","2","02446","0","","1.0","1210.0","1","N","N","N","0","","1","0","0","","0","N","","2","1","0","0","0","0","0","2","0","1","","","","N","","","","","","","","","",""
"2022120996","2227","1","0","0","0","0","0","0","0","0","7","0","","02","11","2022","3","40.447982","-80.166451","2223","11","0","0","0","0","0","1","0","0","","0","0","0","","","1","","7","","40 26:52.734","4","0","80 09:59.225","3","0","0","0","2115","0","0","0","N","0","0","0","1","68B03","0","","7.0","2319.0","1","N","N","N","0","","1","0","0","","0","N","","1","1","0","0","0","0","0","2","0","1","","","","N","","","","","","","","","",""
"2022122109","1425","2","0","0","0","0","0","0","0","0","1","0","","02","12","2022","7","40.472474","-80.199338","1418","11","0","0","0","0","0","0","0","0","","0","0","0","","","1","N","0","","40 28:20.906","3","0","80 11:57.618","3","0","0","0","2213","0","0","0","N","0","0","0","2","02213","0","","1.0","1511.0","1","N","N","N","0","","1","0","0","","0","N","","2","1","0","0","0","0","0","2","0","2","","04","","N","","","","","","","","","",""
"2022083467","0132","0","0","0","0","0","0","0","0","0","1","0","","02","9","2022","2","40.394011","-79.987633","0127","11","0","0","0","0","0","0","0","0","","0","0","0","","","0","N","0","","40 23:38.441","2","0","79 59:15.478","9","0","0","0","2301","0","0","0","N","0","0","0","1","02301","0","","4.0","200.0","9","N","N","N","0","","0","0","1","","0","Y","","2","0","0","0","0","0","1","2","1","2","","07","","N","","","","","","","","","",""
"2022120189","2228","2","0","0","0","0","0","0","0","0","4","0","","02","12","2022","7","40.594354","-80.0662","2222","11","0","0","1","0","0","0","0","0","","0","0","0","","","0","N","0","","40 35:39.676","6","0","80 03:58.320","0","0","0","0","2108","0","0","0","N","0","0","0","8","02108","0","","1.0","0.0","2","N","N","N","0","","0","0","1","","0","Y","","4","0","0","0","0","0","0","2","1","4","","","","N","","","","","","","","","",""
"2022082432","1207","0","0","0","0","0","0","0","0","0","1","0","","02","9","2022","3","40.660459","-79.875818","1156","11","0","0","0","0","0","0","0","0","","0","0","0","","","0","N","0","","40 39:37.653","3","0","79 52:32.946","0","0","0","0","2220","0","0","0","N","0","0","0","2","02220","0","","1.0","1235.0","1","N","N","N","1","","0","0","0","","8","N","","2","0","0","0","0","0","0","1","0","2","","","","N","","","","","","","","","",""
"2022091742","1719","1","0","0","0","0","0","0","0","0","1","0","","02","9","2022","7","40.443495","-80.161608","1719","11","0","0","0","0","0","0","0","0","","0","0","0","","","0","N","0","","40 26:36.581","4","0","80 09:41.790","0","0","0","0","2115","0","0","0","N","0","0","0","2","68B03","0","","1.0","1802.0","1","N","N","N","0","","0","0","1","","0","N","","2","0","0","0","0","0","0","2","0","2","","","","N","","","","","","","","","",""
"2022121655","0222","0","0","0","0","0","0","0","0","0","1","0","","02","10","2022","5","40.434444","-79.965024","0209","11","0","0","0","0","0","0","0","0","","0","0","0","","","0","N","0","","40 26:03.997","","0","79 57:54.085","9","0","0","0","2301","0","0","0","N","0","0","0","2","68B03","0","","1.0","","1","N","N","N","0","","0","0","1","","0","","","2","0","0","0","0","0","1","2","0","2","","","","N","","","","","","","","","",""
"2022120720","1858","0","0","0","0","0","0","0","0","0","7","0","","02","12","2022","5","40.665163","-80.032635","1843","11","0","0","0","0","0","1","0","0","","0","0","0","","","0","","2","","40 39:54.588","","0","80 01:57.487","0","0","0","0","2216","0","0","0","N","0","0","0","1","02505","0","","5.0","","1","N","N","N","0","","0","0","1","","0","","","1","0","1","0","0","0","0","2","0","1","","03","","N","","","","","","","","","",""
"2022081272","1412","1","0","0","0","0","0","0","0","0","5","0","","02","9","2022","2","40.454111","-80.025944","1410","11","0","0","0","0","0","0","0","1","","0","0","0","","","2","N","0","","40 27:14.800","7","0","80 01:33.400","3","0","0","0","2301","0","0","0","N","0","0","0","2","02301","0","","1.0","1450.0","9","N","N","N","0","","1","0","1","","0","Y","","2","1","0","0","0","0","0","2","0","2","","07","","N","","","","","","","","","",""
"2022121899","2349","1","0","0","0","0","0","0","0","0","7","0","","02","12","2022","5","40.427419","-79.95264","2345","11","0","0","0","0","0","1","0","0","","0","0","0","","","0","N","0","","40 25:38.710","","0","79 57:09.503","0","0","0","0","2301","0","0","0","N","0","0","0","1","68B03","0","","4.0","","9","N","N","N","0","","0","0","0","","0","","","1","0","0","0","0","0","0","2","0","1","","","","N","","","","","","","","","",""
"2022083562","1516","0","0","0","0","0","0","0","0","0","7","0","","02","9","2022","3","40.436492","-79.994787","1510","11","0","0","0","0","0","0","0","0","","0","0","0","","","0","N","0","","40 26:11.371","","2","79 59:41.233","0","0","0","0","2301","0","0","0","N","0","0","0","1","02301","0","","3.0","","1","N","N","N","0","","0","0","1","","0","","","1","0","0","0","0","0","0","2","0","1","","","","N","","","","","","","","","",""
"2022082736","0721","2","0","0","0","0","0","0","0","0","5","0","","02","9","2022","6","40.392267","-80.01135","0704","11","0","0","0","0","0","1","0","0","","0","0","0","","","1","N","0","","40 23:32.160","","0","80 00:40.860","4","0","0","0","2301","0","0","0","N","0","0","0","2","02301","1","","1.0","","1","N","N","N","0","","0","0","0","","0","","","2","1","0","0","0","0","0","2","0","2","","98","","N","","","","","","","","","",""
"2022111791","0002","0","0","0","0","0","0","0","0","0","7","0","","02","11","2022","5","40.511444","-79.794721","0002","11","0","0","0","0","0","0","0","1","","0","0","0","","","0","N","0","","40 30:41.197","","0","79 47:40.997","9","0","0","0","2466","0","0","0","Y","0","0","0","1","02466","0","","2.0","","9","N","N","N","0","","0","0","1","","0","","","1","0","0","0","0","0","1","2","0","1","","03","","N","","","","","","","","","",""
"2022121038","1206","1","0","0","0","0","0","0","0","0","1","0","","02","12","2022","6","40.41716","-80.056751","1142","11","0","0","0","0","1","0","0","0","","0","0","0","","","0","N","0","","40 25:01.777","3","0","80 03:24.303","0","0","0","0","2435","0","0","0","N","0","0","0","2","68B03","0","","1.0","1210.0","1","N","N","N","0","","0","0","1","","0","N","","2","0","0","0","0","0","0","2","0","2","","03","","N","","","","","","","","","",""
"2022122267","0116","1","0","0","0","0","0","0","0","0","99","0","","02","12","2022","1","40.347875","-79.878911","0112","11","0","0","0","0","0","0","0","0","","0","0","0","","","0","N","0","","40 20:52.350","","7","79 52:44.079","0","0","0","0","2304","0","0","0","N","0","0","0","1","02304","0","","4.0","","7","N","N","N","2","","0","0","0","","0","","","5","0","1","0","0","0","0","2","2","5","","10","","N","","","","","","","","","",""
"2022102108","0750","1","0","0","0","0","0","0","0","0","7","0","","02","9","2022","6","40.505433","-80.146383","0747","11","0","0","0","0","0","0","0","0","","0","0","0","","","1","N","0","","40 30:19.560","","0","80 08:46.980","3","0","0","0","2420","0","0","0","N","0","0","0","1","02420","0","","4.0","","1","N","N","N","0","","1","0","0","","0","","","1","1","1","0","0","0","0","2","0","1","","03","","N","","","","","","","","","",""
"2022091588","1832","3","0","0","0","0","0","0","0","0","1","0","","02","9","2022","6","40.41869","-80.053733","1815","11","0","0","0","0","0","0","0","0","","0","0","0","","","0","N","0","","40 25:07.283","","0","80 03:13.440","9","0","0","0","2435","0","0","0","N","0","0","0","3","68B03","0","","1.0","","1","N","N","N","0","","0","0","0","","0","","","3","0","0","0","0","0","1","2","0","3","","","","N","","","","","","","","","",""
"2022117206","1726","1","0","0","0","0","0","0","0","0","1","0","","02","12","2022","3","40.616299","-80.092419","1715","11","0","0","0","0","0","1","1","0","","0","0","0","","","2","N","0","","40 36:58.678","","0","80 05:32.709","4","0","0","0","2212","0","0","0","N","0","0","0","3","02505","2","","1.0","","9","N","N","N","0","","0","0","1","","2","","","2","2","0","0","0","0","0","2","0","2","","07","","N","","","","","","","","","",""