"CRN","ARRIVAL_TM","AUTOMOBILE_COUNT","BELTED_DEATH_COUNT","BELTED_SUSP_SERIOUS_INJ_COUNT","BICYCLE_COUNT","BICYCLE_DEATH_COUNT","BICYCLE_SUSP_SERIOUS_INJ_COUNT","BUS_COUNT","CHLDPAS_DEATH_COUNT","CHLDPAS_SUSP_SERIOUS_INJ_COUNT","COLLISION_TYPE","COMM_VEH_COUNT","CONS_ZONE_SPD_LIM","COUNTY","CRASH_MONTH","CRASH_YEAR","DAY_OF_WEEK","DEC_LATITUDE","DEC_LONGITUDE","DISPATCH_TM","DISTRICT","DRIVER_COUNT_16YR","DRIVER_COUNT_17YR","DRIVER_COUNT_18YR","DRIVER_COUNT_19YR","DRIVER_COUNT_20YR","DRIVER_COUNT_50_64YR","DRIVER_COUNT_65_74YR","DRIVER_COUNT_75PLUS","EST_HRS_CLOSED","FATAL_COUNT","HEAVY_TRUCK_COUNT","HORSE_BUGGY_COUNT","HOUR_OF_DAY","ILLUMINATION","INJURY_COUNT","INTERSECTION_RELATED","INTERSECT_TYPE","LANE_CLOSED","LATITUDE","LN_CLOSE_DIR","LOCATION_TYPE","LONGITUDE","MAX_SEVERITY_LEVEL","MCYCLE_DEATH_COUNT","MCYCLE_SUSP_SERIOUS_INJ_COUNT","MOTORCYCLE_COUNT","MUNICIPALITY","NONMOTR_COUNT","NONMOTR_DEATH_COUNT","NONMOTR_SUSP_SERIOUS_INJ_COUNT","NTFY_HIWY_MAINT","PED_COUNT","PED_DEATH_COUNT","PED_SUSP_SERIOUS_INJ_COUNT","PERSON_COUNT","POLICE_AGCY","POSSIBLE_INJ_COUNT","RDWY_SURF_TYPE_CD","RELATION_TO_ROAD","ROADWAY_CLEARED","ROAD_CONDITION","SCH_BUS_IND","SCH_ZONE_IND","SECONDARY_CRASH","SMALL_TRUCK_COUNT","SPEC_JURIS_CD","SUSP_MINOR_INJ_COUNT","SUSP_SERIOUS_INJ_COUNT","SUV_COUNT","TCD_FUNC_CD","TCD_TYPE","TFC_DETOUR_IND","TIME_OF_DAY","TOTAL_UNITS","TOT_INJ_COUNT","UNBELTED_OCC_COUNT","UNB_DEATH_COUNT","UNB_SUSP_SERIOUS_INJ_COUNT","UNK_INJ_DEG_COUNT","UNK_INJ_PER_COUNT","URBAN_RURAL","VAN_COUNT","VEHICLE_COUNT","WEATHER1","WEATHER2","WORKERS_PRES","WORK_ZONE_IND","WORK_ZONE_LOC","WORK_ZONE_TYPE","WZ_CLOSE_DETOUR","WZ_FLAGGER","WZ_LAW_OFFCR_IND","WZ_LN_CLOSURE","WZ_MOVING","WZ_OTHER","WZ_SHLDER_MDN","WZ_WORKERS_INJ_KILLED"
"2022064183","1821","2","0","0","0","0","0","0","0","0","1","0","","02","7","2022","3","40.450675","-80.036642","1821","11","0","0","1","0","0","0","0","0","","0","0","0","","","0","N","2","","40 27:02.429","3","0","80 02:11.911","0","0","0","0","2301","0","0","0","N","0","0","0","2","02301","0","","1.0","1850.0","1","N","N","N","0","","0","0","0","3","2","N","","2","0","1","0","0","0","0","2","0","2","","03","","N","","","","","","","","","",""
"2022064792","1723","1","0","0","0","0","0","0","0","0","8","0","25","02","7","2022","4","40.546292","-80.185364","1719","11","0","0","0","0","0","0","1","0","","0","0","0","","","1","","1","","40 32:46.651","3","0","80 11:07.310","4","0","0","0","2427","1","0","0","N","1","0","0","2","02427","1","","1.0","1730.0","1","N","N","N","0","","0","0","0","3","7","N","","2","1","0","0","0","0","0","2","0","1","","03","Y","Y","4","3","","Y","N","","","","","Y"
"2022062449","1639","1","0","0","0","0","0","0","0","0","4","0","","02","7","2022","2","40.407018","-79.910893","1636","11","0","0","0","0","0","1","0","0","","0","0","0","","","0","N","2","","40 24:25.266","1","0","79 54:39.216","0","0","0","0","2438","0","0","0","N","0","0","0","2","02438","0","","1.0","1700.0","1","N","N","N","1","","0","0","0","3","2","Y","","2","0","0","0","0","0","0","2","0","2","","03","","N","","","","","","","","","",""
"2022061183","0301","0","0","0","0","0","0","0","0","0","7","0","","02","7","2022","1","40.445083","-80.059139","0255","11","0","0","0","0","0","0","0","0","","0","0","0","","","1","N","2","","40 26:42.300","7","0","80 03:32.900","2","0","0","0","2439","0","0","0","N","0","0","0","1","02301","0","","5.0","414.0","1","N","N","N","0","","0","1","2","0","0","N","","2","1","1","0","1","0","0","2","0","2","","","","N","","","","","","","","","",""
"2022081467","1325","0","0","0","0","0","0","0","0","0","1","0","","02","9","2022","2","40.412815","-80.007905","1319","11","0","0","0","0","0","0","0","0","","0","0","0","","","0","","1","","40 24:46.133","","0","80 00:28.458","0","0","0","0","2301","0","0","0","N","0","0","0","5","02301","0","","1.0","","1","N","N","N","0","","0","0","2","0","0","","","2","0","0","0","0","0","0","2","0","2","","","","N","","","","","","","","","",""
"2022097652","1117","0","0","0","0","0","0","0","0","0","4","0","","02","10","2022","6","40.346363","-79.973393","1113","11","0","0","0","0","0","0","1","0","","0","0","0","","","1","","1","","40 20:46.907","","0","79 58:24.215","8","0","0","0","2403","0","0","0","N","0","0","0","7","02403","0","","1.0","","1","N","N","N","0","","0","0","2","3","2","","","2","1","0","0","0","1","0","2","0","2","","03","","N","","","","","","","","","",""
"2022061094","0419","1","0","0","0","0","0","0","0","0","7","0","","02","7","2022","7","40.456052","-79.997457","0415","11","0","1","0","0","0","0","0","0","","0","0","0","","","0","N","0","","40 27:21.787","","0","79 59:50.845","0","0","0","0","2301","0","0","0","N","0","0","0","1","02301","0","","1.0","","9","N","N","N","0","","0","0","0","0","0","","","1","0","0","0","0","0","0","2","0","1","","07","","N","","","","","","","","","",""
"2022089244","","1","0","0","0","0","0","0","0","0","1","0","","02","9","2022","7","40.438728","-79.74753","","11","0","0","0","0","0","0","1","0","","0","0","0","","","0","N","0","","40 26:19.420","","0","79 44:51.109","0","0","0","0","2446","0","0","0","N","0","0","0","3","00000","0","","1.0","","1","","","N","0","","0","0","1","0","0","","","3","0","0","0","0","0","0","2","0","3","","","","N","","","","","","","","","",""
"2022096386","1629","1","0","0","0","0","0","0","0","0","1","0","","02","10","2022","2","40.315401","-79.939723","1625","11","0","0","0","0","0","0","0","0","","0","0","0","","","0","N","0","","40 18:55.444","2","0","79 56:23.004","0","0","0","0","2440","0","0","0","N","0","0","0","3","02440","0","","1.0","1659.0","1","N","N","N","0","","0","0","1","0","0","Y","","2","0","0","0","0","0","0","2","0","2","","","","N","","","","","","","","","",""
"2022103761","1325","0","0","0","0","0","0","0","0","0","7","0","","02","11","2022","2","40.385735","-79.9783","1315","11","0","0","0","0","0","1","0","0","","0","0","0","","","1","","2","","40 23:08.646","","0","79 58:41.879","2","0","0","0","2301","0","0","0","N","0","0","0","1","02301","0","","5.0","","1","N","N","N","0","","0","1","1","3","3","","","1","1","1","0","1","0","0","2","0","1","","","","N","","","","","","","","","",""
"2022120445","2335","1","0","0","0","0","0","0","0","0","5","0","","02","12","2022","5","40.431407","-79.958738","2326","11","0","0","0","0","0","0","0","0","","0","0","0","","","0","N","0","","40 25:53.064","3","0","79 57:31.458","9","0","0","0","2301","0","0","0","N","0","0","0","3","68B03","0","","1.0","12.0","1","N","N","N","0","","0","0","1","0","0","N","","3","0","0","0","0","0","1","2","0","3","","","","N","","","","","","","","","",""
"2022061536","0945","0","0","0","0","0","0","0","0","0","7","0","","02","7","2022","3","40.385845","-79.978968","0938","11","0","0","0","0","0","0","0","0","","0","0","0","","","0","","2","","40 23:09.042","2","0","79 58:44.284","0","0","0","0","2301","0","0","0","N","0","0","0","1","02301","0","","4.0","1000.0","9","N","N","N","0","","0","0","0","0","0","N","","1","0","0","0","0","0","0","2","1","1","","07","","N","","","","","","","","","",""
"2022104321","1106","1","0","0","0","0","0","0","0","0","1","0","","02","10","2022","7","40.411093","-80.07476","1058","11","0","0","0","0","0","1","0","0","","0","0","0","","","0","N","0","","40 24:39.934","3","0","80 04:29.137","0","0","0","0","2117","0","0","0","N","0","0","0","4","68B03","0","","1.0","1100.0","1","N","N","N","1","","0","0","1","0","0","N","","3","0","1","0","0","0","0","2","0","3","","03","","N","","","","","","","","","",""
"2022101208","1626","1","0","0","0","0","0","0","0","0","4","0","","02","10","2022","6","40.503728","-79.948618","1621","11","0","0","0","0","0","2","0","0","","0","0","0","","","0","","11","","40 30:13.421","3","0","79 56:55.026","0","0","0","0","2430","0","0","0","N","0","0","0","2","02430","0","","1.0","1626.0","1","N","N","N","1","","0","0","0","0","0","N","","2","0","0","0","0","0","0","2","0","2","","03","","N","","","","","","","","","",""
"2022061562","1220","2","0","0","0","0","0","0","0","0","5","0","","02","7","2022","3","40.435597","-79.983181","1213","11","0","0","0","0","0","2","0","0","","0","0","0","","","2","N","2","","40 26:08.148","4","0","79 58:59.453","4","0","0","0","2301","0","0","0","N","0","0","0","3","02301","1","","1.0","1250.0","1","N","N","Y","0","","0","0","1","0","0","Y","","3","2","0","0","0","1","0","2","0","3","","","","N","","","","","","","","","",""
"2022062739","1830","0","0","0","0","0","0","0","0","0","1","0","","02","7","2022","4","40.545286","-80.03072","1824","11","0","0","0","0","0","1","0","0","","0","0","0","","","1","","2","","40 32:43.028","2","0","80 01:50.592","8","0","0","0","2116","0","0","0","N","0","0","0","3","02116","0","","1.0","1900.0","1","N","N","N","0","","0","0","3","3","2","Y","","3","1","0","0","0","1","0","2","0","3","","03","","N","","","","","","","","","",""
"2022081823","1951","1","0","0","0","0","0","0","0","0","2","0","","02","9","2022","3","40.42719","-79.962548","1950","11","0","0","0","0","0","0","0","0","","0","0","0","","","1","N","1","","40 25:37.883","","0","79 57:45.172","3","0","0","0","2301","0","0","0","N","0","0","0","2","02301","0","","1.0","","1","N","N","N","0","","1","0","1","2","2","N","","2","1","0","0","0","0","0","2","0","2","","03","","N","","","","","","","","","",""
"2022063675","1343","0","0","0","0","0","0","0","0","0","7","0","","02","7","2022","2","40.473972","-79.857239","1340","11","0","0","0","0","0","0","0","0","","0","0","0","","","1","N","0","","40 28:26.300","","0","79 51:26.060","3","0","0","0","2113","0","0","0","N","0","0","0","1","02113","0","","2.0","","1","N","N","N","0","","1","0","1","0","0","","","1","1","0","0","0","0","0","2","0","1","","03","","N","","","","","","","","","",""
"2022066526","1628","2","0","0","0","0","0","0","0","0","1","0","45","02","7","2022","6","40.333055","-80.137366","1600","11","0","0","0","0","0","0","0","0","","0","0","0","","","2","N","0","","40 19:58.997","","0","80 08:14.516","4","0","0","0","2119","0","0","0","N","0","0","0","3","68B01","1","","1.0","","1","N","N","N","0","","0","0","0","0","0","","","2","2","0","0","0","1","0","2","0","2","","03","N","Y","8","1","","","N","","","","Y","N"
"2022122169","0110","0","0","0","0","0","0","0","0","0","7","0","","02","11","2022","1","40.585915","-80.099424","0053","11","0","0","0","0","0","0","0","0","","1","0","0","","","0","N","0","","40 35:09.295","1","0","80 05:57.925","1","0","0","0","2481","0","0","0","Y","0","0","0","1","68B03","0","2","4.0","317.0","2","N","N","N","0","0","0","0","1","0","0","Y","","1","0","1","1","0","0","0","2","0","1","","02","","N","","","","","","","","","",""
"2022119934","2125","0","0","0","0","0","0","0","0","0","4","0","","02","12","2022","6","40.412231","-80.045923","2125","11","0","1","0","0","0","1","0","0","","0","0","0","","","0","","1","","40 24:44.032","2","0","80 02:45.322","0","0","0","0","2435","0","0","0","N","0","0","0","2","02435","0","","1.0","2150.0","1","N","N","N","1","","0","0","1","0","0","N","","2","0","0","0","0","0","0","2","0","2","","","","N","","","","","","","","","",""
"2022102535","1733","0","0","0","0","0","0","0","0","0","7","1","55","02","9","2022","4","40.526224","-80.130801","1723","11","0","0","0","0","0","0","0","0","","0","1","0","","","0","N","0","","40 31:34.408","2","0","80 07:50.884","0","0","0","0","2125","0","0","0","Y","0","0","0","1","68B03","0","","4.0","2015.0","1","N","N","N","0","","0","0","0","0","0","N","","1","0","0","0","0","0","0","1","0","1","","03","N","Y","4","1","","","N","","","","Y","N"
"2022064983","0225","2","0","0","0","0","0","0","0","0","4","0","","02","7","2022","5","40.454194","-79.891111","0219","11","0","0","0","0","0","0","0","0","","0","0","0","","","0","N","0","","40 27:15.100","3","0","79 53:28.000","9","0","0","0","2301","0","0","0","N","0","0","0","2","02301","0","","4.0","310.0","1","N","N","N","0","","0","0","1","0","0","N","","3","0","2","0","0","0","2","2","0","3","","","","N","","","","","","","","","",""
"2022083397","2330","2","0","0","0","0","0","0","0","0","5","0","","02","9","2022","1","40.486905","-79.915963","2319","11","0","0","0","1","0","0","0","0","","0","0","0","","","2","","6","","40 29:12.859","","8","79 54:57.465","3","0","0","0","2301","0","0","0","N","0","0","0","4","02301","1","","1.0","","1","N","N","N","0","","1","0","0","0","0","","","2","2","0","0","0","0","0","2","0","2","","03","","N","","","","","","","","","",""
"2022063481","1936","1","0","0","0","0","0","0","0","0","1","0","","02","7","2022","3","40.275142","-79.892555","1928","11","0","0","0","0","0","2","0","0","","0","0","0","","","0","","6","","40 16:30.511","","2","79 53:33.198","0","0","0","0","2471","0","0","0","N","0","0","0","2","02440","0","","7.0","","1","N","N","N","0","","0","0","1","3","3","","","2","0","0","0","0","0","0","2","0","2","","03","","N","","","","","","","","","",""
"2022084743","1544","0","0","0","0","0","0","0","0","0","4","0","","02","9","2022","5","40.54139","-79.79851","1542","11","0","0","0","0","0","1","0","0","","0","0","0","","","1","Y","0","","40 32:29.005","","7","79 47:54.637","3","0","0","0","2418","0","0","0","N","0","0","0","2","02514","0","","1.0","","1","N","N","N","1","","1","0","1","0","0","","","2","1","0","0","0","0","0","2","0","2","","03","","N","","","","","","","","","",""
"2022062194","1548","0","0","0","0","0","0","0","0","0","4","0","","02","7","2022","4","40.440638","-80.01868","1541","11","0","0","0","0","0","1","0","0","","0","0","0","","","1","N","0","","40 26:26.298","3","0","80 01:07.248","3","0","0","0","2301","0","0","0","N","0","0","0","2","02301","0","","1.0","1628.0","1","N","N","N","0","","1","0","2","0","0","N","","2","1","0","0","0","0","0","2","0","2","","04","","N","","","","","","","","","",""
"2022061391","1028","2","0","0","0","0","0","0","0","0","4","0","","02","7","2022","2","40.484182","-79.819301","1018","11","0","0","0","0","0","1","0","0","","0","0","0","","","0","","1","","40 29:03.056","","0","79 49:09.482","0","0","0","0","2113","0","0","0","N","0","0","0","3","02113","0","","1.0","","1","N","N","N","0","","0","0","0","3","7","","","2","0","0","0","0","0","0","2","0","2","","","","N","","","","","","","","","",""
"2022104287","0735","1","0","0","0","0","0","0","0","0","5","1","","02","10","2022","7","40.424937","-80.119908","0727","11","0","0","0","0","0","0","0","0","","0","1","0","","","1","N","0","","40 25:29.772","","0","80 07:11.669","3","0","0","0","2115","0","0","0","N","0","0","0","2","68B03","0","","1.0","","1","N","N","N","0","","1","0","0","0","0","","","2","1","0","0","0","0","0","2","0","2","","","","N","","","","","","","","","",""
"2022118365","1002","2","0","0","0","0","0","0","0","0","1","0","","02","12","2022","4","40.432372","-79.864851","0954","11","0","0","0","0","0","1","0","0","","0","0","0","","","1","","1","","40 25:56.539","4","0","79 51:53.464","3","0","0","0","2431","0","0","0","N","0","0","0","2","02431","0","","1.0","1037.0","1","N","N","N","0","","1","0","0","3","2","N","","2","1","0","0","0","0","0","2","0","2","","04","","N","","","","","","","","","",""
"2022088990","1509","2","0","0","0","0","0","0","0","0","1","0","","02","9","2022","1","40.524174","-80.179178","1502","11","0","0","0","0","0","1","0","0","","0","0","0","","","0","","1","","40 31:27.026","","0","80 10:45.040","0","0","0","0","2213","0","0","0","N","0","0","0","4","02213","0","","1.0","","1","N","N","N","0","","0","0","1","3","2","","","3","0","0","0","0","0","0","2","0","3","","04","","N","","","","","","","","","",""
"2022061448","1800","1","0","0","0","0","0","0","0","0","4","0","","02","7","2022","2","40.447444","-79.942472","1800","11","0","0","0","0","0","0","0","0","","0","0","0","","","0","","1","","40 26:50.800","4","0","79 56:32.900","0","0","0","0","2301","0","0","0","N","0","0","0","6","02301","0","","1.0","1650.0","1","N","N","N","0","","0","0","0","3","2","N","","2","0","1","0","0","0","0","2","1","2","","","","N","","","","","","","","","",""
"2022085467","1949","0","0","0","0","0","0","0","0","0","4","0","","02","9","2022","7","40.425556","-79.926667","1942","11","0","0","0","0","0","0","0","0","","0","0","0","","","0","","1","","40 25:32.000","","0","79 55:36.000","0","0","0","0","2301","0","0","0","N","0","0","0","5","02301","0","","1.0","","1","N","N","N","1","","0","0","0","3","3","","","2","0","0","0","0","0","0","2","1","2","","","","N","","","","","","","","","",""
"2022081662","1637","0","0","0","0","0","0","0","0","0","4","0","","02","9","2022","3","40.455333","-79.976361","1635","11","0","0","0","0","0","2","0","0","","0","0","0","","","0","N","2","","40 27:19.200","","0","79 58:34.900","0","0","0","0","2301","0","0","0","N","0","0","0","2","02301","0","","1.0","","1","N","N","N","0","","0","0","2","0","0","","","2","0","0","0","0","0","0","2","0","2","","03","","N","","","","","","","","","",""
"2022120572","0806","1","0","0","0","0","0","0","0","0","7","0","","02","12","2022","2","40.605548","-80.131442","0758","11","0","0","0","0","0","0","0","0","","0","0","0","","","1","N","2","","40 36:19.972","6","0","80 07:53.190","3","0","0","0","2481","0","0","0","N","0","0","0","1","02481","0","","5.0","1416.0","1","N","N","N","0","","1","0","0","0","0","Y","","1","1","0","0","0","0","0","1","0","1","","","","N","","","","","","","","","",""
"2022084028","1641","1","0","0","0","0","0","0","0","0","4","0","","02","9","2022","3","40.475688","-79.864591","1621","11","0","1","0","0","0","0","0","0","","0","0","0","","","0","","3","","40 28:32.477","","0","79 51:52.528","0","0","0","0","2113","0","0","0","N","0","0","0","4","02113","0","","1.0","","1","N","N","Y","0","","0","0","1","3","3","","","2","0","0","0","0","0","0","2","0","2","","03","","N","","","","","","","","","",""
"2022060329","1659","0","0","0","0","0","0","0","0","0","2","0","","02","6","2022","4","40.445168","-79.858494","1656","11","0","0","0","0","0","1","0","0","","0","0","0","","","2","","1","","40 26:42.605","","0","79 51:30.577","3","0","0","0","2419","0","0","0","N","0","0","0","5","02419","0","","1.0","","1","N","N","N","0","","2","0","3","3","2","N","","3","2","0","0","0","0","0","2","0","3","","03","","N","","","","","","","","","",""
"2022061261","1625","1","0","0","0","0","0","0","0","0","98","0","","02","7","2022","1","40.427278","-79.974619","1618","11","0","0","0","0","0","0","0","0","","0","0","0","","","0","N","0","","40 25:38.200","","0","79 58:28.630","0","0","0","0","2301","0","0","0","N","0","0","0","1","02301","0","","1.0","","1","N","N","N","0","","0","0","0","0","0","","","1","0","0","0","0","0","0","2","0","1","","03","","N","","","","","","","","","",""
"2022062522","2334","1","0","0","0","0","0","0","0","0","0","0","","02","7","2022","1","40.483912","-80.008128","2312","11","0","0","0","0","1","0","0","0","","0","0","0","","","0","N","0","","40 29:02.084","","0","80 00:29.261","0","0","0","0","2301","0","0","0","N","0","0","0","1","68B03","0","","4.0","","1","N","N","N","0","","0","0","0","0","0","","","1","0","0","0","0","0","0","2","0","1","","","","N","","","","","","","","","",""
"2022087398","1155","1","0","0","0","0","0","0","0","0","98","0","","02","9","2022","5","40.412165","-80.007021","1148","11","0","0","0","0","0","0","0","0","","0","0","0","","","0","N","0","","40 24:43.793","1","0","80 00:25.276","0","0","0","0","2301","0","0","0","N","0","0","0","1","02301","0","","1.0","1225.0","1","N","N","N","0","","0","0","0","0","0","N","","1","0","0","0","0","0","0","2","0","1","","03","","N","","","","","","","","","",""
"2022085073","1228","4","0","0","0","0","0","0","0","0","1","0","","02","9","2022","6","40.416176","-79.92551","1212","11","0","0","0","0","0","1","0","0","","0","0","0","","","2","Y","0","","40 24:58.235","","0","79 55:31.837","8","0","0","0","2301","0","0","0","N","0","0","0","5","02301","0","","1.0","","99","N","N","N","0","","0","0","0","3","2","","","4","2","1","0","0","2","2","2","0","4","","","","N","","","","","","","","","",""
"2022081189","0019","1","0","0","0","0","0","0","0","0","7","0","","02","9","2022","2","40.478933","-79.966738","0019","11","0","0","0","0","0","0","0","0","","0","0","0","","","0","N","0","","40 28:44.157","1","0","79 58:00.258","0","0","0","0","2118","0","0","0","N","0","0","0","1","02118","0","","1.0","47.0","1","N","N","N","0","","0","0","0","0","0","N","","2","0","0","0","0","0","0","2","0","1","","","","N","","","","","","","","","",""
"2022072138","0216","1","0","0","0","0","0","0","0","0","4","0","","02","7","2022","1","40.494986","-79.940734","0148","11","0","0","0","0","0","1","0","0","","0","0","0","","","0","N","0","","40 29:41.948","","0","79 56:26.642","0","0","0","0","2430","0","0","0","N","0","0","0","8","68D02","0","","1.0","","1","N","N","N","0","","0","0","1","0","0","","","3","0","0","0","0","0","0","2","1","3","","","","N","","","","","","","","","",""
"2022100813","0831","0","0","0","0","0","0","0","0","0","1","0","","02","10","2022","2","40.5037","-80.081211","0831","11","0","0","0","1","0","1","0","0","","0","0","0","","","1","N","0","","40 30:13.319","1","0","80 04:52.360","8","0","0","0","2405","0","0","0","N","0","0","0","2","02215","0","","1.0","945.0","1","Y","N","N","0","","0","0","2","0","0","N","","2","1","1","0","0","1","0","2","0","2","","03","","N","","","","","","","","","",""
"2022062174","1520","1","0","0","0","0","0","0","0","0","3","0","","02","7","2022","3","40.482167","-80.125858","1505","11","0","0","0","0","0","0","0","0","","0","0","0","","","0","N","0","","40 28:55.800","3","0","80 07:33.090","0","0","0","0","2115","0","0","0","N","0","0","0","1","02115","0","","1.0","1550.0","1","N","N","N","0","","0","0","0","0","0","N","","1","0","0","0","0","0","0","2","0","1","","03","","N","","","","","","","","","",""
"2022083063","2140","1","0","0","0","0","0","0","0","0","8","0","","02","9","2022","5","40.433306","-80.009667","2130","11","0","0","0","0","0","0","0","0","","0","0","0","","","1","N","0","","40 25:59.900","","0","80 00:34.800","8","0","0","0","2301","1","0","0","N","1","0","0","2","02301","0","","1.0","","1","N","N","N","0","","0","0","0","0","0","","","2","1","0","0","0","1","0","2","0","1","","03","","N","","","","","","","","","",""
"2022109781","0715","0","0","0","0","0","0","0","0","0","4","0","","02","11","2022","2","40.356561","-80.119165","0710","11","0","0","0","0","0","0","0","0","","0","0","0","","","0","","2","","40 21:23.620","3","2","80 07:08.995","0","0","0","0","2119","0","0","0","N","0","0","0","3","02119","0","","1.0","745.0","1","N","","N","1","","0","0","1","3","2","N","","2","0","0","0","0","0","0","2","0","2","","03","","N","","","","","","","","","",""
"2022061312","1719","2","0","0","0","0","0","0","0","0","4","0","","02","7","2022","7","40.374033","-79.795082","1717","11","0","1","0","0","0","0","0","0","","0","0","0","","","0","Y","0","","40 22:26.519","6","7","79 47:42.294","0","0","0","0","2111","0","0","0","N","0","0","0","2","02111","0","","1.0","1754.0","1","N","N","N","0","","0","0","0","0","0","Y","","2","0","0","0","0","0","0","2","0","2","","03","","N","","","","","","","","","",""
"2022061722","2047","1","0","0","0","0","0","0","0","0","4","0","","02","7","2022","3","40.380556","-79.807972","2045","11","0","0","0","0","0","0","0","0","","0","0","0","","","0","","1","","40 22:50.000","5","0","79 48:28.700","0","0","0","0","2479","0","0","0","N","0","0","0","4","02424","0","","1.0","2130.0","1","N","N","N","0","","0","0","1","3","3","Y","","2","0","1","0","0","0","0","2","0","2","","03","","N","","","","","","","","","",""
"2022102762","1829","2","0","0","0","0","0","0","0","0","5","0","","02","10","2022","2","40.342183","-80.023234","1827","11","0","0","0","0","0","0","0","0","","0","0","0","","","0","N","0","","40 20:31.859","","0","80 01:23.642","0","0","0","0","2407","0","0","0","N","0","0","0","2","02407","0","","1.0","","1","N","N","N","0","","0","0","0","0","0","","","2","0","1","0","0","0","0","2","0","2","","","","N","","","","","","","","","",""
"2022081341","1651","1","0","0","0","0","0","0","0","0","4","0","","02","9","2022","2","40.424435","-79.868496","1646","11","0","0","0","0","0","1","0","0","","0","0","0","","","0","","1","","40 25:27.966","1","0","79 52:06.584","0","0","0","0","2431","0","0","0","N","0","0","0","2","02431","0","","1.0","1715.0","9","N","N","N","0","","0","0","1","3","3","N","","2","0","0","0","0","0","0","2","0","2","","04","","N","","","","","","","","","",""
"2022063541","1656","1","0","0","0","0","0","0","0","0","6","0","","02","7","2022","5","40.55453","-80.02124","1653","11","0","0","0","0","0","0","0","0","","0","0","0","","","1","","1","","40 33:16.307","1","0","80 01:16.463","3","0","0","1","2116","0","0","0","N","0","0","0","2","02116","0","","1.0","1720.0","1","N","N","N","0","","1","0","0","0","0","Y","","2","1","0","0","0","0","0","2","0","2","","03","","N","","","","","","","","","",""
"2022061387","1910","2","0","0","0","0","0","0","0","0","4","0","","02","7","2022","1","40.452886","-79.920712","1907","11","0","0","0","0","0","1","0","0","","0","0","0","","","0","","1","","40 27:10.389","","0","79 55:14.564","9","0","0","0","2301","0","0","0","N","0","0","0","3","02301","0","","1.0","","1","N","N","N","0","","0","0","0","3","1","N","","2","0","0","0","0","0","1","2","0","2","","","","N","","","","","","","","","",""
"2022116894","1854","1","0","0","0","0","0","0","0","0","2","0","","02","12","2022","6","40.509774","-79.970497","1851","11","0","0","0","0","0","1","0","0","","0","0","0","","","2","N","0","","40 30:35.186","5","0","79 58:13.788","3","0","0","0","2118","0","0","0","N","0","0","0","4","02118","0","","1.0","2000.0","1","N","N","N","1","","2","0","1","0","0","Y","","3","2","0","0","0","0","0","2","0","3","","03","","N","","","","","","","","","",""
"2022063443","2201","1","0","0","0","0","0","0","0","0","1","0","","02","7","2022","7","40.469333","-79.921222","2201","11","0","0","0","0","0","0","1","0","","0","0","0","","","1","N","0","","40 28:09.600","","0","79 55:16.400","8","0","0","0","2301","0","0","0","N","0","0","0","1","02301","0","","6.0","","1","N","N","Y","0","","0","0","2","0","0","","","3","1","0","0","0","1","0","2","0","3","","","","N","","","","","","","","","",""
"2022065509","1629","0","0","0","0","0","0","0","0","0","0","0","","02","7","2022","1","40.503676","-80.136044","1622","11","0","0","0","0","0","0","0","0","","0","0","0","","","0","","2","","40 30:13.234","","2","80 08:09.759","0","0","0","0","2115","0","0","0","N","0","0","0","1","02115","0","","1.0","","9","","","N","1","","0","0","0","0","0","","","1","0","0","0","0","0","0","2","0","1","","07","","N","","","","","","","","","",""
"2022062466","2234","0","0","0","0","0","0","0","0","0","1","0","","02","7","2022","1","40.58122","-79.939528","2227","11","0","0","0","0","0","0","0","0","","0","0","0","","","0","N","0","","40 34:52.393","","0","79 56:22.301","0","0","0","0","2207","0","0","0","N","0","0","0","5","02207","0","","1.0","","1","N","N","N","1","","0","0","0","0","0","","","2","0","0","0","0","0","0","2","0","1","","03","","N","","","","","","","","","",""
"2022085278","0025","0","0","0","0","0","0","0","0","0","1","0","","02","9","2022","7","40.448503","-79.899196","0019","11","0","0","0","0","0","0","0","0","","0","0","0","","","0","N","0","","40 26:54.611","3","0","79 53:57.104","0","0","0","0","2301","0","0","0","N","0","0","0","1","02301","0","","1.0","100.0","1","N","N","N","0","","0","0","1","0","0","N","","2","0","0","0","0","0","0","2","1","2","","","","N","","","","","","","","","",""
"2022087664","0115","4","0","0","0","0","0","0","0","0","1","0","","02","9","2022","7","40.417634","-79.881801","0115","11","0","0","0","0","0","0","0","0","","0","0","0","","","2","N","1","","40 25:03.482","5","0","79 52:54.483","3","0","0","0","2463","0","0","0","N","0","0","0","2","02463","0","","4.0","205.0","1","N","N","Y","0","","2","0","0","0","0","Y","","4","2","0","0","0","0","0","2","0","4","","03","","N","","","","","","","","","",""
"2022060535","1345","0","0","0","0","0","0","0","0","0","1","0","","02","6","2022","5","40.410089","-80.005175","1340","11","0","0","0","0","0","0","1","0","","0","0","0","","","1","Y","0","","40 24:36.322","1","0","80 00:18.629","8","0","0","0","2301","0","0","0","N","0","0","0","4","02301","0","","1.0","1415.0","1","N","N","N","2","","0","0","0","0","0","Y","","3","1","0","0","0","1","0","2","1","3","","03","","N","","","","","","","","","",""
"2022064816","1450","2","0","0","0","0","0","0","0","0","1","0","","02","7","2022","5","40.424947","-79.953025","1440","11","0","0","0","0","0","0","0","0","","0","0","0","","","1","","2","","40 25:29.809","","0","79 57:10.889","3","0","0","0","2301","0","0","0","N","0","0","0","3","02301","0","","1.0","","1","N","N","N","0","","1","0","1","3","2","","","3","1","0","0","0","0","0","2","0","3","","03","","N","","","","","","","","","",""