"CRN","ARRIVAL_TM","AUTOMOBILE_COUNT","BELTED_DEATH_COUNT","BELTED_SUSP_SERIOUS_INJ_COUNT","BICYCLE_COUNT","BICYCLE_DEATH_COUNT","BICYCLE_SUSP_SERIOUS_INJ_COUNT","BUS_COUNT","CHLDPAS_DEATH_COUNT","CHLDPAS_SUSP_SERIOUS_INJ_COUNT","COLLISION_TYPE","COMM_VEH_COUNT","CONS_ZONE_SPD_LIM","COUNTY","CRASH_MONTH","CRASH_YEAR","DAY_OF_WEEK","DEC_LATITUDE","DEC_LONGITUDE","DISPATCH_TM","DISTRICT","DRIVER_COUNT_16YR","DRIVER_COUNT_17YR","DRIVER_COUNT_18YR","DRIVER_COUNT_19YR","DRIVER_COUNT_20YR","DRIVER_COUNT_50_64YR","DRIVER_COUNT_65_74YR","DRIVER_COUNT_75PLUS","EST_HRS_CLOSED","FATAL_COUNT","HEAVY_TRUCK_COUNT","HORSE_BUGGY_COUNT","HOUR_OF_DAY","ILLUMINATION","INJURY_COUNT","INTERSECTION_RELATED","INTERSECT_TYPE","LANE_CLOSED","LATITUDE","LN_CLOSE_DIR","LOCATION_TYPE","LONGITUDE","MAX_SEVERITY_LEVEL","MCYCLE_DEATH_COUNT","MCYCLE_SUSP_SERIOUS_INJ_COUNT","MOTORCYCLE_COUNT","MUNICIPALITY","NONMOTR_COUNT","NONMOTR_DEATH_COUNT","NONMOTR_SUSP_SERIOUS_INJ_COUNT","NTFY_HIWY_MAINT","PED_COUNT","PED_DEATH_COUNT","PED_SUSP_SERIOUS_INJ_COUNT","PERSON_COUNT","POLICE_AGCY","POSSIBLE_INJ_COUNT","RDWY_SURF_TYPE_CD","RELATION_TO_ROAD","ROADWAY_CLEARED","ROAD_CONDITION","SCH_BUS_IND","SCH_ZONE_IND","SECONDARY_CRASH","SMALL_TRUCK_COUNT","SPEC_JURIS_CD","SUSP_MINOR_INJ_COUNT","SUSP_SERIOUS_INJ_COUNT","SUV_COUNT","TCD_FUNC_CD","TCD_TYPE","TFC_DETOUR_IND","TIME_OF_DAY","TOTAL_UNITS","TOT_INJ_COUNT","UNBELTED_OCC_COUNT","UNB_DEATH_COUNT","UNB_SUSP_SERIOUS_INJ_COUNT","UNK_INJ_DEG_COUNT","UNK_INJ_PER_COUNT","URBAN_RURAL","VAN_COUNT","VEHICLE_COUNT","WEATHER1","WEATHER2","WORKERS_PRES","WORK_ZONE_IND","WORK_ZONE_LOC","WORK_ZONE_TYPE","WZ_CLOSE_DETOUR","WZ_FLAGGER","WZ_LAW_OFFCR_IND","WZ_LN_CLOSURE","WZ_MOVING","WZ_OTHER","WZ_SHLDER_MDN","WZ_WORKERS_INJ_KILLED"
"2022101693","1724","1","0","0","0","0","0","0","0","0","7","0","","02","10","2022","2","40.420545","-79.848169","1722","11","0","0","0","0","0","0","0","0","","0","0","0","","","0","","2","","40 25:13.961","","0","79 50:53.408","0","0","0","0","2431","0","0","0","N","0","0","0","1","02431","0","","5.0","","9","N","N","N","0","","0","0","0","3","3","","","1","0","0","0","0","0","0","2","0","1","","07","","N","","","","","","","","","",""
"2022065410","1651","1","0","0","1","0","0","0","0","0","8","0","","02","7","2022","6","40.270739","-79.899237","1647","11","0","0","0","0","0","0","0","1","","0","0","0","","","1","","2","","40 16:14.661","2","0","79 53:57.252","3","0","0","0","2471","1","0","0","N","0","0","0","2","02428","0","","2.0","1720.0","1","N","N","N","0","","1","0","0","0","0","Y","","2","1","0","0","0","0","0","2","0","1","","","","N","","","","","","","","","",""
"2022102105","0928","0","0","0","0","0","0","0","0","0","4","1","","02","8","2022","1","40.513525","-80.153833","0927","11","0","0","0","0","0","2","0","0","","0","1","0","","","0","","1","","40 30:48.690","4","0","80 09:13.798","0","0","0","0","2420","0","0","0","N","0","0","0","2","02420","0","","1.0","950.0","1","N","N","N","0","","0","0","1","3","2","Y","","2","0","0","0","0","0","0","2","0","2","","","","N","","","","","","","","","",""
"2022098077","2242","0","0","0","0","0","0","0","0","0","98","0","","02","10","2022","7","40.426918","-80.281933","2238","11","0","0","1","0","0","0","0","0","","0","0","0","","","0","N","0","","40 25:36.903","1","0","80 16:54.960","0","0","0","0","2214","0","0","0","N","0","0","0","1","02214","0","","2.0","2320.0","1","N","N","N","0","","0","0","1","0","0","N","","1","0","0","0","0","0","0","1","0","1","","","","N","","","","","","","","","",""
"2022065049","1440","1","0","0","0","0","0","0","0","0","4","0","","02","7","2022","1","40.359147","-79.873604","1433","11","0","0","0","0","1","0","0","0","","0","0","0","","","0","","2","","40 21:32.929","","0","79 52:24.975","0","0","0","0","2473","0","0","0","N","0","0","0","2","02473","0","","1.0","","1","N","N","N","0","","0","0","1","3","3","","","2","0","0","0","0","0","0","2","0","2","","03","","N","","","","","","","","","",""
"2022063426","2005","1","0","0","0","0","0","0","0","0","2","0","","02","7","2022","7","40.51925","-79.837814","2002","11","0","0","0","0","0","1","0","0","","0","0","0","","","0","N","0","","40 31:09.300","","0","79 50:16.130","0","0","0","0","2451","0","0","0","N","0","0","0","2","02451","0","","1.0","","1","N","N","N","1","","0","0","0","0","0","","","2","0","0","0","0","0","0","2","0","2","","03","","N","","","","","","","","","",""
"2022068356","1524","2","0","0","0","0","0","0","0","0","1","0","","02","7","2022","6","40.507526","-80.204742","1522","11","0","0","0","0","1","0","0","0","","0","0","0","","","0","Y","0","","40 30:27.092","1","0","80 12:17.071","0","0","0","0","2213","0","0","0","N","0","0","0","3","02213","0","","1.0","1540.0","1","N","N","N","0","","0","0","0","0","0","N","","2","0","0","0","0","0","0","2","0","2","","","","N","","","","","","","","","",""
"2022060603","1652","1","0","0","0","0","0","0","0","0","1","0","","02","6","2022","5","40.449938","-79.903487","1645","11","0","0","0","0","0","1","0","0","","0","0","0","","","1","Y","0","","40 26:59.777","3","0","79 54:12.552","3","0","0","0","2301","0","0","0","N","0","0","0","3","02301","0","","1.0","1745.0","1","","","N","0","","1","0","1","0","0","Y","","2","1","0","0","0","0","0","2","0","2","","03","","N","","","","","","","","","",""
"2022075046","1806","1","0","0","0","0","0","0","0","0","1","0","","02","7","2022","2","40.42064","-80.048822","1750","11","0","0","0","0","0","0","0","0","","0","0","0","","","1","N","0","","40 25:14.305","","0","80 02:55.759","3","0","0","0","2435","0","0","0","N","0","0","0","2","68B03","0","","1.0","","1","N","N","N","1","","1","0","0","0","0","","","2","1","0","0","0","0","0","2","0","2","","","","N","","","","","","","","","",""
"2022061151","1859","0","0","0","0","0","0","0","0","0","4","0","","02","7","2022","7","40.629586","-79.717599","1858","11","1","0","0","0","0","0","0","0","","0","0","0","","","5","","1","","40 37:46.510","1","0","79 43:03.356","3","0","0","0","2106","0","0","0","N","0","0","0","7","02106","4","","1.0","1942.0","1","N","N","N","0","","1","0","2","3","2","N","","2","5","0","0","0","0","0","2","0","2","","03","","N","","","","","","","","","",""
"2022102190","0019","1","0","0","0","0","0","0","0","0","98","0","","02","10","2022","7","40.533936","-80.074084","0006","11","0","0","0","0","0","0","0","0","","0","0","0","","","1","N","0","","40 32:02.169","","0","80 04:26.701","4","0","0","0","2215","0","0","0","N","0","0","0","1","68B03","1","","1.0","","1","N","N","N","0","","0","0","0","0","0","","","1","1","0","0","0","0","0","2","0","1","","","","N","","","","","","","","","",""
"2022100578","1605","0","0","0","0","0","0","0","0","0","4","0","","02","10","2022","5","40.353042","-79.917146","1559","11","0","1","0","0","0","0","1","0","","0","0","0","","","0","","2","","40 21:10.951","","0","79 55:01.726","0","0","0","0","2473","0","0","0","N","0","0","0","2","02473","0","","1.0","","1","N","N","N","1","","0","0","1","3","2","","","2","0","1","0","0","0","0","2","0","2","","03","","N","","","","","","","","","",""
"2022063226","1237","0","0","0","0","0","0","0","0","0","4","0","","02","7","2022","7","40.532873","-80.176693","1234","11","0","0","0","0","0","0","0","0","","0","1","0","","","0","N","2","","40 31:58.341","","0","80 10:36.096","0","0","0","0","2458","0","0","0","Y","0","0","0","3","02458","0","","1.0","","1","N","N","N","0","","0","0","1","0","0","N","","2","0","0","0","0","0","0","2","0","2","","03","","N","","","","","","","","","",""
"2022060885","1319","1","0","0","0","0","0","0","0","0","1","0","","02","7","2022","6","40.501278","-79.726056","1315","11","0","0","0","0","0","0","0","0","","0","0","0","","","0","N","0","","40 30:04.600","","0","79 43:33.800","0","0","0","0","2466","0","0","0","N","0","0","0","3","02466","0","","1.0","","1","N","N","N","1","","0","0","0","0","0","","","2","0","0","0","0","0","0","2","0","2","","03","","N","","","","","","","","","",""
"2022062520","2251","1","0","0","0","0","0","0","0","0","7","0","","02","7","2022","7","40.510147","-80.048386","2231","11","0","0","0","0","0","0","0","0","","0","0","0","","","1","N","0","","40 30:36.530","1","0","80 02:54.190","3","0","0","0","2116","0","0","0","N","0","0","0","1","68B03","0","","2.0","20.0","1","N","N","N","0","","1","0","0","0","0","N","","1","1","0","0","0","0","0","2","0","1","","","","N","","","","","","","","","",""
"2022099043","0800","1","0","0","0","0","0","0","0","0","2","0","","02","10","2022","3","40.545878","-80.016897","0755","11","0","0","0","0","0","0","0","0","","0","0","0","","","1","","1","","40 32:45.159","1","0","80 01:00.828","2","0","0","0","2116","0","0","0","N","0","0","0","2","02116","0","","1.0","830.0","1","N","N","N","1","","0","1","0","3","2","N","","2","1","1","0","1","0","0","2","0","2","","03","","N","","","","","","","","","",""
"2022100696","2134","0","0","0","0","0","0","0","0","0","7","0","","02","10","2022","7","40.563061","-80.060543","2127","11","0","0","0","0","0","0","0","0","","0","0","0","","","0","","2","","40 33:47.018","1","0","80 03:37.954","0","0","0","0","2108","0","0","0","Y","0","0","0","3","02108","0","","2.0","2200.0","1","N","N","N","0","","0","0","1","0","0","N","","1","0","0","0","0","0","0","2","0","1","","03","","N","","","","","","","","","",""
"2022101692","1437","2","0","0","0","0","0","0","0","0","1","0","","02","11","2022","3","40.458601","-79.721712","1428","11","0","0","0","0","0","0","0","0","","0","0","0","","","1","N","0","","40 27:30.963","1","0","79 43:18.163","3","0","0","0","2466","0","0","0","N","0","0","0","2","02466","0","","1.0","1501.0","1","N","N","N","0","","1","0","0","0","0","N","","2","1","0","0","0","0","0","2","0","2","","","","N","","","","","","","","","",""
"2022061231","1211","1","0","0","0","0","0","0","0","0","7","0","","02","7","2022","1","40.625778","-80.097528","1203","11","0","0","0","0","0","0","0","0","","0","0","0","","","0","N","2","","40 37:32.800","","0","80 05:51.100","0","0","0","0","2212","0","0","0","N","0","0","0","1","02505","0","","5.0","","1","N","N","N","0","","0","0","0","0","0","","","1","0","0","0","0","0","0","2","0","1","","03","","N","","","","","","","","","",""
"2022103900","1519","1","0","0","0","0","0","0","0","0","7","0","55","02","10","2022","3","40.525522","-80.130765","1457","11","0","0","0","0","0","0","1","0","","0","0","0","","","0","N","0","","40 31:31.880","","0","80 07:50.755","0","0","0","0","2125","0","0","0","N","0","0","0","1","68B03","0","","3.0","","1","N","N","N","0","","0","0","0","0","0","","","1","0","0","0","0","0","0","2","0","1","","","Y","Y","2","1","Y","N","N","Y","N","N","N","N"
"2022060798","1037","1","0","0","0","0","0","0","0","0","2","0","","02","7","2022","6","40.422667","-80.007139","1031","11","0","0","0","0","0","0","0","0","","0","0","0","","","1","N","0","","40 25:21.600","","0","80 00:25.700","8","0","0","0","2301","0","0","0","N","0","0","0","1","02301","0","","4.0","","1","N","N","N","0","","0","0","1","0","0","","","2","1","0","0","0","1","0","2","0","2","","03","","N","","","","","","","","","",""
"2022065622","2309","2","0","0","0","0","0","0","0","0","99","0","","02","7","2022","7","40.434102","-79.995891","2300","11","0","0","0","0","0","0","0","0","","0","0","0","","","0","","6","","40 26:02.768","3","2","79 59:45.207","9","0","0","0","2301","0","0","0","N","0","0","0","2","02301","0","","9.0","2328.0","1","N","N","N","0","","0","0","0","0","0","N","","2","0","0","0","0","0","1","2","0","2","","","","N","","","","","","","","","",""
"2022063202","0846","1","0","0","0","0","0","0","0","0","5","0","","02","7","2022","7","40.228525","-79.85504","0844","11","0","0","0","0","0","0","1","0","","0","0","0","","","2","","1","","40 13:42.691","1","0","79 51:18.144","3","0","0","0","2105","0","0","0","N","0","0","0","2","02105","1","","1.0","915.0","1","N","N","N","0","","1","0","1","0","0","N","","2","2","1","0","0","0","0","2","0","2","","","","N","","","","","","","","","",""
"2022061469","2248","0","0","0","0","0","0","0","0","0","1","0","","02","7","2022","2","40.438218","-80.032862","2241","11","0","0","0","0","0","0","0","0","","0","0","0","","","0","Y","0","","40 26:17.584","","0","80 01:58.304","0","0","0","0","2301","0","0","0","N","0","0","0","4","02301","0","","1.0","","1","N","N","N","0","","0","0","2","0","0","","","2","0","0","0","0","0","0","2","0","2","","","","N","","","","","","","","","",""
"2022067396","1940","1","0","0","0","0","0","0","0","0","4","0","","02","7","2022","6","40.457109","-79.925196","1934","11","0","0","0","0","0","1","0","0","","0","0","0","","","1","","2","","40 27:25.592","","0","79 55:30.705","3","0","0","1","2301","0","0","0","N","0","0","0","3","02301","0","","1.0","","1","N","N","N","0","","1","0","0","3","2","","","2","1","0","0","0","0","0","2","0","2","","03","","N","","","","","","","","","",""
"2022062037","1514","1","0","0","0","0","0","0","0","0","7","0","","02","7","2022","1","40.393727","-79.836889","1457","11","0","0","0","0","0","0","0","0","","0","0","0","","","0","","2","","40 23:37.416","","0","79 50:12.799","0","0","0","0","2425","0","0","0","N","0","0","0","1","68B03","0","","4.0","","1","N","N","N","0","","0","0","0","3","3","","","1","0","0","0","0","0","0","2","0","1","","","","N","","","","","","","","","",""
"2022060978","2044","0","0","0","0","0","0","0","0","0","7","0","","02","7","2022","6","40.510199","-79.763799","2041","11","0","1","0","0","0","0","0","0","","0","0","0","","","0","N","0","","40 30:36.718","","0","79 45:49.678","0","0","0","0","2466","0","0","0","N","0","0","0","2","02466","0","","2.0","","1","N","N","N","0","","0","0","1","0","0","","","1","0","0","0","0","0","0","1","0","1","","03","","N","","","","","","","","","",""
"2022069559","1650","0","0","0","0","0","0","0","0","0","7","0","","02","7","2022","1","40.395418","-79.816429","1650","11","0","0","0","0","0","0","0","0","","0","0","0","","","0","N","0","","40 23:43.505","6","0","79 48:59.145","0","0","0","0","2111","0","0","0","N","0","0","0","1","02111","0","","5.0","1948.0","1","N","N","N","0","","0","0","1","0","0","N","","1","0","0","0","0","0","0","2","0","1","","03","","N","","","","","","","","","",""
"2022100307","1607","0","0","0","0","0","0","0","0","0","7","0","","02","10","2022","6","40.54954","-80.070985","1603","11","0","0","0","1","0","0","0","0","","0","0","0","","","1","","2","","40 32:58.344","2","0","80 04:15.547","3","0","0","0","2481","0","0","0","Y","0","0","0","1","02481","0","","5.0","1643.0","1","N","N","N","0","","1","0","1","0","0","N","","1","1","0","0","0","0","0","2","0","1","","","","N","","","","","","","","","",""
"2022064184","1715","0","0","0","0","0","0","0","0","0","0","0","","02","7","2022","3","40.442571","-79.982378","1710","11","0","0","0","0","0","0","0","0","","0","0","0","","","1","Y","0","","40 26:33.256","4","0","79 58:56.559","8","0","0","1","2301","0","0","0","N","0","0","0","2","02301","0","","1.0","1720.0","1","N","N","N","0","","0","0","1","0","0","N","","2","1","0","0","0","1","0","2","0","2","","03","","N","","","","","","","","","",""
"2022100382","1606","0","0","0","0","0","0","0","0","0","1","1","55","02","10","2022","3","40.570352","-79.793234","1600","11","0","0","0","0","0","2","0","0","","0","0","0","","","0","N","0","","40 34:13.266","","0","79 47:35.641","0","0","0","0","2206","0","0","0","N","0","0","0","3","68D02","0","","1.0","","1","N","N","N","2","","0","0","1","3","8","","","3","0","0","0","0","0","0","2","0","3","","","N","Y","2","1","","","N","","","Y","","N"
"2022064977","0114","0","0","0","0","0","0","0","0","0","98","0","","02","7","2022","6","40.590632","-80.047326","0114","11","0","0","0","0","0","0","0","0","","0","0","0","","","0","N","0","","40 35:26.276","2","2","80 02:50.375","0","0","0","0","2108","0","0","0","N","0","0","0","1","02108","0","","1.0","202.0","1","N","N","N","0","","0","0","1","0","0","N","","1","0","0","0","0","0","0","2","0","1","","","","N","","","","","","","","","",""
"2022103213","1446","1","0","0","0","0","0","0","0","0","5","1","","02","10","2022","5","40.453806","-80.019639","1441","11","0","0","0","0","0","0","0","0","","0","1","0","","","0","N","1","","40 27:13.700","","0","80 01:10.700","0","0","0","0","2301","0","0","0","N","0","0","0","1","02301","0","","1.0","","1","N","N","N","0","","0","0","0","0","0","","","2","0","0","0","0","0","0","2","0","2","","03","","N","","","","","","","","","",""
"2022067265","1245","2","0","0","0","0","0","0","0","0","1","0","","02","7","2022","3","40.37851","-79.776931","1245","11","0","0","0","0","0","0","0","0","","0","0","0","","","1","N","0","","40 22:42.636","","0","79 46:36.950","4","0","0","0","2111","0","0","0","N","0","0","0","2","02111","1","","1.0","","1","N","N","N","0","","0","0","0","0","0","N","","2","1","0","0","0","0","0","2","0","2","","03","","N","","","","","","","","","",""
"2022101004","1408","0","0","0","0","0","0","0","0","0","1","0","99","02","10","2022","3","40.326926","-79.938873","1406","11","0","0","0","0","0","1","0","0","","0","0","0","","","0","N","0","","40 19:36.933","1","0","79 56:19.944","0","0","0","1","2473","0","0","0","N","0","0","0","3","02473","0","","1.0","1420.0","1","N","N","N","0","","0","0","1","3","7","N","","2","0","0","0","0","0","0","2","0","2","","03","Y","Y","4","1","","Y","N","","","","","N"
"2022104288","0907","0","0","0","0","0","0","0","0","0","7","0","","02","10","2022","7","40.435566","-79.967976","0847","11","0","0","0","0","0","0","0","0","","0","0","0","","","0","N","0","","40 26:08.037","4","0","79 58:04.712","0","0","0","0","2301","0","0","0","Y","0","0","0","3","68B03","0","","4.0","945.0","1","N","N","N","1","","0","0","1","0","0","N","","2","0","0","0","0","0","0","2","0","2","","","","N","","","","","","","","","",""
"2022100568","1330","2","0","0","0","0","0","0","0","0","1","0","","02","10","2022","6","40.547378","-80.028727","1325","11","0","0","0","0","0","1","0","0","","0","0","0","","","0","N","0","","40 32:50.559","","0","80 01:43.418","0","0","0","0","2116","0","0","0","N","0","0","0","3","02116","0","","1.0","","1","N","N","N","0","","0","0","1","0","0","","","3","0","1","0","0","0","0","2","0","3","","03","","N","","","","","","","","","",""
"2022067311","1841","1","0","0","0","0","0","0","0","0","7","0","","02","7","2022","4","40.358052","-80.05682","1836","11","0","0","0","0","0","0","0","0","","0","0","0","","","1","N","0","","40 21:28.988","","7","80 03:24.553","3","0","0","0","2109","0","0","0","N","0","0","0","2","02109","0","","5.0","","1","N","N","N","0","","1","0","1","0","0","","","2","1","0","0","0","0","0","2","0","2","","03","","N","","","","","","","","","",""
"2022061407","1745","0","0","0","0","0","0","0","0","0","2","0","","02","6","2022","5","40.452244","-79.950851","1745","11","0","0","0","0","0","1","0","0","","0","0","0","","","0","","1","","40 27:08.078","","0","79 57:03.065","0","0","0","0","2301","0","0","0","N","0","0","0","2","02301","0","","1.0","","1","N","N","N","0","","0","0","2","0","0","","","2","0","0","0","0","0","0","2","0","2","","","","N","","","","","","","","","",""
"2022062758","0655","1","0","0","0","0","0","0","0","0","1","0","","02","7","2022","2","40.466555","-80.02539","0649","11","0","0","0","0","0","0","0","0","","0","0","0","","","1","N","0","","40 27:59.598","3","0","80 01:31.404","8","0","0","0","2301","0","0","0","N","0","0","0","1","02301","0","","6.0","705.0","1","N","N","N","0","","0","0","1","0","0","Y","","2","1","1","0","0","1","0","2","0","2","","03","","N","","","","","","","","","",""
"2022102106","1650","2","0","0","0","0","0","0","0","0","5","0","","02","8","2022","6","40.514191","-80.155635","1647","11","0","0","0","0","0","0","0","0","","0","0","0","","","0","","2","","40 30:51.089","","0","80 09:20.286","0","0","0","0","2420","0","0","0","N","0","0","0","3","02420","0","","1.0","","1","N","N","N","0","","0","0","0","0","0","","","2","0","0","0","0","0","0","2","0","2","","","","N","","","","","","","","","",""
"2022063428","1808","2","0","0","0","0","0","0","0","0","1","0","","02","7","2022","6","40.491378","-80.060974","1803","11","0","0","0","0","0","0","0","0","","0","0","0","","","0","N","0","","40 29:28.960","","0","80 03:39.507","0","0","0","0","2404","0","0","0","N","0","0","0","2","02404","0","","1.0","","1","","","Y","0","","0","0","0","0","0","","","2","0","0","0","0","0","0","2","0","2","","03","","N","","","","","","","","","",""
"2022100703","1248","1","0","0","0","0","0","0","0","0","4","0","","02","10","2022","7","40.431933","-79.839183","1242","11","0","0","0","0","0","1","0","1","","0","0","0","","","0","N","2","","40 25:54.959","2","0","79 50:21.059","0","0","0","0","2419","0","0","0","N","0","0","0","3","02419","0","","1.0","1342.0","1","N","N","N","0","","0","0","1","3","3","N","","2","0","1","0","0","0","0","2","0","2","","03","","N","","","","","","","","","",""
"2022061349","0155","1","0","0","0","0","0","0","0","0","7","0","","02","7","2022","2","40.453722","-79.893417","0150","11","0","0","0","0","0","0","0","0","","0","0","0","","","1","N","0","","40 27:13.400","","0","79 53:36.300","3","0","0","0","2301","0","0","0","N","0","0","0","1","02301","0","","5.0","","1","N","N","N","0","","1","0","3","0","0","","","4","1","0","0","0","0","0","2","0","4","","03","","N","","","","","","","","","",""
"2022100907","1738","0","0","0","0","0","0","0","0","0","6","0","","02","10","2022","5","40.456904","-79.758798","1718","11","0","0","0","0","0","0","0","0","","0","0","0","","","0","","3","","40 27:24.855","","0","79 45:31.673","0","0","0","0","2446","0","0","0","N","0","0","0","2","02446","0","","1.0","","1","N","N","N","0","","0","0","2","3","3","","","2","0","0","0","0","0","0","2","0","2","","","","N","","","","","","","","","",""
"2022063794","1647","2","0","0","0","0","0","0","0","0","1","0","","02","7","2022","2","40.52885","-79.850142","1642","11","0","0","0","0","0","2","1","0","","0","0","0","","","1","","2","","40 31:43.859","2","0","79 51:00.512","8","0","0","0","2208","0","0","0","N","0","0","0","3","02208","0","","1.0","1728.0","1","N","N","N","0","","0","0","1","3","2","N","","4","1","0","0","0","1","0","2","0","3","","03","","N","","","","","","","","","",""
"2022063864","0016","2","0","0","0","0","0","0","0","0","1","0","","02","7","2022","6","40.42655","-79.893129","2317","11","0","0","0","0","1","1","0","0","","0","0","0","","","2","N","0","","40 25:35.580","4","2","79 53:35.264","4","0","0","0","2301","0","0","0","N","0","0","0","4","68B03","2","","7.0","22.0","1","N","N","N","0","","0","0","0","0","0","N","","2","2","1","0","0","0","0","2","0","2","","","","N","","","","","","","","","",""
"2022065380","1916","2","0","0","0","0","0","0","0","0","1","0","","02","7","2022","6","40.471379","-79.974046","1909","11","0","0","0","0","0","0","0","0","","0","0","0","","","2","N","0","","40 28:16.963","1","0","79 58:26.564","3","0","0","0","2118","0","0","0","N","0","0","0","6","02118","0","","1.0","1944.0","1","N","N","N","0","","2","0","1","0","0","N","","3","2","0","0","0","0","0","2","0","3","","03","","N","","","","","","","","","",""
"2022101898","1020","2","0","0","0","0","0","0","0","0","1","0","","02","10","2022","5","40.387324","-80.043637","1012","11","0","0","0","0","0","0","0","0","","0","0","0","","","1","N","0","","40 23:14.368","","0","80 02:37.092","3","0","0","0","2109","0","0","0","N","0","0","0","2","02109","0","","1.0","","1","N","N","N","0","","1","0","0","0","0","","","2","1","0","0","0","0","1","2","0","2","","","","N","","","","","","","","","",""
"2022066209","1521","1","0","0","0","0","0","0","0","0","4","0","","02","7","2022","4","40.313874","-80.089804","1518","11","0","0","0","0","0","1","0","0","","0","0","0","","","2","","1","","40 18:49.947","2","0","80 05:23.296","4","0","0","0","2123","0","0","0","N","0","0","0","2","02123","1","","1.0","1729.0","1","N","N","N","0","","0","0","1","3","2","Y","","2","2","1","0","0","1","0","2","0","2","","03","","N","","","","","","","","","",""
"2022064472","1540","1","0","0","0","0","0","0","0","0","0","0","","02","7","2022","4","40.419784","-79.929698","1535","11","0","0","0","0","0","0","0","0","","0","0","0","","","0","","2","","40 25:11.222","5","0","79 55:46.913","0","0","0","0","2301","0","0","0","N","0","0","0","1","02301","0","","1.0","1630.0","1","N","N","N","0","","0","0","0","0","0","Y","","1","0","0","0","0","0","0","2","0","1","","03","","N","","","","","","","","","",""
"2022099535","1056","0","2","1","0","0","0","0","0","0","4","0","","02","10","2022","4","40.440435","-80.248484","1052","11","0","0","0","0","0","0","0","2","","2","0","0","","","1","N","0","","40 26:25.567","6","0","80 14:54.542","1","0","0","0","2214","0","0","0","N","0","0","0","3","02214","0","2","1.0","1400.0","9","N","N","N","1","0","0","1","1","0","0","N","","2","1","0","0","0","0","0","2","0","2","","07","","N","","","","","","","","","",""
"2022061348","0535","0","0","0","0","0","0","0","0","0","7","0","","02","7","2022","7","40.5241","-79.803581","0526","11","0","0","0","0","0","1","0","0","","0","0","0","","","1","N","0","","40 31:26.761","","0","79 48:12.891","8","0","0","0","2466","0","0","0","N","0","0","0","1","02466","0","","5.0","","1","N","N","N","0","","0","0","0","0","0","","","1","1","0","0","0","1","0","2","1","1","","","","N","","","","","","","","","",""
"2022097917","1439","0","0","0","0","0","0","0","0","0","4","0","","02","10","2022","6","40.51032","-79.992679","1439","11","0","0","1","0","0","0","1","0","","0","0","0","","","1","N","0","","40 30:37.153","","0","79 59:33.646","8","0","0","0","2116","0","0","0","N","0","0","0","2","02116","0","","1.0","","1","","","N","1","","0","0","1","0","0","N","","2","1","0","0","0","1","0","2","0","2","","","","N","","","","","","","","","",""
"2022106903","0821","0","0","0","0","0","0","0","0","0","1","0","","02","11","2022","3","40.519802","-80.059874","0803","11","0","0","0","0","0","1","0","0","","0","0","0","","","0","N","0","","40 31:11.286","","0","80 03:35.547","0","0","0","0","2116","0","0","0","N","0","0","0","3","68B03","0","","1.0","","1","N","N","N","0","","0","0","2","0","0","","","2","0","0","0","0","0","0","2","0","2","","03","","N","","","","","","","","","",""
"2022070038","1830","1","0","0","0","0","0","0","0","0","7","0","","02","7","2022","1","40.332449","-79.880389","1822","11","0","0","0","0","0","0","0","0","","0","0","0","","","0","N","0","","40 19:56.815","6","0","79 52:49.399","0","0","0","0","2455","0","0","0","N","0","0","0","2","02304","0","","5.0","2330.0","1","N","N","N","0","","0","0","0","0","0","Y","","1","0","0","0","0","0","0","2","0","1","","03","","N","","","","","","","","","",""
"2022107968","1225","0","0","0","0","0","0","0","0","0","7","0","","02","10","2022","7","40.467148","-80.198021","1225","11","0","0","0","0","0","0","0","0","","0","0","0","","","0","N","0","","40 28:01.731","","0","80 11:52.875","0","0","0","0","2213","0","0","0","N","0","0","0","1","68B03","0","","4.0","","1","N","N","N","0","","0","0","0","0","0","","","1","0","0","0","0","0","0","2","1","1","","03","","N","","","","","","","","","",""
"2022103241","2256","1","0","0","0","0","0","0","0","0","7","0","","02","11","2022","7","40.344571","-79.797091","2253","11","0","0","0","0","1","0","0","0","","0","0","0","","","0","N","0","","40 20:40.457","","0","79 47:49.526","0","0","0","0","2477","0","0","0","N","0","0","0","1","02477","0","","5.0","","1","N","N","N","0","","0","0","0","0","0","","","1","0","0","0","0","0","0","2","0","1","","","","N","","","","","","","","","",""
"2022106521","2037","0","0","0","0","0","0","0","0","0","98","0","","02","11","2022","1","40.21422","-79.841919","2030","11","0","0","0","0","0","0","0","0","","0","0","0","","","0","N","0","","40 12:51.191","2","0","79 50:30.910","0","0","0","0","2204","0","0","0","N","0","0","0","1","02105","0","","1.0","2117.0","1","N","N","N","0","","0","0","1","0","0","N","","1","0","0","0","0","0","0","1","0","1","","03","","N","","","","","","","","","",""
"2022106018","1605","0","0","0","0","0","0","0","0","0","1","0","","02","11","2022","6","40.562375","-79.959126","1602","11","0","0","1","0","0","0","0","0","","0","0","0","","","0","N","2","","40 33:44.550","","0","79 57:32.855","0","0","0","0","2207","0","0","0","N","0","0","0","9","02207","0","","1.0","","9","N","N","N","1","","0","0","2","3","3","N","","3","0","1","0","0","0","0","2","0","3","","","","N","","","","","","","","","",""