"CRN","ARRIVAL_TM","AUTOMOBILE_COUNT","BELTED_DEATH_COUNT","BELTED_SUSP_SERIOUS_INJ_COUNT","BICYCLE_COUNT","BICYCLE_DEATH_COUNT","BICYCLE_SUSP_SERIOUS_INJ_COUNT","BUS_COUNT","CHLDPAS_DEATH_COUNT","CHLDPAS_SUSP_SERIOUS_INJ_COUNT","COLLISION_TYPE","COMM_VEH_COUNT","CONS_ZONE_SPD_LIM","COUNTY","CRASH_MONTH","CRASH_YEAR","DAY_OF_WEEK","DEC_LATITUDE","DEC_LONGITUDE","DISPATCH_TM","DISTRICT","DRIVER_COUNT_16YR","DRIVER_COUNT_17YR","DRIVER_COUNT_18YR","DRIVER_COUNT_19YR","DRIVER_COUNT_20YR","DRIVER_COUNT_50_64YR","DRIVER_COUNT_65_74YR","DRIVER_COUNT_75PLUS","EST_HRS_CLOSED","FATAL_COUNT","HEAVY_TRUCK_COUNT","HORSE_BUGGY_COUNT","HOUR_OF_DAY","ILLUMINATION","INJURY_COUNT","INTERSECTION_RELATED","INTERSECT_TYPE","LANE_CLOSED","LATITUDE","LN_CLOSE_DIR","LOCATION_TYPE","LONGITUDE","MAX_SEVERITY_LEVEL","MCYCLE_DEATH_COUNT","MCYCLE_SUSP_SERIOUS_INJ_COUNT","MOTORCYCLE_COUNT","MUNICIPALITY","NONMOTR_COUNT","NONMOTR_DEATH_COUNT","NONMOTR_SUSP_SERIOUS_INJ_COUNT","NTFY_HIWY_MAINT","PED_COUNT","PED_DEATH_COUNT","PED_SUSP_SERIOUS_INJ_COUNT","PERSON_COUNT","POLICE_AGCY","POSSIBLE_INJ_COUNT","RDWY_SURF_TYPE_CD","RELATION_TO_ROAD","ROADWAY_CLEARED","ROAD_CONDITION","SCH_BUS_IND","SCH_ZONE_IND","SECONDARY_CRASH","SMALL_TRUCK_COUNT","SPEC_JURIS_CD","SUSP_MINOR_INJ_COUNT","SUSP_SERIOUS_INJ_COUNT","SUV_COUNT","TCD_FUNC_CD","TCD_TYPE","TFC_DETOUR_IND","TIME_OF_DAY","TOTAL_UNITS","TOT_INJ_COUNT","UNBELTED_OCC_COUNT","UNB_DEATH_COUNT","UNB_SUSP_SERIOUS_INJ_COUNT","UNK_INJ_DEG_COUNT","UNK_INJ_PER_COUNT","URBAN_RURAL","VAN_COUNT","VEHICLE_COUNT","WEATHER1","WEATHER2","WORKERS_PRES","WORK_ZONE_IND","WORK_ZONE_LOC","WORK_ZONE_TYPE","WZ_CLOSE_DETOUR","WZ_FLAGGER","WZ_LAW_OFFCR_IND","WZ_LN_CLOSURE","WZ_MOVING","WZ_OTHER","WZ_SHLDER_MDN","WZ_WORKERS_INJ_KILLED"
"2022085111","1210","1","0","0","0","0","0","0","0","0","2","0","","02","8","2022","7","40.495985","-80.183755","1206","11","0","0","0","0","0","1","0","0","","0","0","0","","","2","N","0","","40 29:45.547","7","0","80 11:01.518","4","0","0","0","2213","0","0","0","N","0","0","0","3","02213","2","","1.0","20.0","9","N","N","N","0","","0","0","1","0","0","N","","2","2","0","0","0","0","0","2","0","2","","07","","N","","","","","","","","","",""
"2022070335","1836","0","0","0","0","0","0","0","0","0","98","0","","02","8","2022","2","40.501223","-80.226883","1836","11","0","0","0","0","0","0","0","0","","0","0","0","","","0","N","0","","40 30:04.404","","0","80 13:36.778","0","0","0","0","2203","0","0","0","N","0","0","0","1","02501","0","","1.0","","9","N","N","N","0","","0","0","1","0","0","","","1","0","0","0","0","0","0","2","0","1","","04","","N","","","","","","","","","",""
"2022107651","1931","1","0","0","0","0","0","0","0","0","98","0","","02","11","2022","2","40.621712","-79.745012","1914","11","0","0","0","0","0","1","0","0","","0","0","0","","","0","N","0","","40 37:18.162","","0","79 44:42.043","0","0","0","0","2106","0","0","0","N","0","0","0","1","68D02","0","","1.0","","1","N","N","N","0","","0","0","0","0","0","","","1","0","0","0","0","0","0","2","0","1","","","","N","","","","","","","","","",""
"2022071351","1850","2","0","0","0","0","0","0","0","0","1","0","","02","8","2022","5","40.447722","-80.007389","1840","11","0","0","0","0","0","0","0","0","","0","0","0","","","0","N","0","","40 26:51.800","3","0","80 00:26.600","0","0","0","0","2301","0","0","0","N","0","0","0","5","02301","0","","1.0","1900.0","1","","","Y","0","","0","0","1","0","0","N","","3","0","0","0","0","0","0","2","0","3","","","","N","","","","","","","","","",""
"2022062996","1524","1","0","0","0","0","0","0","0","0","1","0","","02","7","2022","6","40.431764","-79.997429","1519","11","0","0","0","0","0","0","0","0","","0","0","0","","","0","Y","0","","40 25:54.352","","3","79 59:50.743","0","0","0","0","2301","0","0","0","N","0","0","0","3","02301","0","","1.0","","1","N","N","N","0","","0","0","1","0","0","N","","2","0","0","0","0","0","0","2","0","2","","","","N","","","","","","","","","",""
"2022067628","1515","0","0","0","0","0","0","0","0","0","0","0","","02","7","2022","7","40.53872","-79.829726","1515","11","0","0","0","0","0","1","0","0","","0","0","0","","","1","N","0","","40 32:19.392","1","0","79 49:47.014","8","0","0","1","2208","0","0","0","N","0","0","0","1","02208","0","","1.0","1550.0","9","N","N","N","0","","0","0","0","0","0","N","","1","1","0","0","0","1","0","2","0","1","","","","N","","","","","","","","","",""
"2022067810","1953","1","0","0","0","0","0","0","0","0","2","0","","02","7","2022","1","40.456999","-79.87783","1946","11","0","0","0","0","0","2","0","0","","0","0","0","","","2","N","0","","40 27:25.195","7","0","79 52:40.187","4","0","0","0","2301","0","0","0","N","0","0","0","2","02301","1","","1.0","2040.0","1","N","N","N","0","","0","0","1","0","0","N","","2","2","0","0","0","1","0","2","0","2","","03","","N","","","","","","","","","",""
"2022071104","1414","0","0","0","0","0","0","0","0","0","4","0","","02","7","2022","1","40.593219","-79.947846","1409","11","0","0","0","0","0","1","0","0","","0","0","0","","","1","N","0","","40 35:35.590","5","0","79 56:52.246","3","0","0","0","2207","0","0","0","N","0","0","0","4","02207","0","","1.0","1450.0","1","N","N","N","0","","1","0","2","0","0","N","","2","1","0","0","0","0","0","2","0","2","","03","","N","","","","","","","","","",""
"2022108742","0425","1","0","0","0","0","0","0","0","0","7","0","","02","11","2022","5","40.428255","-80.106378","0415","11","0","0","0","0","0","0","0","0","","0","0","0","","","0","N","0","","40 25:41.719","","0","80 06:22.961","0","0","0","0","2115","0","0","0","N","0","0","0","1","68B03","0","","2.0","","2","N","N","N","0","","0","0","0","0","0","","","1","0","0","0","0","0","0","2","0","1","","10","","N","","","","","","","","","",""
"2022056143","1814","2","0","0","0","0","0","0","0","0","4","0","","02","6","2022","5","40.517438","-79.852701","1813","11","0","0","0","0","0","0","0","0","","0","0","0","","","0","N","0","","40 31:02.777","","0","79 51:09.724","0","0","0","0","2112","0","0","0","N","0","0","0","2","02112","0","","1.0","","1","","","N","0","","0","0","0","0","0","","","2","0","0","0","0","0","0","2","0","2","","","","N","","","","","","","","","",""
"2022107985","1338","1","0","0","0","0","0","0","0","0","4","0","","02","11","2022","7","40.395716","-79.839119","1321","11","0","0","0","0","0","0","0","0","","0","0","0","","","0","","1","","40 23:44.578","","0","79 50:20.828","0","0","0","0","2425","0","0","0","N","0","0","0","2","68B03","0","","1.0","","1","N","N","N","0","","0","0","1","3","3","","","2","0","0","0","0","0","0","2","0","2","","03","","N","","","","","","","","","",""
"2022105837","2105","1","0","0","0","0","0","0","0","0","4","0","","02","11","2022","6","40.395283","-79.997454","2057","11","0","0","0","0","0","0","0","0","","0","0","0","","","0","","2","","40 23:43.020","","0","79 59:50.836","0","0","0","0","2301","0","0","0","N","0","0","0","4","02301","0","","4.0","","9","N","N","N","0","","0","0","1","0","0","","","3","0","0","0","0","0","0","2","1","3","","","","N","","","","","","","","","",""
"2022069202","1802","1","0","0","0","0","0","0","0","0","7","0","","02","7","2022","2","40.406756","-79.828641","1759","11","0","0","0","0","1","0","0","0","","0","0","0","","","0","N","1","","40 24:24.323","","0","79 49:43.109","0","0","0","0","2467","0","0","0","N","0","0","0","1","02467","0","","5.0","","1","N","N","N","0","","0","0","0","0","0","","","1","0","0","0","0","0","0","2","0","1","","","","N","","","","","","","","","",""
"2022063327","1940","0","0","0","0","0","0","0","0","0","1","0","","02","7","2022","7","40.606756","-80.051723","1930","11","0","0","0","0","0","0","0","0","","0","0","0","","","0","","1","","40 36:24.321","","0","80 03:06.202","0","0","0","0","2216","0","0","0","N","0","0","0","2","02505","0","","1.0","","1","N","N","N","0","","0","0","2","3","2","","","2","0","0","0","0","0","0","2","0","2","","","","N","","","","","","","","","",""
"2022064289","1922","0","0","0","0","0","0","0","0","0","7","0","","02","7","2022","3","40.309969","-79.937228","1920","11","0","0","0","0","0","1","0","0","","0","0","0","","","3","N","0","","40 18:35.889","5","0","79 56:14.020","8","0","0","0","2440","0","0","0","Y","0","0","0","3","02440","0","","5.0","2228.0","1","N","N","N","0","","0","0","1","0","0","Y","","1","3","0","0","0","3","0","2","0","1","","","","N","","","","","","","","","",""
"2022107958","0729","0","1","0","0","0","0","0","0","0","1","1","","02","10","2022","4","40.429217","-79.941814","0609","11","0","0","0","0","0","0","0","0","","1","1","0","","","1","N","0","","40 25:45.180","3","0","79 56:30.530","1","0","0","0","2301","0","0","0","N","0","0","0","3","68B03","0","1","1.0","1038.0","9","N","N","Y","1","0","1","0","1","0","0","Y","","3","1","0","0","0","0","0","2","0","3","","","","N","","","","","","","","","",""
"2022100601","1658","1","0","0","0","0","0","0","0","0","0","0","","02","10","2022","6","40.36343","-80.047367","1652","11","0","0","0","0","0","0","0","0","","0","0","0","","","0","N","0","","40 21:48.347","2","0","80 02:50.522","0","0","0","0","2109","0","0","0","N","0","0","0","2","02109","0","","1.0","1748.0","1","N","N","N","0","","0","0","0","0","0","N","","1","0","0","0","0","0","0","2","0","1","","","","N","","","","","","","","","",""
"2022065417","1802","0","0","0","0","0","0","0","0","0","7","0","","02","7","2022","2","40.46025","-80.076817","1757","11","0","0","0","0","0","0","0","0","","0","0","0","","","0","N","0","","40 27:36.900","2","0","80 04:36.540","0","0","0","0","2301","0","0","0","N","0","0","0","1","02122","0","","2.0","1828.0","1","N","N","Y","0","","0","0","2","0","0","N","","2","0","0","0","0","0","0","2","0","2","","03","","N","","","","","","","","","",""
"2022102483","0316","0","0","0","0","0","0","0","0","0","7","0","","02","11","2022","5","40.355108","-80.038962","0313","11","0","0","0","0","0","0","0","0","","0","0","0","","","0","N","0","","40 21:18.389","3","0","80 02:20.262","0","0","0","0","2109","0","0","0","N","0","0","0","1","02109","0","","4.0","340.0","1","N","N","N","0","","0","0","1","0","0","N","","1","0","0","0","0","0","0","2","0","1","","","","N","","","","","","","","","",""
"2022095349","0925","0","0","0","0","0","0","0","0","0","6","0","","02","10","2022","7","40.381893","-79.894995","0918","11","0","0","0","0","0","0","0","0","","0","0","0","","","0","","2","","40 22:54.816","","0","79 53:41.983","0","0","0","0","2448","0","0","0","N","0","0","0","2","02448","0","","1.0","","1","N","N","N","0","","0","0","1","3","3","","","2","0","1","0","0","0","0","2","1","2","","","","N","","","","","","","","","",""
"2022064036","0745","1","0","0","0","0","0","0","0","0","7","0","","02","7","2022","3","40.441028","-79.986","0735","11","0","0","0","0","0","0","0","0","","0","0","0","","","1","","1","","40 26:27.700","","0","79 59:09.600","8","0","0","0","2301","0","0","0","N","0","0","0","1","02301","0","","5.0","","1","N","N","Y","0","","0","0","0","3","2","","","1","1","0","0","0","1","0","2","0","1","","03","","N","","","","","","","","","",""
"2022062632","0906","0","0","0","0","0","0","0","0","0","4","0","","02","7","2022","5","40.31305","-80.082789","0905","11","0","0","0","0","0","2","0","0","","0","0","0","","","1","","11","","40 18:46.979","","0","80 04:58.041","3","0","0","1","2123","0","0","0","N","0","0","0","2","02123","0","","1.0","","1","N","N","N","0","","1","0","1","0","0","","","2","1","0","0","0","0","0","2","0","2","","03","","N","","","","","","","","","",""
"2022069374","1413","0","0","0","0","0","0","0","0","0","1","0","","02","7","2022","5","40.403663","-79.942289","1401","11","0","0","0","0","0","0","0","0","","0","0","0","","","1","","2","","40 24:13.186","","0","79 56:32.240","3","0","0","0","2301","0","0","0","N","0","0","0","2","02301","0","","1.0","","1","N","N","N","1","","1","0","1","0","0","","","2","1","0","0","0","0","0","2","0","2","","03","","N","","","","","","","","","",""
"2022069877","0317","0","0","0","0","0","0","0","0","0","7","0","","02","7","2022","1","40.445567","-80.017022","0313","11","0","0","0","0","0","0","0","0","","0","0","0","","","0","N","0","","40 26:44.040","","0","80 01:01.280","9","0","0","0","2301","0","0","0","N","0","0","0","1","02301","0","","5.0","","1","N","N","N","0","","0","0","1","0","0","","","1","0","0","0","0","0","1","2","0","1","","","","N","","","","","","","","","",""
"2022071187","1324","1","0","0","0","0","0","0","0","0","4","0","","02","8","2022","4","40.323223","-79.943189","1322","11","0","0","0","0","0","0","0","0","","0","0","0","","","4","N","0","","40 19:23.604","2","7","79 56:35.480","8","0","0","0","2454","0","0","0","N","0","0","0","4","02454","0","","1.0","1537.0","1","N","N","N","0","","0","0","1","0","0","N","","2","4","0","0","0","4","0","2","0","2","","03","","N","","","","","","","","","",""
"2022071201","1736","1","0","0","0","0","0","0","0","0","7","0","","02","7","2022","7","40.471056","-79.945278","1736","11","0","0","0","0","0","0","0","0","","0","0","0","","","1","N","1","","40 28:15.800","7","0","79 56:43.000","2","0","0","0","2301","0","0","0","N","0","0","0","1","02301","0","","2.0","1845.0","1","N","N","N","0","","0","1","0","0","0","N","","1","1","1","0","1","0","0","2","0","1","","03","","N","","","","","","","","","",""
"2022061060","1341","1","0","0","0","0","0","0","0","0","5","0","","02","6","2022","5","40.467139","-80.105167","1337","11","0","0","0","0","0","1","0","1","","0","0","0","","","0","","2","","40 28:01.700","5","0","80 06:18.600","0","0","0","0","2126","0","0","0","N","0","0","0","3","02126","0","","1.0","1408.0","1","N","N","N","0","","0","0","1","3","3","N","","2","0","0","0","0","0","0","2","0","2","","","","N","","","","","","","","","",""
"2022068153","0643","1","0","0","0","0","0","0","0","0","1","0","","02","6","2022","6","40.384659","-79.824328","0641","11","0","0","1","0","0","0","0","0","","0","0","0","","","1","N","1","","40 23:04.773","","0","79 49:27.579","3","0","0","0","2111","0","0","0","N","0","0","0","2","02111","0","","1.0","","1","N","N","Y","0","","1","0","1","3","3","","","2","1","0","0","0","0","0","2","0","2","","03","","N","","","","","","","","","",""
"2022061490","0138","0","0","0","0","0","0","0","0","0","4","0","","02","7","2022","3","40.448944","-80.00075","0138","11","0","0","0","0","0","1","1","0","","0","0","0","","","2","","1","","40 26:56.200","3","0","80 00:02.700","3","0","0","0","2301","0","0","0","N","0","0","0","3","02301","0","","1.0","228.0","1","N","N","N","0","","2","0","2","3","1","N","","2","2","0","0","0","0","0","2","0","2","","03","","N","","","","","","","","","",""
"2022069451","0906","1","0","0","0","0","0","0","0","0","7","0","","02","7","2022","6","40.398334","-79.999825","0906","11","0","0","1","0","0","0","0","0","","0","0","0","","","0","Y","0","","40 23:54.003","","0","79 59:59.371","0","0","0","0","2301","0","0","0","N","0","0","0","1","02301","0","","2.0","","1","N","N","N","0","","0","0","0","0","0","","","1","0","0","0","0","0","0","2","0","1","","03","","N","","","","","","","","","",""
"2022068434","1710","1","0","0","0","0","0","0","0","0","2","0","","02","7","2022","3","40.485305","-80.009501","1707","11","0","0","0","0","0","1","0","0","","0","0","0","","","0","","1","","40 29:07.098","1","2","80 00:34.205","0","0","0","0","2301","0","0","0","N","0","0","0","3","02301","0","","1.0","1800.0","1","N","N","N","0","","0","0","1","3","2","N","","2","0","0","0","0","0","0","2","0","2","","03","","N","","","","","","","","","",""
"2022105573","1344","1","0","0","0","0","0","0","0","0","1","0","","02","11","2022","6","40.481509","-79.879704","1341","11","0","0","0","0","0","0","1","0","","0","0","0","","","0","N","0","","40 28:53.433","6","0","79 52:46.936","0","0","0","0","2113","0","0","0","N","0","0","0","2","02113","0","","1.0","1410.0","9","N","N","N","0","","0","0","1","0","0","N","","2","0","0","0","0","0","0","2","0","2","","","","N","","","","","","","","","",""
"2022067813","2020","1","0","0","0","0","0","0","0","0","5","0","","02","7","2022","1","40.444","-79.920556","2017","11","0","0","0","0","0","0","0","0","","0","0","0","","","0","N","0","","40 26:38.400","","0","79 55:14.000","0","0","0","0","2301","0","0","0","N","0","0","0","1","02301","0","","1.0","","1","N","N","N","0","","0","0","1","0","0","","","2","0","0","0","0","0","0","2","0","2","","03","","N","","","","","","","","","",""
"2022067589","1749","0","0","0","0","0","0","0","0","0","1","0","","02","7","2022","7","40.582113","-80.039195","1749","11","0","0","0","0","0","0","0","0","","0","0","0","","","0","N","0","","40 34:55.608","6","0","80 02:21.102","0","0","0","0","2108","0","0","0","N","0","0","0","3","02108","0","","1.0","1847.0","1","N","N","N","0","","0","0","3","0","0","N","","3","0","0","0","0","0","0","2","0","3","","","","N","","","","","","","","","",""
"2022101206","1455","1","0","0","0","0","0","0","0","0","98","0","","02","10","2022","2","40.541917","-79.761334","1453","11","0","0","0","0","0","1","0","0","","0","0","0","","","0","N","0","","40 32:30.902","","0","79 45:40.804","0","0","0","0","2466","0","0","0","N","0","0","0","3","02466","0","","1.0","","1","N","N","N","0","","0","0","0","0","0","","","1","0","0","0","0","0","0","2","0","1","","03","","N","","","","","","","","","",""
"2022070777","1826","1","0","0","0","0","0","0","0","0","4","0","","02","7","2022","6","40.455041","-79.890428","1826","11","0","0","0","0","0","0","0","0","","0","0","0","","","0","","1","","40 27:18.149","","0","79 53:25.542","0","0","0","0","2301","0","0","0","N","0","0","0","2","02301","0","","1.0","","1","N","N","N","0","","0","0","1","3","2","","","2","0","0","0","0","0","0","2","0","2","","","","N","","","","","","","","","",""
"2022102253","2132","1","0","0","0","0","0","0","0","0","8","0","05","02","11","2022","4","40.383559","-79.995717","2126","11","0","0","0","0","0","0","0","0","","0","0","0","","","1","","2","","40 23:00.811","","0","79 59:44.582","8","0","0","0","2301","1","0","0","N","1","0","0","2","02301","0","","1.0","","1","N","N","N","0","","0","0","0","3","7","","","2","1","0","0","0","1","0","2","0","1","","03","Y","Y","4","3","","Y","Y","Y","","","","Y"
"2022109845","1044","1","1","0","0","0","0","0","0","0","2","0","","02","11","2022","7","40.505458","-80.207549","1044","11","0","0","0","0","0","0","0","1","","1","0","0","","","1","","1","","40 30:19.650","7","0","80 12:27.175","1","0","0","0","2213","0","0","0","N","0","0","0","2","02213","0","2","1.0","1127.0","1","N","N","N","0","0","1","0","1","3","2","Y","","2","1","0","0","0","0","0","2","0","2","","","","N","","","","","","","","","",""
"2022070941","1536","0","0","0","0","0","0","0","0","0","2","0","","02","8","2022","4","40.415917","-79.799889","1532","11","0","0","0","0","0","1","0","0","","0","0","0","","","2","","1","","40 24:57.300","3","0","79 47:59.600","3","0","0","0","2446","0","0","0","N","0","0","0","2","02446","0","","1.0","1615.0","1","N","N","N","0","","2","0","2","3","3","Y","","2","2","0","0","0","0","0","2","0","2","","03","","N","","","","","","","","","",""
"2022100825","1708","1","0","0","0","0","0","0","0","0","5","0","","02","10","2022","7","40.518868","-79.842998","1705","11","0","0","0","0","0","0","1","0","","0","0","0","","","0","N","0","","40 31:07.923","","0","79 50:34.793","9","0","0","0","2451","0","0","0","N","0","0","0","1","02451","0","","4.0","","1","N","N","N","0","","0","0","1","0","0","","","2","0","1","0","0","0","1","2","0","2","","","","N","","","","","","","","","",""
"2022063780","1711","2","0","0","0","0","0","0","0","0","1","0","","02","7","2022","2","40.435181","-79.985914","1653","11","0","0","0","0","0","1","0","0","","0","0","0","","","0","N","0","","40 26:06.651","","0","79 59:09.289","0","0","0","0","2301","0","0","0","N","0","0","0","3","02301","0","","1.0","","1","N","N","N","0","","0","0","1","0","0","","","3","0","0","0","0","0","0","2","0","3","","","","N","","","","","","","","","",""
"2022061392","0912","1","0","0","0","0","0","0","0","0","5","0","","02","7","2022","2","40.458764","-80.03049","0907","11","0","0","0","0","0","1","0","0","","0","0","0","","","1","Y","0","","40 27:31.549","","99","80 01:49.763","3","0","0","1","2301","0","0","0","N","0","0","0","2","02301","0","","1.0","","1","N","N","N","0","","1","0","0","0","0","","","2","1","0","0","0","0","0","2","0","2","","03","","N","","","","","","","","","",""
"2022069866","0035","1","0","0","0","0","0","0","0","0","7","0","","02","7","2022","1","40.458276","-80.051918","0028","11","0","0","0","0","0","0","0","0","","0","0","0","","","0","N","0","","40 27:29.795","","0","80 03:06.906","0","0","0","0","2301","0","0","0","N","0","0","0","1","02301","0","","2.0","","1","N","N","N","0","","0","0","0","0","0","","","1","0","0","0","0","0","0","2","0","1","","03","","N","","","","","","","","","",""
"2022107194","1038","1","0","0","0","0","0","0","0","0","4","0","","02","11","2022","2","40.34132","-80.022424","1034","11","0","0","0","0","0","0","0","2","","0","0","0","","","0","","2","","40 20:28.753","","0","80 01:20.728","0","0","0","0","2407","0","0","0","N","0","0","0","2","02407","0","","1.0","","1","N","N","N","0","","0","0","1","0","0","","","2","0","0","0","0","0","0","2","0","2","","","","N","","","","","","","","","",""
"2022069219","1244","0","0","0","0","0","0","0","0","0","7","0","","02","7","2022","4","40.369529","-80.0306","1236","11","0","0","0","0","0","1","0","0","","0","0","0","","","0","","3","","40 22:10.304","","0","80 01:50.160","0","0","0","0","2109","0","0","0","N","0","0","0","1","02109","0","","5.0","","1","N","N","N","0","","0","0","1","0","0","","","1","0","0","0","0","0","0","2","0","1","","03","","N","","","","","","","","","",""
"2022063035","0007","1","0","0","0","0","0","0","0","0","7","0","","02","7","2022","7","40.327798","-79.840493","0005","11","0","1","0","0","0","0","0","0","","0","0","0","","","0","N","0","","40 19:40.072","1","0","79 50:25.776","0","0","0","0","2304","0","0","0","N","0","0","0","1","02304","0","","4.0","45.0","1","N","N","N","0","","0","0","0","0","0","Y","","1","0","0","0","0","0","0","2","0","1","","03","","N","","","","","","","","","",""
"2022071424","0156","2","0","0","0","0","0","0","0","0","2","0","","02","7","2022","7","40.457925","-79.898546","0142","11","0","0","0","0","0","0","0","0","","0","0","0","","","0","N","1","","40 27:28.529","","0","79 53:54.765","0","0","0","0","2301","0","0","0","N","0","0","0","2","02301","0","","1.0","","1","N","N","N","0","","0","0","0","0","0","","","2","0","2","0","0","0","0","2","0","2","","03","","N","","","","","","","","","",""
"2022102102","0847","1","0","0","0","0","0","0","0","0","7","0","","02","10","2022","2","40.364345","-80.024843","0845","11","0","0","0","0","0","1","0","0","","0","0","0","","","2","N","0","","40 21:51.642","","0","80 01:29.436","3","0","0","0","2416","0","0","0","N","0","0","0","2","02416","0","","5.0","","9","N","N","N","0","","1","0","0","0","0","","","1","2","1","0","0","1","0","2","0","1","","","","N","","","","","","","","","",""
"2022060838","0901","2","0","0","0","0","0","0","0","0","2","0","","02","7","2022","6","40.626781","-80.033987","0856","11","0","0","0","0","0","0","2","0","","0","0","0","","","4","","3","","40 37:36.412","6","0","80 02:02.353","8","0","0","0","2216","0","0","0","N","0","0","0","4","02505","0","","1.0","948.0","1","N","N","N","0","","0","0","1","0","0","N","","3","4","0","0","0","4","0","1","0","3","","03","","N","","","","","","","","","",""
"2022069801","1908","1","0","0","0","0","0","0","0","0","2","0","","02","7","2022","7","40.419598","-79.990766","1904","11","0","0","0","0","0","0","0","0","","0","0","0","","","1","","2","","40 25:10.552","","0","79 59:26.758","3","0","0","0","2301","0","0","0","N","0","0","0","3","02301","0","","1.0","","1","N","N","N","0","","1","0","1","0","0","","","2","1","0","0","0","0","0","2","0","2","","","","N","","","","","","","","","",""
"2022070922","1623","0","0","0","0","0","0","0","0","0","1","0","","02","8","2022","2","40.532682","-79.958628","1620","11","0","0","0","0","0","1","0","0","","0","0","0","","","1","","2","","40 31:57.655","2","0","79 57:31.060","3","0","0","0","2118","0","0","0","N","0","0","0","2","02118","0","","1.0","1654.0","1","N","N","N","0","","1","0","2","3","2","N","","2","1","0","0","0","0","0","2","0","2","","","","N","","","","","","","","","",""
"2022107926","1654","1","0","0","0","0","0","0","0","0","6","1","","02","11","2022","4","40.350075","-79.871533","1651","11","0","0","1","0","0","0","0","0","","0","1","0","","","0","","1","","40 21:00.270","4","0","79 52:17.518","0","0","0","0","2304","0","0","0","N","0","0","0","2","02304","0","","1.0","1723.0","1","N","N","N","0","","0","0","0","3","2","N","","2","0","0","0","0","0","0","2","0","2","","03","","N","","","","","","","","","",""
"2022107707","0726","2","0","0","0","0","0","0","0","0","98","0","","02","11","2022","4","40.423396","-79.951063","0726","11","0","0","0","1","0","1","0","0","","0","0","0","","","0","N","0","","40 25:24.227","","0","79 57:03.828","0","0","0","0","2301","0","0","0","N","0","0","0","2","02301","0","","1.0","","1","N","N","Y","0","","0","0","0","0","0","","","2","0","1","0","0","0","0","2","0","2","","03","","N","","","","","","","","","",""
"2022101804","1730","0","0","0","0","0","0","0","0","0","2","0","","02","11","2022","3","40.461308","-79.847836","1727","11","0","0","0","0","0","0","0","0","","0","0","0","","","1","","2","","40 27:40.709","4","0","79 50:52.210","4","0","0","0","2113","0","0","0","N","0","0","0","4","02113","1","","1.0","1800.0","1","N","N","N","0","","0","0","2","0","0","N","","2","1","1","0","0","0","0","2","0","2","","03","","N","","","","","","","","","",""
"2022102191","0433","1","0","0","0","0","0","0","0","0","7","0","","02","10","2022","1","40.318529","-79.921686","0424","11","0","0","0","0","0","0","0","0","","0","0","0","","","0","","2","","40 19:06.704","","0","79 55:18.071","0","0","0","0","2440","0","0","0","N","0","0","0","1","02440","0","","5.0","","1","N","N","N","0","","0","0","0","0","0","","","1","0","0","0","0","0","0","2","0","1","","","","N","","","","","","","","","",""
"2022069000","1844","1","0","0","0","0","0","0","0","0","1","0","","02","7","2022","4","40.467611","-79.960917","1835","11","0","0","0","0","0","0","0","0","","0","0","0","","","0","N","2","","40 28:03.400","","0","79 57:39.300","0","0","0","0","2301","0","0","0","N","0","0","0","2","02301","0","","1.0","","1","N","N","N","0","","0","0","1","0","0","","","2","0","0","0","0","0","0","2","0","2","","03","","N","","","","","","","","","",""
"2022062471","2229","0","0","0","0","0","0","0","0","0","1","0","","02","7","2022","4","40.497806","-80.068","2228","11","0","0","0","0","0","0","0","0","","0","0","0","","","0","N","0","","40 29:52.100","5","0","80 04:04.800","0","0","0","0","2402","0","0","0","N","0","0","0","1","02402","0","","1.0","2306.0","1","N","N","N","0","","0","0","2","0","0","Y","","2","0","0","0","0","0","0","2","0","2","","03","","N","","","","","","","","","",""
"2022063704","1429","0","0","0","0","0","0","0","0","0","0","0","","02","7","2022","2","40.581961","-79.863059","1422","11","0","0","0","0","0","0","0","0","","0","0","0","","","0","N","0","","40 34:55.061","","7","79 51:47.011","0","0","0","0","2209","0","0","0","N","0","0","0","1","02209","0","","4.0","","1","N","N","N","0","","0","0","1","0","0","","","1","0","0","0","0","0","0","1","0","1","","04","","N","","","","","","","","","",""
"2022109909","1909","0","0","0","0","0","0","0","0","0","8","0","","02","11","2022","2","40.498417","-79.789897","1909","11","0","0","0","0","0","1","0","0","","0","0","0","","","1","N","0","","40 29:54.301","","7","79 47:23.629","3","0","0","0","2113","1","0","0","N","1","0","0","2","02113","0","","6.0","","1","N","N","N","0","","1","0","1","0","0","","","2","1","0","0","0","0","0","2","0","1","","03","","N","","","","","","","","","",""
"2022084242","0730","1","0","0","0","0","0","0","0","0","7","0","","02","7","2022","1","40.651489","-80.093936","0700","11","0","0","0","0","0","1","0","0","","0","0","0","","","0","N","0","","40 39:05.359","","0","80 05:38.170","0","0","0","0","2212","0","0","0","Y","0","0","0","1","68B03","0","","4.0","","98","N","N","N","0","","0","0","0","0","0","","","1","0","0","0","0","0","0","2","0","1","","04","","N","","","","","","","","","",""
"2022070671","1514","0","0","0","0","0","0","0","0","0","6","0","","02","8","2022","3","40.398304","-80.187222","1504","11","0","0","0","0","0","0","0","0","","0","0","0","","","0","N","2","","40 23:53.893","4","0","80 11:13.998","0","0","0","0","2450","0","0","0","N","0","0","0","2","02214","0","","1.0","1610.0","9","N","N","N","1","","0","0","1","0","0","N","","2","0","0","0","0","0","0","2","0","2","","04","","N","","","","","","","","","",""