"CRN","ARRIVAL_TM","AUTOMOBILE_COUNT","BELTED_DEATH_COUNT","BELTED_SUSP_SERIOUS_INJ_COUNT","BICYCLE_COUNT","BICYCLE_DEATH_COUNT","BICYCLE_SUSP_SERIOUS_INJ_COUNT","BUS_COUNT","CHLDPAS_DEATH_COUNT","CHLDPAS_SUSP_SERIOUS_INJ_COUNT","COLLISION_TYPE","COMM_VEH_COUNT","CONS_ZONE_SPD_LIM","COUNTY","CRASH_MONTH","CRASH_YEAR","DAY_OF_WEEK","DEC_LATITUDE","DEC_LONGITUDE","DISPATCH_TM","DISTRICT","DRIVER_COUNT_16YR","DRIVER_COUNT_17YR","DRIVER_COUNT_18YR","DRIVER_COUNT_19YR","DRIVER_COUNT_20YR","DRIVER_COUNT_50_64YR","DRIVER_COUNT_65_74YR","DRIVER_COUNT_75PLUS","EST_HRS_CLOSED","FATAL_COUNT","HEAVY_TRUCK_COUNT","HORSE_BUGGY_COUNT","HOUR_OF_DAY","ILLUMINATION","INJURY_COUNT","INTERSECTION_RELATED","INTERSECT_TYPE","LANE_CLOSED","LATITUDE","LN_CLOSE_DIR","LOCATION_TYPE","LONGITUDE","MAX_SEVERITY_LEVEL","MCYCLE_DEATH_COUNT","MCYCLE_SUSP_SERIOUS_INJ_COUNT","MOTORCYCLE_COUNT","MUNICIPALITY","NONMOTR_COUNT","NONMOTR_DEATH_COUNT","NONMOTR_SUSP_SERIOUS_INJ_COUNT","NTFY_HIWY_MAINT","PED_COUNT","PED_DEATH_COUNT","PED_SUSP_SERIOUS_INJ_COUNT","PERSON_COUNT","POLICE_AGCY","POSSIBLE_INJ_COUNT","RDWY_SURF_TYPE_CD","RELATION_TO_ROAD","ROADWAY_CLEARED","ROAD_CONDITION","SCH_BUS_IND","SCH_ZONE_IND","SECONDARY_CRASH","SMALL_TRUCK_COUNT","SPEC_JURIS_CD","SUSP_MINOR_INJ_COUNT","SUSP_SERIOUS_INJ_COUNT","SUV_COUNT","TCD_FUNC_CD","TCD_TYPE","TFC_DETOUR_IND","TIME_OF_DAY","TOTAL_UNITS","TOT_INJ_COUNT","UNBELTED_OCC_COUNT","UNB_DEATH_COUNT","UNB_SUSP_SERIOUS_INJ_COUNT","UNK_INJ_DEG_COUNT","UNK_INJ_PER_COUNT","URBAN_RURAL","VAN_COUNT","VEHICLE_COUNT","WEATHER1","WEATHER2","WORKERS_PRES","WORK_ZONE_IND","WORK_ZONE_LOC","WORK_ZONE_TYPE","WZ_CLOSE_DETOUR","WZ_FLAGGER","WZ_LAW_OFFCR_IND","WZ_LN_CLOSURE","WZ_MOVING","WZ_OTHER","WZ_SHLDER_MDN","WZ_WORKERS_INJ_KILLED"
"2022061602","1515","1","0","0","0","0","0","0","0","0","1","0","","02","7","2022","3","40.443528","-79.994028","1515","11","0","0","0","0","0","2","0","0","","0","0","0","","","1","N","0","","40 26:36.700","1","0","79 59:38.500","4","0","0","0","2301","0","0","0","N","0","0","0","2","02301","1","","1.0","1545.0","1","N","N","N","1","","0","0","0","3","2","N","","2","1","0","0","0","0","0","2","0","2","","","","N","","","","","","","","","",""
"2022100439","0314","0","0","0","0","0","0","0","0","0","7","0","","02","10","2022","6","40.346621","-79.849366","0314","11","0","0","0","0","0","0","0","0","","0","0","0","","","0","N","0","","40 20:47.836","","0","79 50:57.719","0","0","0","0","2304","0","0","0","N","0","0","0","1","02304","0","","5.0","","1","N","N","N","1","","0","0","0","0","0","N","","1","0","0","0","0","0","0","2","0","1","","03","","N","","","","","","","","","",""
"2022062439","2305","0","0","0","0","0","0","0","0","0","0","0","","02","7","2022","1","40.309868","-79.937184","2301","11","0","0","0","0","0","0","0","0","","0","0","0","","","0","N","0","","40 18:35.524","","7","79 56:13.864","0","0","0","0","2440","0","0","0","N","0","0","0","3","02440","0","","1.0","","1","N","N","N","0","","0","0","1","0","0","","","1","0","0","0","0","0","0","2","0","1","","","","N","","","","","","","","","",""
"2022100831","1259","1","0","0","0","0","0","0","0","0","7","0","","02","10","2022","3","40.550205","-80.019735","1259","11","0","0","0","0","0","0","0","1","","0","0","0","","","1","N","0","","40 33:00.738","","7","80 01:11.046","3","0","0","0","2116","0","0","0","N","0","0","0","1","02116","0","","5.0","","1","","","N","0","","1","0","0","0","0","","","1","1","0","0","0","0","0","2","0","1","","","","N","","","","","","","","","",""
"2022061199","1725","2","0","0","0","0","0","0","0","0","1","0","","02","7","2022","7","40.482639","-79.918306","1706","11","0","0","0","0","0","0","0","0","","0","0","0","","","1","N","0","","40 28:57.500","","0","79 55:05.900","8","0","0","0","2301","0","0","0","N","0","0","0","1","02301","0","","1.0","","1","N","N","N","0","","0","0","0","0","0","N","","2","1","0","0","0","1","0","2","0","2","","03","","N","","","","","","","","","",""
"2022108297","0650","0","0","0","0","0","0","1","0","0","1","1","","02","11","2022","5","40.434073","-80.002615","0650","11","0","0","0","0","0","4","0","0","","0","0","0","","","2","N","0","","40 26:02.662","","3","80 00:09.415","3","0","0","0","2301","0","0","0","N","0","0","0","4","02503","0","","1.0","","2","Y","N","N","0","","2","0","3","0","0","","","4","2","0","0","0","0","0","2","0","4","","09","","N","","","","","","","","","",""
"2022070077","0219","1","0","0","0","0","0","0","0","0","7","0","","02","7","2022","6","40.542835","-79.727171","0215","11","0","0","0","1","0","0","0","0","","0","0","0","","","0","N","0","","40 32:34.207","4","0","79 43:37.814","0","0","0","0","2466","0","0","0","N","0","0","0","1","02466","0","","5.0","258.0","1","N","N","N","0","","0","0","0","0","0","N","","1","0","0","0","0","0","0","1","0","1","","","","N","","","","","","","","","",""
"2022071941","0757","2","0","0","0","0","0","0","0","0","4","0","","02","8","2022","5","40.467361","-80.087306","0752","11","0","0","0","0","0","0","0","1","","0","0","0","","","3","N","0","","40 28:02.500","5","0","80 05:14.300","3","0","0","0","2126","0","0","0","N","0","0","0","3","02126","1","","1.0","842.0","1","N","N","N","0","","2","0","0","0","0","Y","","2","3","0","0","0","0","0","2","0","2","","03","","N","","","","","","","","","",""
"2022069796","1445","2","0","0","0","0","0","0","0","0","6","0","","02","7","2022","7","40.427121","-79.90711","1433","11","0","0","0","0","0","1","0","0","","0","0","0","","","0","N","0","","40 25:37.637","4","0","79 54:25.595","0","0","0","0","2301","0","0","0","N","0","0","0","3","02301","0","","1.0","1548.0","1","N","N","N","0","","0","0","0","0","0","N","","2","0","0","0","0","0","0","2","0","2","","03","","N","","","","","","","","","",""
"2022061466","2159","3","0","0","0","0","0","0","0","0","1","0","","02","7","2022","2","40.430841","-79.998063","2155","11","0","0","0","0","0","0","0","0","","0","0","0","","","0","N","0","","40 25:51.028","1","3","79 59:53.026","0","0","0","0","2301","0","0","0","N","0","0","0","4","02301","0","","1.0","2215.0","1","N","N","N","0","","0","0","0","0","0","N","","4","0","0","0","0","0","0","2","0","3","","03","","N","","","","","","","","","",""
"2022095240","1451","0","0","0","0","0","0","0","0","0","1","0","","02","10","2022","6","40.659395","-80.048154","1444","11","0","0","0","0","0","2","0","0","","0","0","0","","","0","N","2","","40 39:33.821","3","0","80 02:53.355","0","0","0","0","2216","0","0","0","N","0","0","0","8","02505","0","","1.0","1557.0","1","Y","N","N","0","","0","0","1","0","0","N","","2","0","0","0","0","0","0","2","1","2","","","","N","","","","","","","","","",""
"2022064297","0125","0","0","0","0","0","0","0","0","0","7","0","","02","7","2022","7","40.335861","-80.003306","0119","11","0","0","0","0","0","0","0","0","","0","0","0","","","1","N","0","","40 20:09.100","","0","80 00:11.900","3","0","0","0","2407","0","0","0","N","0","0","0","2","02407","0","","5.0","","1","N","N","N","0","","1","0","1","0","0","","","1","1","2","0","0","0","0","2","0","1","","03","","N","","","","","","","","","",""
"2022070071","2127","1","0","0","0","0","0","0","0","0","5","0","","02","7","2022","1","40.451469","-79.972667","2125","11","0","0","0","0","0","0","0","0","","0","0","0","","","0","N","0","","40 27:05.290","","0","79 58:21.600","9","0","0","0","2301","0","0","0","N","0","0","0","3","02301","0","","1.0","","1","N","N","N","0","","0","0","2","0","0","","","3","0","0","0","0","0","1","2","0","3","","03","","N","","","","","","","","","",""
"2022100854","0939","0","0","0","0","0","0","0","0","0","6","1","","02","10","2022","5","40.358611","-80.104028","0937","11","0","0","0","0","0","2","0","1","","0","1","0","","","0","N","0","","40 21:31.000","","0","80 06:14.500","0","0","0","0","2414","0","0","0","N","0","0","0","3","02414","0","","1.0","","1","N","N","N","0","","0","0","2","0","0","","","3","0","0","0","0","0","0","2","0","3","","03","","N","","","","","","","","","",""
"2022101091","0735","1","0","0","0","0","0","0","0","0","4","1","","02","10","2022","2","40.451215","-79.925799","0729","11","0","0","0","0","0","0","0","0","","0","1","0","","","0","N","2","","40 27:04.374","","0","79 55:32.876","0","0","0","0","2301","0","0","0","N","0","0","0","2","02301","0","","1.0","","9","N","N","N","0","","0","0","0","3","3","","","2","0","1","0","0","0","0","2","0","2","","07","","N","","","","","","","","","",""
"2022067530","1328","2","0","0","0","0","0","0","0","0","2","0","","02","7","2022","7","40.346556","-79.854722","1325","11","0","0","0","0","0","0","0","0","","0","0","0","","","0","N","1","","40 20:47.600","","0","79 51:17.000","0","0","0","0","2304","0","0","0","N","0","0","0","2","02304","0","","1.0","","1","N","N","N","0","","0","0","0","3","2","","","2","0","1","0","0","0","0","2","0","2","","","","N","","","","","","","","","",""
"2022098932","1036","2","0","0","0","0","0","0","0","0","4","0","","02","10","2022","3","40.492062","-80.109936","1034","11","0","0","0","0","1","0","0","0","","0","0","0","","","1","N","0","","40 29:31.424","","7","80 06:35.769","8","0","0","0","2126","0","0","0","N","0","0","0","2","02126","0","","1.0","","1","N","N","N","0","","0","0","0","0","0","","","2","1","0","0","0","1","0","2","0","2","","","","N","","","","","","","","","",""
"2022105684","1811","1","0","0","0","0","0","0","0","0","2","0","","02","11","2022","6","40.583925","-79.881773","1807","11","0","1","0","0","0","0","1","0","","0","0","0","","","3","N","1","","40 35:02.131","","0","79 52:54.381","3","0","0","0","2209","0","0","0","N","0","0","0","4","02209","0","","4.0","","9","N","N","N","1","","3","0","0","3","2","","","2","3","0","0","0","0","0","2","0","2","","","","N","","","","","","","","","",""
"2022107966","1834","1","0","0","0","0","0","0","0","0","98","0","","02","11","2022","4","40.317208","-79.940419","1830","11","0","0","0","0","0","1","0","0","","0","0","0","","","0","N","0","","40 19:01.947","","0","79 56:25.510","0","0","0","0","2454","0","0","0","N","0","0","0","5","02454","0","","1.0","","1","N","N","N","0","","0","0","2","0","0","","","3","0","0","0","0","0","0","2","0","3","","03","","N","","","","","","","","","",""
"2022072338","2106","1","0","0","0","0","0","0","0","0","5","0","","02","7","2022","5","40.337882","-80.045899","2105","11","0","0","0","0","0","0","0","0","","0","0","0","","","0","N","0","","40 20:16.375","","0","80 02:45.238","0","0","0","0","2407","0","0","0","N","0","0","0","1","02407","0","","1.0","","1","N","N","N","0","","0","0","1","0","0","","","2","0","0","0","0","0","0","2","0","2","","03","","N","","","","","","","","","",""
"2022107083","1521","0","0","0","0","0","0","0","0","0","4","0","","02","11","2022","7","40.354831","-79.840821","1519","11","1","0","0","0","1","0","0","0","","0","0","0","","","0","N","2","","40 21:17.391","7","99","79 50:26.956","0","0","0","0","2304","0","0","0","N","0","0","0","2","02304","0","","1.0","1614.0","9","N","N","N","0","","0","0","2","0","0","Y","","2","0","0","0","0","0","0","2","0","2","","","","N","","","","","","","","","",""
"2022097887","1115","1","0","0","0","0","0","0","0","0","4","0","","02","10","2022","6","40.629483","-80.056636","1113","11","0","0","0","0","0","1","0","0","","0","0","0","","","0","","1","","40 37:46.137","1","0","80 03:23.888","0","0","0","0","2216","0","0","0","N","0","0","0","3","02505","0","","1.0","1140.0","1","N","N","N","0","","0","0","1","3","2","N","","2","0","0","0","0","0","0","1","0","2","","","","N","","","","","","","","","",""
"2022065340","0546","0","0","0","0","0","0","0","0","0","1","0","","02","7","2022","4","40.463694","-79.705451","0537","11","0","0","0","0","0","1","0","0","","0","0","0","","","1","","1","","40 27:49.297","","0","79 42:19.625","3","0","0","0","2466","0","0","0","N","0","0","0","2","02466","0","","1.0","","1","N","N","N","0","","1","0","2","3","2","","","2","1","0","0","0","0","0","2","0","2","","03","","N","","","","","","","","","",""
"2022102764","1409","0","0","0","0","0","0","0","0","0","7","0","","02","10","2022","2","40.579221","-80.153827","1409","11","0","0","0","0","0","1","0","0","","0","0","0","","","0","N","0","","40 34:45.194","","0","80 09:13.777","0","0","0","0","2459","0","0","0","N","0","0","0","1","02459","0","","2.0","","9","N","N","N","0","","0","0","1","0","0","","","1","0","0","0","0","0","0","1","0","1","","","","N","","","","","","","","","",""
"2022107266","1721","1","0","0","0","0","0","0","0","0","5","1","","02","11","2022","2","40.343244","-80.060641","1719","11","0","0","0","0","0","1","0","0","","0","1","0","","","0","N","0","","40 20:35.678","2","0","80 03:38.309","0","0","0","0","2123","0","0","0","N","0","0","0","2","02123","0","","1.0","1946.0","1","N","N","N","0","","0","0","0","0","0","N","","2","0","0","0","0","0","0","2","0","2","","","","N","","","","","","","","","",""
"2022067526","1130","1","0","0","0","0","0","0","0","0","8","0","","02","7","2022","7","40.4555","-80.006644","1130","11","0","0","0","0","0","0","1","0","","0","0","0","","","1","","1","","40 27:19.801","","0","80 00:23.920","8","0","0","0","2301","1","0","0","N","1","0","0","2","02301","0","","1.0","","1","N","N","N","0","","0","0","0","3","2","","","2","1","0","0","0","1","0","2","0","1","","03","","N","","","","","","","","","",""
"2022069558","1859","1","0","0","0","0","0","0","0","0","8","0","","02","6","2022","5","40.457306","-79.934028","1859","11","0","0","0","0","0","0","0","0","","0","0","0","","","1","","1","","40 27:26.300","4","0","79 56:02.500","2","0","0","0","2301","1","0","1","N","1","0","1","2","02301","0","","1.0","1925.0","1","N","N","Y","0","","0","1","0","3","2","Y","","2","1","0","0","0","0","1","2","0","1","","03","","N","","","","","","","","","",""
"2022060268","1906","1","0","0","0","0","0","0","0","0","8","0","","02","6","2022","4","40.408757","-79.991137","1900","11","0","0","0","0","0","1","0","0","","0","0","0","","","1","","2","","40 24:31.525","","0","79 59:28.093","8","0","0","0","2301","1","0","0","N","1","0","0","2","02301","0","","1.0","","1","N","N","N","0","","0","0","0","3","2","","","2","1","0","0","0","1","0","2","0","1","","03","","N","","","","","","","","","",""
"2022101140","0924","0","0","0","0","0","0","0","0","0","7","0","","02","10","2022","2","40.462175","-79.80427","0924","11","0","0","0","0","0","0","0","0","","0","0","0","","","0","N","0","","40 27:43.829","","0","79 48:15.371","9","0","0","0","2113","0","0","0","N","0","0","0","1","02113","0","","2.0","","99","N","N","N","1","","0","0","0","0","0","","","1","0","0","0","0","0","1","2","0","1","","98","","N","","","","","","","","","",""
"2022070679","1514","1","0","0","0","0","0","0","0","0","4","0","","02","8","2022","3","40.462356","-80.008819","1514","11","0","0","0","0","0","0","0","0","","0","0","0","","","1","","1","","40 27:44.480","2","0","80 00:31.748","4","0","0","0","2301","0","0","0","N","0","0","0","6","02301","1","","1.0","1625.0","9","N","N","N","1","","0","0","0","0","0","N","","2","1","0","0","0","0","1","2","0","2","","07","","N","","","","","","","","","",""
"2022099336","1230","2","0","0","0","0","0","0","0","0","4","0","","02","10","2022","6","40.387641","-80.090992","1227","11","0","0","0","0","0","2","0","0","","0","0","0","","","2","N","1","","40 23:15.509","5","0","80 05:27.572","8","0","0","0","2437","0","0","0","N","0","0","0","2","02437","0","","1.0","1300.0","1","N","N","N","0","","0","0","0","3","2","N","","2","2","0","0","0","2","0","2","0","2","","","","N","","","","","","","","","",""
"2022063117","0719","3","0","0","0","0","0","0","0","0","4","0","","02","7","2022","5","40.475167","-79.936","0656","11","0","0","0","0","0","0","0","0","","0","0","0","","","0","N","0","","40 28:30.600","","0","79 56:09.600","0","0","0","0","2301","0","0","0","N","0","0","0","2","02301","0","","5.0","","1","N","N","N","0","","0","0","0","0","0","N","","3","0","0","0","0","0","0","2","0","3","","03","","N","","","","","","","","","",""
"2022071077","1914","1","0","0","0","0","0","0","0","0","2","0","","02","8","2022","4","40.449027","-79.951897","1907","11","0","0","0","0","0","0","0","0","","0","0","0","","","1","N","1","","40 26:56.497","2","0","79 57:06.829","3","0","0","0","2301","0","0","0","N","0","0","0","3","02301","0","","1.0","1945.0","1","N","N","N","0","","1","0","1","3","3","Y","","2","1","0","0","0","0","0","2","0","2","","03","","N","","","","","","","","","",""
"2022068914","2113","1","0","0","0","0","0","0","0","0","1","0","","02","7","2022","3","40.445586","-79.855371","2111","11","0","0","0","0","0","0","0","0","","0","0","0","","","0","","2","","40 26:44.109","","2","79 51:19.336","0","0","0","0","2419","0","0","0","N","0","0","0","2","02419","0","","1.0","","1","N","N","N","1","","0","0","0","0","0","","","2","0","0","0","0","0","0","2","0","2","","03","","N","","","","","","","","","",""
"2022070764","1524","2","0","0","0","0","0","0","0","0","7","0","","02","8","2022","3","40.488334","-79.955019","1519","11","0","0","0","0","0","0","0","0","","0","0","0","","","0","N","0","","40 29:18.004","1","0","79 57:18.070","0","0","0","0","2118","0","0","0","N","0","0","0","3","02118","0","","1.0","1618.0","9","N","N","N","0","","0","0","1","0","0","N","","3","0","0","0","0","0","0","2","0","3","","","","N","","","","","","","","","",""
"2022064436","2028","0","0","0","0","0","0","0","0","0","4","0","","02","7","2022","3","40.451502","-79.908158","2027","11","0","0","0","0","0","0","0","0","","0","0","0","","","1","N","1","","40 27:05.406","","0","79 54:29.369","3","0","0","0","2301","0","0","0","N","0","0","0","2","02301","0","","1.0","","1","N","N","N","1","","1","0","1","3","2","","","2","1","0","0","0","0","0","2","0","2","","","","N","","","","","","","","","",""
"2022068786","1440","1","0","0","0","0","0","0","0","0","4","0","","02","7","2022","4","40.470534","-79.887636","1434","11","0","0","1","0","0","1","0","0","","0","0","0","","","0","","2","","40 28:13.922","","0","79 53:15.489","0","0","0","0","2113","0","0","0","N","0","0","0","3","02113","0","","1.0","","1","N","N","N","0","","0","0","0","0","0","","","2","0","0","0","0","0","0","2","1","2","","03","","N","","","","","","","","","",""
"2022107672","2012","1","0","0","0","0","0","0","0","0","0","0","","02","11","2022","6","40.563623","-79.799776","1950","11","0","0","0","0","0","0","0","0","","0","0","0","","","1","N","0","","40 33:49.043","","0","79 47:59.194","3","0","0","0","2206","0","0","0","N","0","0","0","1","68D02","0","","4.0","","9","N","N","N","0","","1","0","0","0","0","","","1","1","0","0","0","0","0","2","0","1","","07","","N","","","","","","","","","",""
"2022101589","0838","0","0","0","0","0","0","0","0","0","98","0","","02","10","2022","2","40.484355","-79.774018","0830","11","0","0","1","0","0","0","0","0","","0","0","0","","","0","N","0","","40 29:03.677","","0","79 46:26.465","0","0","0","0","2466","0","0","0","N","0","0","0","1","68T02","0","","1.0","","9","N","N","N","0","","0","0","1","0","0","","","1","0","0","0","0","0","0","2","0","1","","","","N","","","","","","","","","",""
"2022061719","2304","0","0","0","0","0","0","0","0","0","7","0","","02","7","2022","3","40.369639","-79.874528","2259","11","0","0","0","0","0","0","0","0","","0","0","0","","","0","N","0","","40 22:10.700","","6","79 52:28.300","0","0","0","0","2473","0","0","0","N","0","0","0","2","02473","0","","2.0","","1","N","N","N","0","","0","0","1","3","6","","","1","0","0","0","0","0","0","2","0","1","","","","N","","","","","","","","","",""
"2022061182","0109","0","0","0","0","0","0","0","0","0","7","0","","02","7","2022","7","40.461091","-79.866318","0109","11","0","0","0","0","0","0","0","0","","0","0","0","","","0","","1","","40 27:39.926","","0","79 51:58.745","0","0","0","0","2113","0","0","0","N","0","0","0","0","02113","0","","5.0","","1","N","N","N","0","","0","0","1","3","2","","","1","0","0","0","0","0","0","2","0","1","","","","N","","","","","","","","","",""
"2022068043","1822","2","0","0","0","0","0","0","0","0","0","0","","02","7","2022","1","40.363329","-79.868524","1818","11","0","0","0","0","0","2","0","0","","0","0","0","","","0","N","0","","40 21:47.985","3","0","79 52:06.685","0","0","0","0","2473","0","0","0","N","0","0","0","3","02473","0","","1.0","1900.0","1","N","N","N","0","","0","0","1","0","0","N","","3","0","0","0","0","0","0","2","0","3","","03","","N","","","","","","","","","",""
"2022063914","0422","2","0","0","0","0","0","0","0","0","1","0","","02","7","2022","7","40.494504","-79.920998","0422","11","0","0","0","0","0","1","0","0","","0","0","0","","","0","N","0","","40 29:40.215","5","0","79 55:15.591","0","0","0","0","2461","0","0","0","N","0","0","0","1","02461","0","","6.0","100.0","1","N","N","N","0","","0","0","1","0","0","N","","4","0","0","0","0","0","0","2","1","4","","","","N","","","","","","","","","",""
"2022061601","1631","2","0","0","0","0","0","0","0","0","1","0","","02","7","2022","3","40.429761","-80.024902","1621","11","0","0","0","1","0","0","1","0","","0","0","0","","","1","N","7","","40 25:47.141","","8","80 01:29.646","3","0","0","0","2301","0","0","0","N","0","0","0","3","02301","0","","1.0","","1","N","N","Y","1","","1","0","0","0","0","","","3","1","0","0","0","0","0","2","0","3","","03","","N","","","","","","","","","",""
"2022060544","0710","2","0","0","0","0","0","0","0","0","4","0","","02","6","2022","5","40.361806","-80.098889","0706","11","0","0","0","0","0","0","0","0","","0","0","0","","","0","Y","0","","40 21:42.500","","0","80 05:56.000","0","0","0","0","2414","0","0","0","N","0","0","0","2","02414","0","","1.0","","1","N","N","N","0","","0","0","0","0","0","","","2","0","0","0","0","0","0","2","0","2","","","","N","","","","","","","","","",""
"2022107383","0025","1","0","0","0","0","0","0","0","0","4","0","","02","10","2022","3","40.613167","-79.964763","0012","11","0","0","0","0","0","0","0","0","","1","0","0","","","1","N","0","","40 36:47.402","4","0","79 57:53.147","1","0","0","0","2207","0","0","0","N","0","0","0","4","68T02","0","2","1.0","430.0","1","N","N","Y","0","0","1","0","1","0","0","Y","","2","1","0","0","0","0","0","2","0","2","","","","N","","","","","","","","","",""
"2022103923","0742","0","0","0","0","0","0","0","0","0","1","1","","02","11","2022","3","40.413726","-80.10504","0733","11","0","0","0","0","0","1","0","0","","0","1","0","","","1","N","0","","40 24:49.414","","0","80 06:18.145","3","0","0","0","2115","0","0","0","N","0","0","0","3","68B03","0","","1.0","","9","N","N","N","0","","1","0","2","0","0","","","3","1","0","0","0","0","0","2","0","3","","","","N","","","","","","","","","",""
"2022100694","2100","2","0","0","0","0","0","0","0","0","2","0","","02","10","2022","7","40.454888","-80.028916","2055","11","0","0","0","0","0","0","0","0","","0","0","0","","","0","","1","","40 27:17.596","","0","80 01:44.097","0","0","0","0","2301","0","0","0","N","0","0","0","2","02301","0","","1.0","","1","N","N","N","0","","0","0","0","3","2","","","2","0","0","0","0","0","0","2","0","2","","03","","N","","","","","","","","","",""
"2022061341","0036","2","0","0","0","0","0","0","0","0","5","0","","02","7","2022","2","40.426139","-79.981861","0035","11","0","0","0","0","0","0","0","0","","0","0","0","","","0","N","0","","40 25:34.100","4","0","79 58:54.700","9","0","0","0","2301","0","0","0","N","0","0","0","1","02301","0","","1.0","145.0","1","N","N","N","0","","0","0","3","0","0","Y","","5","0","0","0","0","0","1","2","0","5","","03","","N","","","","","","","","","",""
"2022098197","0153","3","0","0","0","0","0","0","0","0","4","0","","02","10","2022","1","40.424012","-79.880777","0150","11","0","0","0","0","0","0","0","0","","0","0","0","","","0","N","0","","40 25:26.442","6","0","79 52:50.798","9","0","0","0","2463","0","0","0","N","0","0","0","2","02463","0","","1.0","312.0","1","N","N","Y","1","","0","0","0","0","0","N","","4","0","0","0","0","0","2","2","0","4","","03","","N","","","","","","","","","",""
"2022069868","0020","1","0","0","0","0","0","0","0","0","99","0","","02","7","2022","1","40.435866","-79.961351","0014","11","0","0","0","0","0","0","0","0","","0","0","0","","","0","","1","","40 26:09.117","2","0","79 57:40.865","0","0","0","0","2301","0","0","0","N","0","0","0","0","02301","0","","9.0","49.0","1","N","N","N","0","","0","0","0","0","0","N","","1","0","0","0","0","0","0","2","0","1","","","","N","","","","","","","","","",""
"2022069213","1614","1","0","0","0","0","0","0","0","0","1","0","","02","7","2022","5","40.330224","-79.93716","1605","11","0","0","1","0","0","0","0","0","","0","0","0","","","0","N","0","","40 19:48.807","","0","79 56:13.777","0","0","0","0","2440","0","0","0","N","0","0","0","2","02440","0","","1.0","","1","N","N","N","0","","0","0","1","0","0","","","2","0","0","0","0","0","0","2","0","2","","03","","N","","","","","","","","","",""
"2022061998","0139","1","0","0","0","0","0","0","0","0","7","0","","02","7","2022","4","40.441283","-79.993078","0135","11","0","0","0","0","0","0","0","0","","0","0","0","","","0","N","0","","40 26:28.620","2","2","79 59:35.079","0","0","0","0","2301","0","0","0","N","0","0","0","1","02301","0","","2.0","139.0","1","N","N","N","0","","0","0","0","0","0","Y","","1","0","0","0","0","0","0","2","0","1","","","","N","","","","","","","","","",""
"2022110765","0753","0","0","0","0","0","0","0","0","0","7","0","","02","11","2022","5","40.559231","-80.17865","0747","11","1","0","0","0","0","0","0","0","","0","0","0","","","1","N","0","","40 33:33.230","4","0","80 10:43.140","3","0","0","0","2459","0","0","0","N","0","0","0","1","02459","0","","4.0","850.0","1","N","N","N","0","","1","0","1","0","0","N","","1","1","0","0","0","0","0","1","0","1","","","","N","","","","","","","","","",""
"2022060132","1106","1","0","0","0","0","0","0","0","0","4","0","","02","6","2022","4","40.449861","-79.929667","1058","11","0","0","0","0","0","0","0","0","","0","0","0","","","2","","1","","40 26:59.500","3","0","79 55:46.800","3","0","0","0","2301","0","0","0","N","0","0","0","2","02301","0","","1.0","1145.0","1","N","N","N","0","","2","0","0","3","2","N","","2","2","0","0","0","0","0","2","1","2","","","","N","","","","","","","","","",""
"2022062070","1754","1","0","0","0","0","0","0","0","0","4","0","","02","7","2022","1","40.366111","-79.85775","1753","11","0","0","1","0","0","0","0","0","","0","0","0","","","0","","1","","40 21:58.000","","0","79 51:27.900","0","0","0","0","2303","0","0","0","N","0","0","0","8","02303","0","","1.0","","1","N","N","N","1","","0","0","0","3","3","","","2","0","6","0","0","0","0","2","0","2","","","","N","","","","","","","","","",""
"2022071248","1401","1","0","0","0","0","0","0","0","0","1","0","","02","8","2022","4","40.460583","-79.917472","1401","11","0","0","0","0","0","1","0","0","","0","0","0","","","2","N","0","","40 27:38.100","","0","79 55:02.900","3","0","0","0","2301","0","0","0","N","0","0","0","2","02301","0","","1.0","","1","N","N","N","0","","2","0","0","0","0","","","2","2","0","0","0","0","0","2","1","2","","03","","N","","","","","","","","","",""
"2022095334","1014","0","0","0","0","0","0","1","0","0","1","1","","02","10","2022","6","40.505199","-80.008828","1009","11","0","0","0","0","0","0","0","0","","0","0","0","","","1","N","0","","40 30:18.718","2","0","80 00:31.781","3","0","0","0","2116","0","0","0","N","0","0","0","2","02116","0","","1.0","1040.0","1","N","N","N","0","","1","0","1","0","0","N","","2","1","0","0","0","0","0","2","0","2","","03","","N","","","","","","","","","",""
"2022063109","0645","1","0","0","0","0","0","0","0","0","4","0","","02","6","2022","5","40.372984","-80.099265","0640","11","0","0","0","0","0","0","0","0","","0","0","0","","","0","","2","","40 22:22.744","2","2","80 05:57.354","0","0","0","0","2102","0","0","0","N","0","0","0","2","02102","0","","1.0","730.0","1","N","N","N","0","","0","0","1","3","2","N","","2","0","0","0","0","0","0","2","0","2","","03","","N","","","","","","","","","",""
"2022101191","1446","1","0","0","0","0","0","0","0","0","5","1","","02","10","2022","2","40.436172","-79.978376","1441","11","0","0","0","0","0","1","1","0","","0","1","0","","","0","N","2","","40 26:10.220","","0","79 58:42.153","0","0","0","0","2301","0","0","0","N","0","0","0","2","02301","0","","1.0","","9","N","N","N","0","","0","0","0","3","3","N","","2","0","0","0","0","0","0","2","0","2","","","","N","","","","","","","","","",""
"2022069798","1758","0","0","0","0","0","0","0","0","0","4","0","","02","7","2022","6","40.578069","-79.953674","1755","11","0","1","0","0","0","0","0","0","","0","0","0","","","0","N","2","","40 34:41.050","5","0","79 57:13.227","0","0","0","0","2207","0","0","0","N","0","0","0","4","02207","0","","1.0","1830.0","1","N","N","N","1","","0","0","1","2","3","N","","2","0","0","0","0","0","0","2","0","2","","03","","N","","","","","","","","","",""