"CRN","ARRIVAL_TM","AUTOMOBILE_COUNT","BELTED_DEATH_COUNT","BELTED_SUSP_SERIOUS_INJ_COUNT","BICYCLE_COUNT","BICYCLE_DEATH_COUNT","BICYCLE_SUSP_SERIOUS_INJ_COUNT","BUS_COUNT","CHLDPAS_DEATH_COUNT","CHLDPAS_SUSP_SERIOUS_INJ_COUNT","COLLISION_TYPE","COMM_VEH_COUNT","CONS_ZONE_SPD_LIM","COUNTY","CRASH_MONTH","CRASH_YEAR","DAY_OF_WEEK","DEC_LATITUDE","DEC_LONGITUDE","DISPATCH_TM","DISTRICT","DRIVER_COUNT_16YR","DRIVER_COUNT_17YR","DRIVER_COUNT_18YR","DRIVER_COUNT_19YR","DRIVER_COUNT_20YR","DRIVER_COUNT_50_64YR","DRIVER_COUNT_65_74YR","DRIVER_COUNT_75PLUS","EST_HRS_CLOSED","FATAL_COUNT","HEAVY_TRUCK_COUNT","HORSE_BUGGY_COUNT","HOUR_OF_DAY","ILLUMINATION","INJURY_COUNT","INTERSECTION_RELATED","INTERSECT_TYPE","LANE_CLOSED","LATITUDE","LN_CLOSE_DIR","LOCATION_TYPE","LONGITUDE","MAX_SEVERITY_LEVEL","MCYCLE_DEATH_COUNT","MCYCLE_SUSP_SERIOUS_INJ_COUNT","MOTORCYCLE_COUNT","MUNICIPALITY","NONMOTR_COUNT","NONMOTR_DEATH_COUNT","NONMOTR_SUSP_SERIOUS_INJ_COUNT","NTFY_HIWY_MAINT","PED_COUNT","PED_DEATH_COUNT","PED_SUSP_SERIOUS_INJ_COUNT","PERSON_COUNT","POLICE_AGCY","POSSIBLE_INJ_COUNT","RDWY_SURF_TYPE_CD","RELATION_TO_ROAD","ROADWAY_CLEARED","ROAD_CONDITION","SCH_BUS_IND","SCH_ZONE_IND","SECONDARY_CRASH","SMALL_TRUCK_COUNT","SPEC_JURIS_CD","SUSP_MINOR_INJ_COUNT","SUSP_SERIOUS_INJ_COUNT","SUV_COUNT","TCD_FUNC_CD","TCD_TYPE","TFC_DETOUR_IND","TIME_OF_DAY","TOTAL_UNITS","TOT_INJ_COUNT","UNBELTED_OCC_COUNT","UNB_DEATH_COUNT","UNB_SUSP_SERIOUS_INJ_COUNT","UNK_INJ_DEG_COUNT","UNK_INJ_PER_COUNT","URBAN_RURAL","VAN_COUNT","VEHICLE_COUNT","WEATHER1","WEATHER2","WORKERS_PRES","WORK_ZONE_IND","WORK_ZONE_LOC","WORK_ZONE_TYPE","WZ_CLOSE_DETOUR","WZ_FLAGGER","WZ_LAW_OFFCR_IND","WZ_LN_CLOSURE","WZ_MOVING","WZ_OTHER","WZ_SHLDER_MDN","WZ_WORKERS_INJ_KILLED"
"2022067761","1734","2","0","0","0","0","0","0","0","0","4","0","","02","7","2022","1","40.447306","-79.944167","1731","11","0","0","0","0","0","0","0","0","","0","0","0","","","0","N","2","","40 26:50.300","","0","79 56:39.000","0","0","0","0","2301","0","0","0","N","0","0","0","3","02301","0","","1.0","","1","N","N","N","0","","0","0","0","","3","","","2","0","0","0","0","0","0","2","0","2","","","","N","","","","","","","","","",""
"2022070865","1444","1","0","0","0","0","0","0","0","0","1","0","","02","8","2022","3","40.383183","-80.04391","1443","11","0","0","0","0","0","1","0","0","","0","0","0","","","0","","1","","40 22:59.458","2","0","80 02:38.075","0","0","0","0","2109","0","0","0","N","0","0","0","2","02109","0","","1.0","1515.0","9","N","N","N","1","","0","0","0","","2","N","","2","0","0","0","0","0","0","2","0","2","","","","N","","","","","","","","","",""
"2022100014","1618","1","0","0","0","0","0","0","0","0","6","0","","02","10","2022","5","40.576612","-79.970584","1612","11","0","0","0","0","0","0","1","0","","0","0","0","","","1","N","0","","40 34:35.803","7","0","79 58:14.102","3","0","0","0","2207","0","0","0","N","0","0","0","4","02207","0","","1.0","1731.0","1","N","N","N","1","","1","0","1","","0","Y","","3","1","0","0","0","0","0","2","0","3","","03","","N","","","","","","","","","",""
"2022109681","0030","0","0","0","0","0","0","0","0","0","7","1","","02","11","2022","2","40.453345","-80.072188","0017","11","0","0","0","0","0","0","0","0","","0","1","0","","","0","N","0","","40 27:12.043","","0","80 04:19.876","0","0","0","0","2301","0","0","0","N","0","0","0","1","02301","0","","2.0","","1","N","N","N","0","","0","0","0","","0","","","1","0","0","0","0","0","0","2","0","1","","03","","N","","","","","","","","","",""
"2022069218","1248","0","0","0","0","0","0","0","0","0","0","0","","02","7","2022","3","40.377578","-80.041358","1248","11","0","0","0","0","0","1","0","0","","0","0","0","","","1","","2","","40 22:39.282","7","0","80 02:28.889","2","0","1","1","2109","0","0","0","N","0","0","0","1","02109","0","","1.0","1330.0","1","N","N","N","0","","0","1","0","","3","N","","1","1","0","0","0","0","0","2","0","1","","03","","N","","","","","","","","","",""
"2022108217","1518","0","0","0","0","0","0","0","0","0","7","1","","02","11","2022","3","40.637212","-79.992659","1509","11","0","0","0","0","0","0","0","0","","0","1","0","","","1","N","0","","40 38:13.962","","0","79 59:33.572","4","0","0","0","2216","0","0","0","N","0","0","0","2","68T02","1","","2.0","","9","N","N","N","0","","0","0","1","","0","","","2","1","0","0","0","0","0","1","0","2","","","","N","","","","","","","","","",""
"2022109044","2252","0","0","0","0","0","0","0","0","0","0","0","","02","11","2022","6","40.492713","-79.81097","2247","11","0","0","0","0","0","0","0","0","","0","0","0","","","0","N","2","","40 29:33.765","3","0","79 48:39.491","0","0","0","0","2113","0","0","0","N","0","0","0","1","02113","0","","4.0","2330.0","1","N","N","N","0","","0","0","1","","0","N","","1","0","0","0","0","0","0","2","0","1","","03","","N","","","","","","","","","",""
"2022108388","1437","2","0","0","0","0","0","0","0","0","1","0","","02","11","2022","3","40.357489","-80.028556","1435","11","0","0","0","0","0","0","0","0","","0","0","0","","","1","N","0","","40 21:26.961","1","0","80 01:42.802","8","0","0","0","2416","0","0","0","N","0","0","0","2","02416","0","","1.0","1505.0","6","N","N","N","0","","0","0","0","","0","N","","2","1","0","0","0","1","0","2","0","2","","","","N","","","","","","","","","",""
"2022106013","0938","0","0","0","0","0","0","0","0","0","7","0","","02","11","2022","7","40.321436","-79.982757","0936","11","0","0","0","0","0","0","0","0","","0","0","0","","","0","N","0","","40 19:17.169","5","0","79 58:57.925","0","0","0","0","2219","0","0","0","N","0","0","0","3","02219","0","","2.0","1109.0","1","N","N","N","0","","0","0","1","","0","Y","","1","0","0","0","0","0","0","2","0","1","","","","N","","","","","","","","","",""
"2022071887","0039","2","0","0","0","0","0","0","0","0","4","0","25","02","8","2022","7","40.355464","-80.11413","0036","11","0","0","0","1","0","0","0","0","","0","0","0","","","0","","1","","40 21:19.669","1","0","80 06:50.868","0","0","0","0","2414","0","0","0","N","0","0","0","3","02414","0","","1.0","115.0","1","N","N","N","0","","0","0","0","","2","Y","","2","0","0","0","0","0","0","2","0","2","","","N","Y","4","1","N","N","N","N","N","N","Y","N"
"2022105865","0250","0","0","0","0","0","0","0","0","0","7","0","","02","11","2022","6","40.445798","-80.244407","0250","11","0","0","0","0","0","1","0","0","","0","0","0","","","0","N","2","","40 26:44.871","","0","80 14:39.864","0","0","0","0","2214","0","0","0","N","0","0","0","1","02214","0","","2.0","","9","N","N","N","0","","0","0","1","","0","","","1","0","0","0","0","0","0","2","0","1","","","","N","","","","","","","","","",""
"2022105937","2000","0","0","0","0","0","0","0","0","0","98","0","","02","11","2022","1","40.476548","-80.007731","1934","11","0","0","0","0","0","0","0","0","","0","0","0","","","0","N","0","","40 28:35.572","","0","80 00:27.831","0","0","0","0","2301","0","0","0","N","0","0","0","1","68B03","0","","1.0","","1","N","N","N","0","","0","0","1","","0","","","1","0","0","0","0","0","0","2","0","1","","","","N","","","","","","","","","",""
"2022054075","1127","0","0","0","0","0","0","0","0","0","5","0","","02","6","2022","6","40.498111","-79.856222","1114","11","0","0","0","0","0","0","0","1","","0","0","0","","","0","N","0","","40 29:53.200","","0","79 51:22.400","0","0","0","0","2112","0","0","0","N","0","0","0","1","02112","0","","1.0","","1","N","N","N","0","","0","0","2","","0","","","2","0","0","0","0","0","0","2","0","2","","","","N","","","","","","","","","",""
"2022067845","0108","1","0","0","0","0","0","0","0","0","7","0","","02","7","2022","2","40.457112","-79.823221","0106","11","0","0","0","0","0","0","0","0","","0","0","0","","","0","N","0","","40 27:25.602","2","0","79 49:23.596","0","0","0","0","2113","0","0","0","N","0","0","0","1","02113","0","","2.0","138.0","1","N","N","N","0","","0","0","0","","0","N","","1","0","0","0","0","0","0","2","0","1","","","","N","","","","","","","","","",""
"2022069058","2203","1","0","0","0","0","0","0","0","0","98","0","","02","7","2022","4","40.375179","-79.898556","2200","11","0","0","0","1","0","0","0","0","","0","0","0","","","0","N","0","","40 22:30.644","","0","79 53:54.803","0","0","0","0","2448","0","0","0","N","0","0","0","2","02448","0","","1.0","","1","N","N","N","0","","0","0","0","","0","","","1","0","0","0","0","0","0","2","0","1","","03","","N","","","","","","","","","",""
"2022069724","2055","0","0","0","1","0","0","0","0","0","8","0","","02","7","2022","6","40.456111","-80.056083","2023","11","0","0","0","0","0","0","0","0","","0","0","0","","","1","","1","","40 27:22.000","2","0","80 03:21.900","3","0","0","0","2301","1","0","0","N","0","0","0","2","02301","0","","1.0","2211.0","1","N","N","N","0","","1","0","1","","0","Y","","2","1","0","0","0","0","0","2","0","1","","","","N","","","","","","","","","",""
"2022104691","1115","1","0","0","0","0","0","0","0","0","6","0","","02","11","2022","4","40.672726","-80.069462","1109","11","0","0","0","0","0","1","0","0","","0","0","0","","","1","N","1","","40 40:21.814","2","0","80 04:10.064","8","0","0","0","2216","0","0","0","N","0","0","0","2","02505","0","","1.0","1200.0","1","N","N","N","1","","0","0","0","","3","Y","","2","1","0","0","0","1","0","2","0","2","","03","","N","","","","","","","","","",""
"2022073660","1436","2","0","0","0","0","0","0","0","0","1","0","","02","8","2022","6","40.477099","-80.048427","1436","11","0","0","0","0","0","0","2","0","","0","0","0","","","1","N","0","","40 28:37.556","2","3","80 02:54.336","3","0","0","0","2444","0","0","0","N","0","0","0","3","02444","0","","1.0","1511.0","1","N","N","N","0","","1","0","0","","0","N","","3","1","0","0","0","0","0","2","1","3","","","","N","","","","","","","","","",""
"2022071103","2358","2","0","0","0","0","0","0","0","0","2","0","","02","7","2022","5","40.421271","-79.993735","2358","11","0","0","0","0","0","0","0","0","","0","0","0","","","0","N","0","","40 25:16.574","","0","79 59:37.447","0","0","0","0","2301","0","0","0","N","0","0","0","1","02301","0","","1.0","","1","N","N","N","0","","0","0","1","","0","","","3","0","0","0","0","0","0","2","0","3","","03","","N","","","","","","","","","",""
"2022107012","1949","2","0","0","0","0","0","0","0","0","5","0","","02","11","2022","1","40.446297","-80.165219","1943","11","0","0","0","0","0","1","0","0","","0","0","0","","","0","N","0","","40 26:46.669","","0","80 09:54.789","0","0","0","0","2115","0","0","0","N","0","0","0","3","68B03","0","","1.0","","1","N","N","N","0","","0","0","1","","0","","","3","0","0","0","0","0","0","2","0","3","","03","","N","","","","","","","","","",""
"2022077980","1254","1","0","0","0","0","0","0","0","0","1","0","55","02","8","2022","5","40.501808","-80.130591","1246","11","0","0","0","0","0","1","1","0","","0","0","0","","","1","N","0","","40 30:06.507","1","0","80 07:50.128","4","0","0","0","2115","0","0","0","N","0","0","0","3","68B03","1","","1.0","100.0","1","N","N","N","0","","0","0","2","","8","Y","","3","1","0","0","0","0","0","2","0","3","","","Y","Y","2","1","N","N","N","Y","N","N","N","N"
"2022111097","1640","1","0","0","0","0","0","0","0","0","7","0","","02","11","2022","5","40.432471","-80.067061","1636","11","0","0","0","0","0","1","0","0","","0","0","0","","","0","N","0","","40 25:56.895","1","0","80 04:01.421","0","0","0","0","2421","0","0","0","N","0","0","0","1","02421","0","","2.0","1706.0","1","N","N","N","0","","0","0","0","","0","N","","1","0","0","0","0","0","0","2","0","1","","","","N","","","","","","","","","",""
"2022087034","1147","2","0","0","0","0","0","0","0","0","4","0","","02","7","2022","4","40.426419","-79.889814","1146","11","0","0","0","0","0","0","1","0","","0","0","0","","","1","","1","","40 25:35.108","2","0","79 53:23.330","3","0","0","0","2426","0","0","0","N","0","0","0","2","02426","0","","1.0","1209.0","1","N","N","N","0","","1","0","0","","2","N","","2","1","0","0","0","0","0","2","0","2","","03","","N","","","","","","","","","",""
"2022069871","2346","1","0","0","0","0","0","0","0","0","6","0","","02","7","2022","6","40.388802","-80.011864","2333","11","0","0","0","0","0","0","0","0","","0","0","0","","","0","N","0","","40 23:19.686","","0","80 00:42.711","0","0","0","0","2301","0","0","0","N","0","0","0","1","02301","0","","6.0","","1","N","N","N","1","","0","0","0","","0","","","2","0","0","0","0","0","0","2","0","2","","","","N","","","","","","","","","",""
"2022108207","1418","0","0","0","0","0","0","0","0","0","7","0","","02","11","2022","3","40.644259","-80.019042","1409","11","0","0","0","0","0","0","0","0","","0","0","0","","","0","N","0","","40 38:39.333","","0","80 01:08.552","0","0","0","0","2216","0","0","0","N","0","0","0","1","68T02","0","","2.0","","9","N","N","N","0","","0","0","1","","0","","","1","0","0","0","0","0","0","2","0","1","","","","N","","","","","","","","","",""
"2022103119","1558","1","0","0","0","0","0","0","0","0","7","0","","02","11","2022","6","40.529086","-79.959509","1554","11","0","0","0","0","0","0","0","0","","0","0","0","","","1","N","0","","40 31:44.710","2","0","79 57:34.233","3","0","0","0","2118","0","0","0","N","0","0","0","1","02118","0","","2.0","1651.0","1","N","N","N","0","","1","0","0","","0","N","","1","1","1","0","0","0","0","2","0","1","","03","","N","","","","","","","","","",""
"2022069619","1905","1","0","0","0","0","0","0","0","0","4","0","","02","7","2022","6","40.449583","-80.002583","1905","11","0","0","0","0","1","0","0","0","","0","0","0","","","0","","1","","40 26:58.500","","1","80 00:09.300","0","0","0","0","2301","0","0","0","N","0","0","0","4","02301","0","","1.0","","1","N","N","N","0","","0","0","1","","0","","","2","0","0","0","0","0","0","2","0","2","","","","N","","","","","","","","","",""
"2022069968","0852","2","0","0","0","0","0","0","0","0","4","0","","02","7","2022","1","40.496444","-80.051333","0849","11","0","0","0","0","0","0","0","0","","0","0","0","","","0","","2","","40 29:47.200","","0","80 03:04.800","0","0","0","0","2404","0","0","0","N","0","0","0","3","02404","0","","1.0","","1","N","N","N","1","","0","0","0","","0","N","","3","0","0","0","0","0","0","2","0","3","","03","","N","","","","","","","","","",""
"2022104678","1137","1","0","0","0","0","0","0","0","0","1","0","","02","11","2022","4","40.487561","-80.055897","1136","11","0","0","0","0","0","1","1","0","","0","0","0","","","0","N","0","","40 29:15.221","","0","80 03:21.228","0","0","0","0","2404","0","0","0","N","0","0","0","7","02404","0","","1.0","","1","N","N","N","0","","0","0","1","","0","","","2","0","0","0","0","0","0","2","0","2","","03","","N","","","","","","","","","",""
"2022105390","2307","1","0","0","0","0","0","0","0","0","4","0","","02","11","2022","5","40.512107","-79.830894","2301","11","0","0","0","0","0","0","0","0","","0","0","0","","","0","N","0","","40 30:43.584","","0","79 49:51.217","9","0","0","0","2113","0","0","0","N","0","0","0","2","02113","0","","6.0","","1","N","N","N","0","","0","0","1","","0","","","2","0","0","0","0","0","2","2","0","2","","","","N","","","","","","","","","",""
"2022104632","1357","2","0","0","0","0","0","0","0","0","1","0","","02","11","2022","2","40.524318","-80.005375","1352","11","0","0","0","0","0","0","0","0","","0","0","0","","","1","N","0","","40 31:27.546","1","0","80 00:19.351","3","0","0","0","2116","0","0","0","N","0","0","0","2","02116","0","","1.0","1430.0","1","N","N","N","0","","1","0","0","","0","N","","2","1","0","0","0","0","0","2","0","2","","03","","N","","","","","","","","","",""
"2022052216","1230","0","0","0","0","0","0","0","0","0","98","0","","02","6","2022","7","40.51506","-79.859469","1230","11","0","0","0","0","0","1","0","0","","0","0","0","","","0","","2","","40 30:54.217","","0","79 51:34.087","0","0","0","0","2112","0","0","0","N","0","0","0","2","02112","0","","1.0","","1","N","N","N","0","","0","0","1","","0","","","1","0","0","0","0","0","0","2","0","1","","","","N","","","","","","","","","",""
"2022069089","2256","1","0","0","0","0","0","0","0","0","5","0","","02","7","2022","4","40.455583","-79.976694","2249","11","0","0","0","0","0","0","0","0","","0","0","0","","","0","N","1","","40 27:20.100","","0","79 58:36.100","9","0","0","0","2301","0","0","0","N","0","0","0","5","02301","0","","1.0","","1","N","N","N","0","","0","0","1","","0","","","3","0","0","0","0","0","4","2","1","3","","03","","N","","","","","","","","","",""
"2022072111","1316","0","0","0","0","0","0","0","0","0","7","0","","02","8","2022","1","40.435268","-80.050661","1313","11","0","0","0","0","0","0","0","0","","0","0","0","","","2","N","0","","40 26:06.966","","0","80 03:02.381","3","0","0","0","2301","0","0","0","Y","0","0","0","2","02301","1","","5.0","","1","N","N","N","1","","1","0","0","","0","","","1","2","0","0","0","0","0","2","0","1","","","","N","","","","","","","","","",""
"2022093470","1420","1","0","0","0","0","0","0","0","0","1","1","","02","10","2022","2","40.457231","-79.976896","1405","11","0","0","0","0","0","0","0","0","","0","1","0","","","0","N","0","","40 27:26.030","","0","79 58:36.825","0","0","0","0","2301","0","0","0","N","0","0","0","1","02301","0","","1.0","","1","N","N","N","0","","0","0","0","","0","","","2","0","0","0","0","0","0","2","0","2","","03","","N","","","","","","","","","",""
"2022069206","1542","2","0","0","0","0","0","0","0","0","4","0","","02","7","2022","4","40.401829","-80.067754","1537","11","0","0","0","0","0","0","0","0","","0","0","0","","","0","","1","","40 24:06.584","1","0","80 04:03.915","0","0","0","0","2415","0","0","0","N","0","0","0","5","02415","0","","1.0","1550.0","1","N","N","N","0","","0","0","0","","3","N","","2","0","0","0","0","0","0","2","0","2","","","","N","","","","","","","","","",""
"2022111201","1721","1","0","0","0","0","0","0","0","0","1","0","","02","11","2022","3","40.518711","-80.132542","1703","11","0","0","0","0","0","1","0","0","","0","0","0","","","0","N","0","","40 31:07.359","","2","80 07:57.151","0","0","0","0","2434","0","0","0","N","0","0","0","2","68B03","0","","1.0","","1","N","N","N","1","","0","0","0","","4","","","2","0","0","0","0","0","0","2","0","2","","03","","N","","","","","","","","","",""
"2022106601","1749","0","0","0","0","0","0","0","0","0","98","0","","02","11","2022","6","40.273431","-79.957963","1741","11","0","0","0","0","0","1","0","0","","0","0","0","","","0","N","0","","40 16:24.351","","0","79 57:28.666","0","0","0","0","2440","0","0","0","N","0","0","0","1","68T09","0","","1.0","","8","N","N","N","0","","0","0","1","","0","","","1","0","0","0","0","0","0","1","0","1","","","","N","","","","","","","","","",""
"2022065429","2313","2","0","0","0","0","0","0","0","0","2","0","","02","7","2022","7","40.504833","-79.854417","2307","11","0","1","0","0","0","0","0","0","","0","0","0","","","0","N","0","","40 30:17.400","","0","79 51:15.900","0","0","0","0","2112","0","0","0","N","0","0","0","1","02112","0","","4.0","","1","N","N","N","0","","0","0","0","","0","","","2","0","0","0","0","0","0","2","0","2","","","","N","","","","","","","","","",""
"2022106281","0904","1","0","0","0","0","0","0","0","0","5","0","","02","11","2022","1","40.45603","-79.941801","0856","11","0","0","0","0","0","1","0","0","","0","0","0","","","0","N","0","","40 27:21.709","2","0","79 56:30.483","0","0","0","0","2301","0","0","0","N","0","0","0","4","02301","0","","1.0","1000.0","1","N","N","N","1","","0","0","0","","0","N","","2","0","0","0","0","0","0","2","0","2","","03","","N","","","","","","","","","",""
"2022070433","1919","2","0","0","0","0","0","0","0","0","4","0","","02","8","2022","2","40.592314","-79.971039","1912","11","0","0","0","0","0","1","0","0","","0","0","0","","","0","N","0","","40 35:32.329","5","0","79 58:15.740","0","0","0","0","2207","0","0","0","N","0","0","0","4","02207","0","","1.0","2015.0","9","N","N","N","0","","0","0","0","","0","Y","","2","0","0","0","0","0","0","2","0","2","","07","","N","","","","","","","","","",""
"2022071180","0716","1","0","0","0","0","0","0","0","0","4","0","","02","8","2022","5","40.489369","-79.705026","0707","11","0","0","0","0","0","0","0","1","","0","0","0","","","1","Y","0","","40 29:21.727","","7","79 42:18.092","4","0","0","0","2466","0","0","0","N","0","0","0","2","02466","1","","1.0","","1","N","N","N","1","","0","0","0","","0","N","","2","1","0","0","0","0","0","2","0","2","","03","","N","","","","","","","","","",""
"2022111232","0908","1","0","0","0","0","0","0","0","0","1","0","45","02","11","2022","4","40.350602","-79.925213","0906","11","0","0","0","1","0","0","1","0","","0","0","0","","","0","N","0","","40 21:02.166","4","0","79 55:30.767","0","0","0","0","2473","0","0","0","N","0","0","0","2","02473","0","","1.0","922.0","1","N","N","N","0","","0","0","1","","2","N","","2","0","0","0","0","0","0","2","0","2","","03","N","Y","8","1","","","N","Y","Y","","","N"
"2022107254","1520","0","0","0","0","0","0","0","0","0","7","0","","02","11","2022","3","40.292972","-79.98401","1512","11","0","0","0","0","0","0","0","1","","0","0","0","","","1","N","0","","40 17:34.698","2","0","79 59:02.437","3","0","0","0","2219","0","0","0","N","0","0","0","1","02219","0","","2.0","1630.0","7","N","N","N","0","","1","0","1","","0","N","","1","1","0","0","0","0","0","2","0","1","","","","N","","","","","","","","","",""
"2022111746","1804","2","0","0","0","0","0","0","0","0","1","0","","02","11","2022","7","40.438993","-79.8619","1750","11","0","0","0","0","0","0","0","0","","0","0","0","","","2","N","0","","40 26:20.373","","0","79 51:42.841","3","0","0","0","2419","0","0","0","N","0","0","0","7","68B03","0","","1.0","","1","N","N","N","0","","2","0","1","","0","","","3","2","0","0","0","0","0","2","0","3","","","","N","","","","","","","","","",""
"2022111284","0704","1","0","0","0","0","0","0","0","0","4","1","","02","11","2022","2","40.324796","-80.065494","0700","11","0","0","0","0","0","1","0","0","","0","1","0","","","0","","3","","40 19:29.266","5","0","80 03:55.779","0","0","0","0","2123","0","0","0","N","0","0","0","2","02123","0","","1.0","906.0","1","N","N","N","0","","0","0","0","","0","Y","","2","0","0","0","0","0","0","2","0","2","","","","N","","","","","","","","","",""
"2022112036","0303","1","0","0","0","0","0","0","0","0","0","0","","02","11","2022","2","40.436499","-79.963974","0253","11","0","0","0","0","0","0","0","0","","0","0","0","","","1","N","2","","40 26:11.395","","0","79 57:50.306","3","0","0","0","2301","0","0","0","N","0","0","0","1","02301","0","","1.0","","9","N","N","N","0","","1","0","0","","0","","","1","1","0","0","0","0","0","2","0","1","","","","N","","","","","","","","","",""
"2022075176","1506","0","0","0","0","0","0","0","0","0","4","0","","02","8","2022","2","40.313874","-80.089804","1504","11","0","0","0","0","0","1","0","0","","0","0","0","","","0","","1","","40 18:49.947","2","0","80 05:23.296","0","0","0","0","2123","0","0","0","N","0","0","0","3","02123","0","","1.0","1553.0","1","N","N","N","0","","0","0","2","","2","N","","2","0","0","0","0","0","0","2","0","2","","03","","N","","","","","","","","","",""
"2022077934","1645","2","0","0","0","0","0","0","0","0","4","0","","02","8","2022","3","40.436256","-79.971863","1625","11","0","0","0","1","0","0","0","0","","0","0","0","","","1","N","0","","40 26:10.522","","0","79 58:18.707","8","0","0","0","2301","0","0","0","N","0","0","0","3","68B03","0","","1.0","","1","N","N","N","0","","0","0","1","","0","","","3","1","0","0","0","1","0","2","0","3","","03","","N","","","","","","","","","",""
"2022069889","1540","0","0","0","0","0","0","0","0","0","0","0","","02","7","2022","7","40.321445","-79.941743","1538","11","0","0","0","0","0","1","0","0","","0","0","0","","","1","N","0","","40 19:17.202","3","0","79 56:30.274","3","0","0","1","2440","0","0","0","N","0","0","0","1","02440","0","","1.0","1601.0","1","N","N","N","0","","1","0","0","","0","N","","1","1","0","0","0","0","0","2","0","1","","03","","N","","","","","","","","","",""
"2022069742","1513","1","0","0","0","0","0","0","0","0","4","0","","02","7","2022","7","40.4515","-79.953361","1505","11","0","0","0","0","0","0","1","0","","0","0","0","","","1","","1","","40 27:05.400","1","0","79 57:12.100","4","0","0","0","2301","0","0","0","N","0","0","0","4","02301","1","","1.0","1542.0","1","N","N","N","0","","0","0","1","","3","N","","2","1","0","0","0","0","0","2","0","2","","","","N","","","","","","","","","",""
"2022071700","0040","1","0","0","0","0","0","0","0","0","4","0","","02","8","2022","7","40.412694","-79.989194","0032","11","0","0","0","0","0","0","0","0","","0","0","0","","","0","N","2","","40 24:45.700","5","0","79 59:21.100","0","0","0","0","2301","0","0","0","N","0","0","0","3","02301","0","","1.0","115.0","1","N","N","N","0","","0","0","1","","3","N","","2","0","0","0","0","0","0","2","0","2","","03","","N","","","","","","","","","",""
"2022069472","1146","2","0","0","0","0","0","0","0","0","1","0","","02","7","2022","6","40.429247","-79.999266","1141","11","0","0","0","0","0","0","1","0","","0","0","0","","","0","N","1","","40 25:45.290","2","3","79 59:57.359","9","0","0","0","2301","0","0","0","N","0","0","0","4","02301","0","","1.0","1235.0","1","N","N","N","1","","0","0","0","","2","N","","3","0","0","0","0","0","1","2","0","3","","03","","N","","","","","","","","","",""
"2022069856","0001","2","0","0","0","0","0","0","0","0","4","0","","02","7","2022","7","40.419278","-79.927028","0000","11","0","0","0","0","0","0","0","0","","0","0","0","","","0","N","0","","40 25:09.400","","0","79 55:37.300","0","0","0","0","2301","0","0","0","N","0","0","0","3","02301","0","","1.0","","1","N","N","N","0","","0","0","0","","0","","","2","0","0","0","0","0","0","2","0","2","","03","","N","","","","","","","","","",""
"2022074773","1040","0","0","0","0","0","0","0","0","0","8","0","","02","8","2022","3","40.4625","-79.927806","1037","11","0","0","0","0","0","0","0","1","","0","0","0","","","1","N","2","","40 27:45.000","","0","79 55:40.100","8","0","0","0","2301","1","0","0","N","1","0","0","2","02301","0","","1.0","","1","N","N","N","0","","0","0","1","","2","","","2","1","0","0","0","1","0","2","0","1","","","","N","","","","","","","","","",""
"2022075366","2136","1","0","0","0","0","0","0","0","0","2","0","","02","8","2022","4","40.452861","-79.920722","2135","11","0","0","0","0","0","0","0","0","","0","0","0","","","1","N","1","","40 27:10.300","3","0","79 55:14.600","8","0","0","1","2301","0","0","0","N","0","0","0","2","02301","0","","1.0","2212.0","1","N","N","N","0","","0","0","0","","2","N","","2","1","0","0","0","1","0","2","0","2","","03","","N","","","","","","","","","",""
"2022111277","1343","0","0","0","0","0","0","0","0","0","7","0","","02","11","2022","3","40.652679","-80.113537","1339","11","0","0","0","0","0","0","0","0","","0","0","0","","","0","N","0","","40 39:09.643","3","0","80 06:48.733","0","0","0","0","2212","0","0","0","N","0","0","0","1","02505","0","","1.0","1427.0","1","N","N","N","0","","0","0","1","","0","N","","1","0","0","0","0","0","0","2","0","1","","03","","N","","","","","","","","","",""
"2022112972","1010","1","0","0","0","0","0","0","0","0","5","1","","02","11","2022","4","40.468474","-80.033242","1005","11","0","0","0","0","0","0","0","0","","0","1","0","","","1","N","1","","40 28:06.508","","0","80 01:59.672","3","0","0","0","2301","0","0","0","N","0","0","0","3","02301","0","","1.0","","9","N","N","N","0","","1","0","0","","0","","","2","1","0","0","0","0","0","2","0","2","","04","","N","","","","","","","","","",""
"2022105481","1312","1","0","0","0","0","0","0","0","0","7","0","","02","10","2022","1","40.436995","-79.922936","1308","11","0","0","0","0","0","0","1","0","","0","0","0","","","0","N","1","","40 26:13.181","2","0","79 55:22.569","0","0","0","0","2301","0","0","0","N","0","0","0","1","02301","0","","5.0","1335.0","1","N","N","N","0","","0","0","0","","0","N","","1","0","0","0","0","0","0","2","0","1","","","","N","","","","","","","","","",""
"2022076879","1703","1","0","0","0","0","0","0","0","0","4","0","","02","8","2022","6","40.577856","-80.22035","1500","11","0","0","0","0","0","1","0","0","","0","0","0","","","0","N","1","","40 34:40.283","","0","80 13:13.260","0","0","0","0","2441","0","0","0","N","0","0","0","4","02441","0","","1.0","","1","N","N","N","0","","0","0","1","","3","","","2","0","0","0","0","0","0","2","0","2","","03","","N","","","","","","","","","",""