"CRN","ARRIVAL_TM","AUTOMOBILE_COUNT","BELTED_DEATH_COUNT","BELTED_SUSP_SERIOUS_INJ_COUNT","BICYCLE_COUNT","BICYCLE_DEATH_COUNT","BICYCLE_SUSP_SERIOUS_INJ_COUNT","BUS_COUNT","CHLDPAS_DEATH_COUNT","CHLDPAS_SUSP_SERIOUS_INJ_COUNT","COLLISION_TYPE","COMM_VEH_COUNT","CONS_ZONE_SPD_LIM","COUNTY","CRASH_MONTH","CRASH_YEAR","DAY_OF_WEEK","DEC_LATITUDE","DEC_LONGITUDE","DISPATCH_TM","DISTRICT","DRIVER_COUNT_16YR","DRIVER_COUNT_17YR","DRIVER_COUNT_18YR","DRIVER_COUNT_19YR","DRIVER_COUNT_20YR","DRIVER_COUNT_50_64YR","DRIVER_COUNT_65_74YR","DRIVER_COUNT_75PLUS","EST_HRS_CLOSED","FATAL_COUNT","HEAVY_TRUCK_COUNT","HORSE_BUGGY_COUNT","HOUR_OF_DAY","ILLUMINATION","INJURY_COUNT","INTERSECTION_RELATED","INTERSECT_TYPE","LANE_CLOSED","LATITUDE","LN_CLOSE_DIR","LOCATION_TYPE","LONGITUDE","MAX_SEVERITY_LEVEL","MCYCLE_DEATH_COUNT","MCYCLE_SUSP_SERIOUS_INJ_COUNT","MOTORCYCLE_COUNT","MUNICIPALITY","NONMOTR_COUNT","NONMOTR_DEATH_COUNT","NONMOTR_SUSP_SERIOUS_INJ_COUNT","NTFY_HIWY_MAINT","PED_COUNT","PED_DEATH_COUNT","PED_SUSP_SERIOUS_INJ_COUNT","PERSON_COUNT","POLICE_AGCY","POSSIBLE_INJ_COUNT","RDWY_SURF_TYPE_CD","RELATION_TO_ROAD","ROADWAY_CLEARED","ROAD_CONDITION","SCH_BUS_IND","SCH_ZONE_IND","SECONDARY_CRASH","SMALL_TRUCK_COUNT","SPEC_JURIS_CD","SUSP_MINOR_INJ_COUNT","SUSP_SERIOUS_INJ_COUNT","SUV_COUNT","TCD_FUNC_CD","TCD_TYPE","TFC_DETOUR_IND","TIME_OF_DAY","TOTAL_UNITS","TOT_INJ_COUNT","UNBELTED_OCC_COUNT","UNB_DEATH_COUNT","UNB_SUSP_SERIOUS_INJ_COUNT","UNK_INJ_DEG_COUNT","UNK_INJ_PER_COUNT","URBAN_RURAL","VAN_COUNT","VEHICLE_COUNT","WEATHER1","WEATHER2","WORKERS_PRES","WORK_ZONE_IND","WORK_ZONE_LOC","WORK_ZONE_TYPE","WZ_CLOSE_DETOUR","WZ_FLAGGER","WZ_LAW_OFFCR_IND","WZ_LN_CLOSURE","WZ_MOVING","WZ_OTHER","WZ_SHLDER_MDN","WZ_WORKERS_INJ_KILLED"
"2022071778","1000","1","0","0","0","0","0","0","0","0","7","0","","02","8","2022","7","40.436311","-79.995208","0927","11","0","0","0","0","0","0","0","0","","0","0","0","","","0","N","0","","40 26:10.719","","2","79 59:42.750","0","0","0","0","2301","0","0","0","N","0","0","0","1","02301","0","","3.0","","9","N","N","N","0","","0","0","0","","0","","","1","0","0","0","0","0","0","2","0","1","","","","N","","","","","","","","","",""
"2022113689","1821","0","0","0","0","0","0","0","0","0","1","0","","02","12","2022","5","40.379623","-79.925521","1811","11","0","0","0","0","0","1","0","0","","0","0","0","","","1","N","1","","40 22:46.644","","0","79 55:31.877","3","0","0","0","2301","0","0","0","N","0","0","0","2","02301","0","","1.0","","1","N","N","N","0","","1","0","2","","0","","","2","1","0","0","0","0","0","2","0","2","","03","","N","","","","","","","","","",""
"2022071271","1530","1","0","0","0","0","0","0","0","0","1","0","","02","7","2022","5","40.570278","-79.800306","1522","11","0","0","0","0","0","0","0","1","","0","0","0","","","2","N","1","","40 34:13.000","7","0","79 48:01.100","3","0","0","0","2206","0","0","0","N","0","0","0","3","02206","1","","1.0","1606.0","1","N","N","N","0","","1","0","1","","0","Y","","2","2","0","0","0","0","0","2","0","2","","03","","N","","","","","","","","","",""
"2022072313","1309","1","0","0","0","0","0","0","0","0","2","0","","02","8","2022","5","40.415167","-79.84825","1309","11","0","0","0","0","0","2","0","0","","0","0","0","","","1","N","0","","40 24:54.600","5","0","79 50:53.700","2","0","0","0","2431","0","0","0","N","0","0","0","5","02431","0","","1.0","1349.0","1","N","N","N","1","","0","1","0","","0","N","","2","1","3","0","1","0","0","2","0","2","","03","","N","","","","","","","","","",""
"2022093034","0107","1","0","0","0","0","0","0","0","0","7","0","","02","8","2022","4","40.403858","-79.883066","0044","11","0","0","0","0","0","0","0","0","","0","0","0","","","0","","2","","40 24:13.889","","0","79 52:59.039","0","0","0","0","2475","0","0","0","N","0","0","0","1","68B03","0","","2.0","","1","N","N","N","0","","0","0","0","","2","","","1","0","0","0","0","0","0","2","0","1","","","","N","","","","","","","","","",""
"2022100157","1600","2","0","0","0","0","0","0","0","0","1","0","","02","8","2022","6","40.462567","-79.999824","1553","11","0","0","1","0","0","1","0","0","","0","0","0","","","0","N","0","","40 27:45.242","","0","79 59:59.367","0","0","0","0","2301","0","0","0","N","0","0","0","2","68B03","0","","1.0","","1","N","N","N","0","","0","0","0","","0","","","2","0","0","0","0","0","0","2","0","2","","","","N","","","","","","","","","",""
"2022074171","0840","0","0","0","0","0","0","0","0","0","1","0","","02","8","2022","7","40.544705","-79.838111","0830","11","0","0","0","0","0","0","0","0","","0","0","0","","","0","N","0","","40 32:40.937","","2","79 50:17.200","0","0","0","0","2208","0","0","0","N","0","0","0","2","02208","0","","1.0","","1","N","N","N","0","","0","0","2","","2","N","","2","0","0","0","0","0","0","2","0","2","","03","","N","","","","","","","","","",""
"2022074498","2120","2","0","0","0","0","0","0","0","0","1","0","","02","8","2022","7","40.45378","-79.999053","2113","11","0","0","0","0","0","1","0","0","","0","0","0","","","1","Y","0","","40 27:13.609","","0","79 59:56.589","4","0","0","0","2301","0","0","0","N","0","0","0","2","02301","1","","6.0","","1","N","N","N","0","","0","0","0","","0","","","2","1","0","0","0","0","0","2","0","2","","03","","N","","","","","","","","","",""
"2022103075","1003","1","0","0","0","0","0","0","0","0","4","0","","02","10","2022","2","40.615909","-80.055244","1000","11","0","0","0","0","0","0","1","0","","0","0","0","","","0","N","0","","40 36:57.272","","0","80 03:18.880","0","0","0","0","2216","0","0","0","N","0","0","0","2","02505","0","","1.0","","1","N","N","N","0","","0","0","1","","0","N","","2","0","0","0","0","0","0","2","0","2","","","","N","","","","","","","","","",""
"2022116293","1327","1","0","0","0","0","0","0","0","0","5","2","","02","11","2022","4","40.434028","-79.96437","1309","11","0","0","0","0","0","0","0","0","","0","2","0","","","1","N","0","","40 26:02.500","3","0","79 57:51.733","8","0","0","0","2301","0","0","0","N","0","0","0","5","68B03","0","","1.0","1355.0","1","N","N","N","0","","0","0","0","","0","N","","3","1","0","0","0","1","1","2","0","3","","","","N","","","","","","","","","",""
"2022111610","0739","0","0","0","0","0","0","0","0","0","4","0","","02","11","2022","1","40.337493","-79.808777","0739","11","0","0","0","0","0","0","1","0","","0","0","0","","","0","","1","","40 20:14.974","2","0","79 48:31.598","0","0","0","0","2477","0","0","0","N","0","0","0","2","02477","0","","1.0","759.0","9","N","N","N","0","","0","0","2","","2","N","","2","0","0","0","0","0","0","2","0","2","","","","N","","","","","","","","","",""
"2022113111","2014","1","0","1","0","0","0","0","0","0","7","0","","02","11","2022","7","40.428528","-79.955626","2014","11","0","0","0","0","0","0","0","0","","0","0","0","","","1","N","0","","40 25:42.699","4","0","79 57:20.253","2","0","0","0","2301","0","0","0","N","0","0","0","2","68B03","0","","2.0","2112.0","9","N","N","N","1","","0","1","0","","0","N","","2","1","0","0","0","0","0","2","0","2","","","","N","","","","","","","","","",""
"2022074779","2133","0","0","0","0","0","0","0","0","0","7","0","","02","8","2022","2","40.484129","-80.003923","2126","11","1","0","0","0","0","0","0","0","","0","0","0","","","0","N","0","","40 29:02.864","2","0","80 00:14.124","0","0","0","0","2301","0","0","0","N","0","0","0","1","02301","0","","2.0","2200.0","1","N","N","N","0","","0","0","1","","0","Y","","1","0","0","0","0","0","0","2","0","1","","03","","N","","","","","","","","","",""
"2022111727","2134","1","0","0","0","0","0","0","0","0","7","0","","02","11","2022","3","40.42623","-79.894489","2129","11","0","0","0","0","0","0","0","0","","0","0","0","","","0","N","0","","40 25:34.429","4","0","79 53:40.159","0","0","0","0","2301","0","0","0","N","0","0","0","1","68B03","0","","4.0","2140.0","9","N","N","N","0","","0","0","0","","0","N","","1","0","0","0","0","0","0","2","0","1","","","","N","","","","","","","","","",""
"2022113169","1852","1","0","0","0","0","0","0","0","0","1","0","","02","11","2022","3","40.420512","-80.039301","1835","11","0","0","0","0","0","0","0","0","","0","0","0","","","0","N","0","","40 25:13.844","3","0","80 02:21.482","0","0","0","0","2301","0","0","0","N","0","0","0","3","68B03","0","","1.0","1930.0","1","N","N","N","0","","0","0","2","","0","N","","3","0","0","0","0","0","0","2","0","3","","03","","N","","","","","","","","","",""
"2022076802","1250","1","0","0","0","0","0","0","0","0","7","0","","02","8","2022","7","40.441706","-79.827272","1250","11","0","0","0","0","0","0","0","0","","0","0","0","","","0","N","0","","40 26:30.140","3","0","79 49:38.180","0","0","0","0","2124","0","0","0","N","0","0","0","1","68B03","0","","4.0","1440.0","1","N","N","N","0","","0","0","0","","0","N","","1","0","0","0","0","0","0","2","0","1","","","","N","","","","","","","","","",""
"2022073399","1327","1","0","0","0","0","0","0","0","0","7","0","","02","8","2022","5","40.344479","-80.115076","1319","11","0","0","0","0","0","0","0","1","","0","0","0","","","1","Y","0","","40 20:40.126","","0","80 06:54.273","8","0","0","0","2119","0","0","0","N","0","0","0","1","02119","0","","5.0","","1","N","N","N","0","","0","0","0","","0","","","1","1","0","0","0","1","0","2","0","1","","03","","N","","","","","","","","","",""
"2022071947","1240","1","0","0","0","0","0","0","0","0","4","0","","02","8","2022","1","40.49929","-79.977664","1229","11","0","0","0","1","0","0","0","0","","0","0","0","","","0","","2","","40 29:57.443","","0","79 58:39.590","0","0","0","0","2118","0","0","0","N","0","0","0","2","02118","0","","1.0","","9","N","N","N","0","","0","0","1","","3","","","2","0","0","0","0","0","0","2","0","2","","","","N","","","","","","","","","",""
"2022075080","1353","1","0","0","0","0","0","0","0","0","4","0","","02","8","2022","3","40.348756","-80.023767","1348","11","0","0","0","0","0","1","1","0","","0","0","0","","","0","N","0","","40 20:55.520","","0","80 01:25.562","0","0","0","0","2407","0","0","0","N","0","0","0","2","02407","0","","1.0","","1","N","N","N","0","","0","0","0","","0","","","2","0","0","0","0","0","0","2","1","2","","","","N","","","","","","","","","",""
"2022111734","0841","1","0","0","0","0","0","0","0","0","7","0","","02","11","2022","6","40.427362","-79.950944","0822","11","0","0","0","0","0","0","0","0","","0","0","0","","","0","N","0","","40 25:38.504","3","0","79 57:03.399","0","0","0","0","2301","0","0","0","N","0","0","0","1","68B03","0","","2.0","830.0","9","N","N","N","0","","0","0","0","","0","N","","1","0","0","0","0","0","0","2","0","1","","","","N","","","","","","","","","",""
"2022103238","0218","1","0","0","0","0","0","0","0","0","1","0","","02","10","2022","1","40.425932","-79.844815","0218","11","0","0","0","0","0","0","0","0","","0","0","0","","","0","N","0","","40 25:33.354","","0","79 50:41.334","0","0","0","0","2431","0","0","0","N","0","0","0","1","02431","0","","1.0","","1","N","N","N","0","","0","0","1","","0","","","2","0","0","0","0","0","0","2","0","2","","","","N","","","","","","","","","",""
"2022110658","1727","2","0","0","0","0","0","0","0","0","1","0","","02","11","2022","7","40.338452","-80.017437","1721","11","0","0","0","0","0","0","0","0","","0","0","0","","","1","N","0","","40 20:18.427","3","0","80 01:02.773","3","0","0","0","2407","0","0","0","N","0","0","0","4","02407","0","","1.0","1756.0","1","N","N","N","0","","1","0","0","","0","N","","2","1","1","0","0","0","0","2","0","2","","03","","N","","","","","","","","","",""
"2022072644","1410","1","0","0","0","0","0","0","0","0","1","0","","02","7","2022","1","40.407493","-79.890691","1403","11","0","0","0","0","0","1","0","0","","0","0","0","","","0","N","0","","40 24:26.975","","0","79 53:26.487","0","0","0","0","2448","0","0","0","N","0","0","0","2","02448","0","","1.0","","99","N","N","N","1","","0","0","0","","0","","","2","0","0","0","0","0","0","2","0","2","","","","N","","","","","","","","","",""
"2022106181","0620","0","0","0","0","0","0","0","0","0","4","1","","02","9","2022","5","40.369423","-79.815505","0618","11","0","0","0","0","0","0","0","0","","0","1","0","","","0","N","2","","40 22:09.921","5","0","79 48:55.819","0","0","0","0","2111","0","0","0","N","0","0","0","2","02111","0","","1.0","643.0","1","N","N","N","1","","0","0","0","","3","Y","","2","0","0","0","0","0","0","2","0","2","","03","","N","","","","","","","","","",""
"2022077974","1200","0","0","0","0","0","0","0","0","0","1","0","","02","7","2022","1","40.429935","-80.027773","1145","11","0","0","0","1","0","0","0","0","","0","0","0","","","0","N","0","","40 25:47.765","","0","80 01:39.984","0","0","0","0","2301","0","0","0","N","0","0","0","2","68B03","0","","1.0","","1","N","N","N","0","","0","0","2","","0","","","2","0","0","0","0","0","0","2","0","2","","03","","N","","","","","","","","","",""
"2022109202","1731","1","0","0","0","0","0","0","0","0","4","0","","02","11","2022","2","40.39562","-80.086638","1728","11","0","0","0","0","0","0","0","0","","0","0","0","","","1","","1","","40 23:44.231","6","0","80 05:11.896","3","0","0","0","2117","0","0","0","N","0","0","0","3","02117","0","","1.0","1750.0","1","N","N","N","0","","1","0","1","","2","N","","2","1","0","0","0","0","0","2","0","2","","03","","N","","","","","","","","","",""
"2022078192","2342","0","0","0","0","0","0","0","0","0","1","0","","02","8","2022","6","40.425765","-80.01976","2339","11","0","0","0","0","0","0","0","0","","0","0","0","","","1","N","2","","40 25:32.754","","0","80 01:11.135","4","0","0","0","2301","0","0","0","N","0","0","0","3","02301","1","","1.0","","1","N","N","N","0","","0","0","3","","2","","","3","1","0","0","0","0","0","2","0","3","","","","N","","","","","","","","","",""
"2022106834","2327","1","0","0","0","0","0","0","0","0","1","0","","02","11","2022","6","40.347644","-79.951869","2321","11","0","0","0","0","0","1","0","0","","0","0","0","","","1","N","1","","40 20:51.517","","0","79 57:06.728","8","0","0","0","2473","0","0","0","N","0","0","0","3","02473","0","","1.0","","9","N","N","N","0","","0","0","1","","2","","","2","1","1","0","0","1","0","2","0","2","","07","","N","","","","","","","","","",""
"2022077420","1628","2","0","0","0","0","0","0","0","0","4","0","","02","8","2022","2","40.51625","-79.842944","1628","11","0","0","0","0","0","1","0","0","","0","0","0","","","0","","1","","40 30:58.500","","0","79 50:34.600","0","0","0","0","2451","0","0","0","N","0","0","0","2","02451","0","","1.0","","1","N","N","N","0","","0","0","0","","3","","","2","0","0","0","0","0","0","2","0","2","","","","N","","","","","","","","","",""
"2022075445","1300","0","0","0","0","0","0","0","0","0","7","0","","02","8","2022","4","40.469028","-79.887667","1253","11","0","0","0","0","0","0","0","0","","0","0","0","","","0","N","2","","40 28:08.500","","0","79 53:15.600","9","0","0","0","2113","0","0","0","N","0","0","0","1","02113","0","","2.0","","1","N","N","N","0","","0","0","1","","0","","","1","0","0","0","0","0","1","2","0","1","","03","","N","","","","","","","","","",""
"2022092015","0211","0","0","0","0","0","0","0","0","0","7","0","","02","8","2022","4","40.432325","-79.960118","0155","11","0","0","0","0","0","0","0","0","","0","0","0","","","0","N","0","","40 25:56.370","4","0","79 57:36.424","0","0","0","0","2301","0","0","0","N","0","0","0","1","68B03","0","","5.0","300.0","1","N","N","N","0","","0","0","1","","0","N","","1","0","0","0","0","0","0","2","0","1","","03","","N","","","","","","","","","",""
"2022112116","1152","1","0","0","0","0","0","0","0","0","1","0","","02","11","2022","2","40.490887","-79.879395","1144","11","0","0","0","0","0","1","0","1","","0","0","0","","","2","N","0","","40 29:27.193","2","3","79 52:45.821","3","0","0","0","2112","0","0","0","N","0","0","0","2","68D02","0","","1.0","1225.0","1","N","N","N","0","","2","0","1","","0","N","","2","2","1","0","0","0","0","2","0","2","","","","N","","","","","","","","","",""
"2022075680","0230","1","0","0","0","0","0","0","0","0","6","0","","02","8","2022","2","40.456652","-79.901866","0226","11","0","0","0","0","0","0","0","0","","0","0","0","","","1","N","1","","40 27:23.947","3","0","79 54:06.717","3","0","0","0","2301","0","0","0","N","0","0","0","4","02301","0","","1.0","300.0","1","N","N","Y","0","","1","0","1","","3","N","","2","1","0","0","0","0","1","2","0","2","","03","","N","","","","","","","","","",""
"2022068834","1826","0","0","0","0","0","0","0","0","0","0","0","","02","7","2022","3","40.3578","-79.855279","1819","11","0","0","0","0","0","0","0","0","","0","0","0","","","0","N","0","","40 21:28.079","7","0","79 51:19.006","9","0","0","0","2473","0","0","0","N","0","0","0","3","02473","0","","1.0","1730.0","1","N","N","N","0","","0","0","1","","0","N","","1","0","0","0","0","0","3","2","0","1","","03","","N","","","","","","","","","",""
"2022113110","1526","1","0","0","0","0","0","0","0","0","7","0","","02","11","2022","7","40.516783","-80.126394","1510","11","0","0","0","0","0","0","0","0","","0","0","0","","","0","N","0","","40 31:00.418","2","0","80 07:35.018","0","0","0","0","2434","0","0","0","N","0","0","0","1","68B03","0","","2.0","1600.0","9","N","N","N","0","","0","0","0","","0","N","","1","0","0","0","0","0","0","2","0","1","","07","","N","","","","","","","","","",""
"2022067638","0021","1","0","0","0","0","0","0","0","0","2","0","","02","7","2022","1","40.458675","-79.907967","0021","11","0","0","0","0","1","0","0","0","","0","0","0","","","0","N","1","","40 27:31.229","2","0","79 54:28.680","9","0","0","0","2301","0","0","0","N","0","0","0","3","02301","0","","1.0","40.0","1","N","N","N","0","","0","0","1","","2","Y","","2","0","0","0","0","0","1","2","0","2","","03","","N","","","","","","","","","",""
"2022073410","1904","0","0","0","1","0","0","0","0","0","8","0","","02","8","2022","4","40.373757","-80.006332","1903","11","0","0","0","0","0","0","0","0","","0","0","0","","","1","","1","","40 22:25.525","","0","80 00:22.796","3","0","0","0","2416","1","0","0","N","0","0","0","2","02416","0","","1.0","","1","N","N","N","0","","1","0","1","","2","","","2","1","0","0","0","0","0","2","0","1","","03","","N","","","","","","","","","",""
"2022111400","2346","0","0","0","0","0","0","0","0","0","4","0","","02","11","2022","6","40.408856","-80.081097","2341","11","0","0","0","0","0","0","1","0","","0","0","0","","","0","","1","","40 24:31.883","7","0","80 04:51.949","0","0","0","0","2415","0","0","0","Y","0","0","0","4","02415","0","","1.0","12.0","1","N","N","N","0","","0","0","2","","2","Y","","2","0","0","0","0","0","0","2","0","2","","","","N","","","","","","","","","",""
"2022072964","0859","0","0","0","0","0","0","0","0","0","7","0","","02","8","2022","4","40.652694","-79.9825","0854","11","0","1","0","0","0","0","0","0","","0","0","0","","","1","N","0","","40 39:09.700","5","0","79 58:57.000","8","0","0","0","2217","0","0","0","N","0","0","0","1","02505","0","","5.0","936.0","1","N","N","N","0","","0","0","1","","0","N","","1","1","0","0","0","1","0","1","0","1","","","","N","","","","","","","","","",""
"2022109504","1210","0","0","0","0","0","0","0","0","0","7","0","","02","11","2022","1","40.423223","-79.928693","1200","11","0","0","0","0","0","1","0","0","","0","0","0","","","0","N","1","","40 25:23.602","2","0","79 55:43.294","0","0","0","0","2301","0","0","0","N","0","0","0","1","02301","0","","5.0","1400.0","1","N","N","N","0","","0","0","1","","0","Y","","1","0","0","0","0","0","0","2","0","1","","03","","N","","","","","","","","","",""
"2022072098","2300","0","0","0","0","0","0","0","0","0","7","0","","02","8","2022","1","40.418722","-79.994694","2259","11","0","0","0","0","0","0","0","0","","0","0","0","","","1","N","2","","40 25:07.400","3","0","79 59:40.900","3","0","0","0","2301","0","0","0","N","0","0","0","2","02301","0","","5.0","2355.0","1","N","N","N","0","","1","0","1","","3","Y","","1","1","0","0","0","0","0","2","0","1","","03","","N","","","","","","","","","",""
"2022073500","1717","1","0","0","0","0","0","0","0","0","7","0","","02","8","2022","5","40.526684","-80.159661","1711","11","0","0","0","0","0","0","0","0","","0","0","0","","","0","Y","0","","40 31:36.061","2","0","80 09:34.780","0","0","0","0","2452","0","0","0","Y","0","0","0","1","02458","0","","5.0","1831.0","1","N","N","N","0","","0","0","0","","0","N","","2","0","0","0","0","0","0","2","0","1","","03","","N","","","","","","","","","",""
"2022102940","1421","2","0","0","0","0","0","0","0","0","4","0","","02","10","2022","5","40.434977","-79.767974","1421","11","0","0","0","0","0","2","0","0","","0","0","0","","","1","N","0","","40 26:05.918","4","7","79 46:04.706","3","0","0","0","2446","0","0","0","N","0","0","0","2","02446","0","","1.0","1445.0","1","N","N","N","0","","1","0","0","","0","N","","2","1","0","0","0","0","0","2","0","2","","03","","N","","","","","","","","","",""
"2022073202","0030","0","0","0","0","0","0","0","0","0","2","0","","02","8","2022","5","40.421807","-79.992333","0030","11","0","0","0","0","0","0","0","0","","0","0","0","","","0","N","1","","40 25:18.506","","0","79 59:32.400","0","0","0","0","2301","0","0","0","N","0","0","0","3","02301","0","","1.0","","1","N","N","N","1","","0","0","1","","2","","","2","0","0","0","0","0","0","2","0","2","","03","","N","","","","","","","","","",""
"2022105584","0910","0","0","0","0","0","0","0","0","0","6","0","","02","11","2022","4","40.450722","-80.003","0900","11","0","0","0","0","0","1","0","0","","0","0","0","","","0","","1","","40 27:02.600","","0","80 00:10.800","9","0","0","0","2301","0","0","0","N","0","0","0","2","02301","0","","1.0","","1","N","N","N","0","","0","0","0","","2","","","2","0","0","0","0","0","1","2","1","2","","03","","N","","","","","","","","","",""
"2022074241","1630","1","0","0","0","0","0","0","0","0","1","0","","02","8","2022","7","40.412858","-79.897306","1626","11","0","0","0","0","0","0","0","0","","0","0","0","","","0","N","0","","40 24:46.290","","0","79 53:50.300","0","0","0","0","2448","0","0","0","N","0","0","0","3","02448","0","","1.0","","1","N","N","N","0","","0","0","1","","0","","","2","0","0","0","0","0","0","2","0","2","","03","","N","","","","","","","","","",""
"2022102994","0117","1","0","0","0","0","0","0","0","0","7","0","","02","11","2022","7","40.381493","-79.92784","0109","11","0","0","0","0","0","0","0","0","","0","0","0","","","0","","2","","40 22:53.376","","0","79 55:40.223","0","0","0","0","2301","0","0","0","Y","0","0","0","1","02301","0","","5.0","","1","N","N","N","0","","0","0","0","","0","","","1","0","0","0","0","0","0","2","0","1","","03","","N","","","","","","","","","",""
"2022074420","1203","1","0","0","0","0","0","0","0","0","4","0","","02","8","2022","5","40.595773","-79.947664","1201","11","1","0","0","0","0","1","0","0","","0","0","0","","","3","Y","0","","40 35:44.782","2","7","79 56:51.591","4","0","0","0","2207","0","0","0","N","0","0","0","4","02207","2","","1.0","1339.0","1","N","N","N","0","","0","0","2","","0","Y","","3","3","2","0","0","1","0","2","0","3","","03","","N","","","","","","","","","",""
"2022111462","0923","1","0","0","0","0","0","0","0","0","4","0","","02","11","2022","7","40.465998","-80.137666","0917","11","0","0","0","0","0","0","2","0","","0","0","0","","","0","","2","","40 27:57.592","","0","80 08:15.597","0","0","0","0","2115","0","0","0","N","0","0","0","2","02115","0","","1.0","","1","N","N","N","0","","0","0","1","","2","N","","2","0","0","0","0","0","0","2","0","2","","","","N","","","","","","","","","",""
"2022112054","0312","0","0","0","0","0","0","0","0","0","5","1","55","02","10","2022","6","40.435894","-79.970732","0312","11","0","0","0","0","0","1","0","0","","1","1","0","","","0","N","0","","40 26:09.218","3","3","79 58:14.635","1","0","0","0","2301","0","0","0","N","0","0","0","3","68B03","0","2","1.0","702.0","1","N","N","N","1","0","0","0","0","","8","Y","","2","0","0","0","0","0","0","2","0","2","","03","Y","Y","4","2","N","N","Y","Y","N","N","Y","Y"
"2022110973","0824","0","0","0","0","0","0","0","0","0","4","0","","02","11","2022","7","40.409424","-80.081716","0822","11","0","0","0","0","0","0","0","0","","0","0","0","","","1","N","1","","40 24:33.927","4","0","80 04:54.178","3","0","0","0","2415","0","0","0","N","0","0","0","3","02415","0","","1.0","840.0","1","N","N","N","1","","1","0","1","","2","N","","2","1","0","0","0","0","0","2","0","2","","03","","N","","","","","","","","","",""
"2022067593","1738","1","0","0","0","0","0","0","0","0","4","0","","02","7","2022","7","40.563917","-80.041472","1736","11","0","0","0","0","0","0","0","0","","0","0","0","","","0","N","3","","40 33:50.100","","0","80 02:29.300","0","0","0","0","2108","0","0","0","N","0","0","0","2","02108","0","","1.0","","1","N","N","N","0","","0","0","1","","3","","","2","0","0","0","0","0","0","2","0","2","","03","","N","","","","","","","","","",""
"2022073998","1557","2","0","0","0","0","0","0","0","0","1","0","","02","8","2022","6","40.366498","-80.061271","1557","11","0","0","0","0","1","1","0","0","","0","0","0","","","0","","2","","40 21:59.392","1","0","80 03:40.575","0","0","0","0","2109","0","0","0","N","0","0","0","2","02109","0","","1.0","1625.0","1","N","N","N","0","","0","0","0","","0","N","","2","0","0","0","0","0","0","2","0","2","","","","N","","","","","","","","","",""
"2022046580","1650","1","0","0","0","0","0","0","0","0","7","0","","02","5","2022","5","40.513128","-79.935613","1643","11","0","0","0","0","0","1","0","0","","0","0","0","","","0","N","0","","40 30:47.259","7","0","79 56:08.205","0","0","0","0","2112","0","0","0","N","0","0","0","1","02112","0","","5.0","1700.0","1","N","N","N","0","","0","0","0","","0","Y","","1","0","0","0","0","0","0","2","0","1","","03","","N","","","","","","","","","",""
"2022113425","1633","1","0","0","0","0","0","0","0","0","4","0","","02","12","2022","5","40.484182","-79.819301","1620","11","0","0","0","0","0","0","0","1","","0","0","0","","","0","N","1","","40 29:03.056","","0","79 49:09.482","0","0","0","0","2113","0","0","0","N","0","0","0","2","02113","0","","1.0","","1","N","N","N","0","","0","0","1","","2","","","2","0","0","0","0","0","0","2","0","2","","03","","N","","","","","","","","","",""
"2022073894","2304","1","0","0","0","0","0","0","0","0","5","0","","02","8","2022","6","40.427197","-79.724474","2252","11","0","0","0","0","0","1","0","0","","0","0","0","","","0","N","0","","40 25:37.909","3","0","79 43:28.107","0","0","0","0","2446","0","0","0","N","0","0","0","6","02446","0","","1.0","2334.0","1","N","N","N","1","","0","0","0","","0","N","","2","0","0","0","0","0","0","2","0","2","","03","","N","","","","","","","","","",""
"2022073681","1110","0","0","0","0","0","0","0","0","0","6","0","","02","8","2022","6","40.448917","-80.00075","1101","11","0","0","0","0","0","1","1","0","","0","0","0","","","0","N","1","","40 26:56.100","","0","80 00:02.700","0","0","0","0","2301","0","0","0","N","0","0","0","3","02301","0","","1.0","","1","N","N","N","0","","0","0","1","","1","","","2","0","0","0","0","0","0","2","1","2","","","","N","","","","","","","","","",""
"2022069562","1730","1","0","0","0","0","0","0","0","0","2","0","","02","7","2022","6","40.635976","-79.712452","1730","11","0","1","0","0","0","0","0","0","","0","0","0","","","2","","1","","40 38:09.512","2","0","79 42:44.828","3","0","0","0","2106","0","0","0","N","0","0","0","3","02106","0","","1.0","1810.0","1","N","N","N","0","","2","0","1","","2","N","","2","2","0","0","0","0","0","2","0","2","","","","N","","","","","","","","","",""
"2022075658","0440","2","0","0","0","0","0","0","0","0","4","0","","02","8","2022","7","40.468956","-79.901008","0433","11","0","0","0","0","0","0","0","0","","0","0","0","","","0","N","0","","40 28:08.240","","0","79 54:03.630","9","0","0","0","2301","0","0","0","N","0","0","0","1","02301","0","","2.0","","1","N","N","N","0","","0","0","0","","0","","","2","0","1","0","0","0","1","2","0","2","","","","N","","","","","","","","","",""
"2022095515","2333","2","0","0","0","0","0","0","0","0","1","0","","02","10","2022","7","40.472137","-79.930516","2329","11","0","0","0","0","0","0","0","0","","0","0","0","","","0","N","0","","40 28:19.694","","0","79 55:49.856","9","0","0","0","2301","0","0","0","N","0","0","0","1","02301","0","","6.0","","1","N","N","N","0","","0","0","0","","0","","","2","0","0","0","0","0","1","2","0","2","","03","","N","","","","","","","","","",""
"2022103549","0433","1","0","0","0","0","0","0","0","0","7","0","","02","11","2022","1","40.537388","-80.186044","0429","11","0","0","0","0","0","0","0","0","","0","0","0","","","0","N","5","","40 32:14.596","","0","80 11:09.757","0","0","0","0","2458","0","0","0","N","0","0","0","1","02458","0","","4.0","","1","N","N","N","0","","0","0","1","","0","","","2","0","0","0","0","0","0","2","0","2","","03","","N","","","","","","","","","",""