"CRN","ARRIVAL_TM","AUTOMOBILE_COUNT","BELTED_DEATH_COUNT","BELTED_SUSP_SERIOUS_INJ_COUNT","BICYCLE_COUNT","BICYCLE_DEATH_COUNT","BICYCLE_SUSP_SERIOUS_INJ_COUNT","BUS_COUNT","CHLDPAS_DEATH_COUNT","CHLDPAS_SUSP_SERIOUS_INJ_COUNT","COLLISION_TYPE","COMM_VEH_COUNT","CONS_ZONE_SPD_LIM","COUNTY","CRASH_MONTH","CRASH_YEAR","DAY_OF_WEEK","DEC_LATITUDE","DEC_LONGITUDE","DISPATCH_TM","DISTRICT","DRIVER_COUNT_16YR","DRIVER_COUNT_17YR","DRIVER_COUNT_18YR","DRIVER_COUNT_19YR","DRIVER_COUNT_20YR","DRIVER_COUNT_50_64YR","DRIVER_COUNT_65_74YR","DRIVER_COUNT_75PLUS","EST_HRS_CLOSED","FATAL_COUNT","HEAVY_TRUCK_COUNT","HORSE_BUGGY_COUNT","HOUR_OF_DAY","ILLUMINATION","INJURY_COUNT","INTERSECTION_RELATED","INTERSECT_TYPE","LANE_CLOSED","LATITUDE","LN_CLOSE_DIR","LOCATION_TYPE","LONGITUDE","MAX_SEVERITY_LEVEL","MCYCLE_DEATH_COUNT","MCYCLE_SUSP_SERIOUS_INJ_COUNT","MOTORCYCLE_COUNT","MUNICIPALITY","NONMOTR_COUNT","NONMOTR_DEATH_COUNT","NONMOTR_SUSP_SERIOUS_INJ_COUNT","NTFY_HIWY_MAINT","PED_COUNT","PED_DEATH_COUNT","PED_SUSP_SERIOUS_INJ_COUNT","PERSON_COUNT","POLICE_AGCY","POSSIBLE_INJ_COUNT","RDWY_SURF_TYPE_CD","RELATION_TO_ROAD","ROADWAY_CLEARED","ROAD_CONDITION","SCH_BUS_IND","SCH_ZONE_IND","SECONDARY_CRASH","SMALL_TRUCK_COUNT","SPEC_JURIS_CD","SUSP_MINOR_INJ_COUNT","SUSP_SERIOUS_INJ_COUNT","SUV_COUNT","TCD_FUNC_CD","TCD_TYPE","TFC_DETOUR_IND","TIME_OF_DAY","TOTAL_UNITS","TOT_INJ_COUNT","UNBELTED_OCC_COUNT","UNB_DEATH_COUNT","UNB_SUSP_SERIOUS_INJ_COUNT","UNK_INJ_DEG_COUNT","UNK_INJ_PER_COUNT","URBAN_RURAL","VAN_COUNT","VEHICLE_COUNT","WEATHER1","WEATHER2","WORKERS_PRES","WORK_ZONE_IND","WORK_ZONE_LOC","WORK_ZONE_TYPE","WZ_CLOSE_DETOUR","WZ_FLAGGER","WZ_LAW_OFFCR_IND","WZ_LN_CLOSURE","WZ_MOVING","WZ_OTHER","WZ_SHLDER_MDN","WZ_WORKERS_INJ_KILLED"
"2022111792","1511","1","0","0","0","0","0","0","0","0","4","0","","02","11","2022","1","40.490278","-80.045556","1459","11","0","0","0","0","0","0","0","0","","0","0","0","","","0","N","0","","40 29:25.000","2","0","80 02:44.000","0","0","0","0","2116","0","0","0","N","0","0","0","2","02116","0","","1.0","1547.0","9","N","N","N","0","","0","0","1","","0","N","","2","0","0","0","0","0","0","2","0","2","","07","","N","","","","","","","","","",""
"2022074070","2245","1","0","0","0","0","0","0","0","0","6","0","","02","8","2022","7","40.439313","-79.980699","2235","11","0","0","1","0","0","0","0","0","","0","0","0","","","0","N","0","","40 26:21.525","5","0","79 58:50.518","0","0","0","0","2301","0","0","0","N","0","0","0","7","02301","0","","1.0","2345.0","1","N","N","Y","0","","0","0","2","","0","Y","","3","0","0","0","0","0","0","2","0","3","","","","N","","","","","","","","","",""
"2022077395","0236","1","0","0","0","0","0","0","0","0","4","0","","02","8","2022","1","40.448917","-80.00072","0234","11","0","0","0","0","0","0","0","0","","0","0","0","","","0","","1","","40 26:56.102","","0","80 00:02.592","0","0","0","0","2301","0","0","0","N","0","0","0","2","02301","0","","1.0","","1","N","N","N","0","","0","0","1","","2","","","2","0","0","0","0","0","0","2","0","2","","","","N","","","","","","","","","",""
"2022084430","1645","0","0","0","0","0","0","0","0","0","1","0","","02","8","2022","1","40.4286","-79.9287","1645","11","0","0","0","0","0","1","0","0","","0","0","0","","","0","N","0","","40 25:42.961","","0","79 55:43.319","0","0","0","0","2301","0","0","0","N","0","0","0","5","68B03","0","","1.0","","1","N","N","Y","1","","0","0","2","","0","","","3","0","0","0","0","0","0","2","0","3","","","","N","","","","","","","","","",""
"2022072998","1157","2","0","0","0","0","0","0","0","0","2","0","","02","8","2022","4","40.513969","-79.843229","1157","11","0","0","0","0","0","0","0","1","","0","0","0","","","1","N","1","","40 30:50.288","2","0","79 50:35.623","3","0","0","0","2451","0","0","0","N","0","0","0","2","02451","0","","1.0","1237.0","1","N","N","N","0","","1","0","0","","3","N","","2","1","1","0","0","0","0","2","0","2","","04","","N","","","","","","","","","",""
"2022074531","1810","2","0","0","0","0","0","0","0","0","1","0","","02","8","2022","2","40.449631","-79.902583","1802","11","0","0","0","0","1","0","1","0","","0","0","0","","","2","","2","","40 26:58.671","1","0","79 54:09.297","4","0","0","0","2301","0","0","0","N","0","0","0","7","02301","2","","1.0","1925.0","9","N","N","N","1","","0","0","0","","0","Y","","3","2","0","0","0","0","0","2","0","3","","07","","N","","","","","","","","","",""
"2022075178","0704","0","0","0","0","0","0","0","0","0","7","0","","02","8","2022","5","40.489506","-80.196531","0700","11","0","0","0","0","0","0","0","0","","0","0","0","","","0","N","0","","40 29:22.220","","0","80 11:47.510","0","0","0","0","2213","0","0","0","N","0","0","0","1","02213","0","","5.0","","1","N","N","N","1","","0","0","0","","0","","","1","0","0","0","0","0","0","2","0","1","","03","","N","","","","","","","","","",""
"2022074152","1050","0","0","0","0","0","0","0","0","0","1","0","","02","8","2022","1","40.539167","-80.0775","1044","11","0","0","0","0","0","0","0","0","","0","0","0","","","1","N","0","","40 32:21.000","","0","80 04:39.000","8","0","0","0","2215","0","0","0","N","0","0","0","2","02215","0","","1.0","","1","N","N","N","1","","0","0","1","","0","","","2","1","0","0","0","1","0","2","0","2","","04","","N","","","","","","","","","",""
"2022113031","1300","1","0","0","0","0","0","0","0","0","7","0","","02","11","2022","1","40.364994","-80.003225","1257","11","1","0","0","0","0","0","0","0","","0","0","0","","","1","N","0","","40 21:53.980","","7","80 00:11.610","3","0","0","0","2476","0","0","0","N","0","0","0","1","02476","0","","4.0","","9","N","N","N","0","","1","0","0","","0","","","1","1","0","0","0","0","0","2","0","1","","07","","N","","","","","","","","","",""
"2022075168","1601","2","0","0","0","0","0","0","0","0","4","0","","02","8","2022","4","40.427386","-79.980691","1601","11","0","0","0","0","0","1","0","0","","0","0","0","","","2","N","1","","40 25:38.588","2","0","79 58:50.487","4","0","0","0","2301","0","0","0","N","0","0","0","2","02301","2","","1.0","1650.0","1","N","N","N","0","","0","0","0","","0","N","","2","2","0","0","0","0","0","2","0","2","","03","","N","","","","","","","","","",""
"2022076545","0055","0","0","0","0","0","0","0","0","0","7","0","","02","8","2022","2","40.393248","-79.81078","0051","11","0","0","0","0","0","0","0","0","","0","0","0","","","0","","5","","40 23:35.692","7","0","79 48:38.807","0","0","0","0","2479","0","0","0","N","0","0","0","1","02453","0","","2.0","147.0","1","N","N","N","0","","0","0","1","","0","Y","","1","0","1","0","0","0","0","2","0","1","","","","N","","","","","","","","","",""
"2022075687","1457","1","0","0","0","0","0","0","0","0","1","0","","02","8","2022","2","40.360944","-80.127528","1454","11","0","0","0","0","0","1","0","0","","0","0","0","","","0","","2","","40 21:39.400","","0","80 07:39.100","0","0","0","0","2119","0","0","0","N","0","0","0","2","02119","0","","1.0","","1","N","N","N","1","","0","0","0","","0","","","2","0","0","0","0","0","0","2","0","2","","03","","N","","","","","","","","","",""
"2022074216","1531","0","0","0","0","0","0","0","0","0","4","0","","02","8","2022","7","40.3475","-79.949056","1531","11","0","0","0","0","0","1","0","0","","0","0","0","","","0","Y","0","","40 20:51.000","","7","79 56:56.600","0","0","0","0","2473","0","0","0","N","0","0","0","2","02473","0","","1.0","","1","N","N","N","0","","0","0","2","","3","","","2","0","0","0","0","0","0","2","0","2","","03","","N","","","","","","","","","",""
"2022111375","1740","1","0","0","0","0","0","0","0","0","1","0","","02","11","2022","6","40.50394","-80.010078","1734","11","0","0","0","0","0","0","0","0","","0","0","0","","","0","N","0","","40 30:14.185","","0","80 00:36.279","0","0","0","0","2116","0","0","0","N","0","0","0","5","02116","0","","1.0","","1","N","N","N","0","","0","0","1","","0","","","2","0","0","0","0","0","0","2","0","2","","03","","N","","","","","","","","","",""
"2022075173","1610","1","0","0","0","0","0","0","0","0","4","0","","02","8","2022","4","40.460639","-79.947111","1555","11","0","0","0","0","0","2","0","0","","0","0","0","","","0","N","2","","40 27:38.300","6","0","79 56:49.600","0","0","0","0","2301","0","0","0","N","0","0","0","4","02301","0","","1.0","1644.0","1","N","N","N","0","","0","0","3","","3","N","","4","0","0","0","0","0","0","2","0","4","","03","","N","","","","","","","","","",""
"2022072952","0822","0","0","0","1","0","1","0","0","0","8","0","","02","8","2022","2","40.427512","-79.974716","0822","11","0","0","0","0","0","0","0","0","","0","0","0","","","1","N","1","","40 25:39.043","","0","79 58:28.977","2","0","0","0","2301","1","0","1","N","0","0","0","2","02301","0","","1.0","","1","N","N","N","1","","0","1","0","","2","","","2","1","0","0","0","0","0","2","0","1","","03","","N","","","","","","","","","",""
"2022113641","0036","0","0","0","0","0","0","0","0","0","7","0","","02","12","2022","6","40.345112","-79.84013","0034","11","0","0","0","0","1","0","0","0","","0","0","0","","","1","","1","","40 20:42.403","7","0","79 50:24.468","4","0","0","0","2304","0","0","0","N","0","0","0","1","02304","1","","5.0","122.0","1","N","N","N","0","","0","0","1","","0","Y","","1","1","0","0","0","0","0","2","0","1","","03","","N","","","","","","","","","",""
"2022075681","1615","1","0","0","0","0","0","0","0","0","4","0","","02","8","2022","2","40.437697","-79.770025","1606","11","0","0","0","0","0","1","0","0","","0","0","0","","","0","Y","0","","40 26:15.710","","0","79 46:12.090","0","0","0","0","2446","0","0","0","N","0","0","0","3","02446","0","","1.0","","1","N","N","N","0","","0","0","1","","0","","","2","0","0","0","0","0","0","2","0","2","","","","N","","","","","","","","","",""
"2022112640","1938","0","0","0","0","0","0","0","0","0","1","0","","02","11","2022","6","40.350703","-79.924567","1931","11","0","0","0","0","0","1","0","0","","0","0","0","","","1","","2","","40 21:02.529","","0","79 55:28.441","8","0","0","0","2473","0","0","0","N","0","0","0","3","02473","0","","1.0","","1","N","N","N","0","","0","0","2","","0","","","2","1","0","0","0","1","0","2","0","2","","03","","N","","","","","","","","","",""
"2022112039","1731","1","0","0","0","0","0","0","0","0","4","0","","02","11","2022","2","40.526014","-79.84271","1731","11","0","0","1","0","0","0","0","0","","0","0","0","","","0","","1","","40 31:33.650","3","0","79 50:33.755","0","0","0","0","2451","0","0","0","N","0","0","0","3","02451","0","","1.0","1811.0","1","N","N","Y","0","","0","0","2","","8","Y","","3","0","0","0","0","0","0","2","0","3","","03","","N","","","","","","","","","",""
"2022073574","1545","0","0","0","0","0","0","0","0","0","1","0","","02","8","2022","4","40.537794","-79.835173","1545","11","0","0","0","0","0","1","0","0","","0","0","0","","","1","N","0","","40 32:16.057","2","0","79 50:06.621","3","0","0","0","2208","0","0","0","N","0","0","0","2","02208","0","","1.0","1604.0","1","N","N","N","0","","1","0","2","","0","N","","2","1","0","0","0","0","0","2","0","2","","03","","N","","","","","","","","","",""
"2022074332","0157","2","0","0","0","0","0","0","0","0","4","0","","02","8","2022","2","40.410395","-80.015512","0153","11","0","0","0","0","0","0","0","0","","0","0","0","","","3","","2","","40 24:37.422","7","0","80 00:55.843","3","0","0","0","2301","0","0","0","N","0","0","0","3","02301","0","","9.0","306.0","1","N","N","N","0","","2","0","0","","9","Y","","2","3","2","0","0","1","0","2","0","2","","04","","N","","","","","","","","","",""
"2022112697","1903","1","0","0","0","0","0","0","0","0","1","0","","02","11","2022","6","40.419296","-80.103163","1855","11","0","0","0","0","1","0","0","0","","0","0","0","","","0","N","0","","40 25:09.465","","2","80 06:11.386","0","0","0","0","2115","0","0","0","N","0","0","0","2","68B03","0","","1.0","","1","N","N","N","0","","0","0","0","","0","","","2","0","0","0","0","0","0","2","0","2","","","","N","","","","","","","","","",""
"2022112950","1734","2","0","0","0","0","0","0","0","0","4","0","","02","2","2022","4","40.428255","-79.837255","1734","11","0","0","1","0","0","0","0","1","","0","0","0","","","0","N","0","","40 25:41.717","","0","79 50:14.119","0","0","0","0","2124","0","0","0","N","0","0","0","3","02124","0","","1.0","","1","N","N","N","0","","0","0","0","","0","","","2","0","0","0","0","0","0","2","0","2","","","","N","","","","","","","","","",""
"2022074142","1346","2","0","0","0","0","0","0","0","0","4","0","","02","8","2022","6","40.530546","-80.010868","1337","11","0","0","0","0","0","0","0","1","","0","0","0","","","0","N","0","","40 31:49.966","","7","80 00:39.124","0","0","0","0","2116","0","0","0","N","0","0","0","3","02116","0","","1.0","","1","N","N","N","0","","0","0","0","","0","","","3","0","0","0","0","0","0","2","1","3","","","","N","","","","","","","","","",""
"2022078060","1620","0","0","0","0","0","0","0","0","0","4","0","","02","8","2022","6","40.454218","-79.948539","1617","11","0","0","0","0","0","1","0","0","","0","0","0","","","0","","1","","40 27:15.186","3","0","79 56:54.741","0","0","0","0","2301","0","0","0","N","0","0","0","2","02301","0","","1.0","1645.0","1","N","N","N","2","","0","0","0","","2","Y","","2","0","0","0","0","0","0","2","0","2","","03","","N","","","","","","","","","",""
"2022112484","1559","1","0","0","0","0","0","0","0","0","1","0","","02","11","2022","4","40.549189","-79.960247","1551","11","0","0","0","0","0","0","1","1","","0","0","0","","","1","N","0","","40 32:57.082","6","0","79 57:36.888","3","0","0","0","2118","0","0","0","N","0","0","0","2","02118","0","","1.0","1646.0","1","N","N","N","0","","1","0","1","","0","Y","","2","1","1","0","0","0","0","2","0","2","","03","","N","","","","","","","","","",""
"2022112061","0944","0","0","0","0","0","0","0","0","0","1","0","","02","10","2022","4","40.432094","-80.023899","0923","11","0","0","0","0","0","0","0","0","","0","0","0","","","1","N","0","","40 25:55.539","3","0","80 01:26.035","3","0","0","0","2301","0","0","0","N","0","0","0","3","68B03","0","","1.0","1015.0","1","N","N","N","1","","1","0","2","","0","N","","3","1","0","0","0","0","0","2","0","3","","03","","N","","","","","","","","","",""
"2022110261","1504","2","0","0","0","0","0","0","0","0","4","1","","02","11","2022","2","40.336211","-79.97697","1457","11","0","0","0","0","0","1","1","0","","0","1","0","","","0","N","0","","40 20:10.361","3","0","79 58:37.093","9","0","0","0","2403","0","0","0","N","0","0","0","4","02403","0","","3.0","1551.0","1","N","N","N","0","","0","0","0","","2","Y","","3","0","0","0","0","0","1","2","0","3","","03","","N","","","","","","","","","",""
"2022073994","2045","2","0","0","0","0","0","0","0","0","1","0","90","02","8","2022","5","40.348199","-79.946776","2041","11","0","0","1","0","0","0","0","0","","0","0","0","","","2","N","0","","40 20:53.518","3","0","79 56:48.392","3","0","0","0","2473","0","0","0","N","0","0","0","3","02473","0","","1.0","2115.0","1","N","N","N","0","","2","0","1","","0","N","","3","2","0","0","0","0","0","2","0","3","","03","Y","Y","3","1","","","N","Y","Y","","Y","N"
"2022072478","1922","2","0","0","0","0","0","0","0","0","4","0","","02","8","2022","2","40.491319","-80.061051","1920","11","0","0","1","0","0","0","0","0","","0","0","0","","","2","N","0","","40 29:28.748","2","0","80 03:39.784","8","0","0","0","2404","0","0","0","N","0","0","0","3","02404","0","","1.0","1940.0","1","N","N","N","0","","0","0","0","","0","N","","2","2","1","0","0","2","0","2","0","2","","03","","N","","","","","","","","","",""
"2022074133","1410","0","0","0","0","0","0","0","0","0","8","0","","02","8","2022","7","40.486636","-79.890652","1357","11","0","0","0","0","0","0","0","0","","0","0","0","","","1","N","0","","40 29:11.889","","7","79 53:26.348","3","0","0","0","2301","1","0","0","N","1","0","0","2","02301","0","","1.0","","1","N","N","N","0","","1","0","1","","0","","","2","1","0","0","0","0","0","2","0","1","","03","","N","","","","","","","","","",""
"2022074161","1200","2","0","0","0","0","0","0","0","0","4","0","","02","8","2022","1","40.461344","-80.151639","1200","11","0","0","1","0","0","0","0","1","","0","0","0","","","1","","2","","40 27:40.840","6","0","80 09:05.900","8","0","0","0","2115","0","0","0","N","0","0","0","2","02115","0","","1.0","1245.0","1","N","N","N","0","","0","0","0","","3","N","","2","1","0","0","0","1","0","2","0","2","","","","N","","","","","","","","","",""
"2022113574","1008","0","0","0","0","0","0","0","0","0","1","1","","02","11","2022","4","40.428184","-79.927681","0941","11","0","0","0","0","0","2","0","0","","0","0","0","","","0","N","0","","40 25:41.462","","4","79 55:39.650","0","0","0","0","2301","0","0","0","N","0","0","0","3","68B03","0","","1.0","","9","N","N","N","0","","0","0","1","","8","","","2","0","0","0","0","0","0","2","1","2","","","","N","","","","","","","","","",""
"2022112448","0001","1","0","0","0","0","0","0","0","0","7","0","","02","11","2022","7","40.429529","-79.816176","0001","11","0","0","0","0","0","0","0","0","","0","0","0","","","0","","2","","40 25:46.305","","0","79 48:58.233","0","0","0","0","2124","0","0","0","N","0","0","0","1","02124","0","","2.0","","9","N","N","N","0","","0","0","0","","0","","","1","0","0","0","0","0","0","2","0","1","","","","N","","","","","","","","","",""
"2022074078","0031","0","0","0","0","0","0","0","0","0","0","0","","02","8","2022","7","40.441456","-80.036086","0031","11","0","0","0","0","0","1","0","0","","0","0","0","","","0","N","0","","40 26:29.240","7","0","80 02:09.910","0","0","0","0","2301","0","0","0","N","0","0","0","3","02301","0","","1.0","118.0","1","N","N","N","0","","0","0","1","","0","Y","","1","0","0","0","0","0","0","2","0","1","","03","","N","","","","","","","","","",""
"2022058594","1620","1","0","0","0","0","0","0","0","0","7","0","","02","6","2022","6","40.478439","-80.0206","1618","11","0","0","0","0","0","1","0","0","","0","0","0","","","2","N","0","","40 28:42.380","","0","80 01:14.160","8","0","0","0","2301","0","0","0","N","0","0","0","2","02301","0","","2.0","","1","N","N","N","0","","0","0","0","","0","","","1","2","1","0","0","2","0","2","0","1","","03","","N","","","","","","","","","",""
"2022099830","0710","0","0","0","0","0","0","0","0","0","1","0","","02","10","2022","5","40.590183","-79.774549","0708","11","0","0","0","0","0","0","0","0","","0","0","0","","","0","N","0","","40 35:24.659","","0","79 46:28.375","0","0","0","0","2104","0","0","0","N","0","0","0","3","68D02","0","","1.0","","2","N","N","N","0","","0","0","3","","0","","","3","0","0","0","0","0","0","1","0","3","","03","","N","","","","","","","","","",""
"2022074985","0527","0","0","0","0","0","0","0","0","0","2","0","","02","8","2022","3","40.561291","-79.855204","0523","11","0","0","0","0","0","0","0","0","","0","0","0","","","0","N","0","","40 33:40.646","3","0","79 51:18.736","0","0","0","0","2209","0","0","0","N","0","0","0","2","02209","0","","1.0","615.0","1","N","N","N","1","","0","0","1","","0","N","","2","0","0","0","0","0","0","2","0","2","","","","N","","","","","","","","","",""
"2022060352","2111","1","0","0","0","0","0","0","0","0","7","0","","02","6","2022","4","40.349139","-80.163111","2107","11","0","0","0","0","0","0","0","0","","0","0","0","","","2","","2","","40 20:56.900","6","0","80 09:47.200","8","0","0","0","2119","0","0","0","N","0","0","0","2","02119","0","","5.0","2255.0","1","N","N","N","0","","0","0","0","","0","Y","","1","2","2","0","0","2","0","2","0","1","","03","","N","","","","","","","","","",""
"2022111720","0801","1","0","0","0","0","0","0","0","0","5","1","","02","10","2022","6","40.438875","-79.861912","0730","11","0","0","0","0","0","0","1","0","","0","1","0","","","1","N","0","","40 26:19.951","3","0","79 51:42.883","3","0","0","0","2419","0","0","0","N","0","0","0","2","68B03","0","","1.0","830.0","1","N","N","N","0","","1","0","0","","0","N","","2","1","0","0","0","0","0","2","0","2","","","","N","","","","","","","","","",""
"2022061207","0740","1","0","0","0","0","0","0","0","0","5","0","","02","7","2022","6","40.458056","-80.002528","0738","11","0","0","0","0","0","0","0","0","","0","0","0","","","1","N","0","","40 27:29.000","4","0","80 00:09.100","4","0","0","1","2301","0","0","0","N","0","0","0","2","02301","1","","1.0","750.0","1","N","N","N","0","","0","0","0","","0","N","","2","1","0","0","0","0","1","2","0","2","","03","","N","","","","","","","","","",""
"2022109662","0010","0","0","0","0","0","0","0","0","0","7","0","","02","11","2022","1","40.45118","-79.995054","0010","11","0","0","0","0","0","0","0","0","","0","0","0","","","0","N","6","","40 27:04.249","","2","79 59:42.193","0","0","0","0","2301","0","0","0","N","0","0","0","1","02301","0","","2.0","","1","N","N","N","1","","0","0","0","","0","","","1","0","0","0","0","0","0","2","0","1","","03","","N","","","","","","","","","",""
"2022114875","1428","0","0","0","0","0","0","0","0","0","1","0","","02","11","2022","6","40.432509","-79.960849","1403","11","0","0","0","0","0","0","0","0","","0","0","0","","","0","N","0","","40 25:57.032","3","0","79 57:39.057","0","0","0","0","2301","0","0","0","N","0","0","0","2","68B03","0","","1.0","1506.0","9","N","N","N","2","","0","0","0","","0","N","","2","0","0","0","0","0","0","2","0","2","","","","N","","","","","","","","","",""
"2022070061","2000","0","0","0","0","0","0","0","0","0","5","0","","02","6","2022","7","40.428222","-79.992222","1946","11","0","0","0","0","0","0","0","0","","0","0","0","","","0","N","0","","40 25:41.600","","0","79 59:32.000","9","0","0","0","2301","0","0","0","N","0","0","0","1","02301","0","","1.0","","1","N","N","Y","0","","0","0","3","","0","","","3","0","0","0","0","0","1","2","0","3","","03","","N","","","","","","","","","",""
"2022079419","1631","0","0","0","0","0","0","0","0","0","4","0","","02","8","2022","5","40.366693","-80.014401","1631","11","1","0","0","0","0","1","0","0","","0","0","0","","","1","","1","","40 22:00.093","2","0","80 00:51.844","3","0","0","0","2416","0","0","0","N","0","0","0","3","02416","0","","1.0","1730.0","1","N","N","N","0","","1","0","2","","2","N","","2","1","0","0","0","0","0","2","0","2","","03","","N","","","","","","","","","",""
"2022111450","0923","2","0","0","0","0","0","0","0","0","1","0","","02","11","2022","7","40.465666","-79.832172","0920","11","0","0","0","0","0","2","0","0","","0","0","0","","","1","","2","","40 27:56.396","4","0","79 49:55.820","3","0","0","0","2113","0","0","0","N","0","0","0","3","02113","0","","1.0","1001.0","1","N","N","N","1","","1","0","0","","2","N","","3","1","0","0","0","0","0","2","0","3","","03","","N","","","","","","","","","",""
"2022097590","0925","0","0","0","0","0","0","0","0","0","2","1","","02","10","2022","6","40.580505","-80.019918","0918","11","0","0","0","0","0","0","0","0","","0","1","0","","","1","","2","","40 34:49.817","","0","80 01:11.704","3","0","0","0","2108","0","0","0","N","0","0","0","2","02108","0","","1.0","","1","N","N","N","0","","1","0","1","","0","","","2","1","0","0","0","0","0","2","0","2","","03","","N","","","","","","","","","",""
"2022098761","1425","2","0","0","0","0","0","0","0","0","4","0","","02","10","2022","2","40.427346","-79.695495","1427","11","0","0","0","0","0","0","0","0","","0","0","0","","","1","N","0","","40 25:38.445","","7","79 41:43.782","3","0","0","0","2446","0","0","0","N","0","0","0","2","02446","0","","1.0","","1","N","N","N","0","","1","0","0","","0","","","2","1","0","0","0","0","0","2","0","2","","","","N","","","","","","","","","",""
"2022105996","1401","1","0","0","0","0","0","0","0","0","4","0","","02","11","2022","6","40.332438","-79.946056","1358","11","0","0","0","0","0","1","0","0","","0","0","0","","","1","N","0","","40 19:56.776","2","7","79 56:45.801","3","0","0","0","2454","0","0","0","N","0","0","0","2","02454","0","","1.0","1425.0","9","N","N","N","1","","1","0","0","","2","N","","2","1","0","0","0","0","0","2","0","2","","07","","N","","","","","","","","","",""
"2022058674","1929","0","0","0","0","0","0","0","0","0","4","0","","02","6","2022","6","40.457404","-79.896284","1928","11","0","0","0","0","0","0","0","0","","0","0","0","","","0","","1","","40 27:26.654","","0","79 53:46.622","9","0","0","0","2301","0","0","0","N","0","0","0","2","02301","0","","1.0","","1","N","N","N","0","","0","0","1","","0","","","2","0","1","0","0","0","1","2","0","2","","03","","N","","","","","","","","","",""
"2022078034","1543","0","0","0","0","0","0","0","0","0","0","0","","02","8","2022","6","40.509028","-79.946162","1538","11","0","0","0","0","0","0","0","0","","0","0","0","","","1","N","0","","40 30:32.502","2","0","79 56:46.182","3","0","0","1","2118","0","0","0","N","0","0","0","1","02118","0","","1.0","1609.0","1","N","N","N","0","","1","0","0","","0","N","","1","1","0","0","0","0","0","2","0","1","","03","","N","","","","","","","","","",""
"2022097587","2130","2","0","0","0","0","0","0","0","0","1","0","","02","10","2022","2","40.332422","-79.933883","2126","11","0","0","0","0","0","0","1","0","","0","0","0","","","2","","1","","40 19:56.719","7","0","79 56:01.978","8","0","0","0","2473","0","0","0","N","0","0","0","3","02473","0","","1.0","2230.0","1","N","N","N","0","","0","0","0","","2","Y","","2","2","0","0","0","2","0","2","0","2","","03","","N","","","","","","","","","",""
"2022042488","1512","1","0","0","0","0","0","0","0","0","5","0","","02","4","2022","2","40.383211","-79.977059","1508","11","0","0","0","0","0","1","0","0","","0","0","0","","","0","N","0","","40 22:59.560","1","0","79 58:37.411","0","0","0","0","2413","0","0","0","N","0","0","0","2","02413","0","","1.0","1603.0","9","N","N","N","1","","0","0","0","","0","N","","2","0","0","0","0","0","0","2","0","2","","","","N","","","","","","","","","",""
"2022075676","1450","0","0","0","0","0","0","0","0","0","7","0","","02","8","2022","4","40.45735","-79.819196","1447","11","0","0","0","0","0","0","0","0","","0","0","0","","","0","N","0","","40 27:26.460","5","7","79 49:09.107","0","0","0","0","2113","0","0","0","N","0","0","0","1","02113","0","","5.0","1600.0","1","N","N","N","1","","0","0","0","","0","N","","1","0","0","0","0","0","0","2","0","1","","","","N","","","","","","","","","",""
"2022100173","1042","0","0","0","0","0","0","0","0","0","5","0","","02","10","2022","7","40.420546","-80.049172","1027","11","0","0","0","0","0","0","1","0","","0","0","0","","","0","N","0","","40 25:13.966","","0","80 02:57.018","9","0","0","0","2435","0","0","0","N","0","0","0","2","68B03","0","","1.0","","1","N","N","N","0","","0","0","1","","0","","","2","0","0","0","0","0","1","2","0","2","","","","N","","","","","","","","","",""
"2022062203","1810","1","0","0","0","0","0","0","0","0","4","0","","02","7","2022","6","40.519734","-79.939296","1803","11","0","0","0","0","0","1","1","0","","0","0","0","","","0","N","0","","40 31:11.041","","0","79 56:21.465","0","0","0","0","2118","0","0","0","N","0","0","0","2","02118","0","","1.0","","1","N","N","N","0","","0","0","1","","0","","","2","0","0","0","0","0","0","2","0","2","","03","","N","","","","","","","","","",""
"2022069732","2120","0","0","0","0","0","0","0","0","0","4","0","","02","7","2022","6","40.487498","-79.882951","2115","11","1","0","0","0","0","1","0","0","","0","0","0","","","0","","1","","40 29:14.994","","0","79 52:58.625","0","0","0","0","2112","0","0","0","N","0","0","0","4","02112","0","","1.0","","1","N","N","N","0","","0","0","2","","2","","","2","0","0","0","0","0","0","2","0","2","","","","N","","","","","","","","","",""
"2022059514","1950","0","0","0","0","0","0","0","0","0","0","0","","02","6","2022","2","40.4605","-80.248917","1948","11","0","0","0","0","0","1","0","0","","0","0","0","","","1","N","0","","40 27:37.800","5","0","80 14:56.100","8","0","0","1","2203","0","0","0","N","0","0","0","1","02203","0","","1.0","2007.0","1","N","N","N","0","","0","0","0","","0","N","","1","1","0","0","0","1","0","2","0","1","","","","N","","","","","","","","","",""
"2022099361","1110","1","0","0","0","0","0","0","0","0","4","0","","02","10","2022","4","40.340294","-79.967313","1106","11","0","0","0","0","0","0","1","0","","0","0","0","","","1","","2","","40 20:25.057","6","0","79 58:02.326","8","0","0","0","2454","0","0","0","N","0","0","0","2","02454","0","","1.0","1152.0","9","N","N","N","0","","0","0","0","","2","N","","2","1","0","0","0","1","0","2","1","2","","","","N","","","","","","","","","",""