"CRN","ARRIVAL_TM","AUTOMOBILE_COUNT","BELTED_DEATH_COUNT","BELTED_SUSP_SERIOUS_INJ_COUNT","BICYCLE_COUNT","BICYCLE_DEATH_COUNT","BICYCLE_SUSP_SERIOUS_INJ_COUNT","BUS_COUNT","CHLDPAS_DEATH_COUNT","CHLDPAS_SUSP_SERIOUS_INJ_COUNT","COLLISION_TYPE","COMM_VEH_COUNT","CONS_ZONE_SPD_LIM","COUNTY","CRASH_MONTH","CRASH_YEAR","DAY_OF_WEEK","DEC_LATITUDE","DEC_LONGITUDE","DISPATCH_TM","DISTRICT","DRIVER_COUNT_16YR","DRIVER_COUNT_17YR","DRIVER_COUNT_18YR","DRIVER_COUNT_19YR","DRIVER_COUNT_20YR","DRIVER_COUNT_50_64YR","DRIVER_COUNT_65_74YR","DRIVER_COUNT_75PLUS","EST_HRS_CLOSED","FATAL_COUNT","HEAVY_TRUCK_COUNT","HORSE_BUGGY_COUNT","HOUR_OF_DAY","ILLUMINATION","INJURY_COUNT","INTERSECTION_RELATED","INTERSECT_TYPE","LANE_CLOSED","LATITUDE","LN_CLOSE_DIR","LOCATION_TYPE","LONGITUDE","MAX_SEVERITY_LEVEL","MCYCLE_DEATH_COUNT","MCYCLE_SUSP_SERIOUS_INJ_COUNT","MOTORCYCLE_COUNT","MUNICIPALITY","NONMOTR_COUNT","NONMOTR_DEATH_COUNT","NONMOTR_SUSP_SERIOUS_INJ_COUNT","NTFY_HIWY_MAINT","PED_COUNT","PED_DEATH_COUNT","PED_SUSP_SERIOUS_INJ_COUNT","PERSON_COUNT","POLICE_AGCY","POSSIBLE_INJ_COUNT","RDWY_SURF_TYPE_CD","RELATION_TO_ROAD","ROADWAY_CLEARED","ROAD_CONDITION","SCH_BUS_IND","SCH_ZONE_IND","SECONDARY_CRASH","SMALL_TRUCK_COUNT","SPEC_JURIS_CD","SUSP_MINOR_INJ_COUNT","SUSP_SERIOUS_INJ_COUNT","SUV_COUNT","TCD_FUNC_CD","TCD_TYPE","TFC_DETOUR_IND","TIME_OF_DAY","TOTAL_UNITS","TOT_INJ_COUNT","UNBELTED_OCC_COUNT","UNB_DEATH_COUNT","UNB_SUSP_SERIOUS_INJ_COUNT","UNK_INJ_DEG_COUNT","UNK_INJ_PER_COUNT","URBAN_RURAL","VAN_COUNT","VEHICLE_COUNT","WEATHER1","WEATHER2","WORKERS_PRES","WORK_ZONE_IND","WORK_ZONE_LOC","WORK_ZONE_TYPE","WZ_CLOSE_DETOUR","WZ_FLAGGER","WZ_LAW_OFFCR_IND","WZ_LN_CLOSURE","WZ_MOVING","WZ_OTHER","WZ_SHLDER_MDN","WZ_WORKERS_INJ_KILLED"
"2022094275","","1","0","0","0","0","0","0","0","0","7","0","","02","10","2022","1","40.457667","-79.819806","","11","0","0","0","0","0","0","0","0","","0","0","0","","","0","N","0","","40 27:27.600","","0","79 49:11.300","0","0","0","0","2113","0","0","0","N","0","0","0","1","00000","0","","4.0","","1","","","N","0","","0","0","0","","0","","","1","0","1","0","0","0","0","2","0","1","","","","N","","","","","","","","","",""
"2022069276","1855","2","0","0","0","0","0","0","0","0","1","0","","02","7","2022","5","40.438306","-80.005929","1845","11","0","0","0","0","0","0","0","0","","0","0","0","","","0","","2","","40 26:17.901","3","0","80 00:21.344","0","0","0","0","2301","0","0","0","N","0","0","0","2","02301","0","","1.0","1910.0","1","N","N","N","0","","0","0","0","","2","N","","2","0","0","0","0","0","0","2","0","2","","03","","N","","","","","","","","","",""
"2022059910","2238","0","0","0","0","0","0","0","0","0","1","0","","02","6","2022","3","40.52991","-79.771429","2233","11","0","0","0","0","0","0","0","0","","0","0","0","","","0","","2","","40 31:47.676","1","0","79 46:17.145","0","0","0","0","2466","0","0","0","N","0","0","0","5","02466","0","","1.0","2330.0","1","N","N","N","0","","0","0","2","","3","N","","2","0","0","0","0","0","0","1","0","2","","03","","N","","","","","","","","","",""
"2022061318","1636","1","0","0","0","0","0","0","0","0","4","0","","02","7","2022","6","40.581331","-79.778838","1622","11","0","0","0","0","0","1","0","0","","0","0","0","","","0","","1","","40 34:52.791","","0","79 46:43.816","0","0","0","0","2104","0","0","0","N","0","0","0","2","02514","0","","1.0","","1","N","N","N","0","","0","0","1","","0","","","2","0","0","0","0","0","0","2","0","2","","03","","N","","","","","","","","","",""
"2022113016","1526","1","0","0","0","0","0","0","0","0","4","0","","02","11","2022","4","40.455031","-79.94515","1523","11","0","0","0","0","0","0","0","0","","0","0","0","","","0","N","1","","40 27:18.112","4","0","79 56:42.541","0","0","0","0","2301","0","0","0","N","0","0","0","3","02301","0","","1.0","35.0","1","N","N","N","0","","0","0","1","","2","N","","2","0","0","0","0","0","0","2","0","2","","03","","N","","","","","","","","","",""
"2022059303","0741","1","0","0","0","0","0","0","0","0","6","0","","02","6","2022","2","40.322833","-79.801083","0736","11","0","0","0","0","0","0","0","0","","0","0","0","","","0","N","0","","40 19:22.200","5","0","79 48:03.900","0","0","0","0","2477","0","0","0","N","0","0","0","2","02477","0","","1.0","809.0","1","N","N","N","0","","0","0","1","","0","N","","2","0","0","0","0","0","0","2","0","2","","","","N","","","","","","","","","",""
"2022106014","1105","2","0","0","0","0","0","0","0","0","4","0","","02","11","2022","7","40.464721","-79.82997","1056","11","0","0","0","0","0","0","0","0","","0","0","0","","","0","N","0","","40 27:52.994","","7","79 49:47.893","0","0","0","0","2113","0","0","0","N","0","0","0","2","02113","0","","1.0","","1","N","N","N","0","","0","0","0","","0","","","2","0","0","0","0","0","0","2","0","2","","","","N","","","","","","","","","",""
"2022100311","1406","2","0","0","0","0","0","0","0","0","6","0","","02","10","2022","1","40.363364","-79.964153","1401","11","0","0","0","0","0","0","0","0","","0","0","0","","","0","N","0","","40 21:48.110","","0","79 57:50.950","0","0","0","0","2403","0","0","0","N","0","0","0","2","02403","0","","1.0","","1","N","N","N","0","","0","0","0","","0","","","2","0","0","0","0","0","0","2","0","2","","03","","N","","","","","","","","","",""
"2022064646","2248","1","0","0","0","0","0","0","0","0","4","0","","02","6","2022","4","40.427037","-80.022623","2241","11","1","0","0","0","0","0","0","0","","0","0","0","","","1","N","0","","40 25:37.334","2","0","80 01:21.442","3","0","0","0","2301","0","0","0","N","0","0","0","6","02301","0","","1.0","2320.0","1","N","N","N","0","","1","0","1","","0","Y","","2","1","1","0","0","0","0","2","0","2","","03","","N","","","","","","","","","",""
"2022073157","1346","1","0","0","0","0","0","0","0","0","5","0","55","02","7","2022","5","40.5506","-80.119222","1333","11","0","0","0","0","0","1","0","0","","0","0","0","","","0","","6","","40 33:02.160","","2","80 07:09.199","0","0","0","0","2460","0","0","0","N","0","0","0","3","68B03","0","","1.0","","9","N","N","N","0","","0","0","1","","3","","","2","0","0","0","0","0","0","2","0","2","","","N","Y","8","1","","","N","","","Y","","N"
"2022098954","1045","2","0","0","0","0","0","0","0","0","4","0","","02","10","2022","1","40.344797","-79.961179","1042","11","0","0","0","0","0","0","0","1","","0","0","0","","","0","","1","","40 20:41.268","3","0","79 57:40.244","0","0","0","0","2473","0","0","0","N","0","0","0","4","02473","0","","1.0","1138.0","1","N","N","Y","0","","0","0","1","","0","Y","","3","0","0","0","0","0","0","2","0","3","","03","","N","","","","","","","","","",""
"2022114919","1030","1","0","0","0","0","0","0","0","0","7","0","","02","11","2022","1","40.439534","-80.009827","1010","11","0","0","0","1","0","0","0","0","","0","0","0","","","0","N","0","","40 26:22.322","3","0","80 00:35.377","0","0","0","0","2301","0","0","0","Y","0","0","0","1","68B03","0","","4.0","1025.0","9","N","N","N","0","","0","0","0","","0","N","","1","0","0","0","0","0","0","2","0","1","","07","","N","","","","","","","","","",""
"2022069431","1405","1","0","0","0","0","0","0","0","0","4","0","","02","7","2022","5","40.412361","-79.910694","1358","11","0","0","0","0","0","0","0","2","","0","0","0","","","2","N","0","","40 24:44.500","","7","79 54:38.500","3","0","0","0","2438","0","0","0","N","0","0","0","2","02438","0","","1.0","","1","N","N","N","0","","2","0","1","","3","","","2","2","0","0","0","0","0","2","0","2","","","","N","","","","","","","","","",""
"2022098925","0930","0","0","0","0","0","0","0","0","0","7","1","","02","10","2022","3","40.439306","-79.996556","0929","11","0","0","0","0","0","0","0","0","","0","0","0","","","0","N","0","","40 26:21.500","3","0","79 59:47.600","0","0","0","0","2301","0","0","0","N","0","0","0","2","02301","0","","2.0","1015.0","1","N","N","N","0","","0","0","0","","0","N","","1","0","0","0","0","0","0","2","1","1","","","","N","","","","","","","","","",""
"2022097925","1836","1","0","0","0","0","0","0","0","0","4","0","","02","10","2022","6","40.361154","-79.905694","1831","11","0","0","0","0","0","0","1","0","","0","0","0","","","0","N","3","","40 21:40.156","6","0","79 54:20.499","0","0","0","0","2473","0","0","0","N","0","0","0","2","02473","0","","1.0","1845.0","1","N","N","N","0","","0","0","1","","3","N","","2","0","0","0","0","0","0","2","0","2","","03","","N","","","","","","","","","",""
"2022112965","1808","0","0","0","0","0","0","0","0","0","8","0","","02","11","2022","7","40.306225","-79.935014","1805","11","0","0","0","0","0","0","0","0","","1","0","0","","","0","N","0","","40 18:22.411","5","0","79 56:06.049","1","0","0","0","2440","1","1","0","N","1","1","0","2","02440","0","2","1.0","2002.0","1","N","N","N","0","0","0","0","1","","0","Y","","2","0","0","0","0","0","0","2","0","1","","03","","N","","","","","","","","","",""
"2022106683","0823","1","0","0","0","0","0","0","0","0","0","0","","02","11","2022","2","40.482264","-79.723203","0816","11","0","0","0","0","0","0","0","0","","0","0","0","","","0","N","0","","40 28:56.151","7","0","79 43:23.532","0","0","0","0","2466","0","0","0","N","0","0","0","2","02466","0","","1.0","900.0","1","N","N","N","0","","0","0","0","","0","Y","","1","0","0","0","0","0","0","2","0","1","","","","N","","","","","","","","","",""
"2022072069","2125","2","0","0","0","0","0","0","0","0","4","0","","02","8","2022","1","40.445468","-79.977884","2120","11","0","0","0","0","0","0","0","0","","0","0","0","","","2","N","2","","40 26:43.684","","0","79 58:40.382","3","0","0","0","2301","0","0","0","N","0","0","0","2","02301","0","","1.0","","1","N","N","Y","0","","2","0","0","","3","","","2","2","0","0","0","0","0","2","0","2","","","","N","","","","","","","","","",""
"2022060537","1900","0","0","0","0","0","0","0","0","0","8","0","","02","6","2022","2","40.46075","-79.933472","1900","11","0","0","0","0","0","0","0","0","","0","0","0","","","1","N","0","","40 27:38.700","","0","79 56:00.500","8","0","0","0","2301","1","0","0","N","1","0","0","2","02301","0","","1.0","","1","N","N","N","0","","0","0","0","","0","","","2","1","0","0","0","1","0","2","1","1","","03","","N","","","","","","","","","",""
"2022102443","1215","0","0","0","0","0","0","0","0","0","2","0","","02","11","2022","5","40.656699","-79.95572","1213","11","0","0","0","0","0","0","0","0","","0","0","0","","","0","","2","","40 39:24.117","7","0","79 57:20.592","0","0","0","0","2217","0","0","0","N","0","0","0","2","02505","0","","1.0","1248.0","1","N","Y","N","1","","0","0","0","","0","N","","2","0","0","0","0","0","0","2","1","2","","03","","N","","","","","","","","","",""
"2022075547","2240","0","0","0","0","0","0","0","0","0","7","0","","02","7","2022","7","40.417583","-79.985278","2234","11","0","0","0","0","1","0","0","0","","0","0","0","","","0","N","2","","40 25:03.300","","0","79 59:07.000","0","0","0","0","2301","0","0","0","N","0","0","0","2","02301","0","","2.0","","1","N","N","N","0","","0","0","1","","3","","","1","0","0","0","0","0","0","2","0","1","","","","N","","","","","","","","","",""
"2022073962","1110","0","0","0","1","0","0","0","0","0","8","0","","02","8","2022","7","40.450111","-80.015917","1054","11","0","0","0","0","0","0","0","0","","0","0","0","","","1","N","2","","40 27:00.400","","0","80 00:57.300","3","0","0","0","2301","1","0","0","N","0","0","0","2","02301","0","","1.0","","1","N","N","N","0","","1","0","1","","0","","","2","1","0","0","0","0","0","2","0","1","","","","N","","","","","","","","","",""
"2022060331","1828","2","0","0","0","0","0","0","0","0","1","0","","02","6","2022","7","40.326816","-80.047737","1826","11","0","0","0","0","0","1","0","0","","0","0","0","","","1","N","0","","40 19:36.536","","0","80 02:51.854","3","0","0","0","2407","0","0","0","Y","0","0","0","1","02407","0","","2.0","","1","N","N","N","0","","1","0","0","","0","","","2","1","0","0","0","0","0","2","0","2","","","","N","","","","","","","","","",""
"2022058599","1809","1","0","0","0","0","0","0","0","0","4","0","","02","6","2022","6","40.441667","-80.240333","1806","11","0","0","0","0","0","0","0","1","","0","0","0","","","1","","1","","40 26:30.000","","0","80 14:25.200","3","0","0","0","2214","0","0","0","Y","0","0","0","2","02214","0","","1.0","","1","N","N","N","1","","1","0","0","","3","","","2","1","0","0","0","0","0","2","0","2","","","","N","","","","","","","","","",""
"2022107139","1943","1","0","0","0","0","0","0","0","0","7","0","","02","11","2022","6","40.553111","-80.086352","1920","11","0","0","0","0","0","0","0","0","","0","0","0","","","0","N","0","","40 33:11.200","2","0","80 05:10.866","0","0","0","0","2215","0","0","0","Y","0","0","0","2","68B03","0","","2.0","2015.0","9","N","N","N","0","","0","0","0","","0","N","","1","0","0","0","0","0","0","2","0","1","","","","N","","","","","","","","","",""
"2022068665","0905","1","0","0","0","0","0","0","0","0","2","0","","02","7","2022","3","40.461667","-79.922083","0905","11","0","0","0","0","0","0","0","0","","0","0","0","","","0","N","1","","40 27:42.000","","0","79 55:19.500","0","0","0","0","2301","0","0","0","N","0","0","0","2","02301","0","","1.0","","1","N","N","N","0","","0","0","1","","2","","","2","0","0","0","0","0","0","2","0","2","","","","N","","","","","","","","","",""
"2022074192","1718","0","0","0","0","0","0","0","0","0","7","0","","02","8","2022","7","40.260472","-79.825083","1710","11","0","0","0","0","0","0","0","0","","0","0","0","","","0","N","0","","40 15:37.700","6","0","79 49:30.300","0","0","0","0","2105","0","0","0","N","0","0","0","1","02105","0","","4.0","1844.0","1","N","N","N","0","","0","0","1","","0","Y","","1","0","0","0","0","0","0","2","0","1","","03","","N","","","","","","","","","",""
"2022069360","0013","1","0","0","0","0","0","0","0","0","7","0","","02","7","2022","6","40.43334","-80.003089","0010","11","0","0","0","0","0","0","0","0","","0","0","0","","","0","N","0","","40 26:00.025","1","3","80 00:11.122","0","0","0","0","2301","0","0","0","N","0","0","0","1","02301","0","","3.0","41.0","1","N","N","N","0","","0","0","0","","0","N","","1","0","0","0","0","0","0","2","0","1","","03","","N","","","","","","","","","",""
"2022114072","0646","1","0","0","0","0","0","0","0","0","1","0","","02","11","2022","2","40.476371","-80.041158","0642","11","0","0","0","0","0","1","0","0","","0","0","0","","","1","N","0","","40 28:34.937","2","0","80 02:28.169","3","0","0","0","2301","0","0","0","N","0","0","0","2","02301","0","","1.0","715.0","9","N","N","Y","0","","1","0","0","","0","N","","2","1","0","0","0","0","0","2","1","2","","","","N","","","","","","","","","",""
"2022073251","1805","1","0","0","0","0","0","0","0","0","1","0","","02","8","2022","4","40.613634","-79.947345","1800","11","1","0","0","0","0","1","0","0","","0","0","0","","","0","N","0","","40 36:49.083","1","0","79 56:50.442","0","0","0","0","2207","0","0","0","N","0","0","0","2","02207","0","","1.0","1840.0","1","N","N","N","0","","0","0","1","","0","N","","2","0","0","0","0","0","0","2","0","2","","03","","N","","","","","","","","","",""
"2022067770","1855","0","0","0","0","0","0","0","0","0","5","0","","02","7","2022","1","40.399787","-79.935757","1855","11","0","0","0","0","0","1","0","0","","0","0","0","","","1","N","0","","40 23:59.233","2","3","79 56:08.725","3","0","0","1","2301","0","0","0","N","0","0","0","3","02301","0","","1.0","1920.0","1","N","N","N","0","","1","0","1","","0","N","","2","1","0","0","0","0","0","2","0","2","","","","N","","","","","","","","","",""
"2022059705","1653","0","0","0","0","0","0","0","0","0","1","0","","02","6","2022","3","40.520889","-80.014389","1652","11","0","0","0","0","0","1","0","0","","0","0","0","","","0","","2","","40 31:15.200","2","0","80 00:51.800","0","0","0","0","2116","0","0","0","N","0","0","0","2","02116","0","","1.0","1700.0","1","N","N","N","0","","0","0","2","","0","N","","2","0","0","0","0","0","0","2","0","2","","","","N","","","","","","","","","",""
"2022105781","1720","0","0","0","0","0","0","0","0","0","1","0","","02","11","2022","6","40.427487","-80.052515","1719","11","0","0","0","0","0","1","0","0","","0","0","0","","","1","N","0","","40 25:38.954","2","0","80 03:09.055","3","0","0","0","2435","0","0","0","N","0","0","0","2","02435","0","","1.0","1740.0","9","N","N","N","0","","1","0","1","","0","N","","2","1","0","0","0","0","0","2","1","2","","","","N","","","","","","","","","",""
"2022058156","0959","2","0","0","0","0","0","0","0","0","6","0","","02","6","2022","5","40.427917","-79.914306","0952","11","0","0","0","0","0","0","0","1","","0","0","0","","","2","N","0","","40 25:40.500","","0","79 54:51.500","3","0","0","0","2301","0","0","0","N","0","0","0","4","02301","0","","1.0","","1","N","N","N","0","","2","0","0","","0","","","3","2","0","0","0","0","0","2","1","3","","03","","N","","","","","","","","","",""
"2022073231","1601","1","0","0","1","0","0","0","0","0","8","0","","02","7","2022","3","40.558556","-80.20325","1559","11","0","0","0","0","0","1","0","0","","0","0","0","","","1","N","0","","40 33:30.800","","7","80 12:11.700","3","0","0","0","2441","1","0","0","N","0","0","0","2","02441","0","","9.0","","1","N","N","N","0","","1","0","0","","0","","","2","1","0","0","0","0","0","2","0","1","","03","","N","","","","","","","","","",""
"2022071913","0316","1","0","0","0","0","0","0","0","0","7","0","","02","8","2022","1","40.460025","-80.031267","0313","11","0","0","0","0","0","0","0","0","","0","0","0","","","0","N","0","","40 27:36.089","","0","80 01:52.561","0","0","0","0","2301","0","0","0","N","0","0","0","0","02301","0","","2.0","","9","N","N","N","0","","0","0","0","","0","","","1","0","0","0","0","0","0","2","0","1","","04","","N","","","","","","","","","",""
"2022099145","1728","0","0","0","0","0","0","0","0","0","5","0","","02","10","2022","7","40.451079","-79.997725","1656","11","0","0","0","0","0","0","1","0","","0","0","0","","","2","N","0","","40 27:03.884","","0","79 59:51.811","3","0","0","0","2301","0","0","0","N","0","0","0","4","68B03","0","","1.0","","1","N","N","N","0","","2","0","2","","0","","","2","2","1","0","0","0","0","2","0","2","","","","N","","","","","","","","","",""
"2022099673","2000","0","0","0","0","0","0","0","0","0","5","0","","02","10","2022","2","40.431051","-79.958096","1930","11","0","0","0","0","0","0","0","0","","0","0","0","","","0","N","0","","40 25:51.783","4","0","79 57:29.147","0","0","0","0","2301","0","0","0","N","0","0","0","3","68B03","0","","1.0","2050.0","1","N","N","N","1","","0","0","1","","0","N","","2","0","0","0","0","0","0","2","0","2","","","","N","","","","","","","","","",""
"2022058702","0255","1","0","0","0","0","0","0","0","0","5","0","","02","6","2022","7","40.34225","-79.833806","0248","11","0","0","0","0","0","0","0","0","","0","0","0","","","0","N","0","","40 20:32.100","","0","79 50:01.700","0","0","0","0","2304","0","0","0","N","0","0","0","1","02304","0","","4.0","","1","N","N","N","0","","0","0","1","","0","","","2","0","0","0","0","0","0","2","0","2","","03","","N","","","","","","","","","",""
"2022082337","0013","0","0","0","0","0","0","0","0","0","7","0","","02","8","2022","2","40.429018","-79.956131","2333","11","0","0","0","0","0","0","0","0","","0","0","0","","","1","N","0","","40 25:44.466","4","0","79 57:22.070","3","0","0","0","2301","0","0","0","N","0","0","0","1","68B03","0","","2.0","23.0","9","N","N","N","0","","1","0","1","","0","N","","1","1","0","0","0","0","0","2","0","1","","","","N","","","","","","","","","",""
"2022074809","2120","0","0","0","0","0","0","0","0","0","7","0","","02","8","2022","2","40.488306","-79.925528","2111","11","0","0","0","0","0","0","0","0","","0","0","0","","","0","N","2","","40 29:17.900","3","0","79 55:31.900","0","0","0","0","2301","0","0","0","N","0","0","0","1","02301","0","","5.0","2148.0","9","N","N","N","0","","0","0","1","","3","N","","1","0","0","0","0","0","0","2","0","1","","","","N","","","","","","","","","",""
"2022098718","1905","1","0","0","0","0","0","0","0","0","1","0","","02","10","2022","2","40.478908","-80.043019","1900","11","0","0","0","0","0","0","0","0","","0","0","0","","","1","","1","","40 28:44.067","7","3","80 02:34.868","8","0","0","1","2301","0","0","0","N","0","0","0","2","02301","0","","1.0","2015.0","1","N","N","N","0","","0","0","0","","0","Y","","2","1","0","0","0","1","1","2","0","2","","03","","N","","","","","","","","","",""
"2022098481","1737","0","0","0","0","0","0","0","0","0","7","0","","02","10","2022","1","40.365883","-80.013564","1735","11","0","0","0","0","0","0","0","0","","0","0","0","","","1","N","0","","40 21:57.180","","7","80 00:48.830","8","0","0","0","2416","0","0","0","N","0","0","0","1","02416","0","","5.0","","1","N","N","N","1","","0","0","0","","0","","","1","1","0","0","0","1","0","2","0","1","","","","N","","","","","","","","","",""
"2022095753","2215","1","0","0","0","0","0","0","0","0","4","1","","02","10","2022","1","40.440778","-79.995889","2210","11","0","0","0","0","0","1","0","0","","0","1","0","","","1","","1","","40 26:26.800","7","0","79 59:45.200","8","0","0","0","2301","0","0","0","N","0","0","0","5","02301","0","","1.0","2030.0","1","N","N","N","0","","0","0","0","","2","Y","","2","1","0","0","0","1","0","2","0","2","","03","","N","","","","","","","","","",""
"2022106953","0700","1","0","0","0","0","0","0","0","0","98","0","","02","11","2022","5","40.588311","-80.099346","0653","11","0","0","0","0","0","0","0","0","","0","0","0","","","0","N","0","","40 35:17.919","2","0","80 05:57.647","0","0","0","0","2481","0","0","0","N","0","0","0","1","68B03","0","","1.0","750.0","1","N","N","N","0","","0","0","0","","0","N","","1","0","0","0","0","0","0","2","0","1","","","","N","","","","","","","","","",""
"2022059144","1845","1","0","0","0","0","0","0","0","0","0","0","","02","6","2022","1","40.450083","-79.94975","1836","11","0","0","0","0","0","0","0","0","","0","0","0","","","1","","2","","40 27:00.300","","0","79 56:59.100","3","0","0","0","2301","0","0","0","N","0","0","0","2","02301","0","","1.0","","1","N","N","N","0","","1","0","0","","0","","","2","1","0","0","0","0","0","2","0","2","","04","","N","","","","","","","","","",""
"2022097249","1653","1","0","0","0","0","0","0","0","0","4","0","","02","10","2022","1","40.617032","-79.945907","1646","11","0","0","0","0","0","1","0","0","","0","0","0","","","1","","2","","40 37:01.315","2","0","79 56:45.264","2","0","1","1","2217","0","0","0","N","0","0","0","3","02505","0","","1.0","1746.0","1","N","N","N","0","","0","1","0","","3","Y","","2","1","0","0","0","0","0","2","0","2","","","","N","","","","","","","","","",""
"2022113731","1603","1","0","0","0","0","0","0","0","0","5","1","","02","11","2022","3","40.436739","-80.001189","1548","11","0","0","0","0","0","0","0","0","","0","0","0","","","0","N","0","","40 26:12.261","4","0","80 00:04.281","0","0","0","0","2301","0","0","0","N","0","0","0","3","68B03","0","","1.0","1645.0","1","N","N","N","1","","0","0","1","","0","N","","3","0","0","0","0","0","0","2","0","3","","","","N","","","","","","","","","",""
"2022105181","1129","0","0","0","0","0","0","0","0","0","8","0","","02","11","2022","5","40.425905","-79.953779","1126","11","0","0","0","0","0","1","0","0","","0","0","0","","","1","","2","","40 25:33.259","","0","79 57:13.605","8","0","0","0","2301","1","0","0","N","1","0","0","3","02301","0","","1.0","","1","N","N","N","0","","0","0","1","","3","","","2","1","0","0","0","1","0","2","0","1","","03","","N","","","","","","","","","",""
"2022098457","1745","1","0","0","0","0","0","0","0","0","4","0","","02","10","2022","4","40.445485","-79.76524","1735","11","0","0","0","0","0","1","0","0","","0","0","0","","","1","","1","","40 26:43.746","","0","79 45:54.863","4","0","0","0","2446","0","0","0","N","0","0","0","2","02446","1","","1.0","","1","N","N","N","1","","0","0","0","","3","","","2","1","0","0","0","0","0","2","0","2","","03","","N","","","","","","","","","",""
"2022058683","2216","1","0","0","0","0","0","0","0","0","1","0","","02","6","2022","6","40.413093","-79.844907","2212","11","0","0","0","0","0","0","0","0","","0","0","0","","","0","","2","","40 24:47.136","4","0","79 50:41.666","0","0","0","0","2431","0","0","0","N","0","0","0","4","02431","0","","1.0","2312.0","1","N","N","N","0","","0","0","1","","2","Y","","2","0","0","0","0","0","0","2","0","2","","03","","N","","","","","","","","","",""
"2022099974","1615","0","0","1","0","0","0","0","0","0","7","0","","02","10","2022","4","40.654483","-79.790217","1611","11","0","0","0","0","0","1","0","0","","0","0","0","","","1","N","0","","40 39:16.140","6","0","79 47:24.782","2","0","0","0","2202","0","0","0","N","0","0","0","1","02202","0","","5.0","1651.0","9","N","N","N","1","","0","1","0","","0","N","","1","1","0","0","0","0","0","1","0","1","","","","N","","","","","","","","","",""
"2022104925","0819","0","0","0","0","0","0","0","0","0","1","1","","02","11","2022","2","40.430009","-80.027662","0813","11","0","0","0","0","0","1","0","0","","0","1","0","","","0","N","0","","40 25:48.032","","0","80 01:39.583","0","0","0","0","2301","0","0","0","N","0","0","0","2","68B03","0","","1.0","","1","N","N","N","1","","0","0","0","","0","","","2","0","0","0","0","0","0","2","0","2","","","","N","","","","","","","","","",""
"2022059955","0438","1","0","0","0","0","0","0","0","0","7","0","","02","6","2022","1","40.650837","-80.09416","0419","11","0","0","0","0","0","0","0","0","","0","0","0","","","1","N","0","","40 39:03.013","1","0","80 05:38.976","3","0","0","0","2212","0","0","0","Y","0","0","0","1","68B03","0","","2.0","526.0","1","N","N","N","0","","1","0","0","","0","N","","1","1","0","0","0","0","0","2","0","1","","","","N","","","","","","","","","",""
"2022107851","1515","0","0","0","0","0","0","0","0","0","4","0","","02","11","2022","3","40.378028","-79.803418","1511","11","0","0","0","0","0","1","0","0","","0","0","0","","","0","N","0","","40 22:40.902","4","0","79 48:12.305","0","0","0","0","2111","0","0","0","N","0","0","0","3","02111","0","","1.0","1548.0","9","N","N","N","1","","0","0","1","","0","Y","","2","0","1","0","0","0","0","2","0","2","","10","","N","","","","","","","","","",""
"2022060979","2012","0","0","0","0","0","0","0","0","0","4","0","","02","7","2022","6","40.372933","-80.09937","2006","11","0","0","0","0","0","0","0","0","","0","0","0","","","3","N","2","","40 22:22.557","3","2","80 05:57.732","3","0","0","0","2102","0","0","0","Y","0","0","0","3","02102","0","","1.0","2043.0","1","N","N","N","0","","3","0","2","","2","Y","","2","3","1","0","0","0","0","2","0","2","","03","","N","","","","","","","","","",""
"2022111719","0834","1","0","0","0","0","0","0","0","0","4","1","","02","10","2022","4","40.427485","-79.9537","0817","11","0","0","0","0","0","0","0","0","","0","1","0","","","0","N","0","","40 25:38.946","","0","79 57:13.320","0","0","0","0","2301","0","0","0","N","0","0","0","2","68B03","0","","1.0","","1","N","N","N","0","","0","0","0","","0","","","2","0","0","0","0","0","0","2","0","2","","","","N","","","","","","","","","",""
"2022096628","0324","1","0","0","0","0","0","0","0","0","7","0","55","02","8","2022","7","40.528426","-80.129232","0324","11","0","0","0","0","0","0","0","0","","0","0","0","","","0","N","0","","40 31:42.333","","0","80 07:45.235","0","0","0","0","2125","0","0","0","N","0","0","0","2","68B03","0","","3.0","","1","N","N","N","0","","0","0","0","","0","","","1","0","0","0","0","0","0","2","0","1","","","N","Y","4","1","","","N","","","","Y","N"
"2022073003","1224","0","0","0","0","0","0","0","0","0","4","0","","02","8","2022","4","40.582227","-80.062891","1223","11","0","0","0","0","0","0","1","0","","0","0","0","","","0","","1","","40 34:56.017","","0","80 03:46.409","0","0","0","0","2108","0","0","0","N","0","0","0","4","02108","0","","1.0","","1","N","N","N","0","","0","0","2","","3","","","2","0","0","0","0","0","0","2","0","2","","03","","N","","","","","","","","","",""
"2022097868","1639","2","0","0","0","0","0","0","0","0","4","0","","02","10","2022","6","40.352794","-80.026154","1630","11","0","0","0","0","0","1","0","1","","0","0","0","","","0","","2","","40 21:10.059","2","0","80 01:34.156","0","0","0","0","2407","0","0","0","N","0","0","0","8","02407","0","","1.0","1735.0","1","N","N","N","1","","0","0","2","","3","Y","","5","0","0","0","0","0","0","2","0","5","","","","N","","","","","","","","","",""
"2022067420","0217","1","0","0","0","0","0","0","0","0","1","0","","02","7","2022","7","40.442868","-80.007726","0215","11","0","0","0","0","0","0","1","0","","0","0","0","","","0","N","0","","40 26:34.326","","2","80 00:27.812","0","0","0","0","2301","0","0","0","N","0","0","0","5","02301","0","","1.0","","1","N","N","N","1","","0","0","0","","0","","","2","0","0","0","0","0","0","2","0","2","","03","","N","","","","","","","","","",""