"CRN","ARRIVAL_TM","AUTOMOBILE_COUNT","BELTED_DEATH_COUNT","BELTED_SUSP_SERIOUS_INJ_COUNT","BICYCLE_COUNT","BICYCLE_DEATH_COUNT","BICYCLE_SUSP_SERIOUS_INJ_COUNT","BUS_COUNT","CHLDPAS_DEATH_COUNT","CHLDPAS_SUSP_SERIOUS_INJ_COUNT","COLLISION_TYPE","COMM_VEH_COUNT","CONS_ZONE_SPD_LIM","COUNTY","CRASH_MONTH","CRASH_YEAR","DAY_OF_WEEK","DEC_LATITUDE","DEC_LONGITUDE","DISPATCH_TM","DISTRICT","DRIVER_COUNT_16YR","DRIVER_COUNT_17YR","DRIVER_COUNT_18YR","DRIVER_COUNT_19YR","DRIVER_COUNT_20YR","DRIVER_COUNT_50_64YR","DRIVER_COUNT_65_74YR","DRIVER_COUNT_75PLUS","EST_HRS_CLOSED","FATAL_COUNT","HEAVY_TRUCK_COUNT","HORSE_BUGGY_COUNT","HOUR_OF_DAY","ILLUMINATION","INJURY_COUNT","INTERSECTION_RELATED","INTERSECT_TYPE","LANE_CLOSED","LATITUDE","LN_CLOSE_DIR","LOCATION_TYPE","LONGITUDE","MAX_SEVERITY_LEVEL","MCYCLE_DEATH_COUNT","MCYCLE_SUSP_SERIOUS_INJ_COUNT","MOTORCYCLE_COUNT","MUNICIPALITY","NONMOTR_COUNT","NONMOTR_DEATH_COUNT","NONMOTR_SUSP_SERIOUS_INJ_COUNT","NTFY_HIWY_MAINT","PED_COUNT","PED_DEATH_COUNT","PED_SUSP_SERIOUS_INJ_COUNT","PERSON_COUNT","POLICE_AGCY","POSSIBLE_INJ_COUNT","RDWY_SURF_TYPE_CD","RELATION_TO_ROAD","ROADWAY_CLEARED","ROAD_CONDITION","SCH_BUS_IND","SCH_ZONE_IND","SECONDARY_CRASH","SMALL_TRUCK_COUNT","SPEC_JURIS_CD","SUSP_MINOR_INJ_COUNT","SUSP_SERIOUS_INJ_COUNT","SUV_COUNT","TCD_FUNC_CD","TCD_TYPE","TFC_DETOUR_IND","TIME_OF_DAY","TOTAL_UNITS","TOT_INJ_COUNT","UNBELTED_OCC_COUNT","UNB_DEATH_COUNT","UNB_SUSP_SERIOUS_INJ_COUNT","UNK_INJ_DEG_COUNT","UNK_INJ_PER_COUNT","URBAN_RURAL","VAN_COUNT","VEHICLE_COUNT","WEATHER1","WEATHER2","WORKERS_PRES","WORK_ZONE_IND","WORK_ZONE_LOC","WORK_ZONE_TYPE","WZ_CLOSE_DETOUR","WZ_FLAGGER","WZ_LAW_OFFCR_IND","WZ_LN_CLOSURE","WZ_MOVING","WZ_OTHER","WZ_SHLDER_MDN","WZ_WORKERS_INJ_KILLED"
"2022059689","1457","0","0","0","0","0","0","0","0","0","7","0","","02","6","2022","3","40.409917","-79.840361","1450","11","0","0","0","0","0","0","0","0","","0","0","0","","","0","","2","","40 24:35.700","","0","79 50:25.300","0","0","0","0","2417","0","0","0","N","0","0","0","2","02431","0","","5.0","","1","N","N","N","0","","0","0","1","","0","","","1","0","0","0","0","0","0","2","0","1","","","","N","","","","","","","","","",""
"2022080255","1711","1","0","0","0","0","0","0","0","0","3","0","","02","8","2022","5","40.439323","-80.074963","1711","11","0","0","0","0","0","0","0","0","","0","0","0","","","0","N","0","","40 26:21.563","4","0","80 04:29.867","0","0","0","0","2421","0","0","0","N","0","0","0","1","02421","0","","1.0","1145.0","1","N","N","N","1","","0","0","0","","0","Y","","2","0","0","0","0","0","0","2","0","2","","","","N","","","","","","","","","",""
"2022058691","0008","0","0","0","0","0","0","0","0","0","7","0","","02","6","2022","6","40.351056","-79.873472","0004","11","0","0","0","0","0","0","0","0","","0","0","0","","","0","Y","0","","40 21:03.800","","0","79 52:24.500","0","0","0","0","2304","0","0","0","N","0","0","0","1","02304","0","","4.0","","1","N","N","N","0","","0","0","1","","0","N","","1","0","0","0","0","0","0","2","0","1","","03","","N","","","","","","","","","",""
"2022099097","1850","0","0","0","0","0","0","0","0","0","0","0","","02","10","2022","7","40.487381","-80.00932","1827","11","0","0","0","0","0","1","0","0","","0","0","0","","","1","N","0","","40 29:14.570","2","0","80 00:33.551","3","0","0","1","2301","0","0","0","N","0","0","0","1","68B03","0","","1.0","100.0","1","N","N","N","0","","1","0","0","","0","N","","1","1","0","0","0","0","0","2","0","1","","","","N","","","","","","","","","",""
"2022061989","1716","0","0","0","0","0","0","0","0","0","7","0","","02","7","2022","6","40.455861","-80.305417","1710","11","0","0","0","0","0","0","0","0","","0","0","0","","","0","N","0","","40 27:21.100","","0","80 18:19.500","0","0","0","0","2203","0","0","0","N","0","0","0","2","68T09","0","","4.0","","9","N","N","N","0","","0","0","1","","0","","","1","0","0","0","0","0","0","2","0","1","","","","N","","","","","","","","","",""
"2022100221","0728","1","0","0","0","0","0","0","0","0","4","0","","02","10","2022","3","40.321624","-80.026936","0710","11","1","0","0","0","0","0","0","0","","0","0","0","","","0","N","0","","40 19:17.845","","7","80 01:36.969","0","0","0","0","2407","0","0","0","N","0","0","0","3","02407","0","","1.0","","1","N","N","N","0","","0","0","1","","0","","","2","0","0","0","0","0","0","2","0","2","","","","N","","","","","","","","","",""
"2022103225","2216","1","0","0","0","0","0","0","0","0","7","0","","02","11","2022","5","40.369534","-79.97611","2211","11","0","0","0","0","0","0","1","0","","0","0","0","","","0","N","0","","40 22:10.323","","0","79 58:33.997","0","0","0","0","2220","0","0","0","N","0","0","0","1","02220","0","","4.0","","1","N","N","N","0","","0","0","0","","0","","","1","0","0","0","0","0","0","2","0","1","","","","N","","","","","","","","","",""
"2022073949","0712","2","0","0","0","0","0","0","0","0","1","0","","02","8","2022","7","40.451951","-79.923991","0710","11","0","0","0","0","0","2","0","0","","0","0","0","","","1","N","2","","40 27:07.023","1","0","79 55:26.367","3","0","0","0","2301","0","0","0","N","0","0","0","2","02301","0","","1.0","740.0","1","N","N","N","0","","1","0","0","","2","Y","","2","1","0","0","0","0","0","2","0","2","","03","","N","","","","","","","","","",""
"2022059655","1022","0","0","0","0","0","0","0","0","0","6","0","","02","6","2022","3","40.264508","-79.878699","1018","11","0","0","0","0","0","0","0","1","","0","0","0","","","0","","1","","40 15:52.227","","7","79 52:43.316","0","0","0","0","2204","0","0","0","N","0","0","0","2","02105","0","","1.0","","1","N","N","N","0","","0","0","2","","2","","","2","0","0","0","0","0","0","1","0","2","","98","","N","","","","","","","","","",""
"2022067637","1830","1","0","0","0","0","0","0","0","0","1","0","","02","7","2022","7","40.347438","-79.952606","1825","11","0","0","0","0","0","1","0","0","","0","0","0","","","0","Y","0","","40 20:50.776","3","0","79 57:09.381","0","0","0","0","2473","0","0","0","N","0","0","0","4","02473","0","","1.0","1900.0","1","N","N","N","1","","0","0","0","","0","N","","2","0","0","0","0","0","0","2","0","2","","03","","N","","","","","","","","","",""
"2022076466","1500","0","0","0","0","0","0","0","0","0","0","0","","02","8","2022","7","40.398882","-79.877257","1455","11","0","0","0","0","0","0","0","0","","0","0","0","","","1","N","0","","40 23:55.974","2","0","79 52:38.126","8","0","0","1","2473","0","0","0","N","0","0","0","1","02473","0","","1.0","1539.0","1","N","N","N","0","","0","0","0","","0","N","","1","1","0","0","0","1","0","2","0","1","","03","","N","","","","","","","","","",""
"2022061479","0241","1","0","0","0","0","0","0","0","0","7","0","","02","6","2022","4","40.429194","-79.998028","0231","11","0","0","0","0","0","0","0","0","","0","0","0","","","0","N","0","","40 25:45.100","","0","79 59:52.900","9","0","0","0","2301","0","0","0","N","0","0","0","1","02301","0","","1.0","","1","N","N","N","0","","0","0","0","","2","","","1","0","0","0","0","0","1","2","0","1","","03","","N","","","","","","","","","",""
"2022098123","1045","0","0","0","0","0","0","0","0","0","7","0","","02","9","2022","1","40.581634","-80.097862","0947","11","0","0","0","0","1","0","0","0","","0","0","0","","","0","N","0","","40 34:53.881","","0","80 05:52.302","0","0","0","0","2481","0","0","0","Y","0","0","0","1","68B03","0","","4.0","","8","N","N","N","0","","0","0","1","","0","","","1","0","0","0","0","0","0","2","0","1","","07","","N","","","","","","","","","",""
"2022100288","1530","1","0","0","0","0","0","0","0","0","7","0","","02","10","2022","3","40.541666","-79.776524","1528","11","0","0","0","0","1","0","0","0","","0","0","0","","","1","N","0","","40 32:29.996","6","0","79 46:35.487","3","0","0","0","2462","0","0","0","N","0","0","0","1","02462","0","","5.0","1605.0","1","N","N","N","0","","1","0","1","","0","Y","","2","1","0","0","0","0","0","2","0","2","","03","","N","","","","","","","","","",""
"2022058803","1415","2","0","0","0","0","0","0","0","0","5","0","","02","6","2022","6","40.438552","-80.005748","1415","11","0","0","0","0","0","0","0","0","","0","0","0","","","0","","1","","40 26:18.786","","2","80 00:20.693","0","0","0","0","2301","0","0","0","N","0","0","0","2","02301","0","","1.0","","1","N","N","N","0","","0","0","0","","2","N","","2","0","0","0","0","0","0","2","0","2","","03","","N","","","","","","","","","",""
"2022105515","1002","0","0","0","0","0","0","0","0","0","6","1","","02","11","2022","6","40.63096","-79.951118","0959","11","0","0","0","0","0","0","0","1","","0","1","0","","","0","N","0","","40 37:51.456","6","0","79 57:04.026","0","0","0","0","2217","0","0","0","N","0","0","0","2","02505","0","","1.0","1038.0","9","N","N","N","0","","0","0","1","","0","N","","2","0","0","0","0","0","0","2","0","2","","","","N","","","","","","","","","",""
"2022112481","1458","0","0","0","0","0","0","0","0","0","4","0","","02","11","2022","3","40.591002","-80.047287","1450","11","0","0","1","0","0","0","0","0","","0","0","0","","","1","N","0","","40 35:27.606","","0","80 02:50.232","4","0","0","0","2108","0","0","0","N","0","0","0","2","02108","1","","1.0","","1","N","N","Y","1","","0","0","1","","0","N","","2","1","0","0","0","0","0","2","0","2","","","","N","","","","","","","","","",""
"2022058596","1750","1","0","0","0","0","0","0","0","0","1","0","","02","6","2022","6","40.481609","-79.874697","1740","11","0","0","0","0","0","0","0","1","","0","0","0","","","1","N","0","","40 28:53.791","","0","79 52:28.908","3","0","0","0","2113","0","0","0","N","0","0","0","4","02113","0","","1.0","","1","N","N","N","0","","1","0","2","","0","","","3","1","0","0","0","0","0","2","0","3","","03","","N","","","","","","","","","",""
"2022065274","1250","1","0","0","0","0","0","0","0","0","5","0","","02","6","2022","4","40.524243","-80.135169","1250","11","0","0","0","1","0","0","0","0","","0","0","0","","","0","N","0","","40 31:27.273","","0","80 08:06.608","0","0","0","0","2434","0","0","0","N","0","0","0","2","02215","0","","1.0","","1","N","N","N","1","","0","0","0","","0","","","2","0","0","0","0","0","0","1","0","2","","","","N","","","","","","","","","",""
"2022075902","0044","1","0","0","0","0","0","0","0","0","7","0","","02","8","2022","2","40.384364","-80.186075","0027","11","0","0","1","0","0","0","0","0","","0","0","0","","","0","","2","","40 23:03.709","6","0","80 11:09.869","0","0","0","0","2119","0","0","0","N","0","0","0","1","02119","0","","4.0","138.0","1","N","N","N","0","","0","0","0","","0","N","","1","0","0","0","0","0","0","1","0","1","","","","N","","","","","","","","","",""
"2022058554","1615","1","0","0","0","0","0","0","0","0","1","0","","02","6","2022","6","40.456666","-79.990002","1611","11","0","0","0","0","1","0","0","0","","0","0","0","","","0","N","0","","40 27:23.997","","0","79 59:24.006","0","0","0","0","2301","0","0","0","N","0","0","0","3","02301","0","","1.0","","1","N","N","N","0","","0","0","1","","0","","","2","0","0","0","0","0","0","2","0","2","","03","","N","","","","","","","","","",""
"2022069143","0715","0","0","0","0","0","0","0","0","0","7","0","","02","7","2022","5","40.455111","-80.054139","0700","11","0","0","0","0","0","0","0","0","","0","0","0","","","1","","2","","40 27:18.400","5","0","80 03:14.900","3","0","0","0","2301","0","0","0","Y","0","0","0","1","02301","0","","5.0","1000.0","1","N","N","N","0","","1","0","1","","0","Y","","1","1","0","0","0","0","0","2","0","1","","03","","N","","","","","","","","","",""
"2022059975","1448","2","0","0","0","0","0","0","0","0","1","0","","02","6","2022","7","40.387506","-79.866522","1422","11","0","0","0","0","0","0","0","0","","0","0","0","","","1","N","0","","40 23:15.021","","7","79 51:59.479","4","0","0","0","2473","0","0","0","N","0","0","0","2","02473","1","","1.0","","1","N","N","N","0","","0","0","0","","2","","","2","1","0","0","0","0","1","2","0","2","","03","","N","","","","","","","","","",""
"2022059334","1408","1","0","0","0","0","0","0","0","0","1","0","","02","6","2022","2","40.413199","-80.225053","1404","11","0","0","0","0","0","1","0","0","","0","0","0","","","0","N","0","","40 24:47.517","3","0","80 13:30.191","0","0","0","0","2214","0","0","0","N","0","0","0","2","02214","0","","1.0","1434.0","1","N","N","N","1","","0","0","0","","0","N","","2","0","0","0","0","0","0","1","0","2","","","","N","","","","","","","","","",""
"2022097208","2004","0","0","0","0","0","0","0","0","0","4","0","","02","8","2022","6","40.445168","-79.858494","2001","11","0","0","0","0","0","0","0","0","","1","0","0","","","1","","1","","40 26:42.605","6","0","79 51:30.577","1","1","0","1","2419","0","0","0","N","0","0","0","2","02478","0","2","1.0","2300.0","1","N","N","N","0","0","0","0","1","","2","Y","","2","1","0","0","0","1","0","2","0","2","","03","","N","","","","","","","","","",""
"2022059633","0713","0","0","0","0","0","0","0","0","0","7","0","","02","6","2022","3","40.403222","-80.033194","0709","11","0","0","0","0","0","0","0","0","","0","1","0","","","1","N","0","","40 24:11.600","5","0","80 01:59.500","3","0","0","0","2301","0","0","0","N","0","0","0","1","02301","0","","5.0","850.0","1","N","N","Y","0","","1","0","2","","0","N","","3","1","0","0","0","0","0","2","0","3","","","","N","","","","","","","","","",""
"2022098274","1747","0","0","0","0","0","0","0","0","0","1","0","","02","10","2022","1","40.498079","-80.283862","1744","11","0","0","0","0","0","0","0","0","","0","0","0","","","1","N","5","","40 29:53.084","1","0","80 17:01.902","8","0","0","0","2203","0","0","0","N","0","0","0","3","02203","0","","1.0","1816.0","1","N","N","N","1","","0","0","1","","0","N","","2","1","0","0","0","1","0","1","0","2","","","","N","","","","","","","","","",""
"2022059990","1332","2","0","0","0","0","0","0","0","0","4","0","","02","6","2022","3","40.556444","-79.999639","1324","11","0","0","1","0","0","0","0","0","","0","0","0","","","2","","2","","40 33:23.200","3","0","79 59:58.700","4","0","0","0","2108","0","0","0","N","0","0","0","4","02108","2","","1.0","1434.0","1","N","N","N","0","","0","0","0","","0","Y","","2","2","0","0","0","0","0","2","0","2","","03","","N","","","","","","","","","",""
"2022072484","2036","0","0","0","0","0","0","0","0","0","2","0","","02","8","2022","2","40.372389","-79.975389","2035","11","0","0","0","0","0","0","0","0","","0","0","0","","","1","N","0","","40 22:20.600","5","0","79 58:31.400","8","0","0","0","2413","0","0","0","N","0","0","0","1","02413","0","","6.0","2120.0","1","N","N","N","0","","0","0","1","","0","Y","","2","1","0","0","0","1","0","2","0","2","","03","","N","","","","","","","","","",""
"2022099049","1739","0","0","0","0","0","0","0","0","0","1","0","","02","10","2022","3","40.588258","-80.048717","1734","11","1","1","0","0","0","0","0","0","","0","0","0","","","0","","2","","40 35:17.730","","0","80 02:55.380","0","0","0","0","2108","0","0","0","N","0","0","0","4","02108","0","","1.0","","1","N","N","N","0","","0","0","2","","0","","","2","0","0","0","0","0","0","2","0","2","","","","N","","","","","","","","","",""
"2022070677","1712","1","0","0","0","0","0","0","0","0","6","0","","02","8","2022","3","40.395735","-80.029503","1709","11","0","0","0","0","0","0","0","0","","0","0","0","","","0","N","0","","40 23:44.646","4","0","80 01:46.210","0","0","0","0","2301","0","0","0","N","0","0","0","1","02301","0","","1.0","1730.0","1","N","N","N","0","","0","0","2","","0","N","","3","0","1","0","0","0","0","2","0","3","","03","","N","","","","","","","","","",""
"2022080491","0557","1","0","0","0","0","0","0","0","0","5","0","","02","6","2022","7","40.464389","-80.066583","0554","11","0","0","0","0","0","0","0","0","","0","0","0","","","0","N","0","","40 27:51.800","","0","80 03:59.700","0","0","0","0","2444","0","0","0","N","0","0","0","1","02444","0","","6.0","","1","N","N","N","0","","0","0","1","","0","","","2","0","1","0","0","0","0","2","0","2","","03","","N","","","","","","","","","",""
"2022074763","0948","0","0","0","0","0","0","0","0","0","7","0","","02","8","2022","3","40.500666","-79.843187","0938","11","0","0","0","0","0","1","0","0","","0","0","0","","","0","N","0","","40 30:02.399","3","0","79 50:35.473","0","0","0","0","2113","0","0","0","N","0","0","0","1","02113","0","","5.0","1019.0","1","N","N","N","0","","0","0","1","","0","N","","1","0","0","0","0","0","0","2","0","1","","","","N","","","","","","","","","",""
"2022111939","1047","2","0","0","0","0","0","0","0","0","4","0","","02","11","2022","2","40.590297","-79.948359","1045","11","0","0","0","0","0","0","0","1","","0","0","0","","","0","","1","","40 35:25.068","1","0","79 56:54.093","0","0","0","0","2207","0","0","0","N","0","0","0","4","02207","0","","1.0","1116.0","9","N","N","N","0","","0","0","0","","2","N","","2","0","1","0","0","0","0","2","0","2","","07","","N","","","","","","","","","",""
"2022097609","1433","0","0","0","0","0","0","0","0","0","1","0","99","02","10","2022","5","40.341563","-79.96573","1428","11","0","0","0","0","0","2","0","0","","0","0","0","","","2","N","0","","40 20:29.627","3","0","79 57:56.627","3","0","0","0","2473","0","0","0","N","0","0","0","3","02473","0","","1.0","1502.0","1","N","N","N","2","","2","0","1","","0","N","","3","2","0","0","0","0","0","2","0","3","","03","Y","Y","4","1","","","N","Y","","","","N"
"2022059660","1247","1","0","0","1","0","0","0","0","0","4","0","","02","6","2022","2","40.466","-80.066472","1242","11","0","0","0","0","0","1","0","0","","0","0","0","","","1","","1","","40 27:57.600","1","0","80 03:59.300","3","0","0","0","2444","1","0","0","N","0","0","0","2","02444","0","","1.0","1259.0","1","N","N","N","0","","1","0","0","","2","N","","2","1","1","0","0","0","0","2","0","1","","03","","N","","","","","","","","","",""
"2022110910","1911","1","0","0","0","0","0","0","0","0","8","0","","02","11","2022","4","40.456669","-79.93959","1902","11","0","0","0","0","0","0","0","0","","0","0","0","","","1","","1","","40 27:24.007","4","0","79 56:22.523","2","0","0","0","2301","1","0","1","N","1","0","1","2","02301","0","","1.0","1935.0","1","N","N","N","0","","0","1","0","","1","N","","2","1","0","0","0","0","0","2","0","1","","","","N","","","","","","","","","",""
"2022111456","1030","2","0","0","0","0","0","0","0","0","1","0","","02","11","2022","7","40.478896","-80.043009","1017","11","0","0","0","0","0","0","0","0","","0","0","0","","","2","N","0","","40 28:44.026","","0","80 02:34.832","3","0","0","0","2301","0","0","0","N","0","0","0","3","02301","0","","1.0","","1","N","N","Y","0","","1","0","1","","0","N","","3","2","0","0","0","1","0","2","0","3","","03","","N","","","","","","","","","",""
"2022070549","1605","0","0","0","0","0","0","0","0","0","4","0","","02","8","2022","2","40.467808","-79.954769","1540","11","0","0","0","0","0","0","0","0","","0","0","0","","","1","N","0","","40 28:04.110","7","0","79 57:17.170","2","0","0","0","2301","0","0","0","N","0","0","0","1","02301","0","","6.0","1733.0","1","N","N","N","1","","0","1","2","","0","Y","","3","1","1","0","1","0","0","2","0","3","","","","N","","","","","","","","","",""
"2022100017","1758","1","0","0","0","0","0","0","0","0","4","0","","02","10","2022","5","40.447926","-79.897634","1758","11","0","0","0","0","0","1","0","0","","0","0","0","","","0","","1","","40 26:52.533","","0","79 53:51.482","0","0","0","0","2301","0","0","0","N","0","0","0","2","02301","0","","1.0","","1","N","N","N","0","","0","0","1","","0","","","2","0","0","0","0","0","0","2","0","2","","","","N","","","","","","","","","",""
"2022096627","0627","1","0","0","0","0","0","0","0","0","6","0","","02","10","2022","4","40.387641","-80.090992","0625","11","0","0","0","0","0","0","1","0","","0","0","0","","","0","N","1","","40 23:15.509","3","0","80 05:27.572","0","0","0","0","2437","0","0","0","N","0","0","0","2","02437","0","","1.0","645.0","9","N","N","N","0","","0","0","1","","2","N","","2","0","0","0","0","0","0","2","0","2","","","","N","","","","","","","","","",""
"2022097488","2236","0","0","0","0","0","0","0","0","0","7","0","","02","10","2022","6","40.510237","-80.094597","2235","11","0","0","0","0","0","0","0","1","","0","0","0","","","0","","1","","40 30:36.852","2","0","80 05:40.550","0","0","0","0","2429","0","0","0","N","0","0","0","1","02215","0","","2.0","2355.0","1","N","N","N","0","","0","0","1","","0","N","","1","0","0","0","0","0","0","2","0","1","","03","","N","","","","","","","","","",""
"2022077413","1507","1","0","0","0","0","0","0","0","0","6","0","","02","8","2022","6","40.462","-79.924583","1502","11","0","0","0","0","0","0","0","0","","0","0","0","","","0","N","1","","40 27:43.200","","0","79 55:28.500","0","0","0","0","2301","0","0","0","N","0","0","0","2","02301","0","","1.0","","1","N","N","N","0","","0","0","0","","3","","","2","0","0","0","0","0","0","2","1","2","","03","","N","","","","","","","","","",""
"2022100562","1926","1","0","0","0","0","0","0","0","0","7","0","","02","10","2022","6","40.60508","-79.909641","1919","11","0","0","0","0","0","1","0","0","","0","0","0","","","1","N","0","","40 36:18.289","5","0","79 54:34.708","8","0","0","0","2220","0","0","0","N","0","0","0","1","02220","0","","5.0","2029.0","1","N","N","N","0","","0","0","0","","0","Y","","1","1","0","0","0","1","0","2","0","1","","","","N","","","","","","","","","",""
"2022075683","0714","1","0","0","0","0","0","0","0","0","4","0","","02","8","2022","5","40.349415","-79.818708","0712","11","0","0","0","0","1","0","1","0","","0","0","0","","","0","N","1","","40 20:57.893","","0","79 49:07.349","0","0","0","0","2477","0","0","0","N","0","0","0","2","02477","0","","1.0","","1","N","N","N","0","","0","0","1","","3","N","","2","0","0","0","0","0","0","2","0","2","","03","","N","","","","","","","","","",""
"2022060175","1340","1","0","0","0","0","0","0","0","0","7","0","","02","6","2022","7","40.467689","-80.0797","1338","11","0","0","0","0","0","1","0","0","","0","0","0","","","0","","1","","40 28:03.680","5","0","80 04:46.919","0","0","0","0","2444","0","0","0","N","0","0","0","1","02444","0","","5.0","1426.0","1","N","N","N","0","","0","0","0","","0","N","","1","0","0","0","0","0","0","2","0","1","","","","N","","","","","","","","","",""
"2022107973","0730","1","0","0","0","0","0","0","0","0","1","0","","02","11","2022","3","40.424402","-80.111621","0710","11","0","0","0","0","0","0","0","0","","0","0","0","","","0","N","0","","40 25:27.847","","0","80 06:41.834","0","0","0","0","2115","0","0","0","N","0","0","0","2","68B03","0","","1.0","","9","N","N","N","0","","0","0","1","","0","","","2","0","0","0","0","0","0","2","0","2","","04","","N","","","","","","","","","",""
"2022107114","0709","0","0","0","0","0","0","0","0","0","1","0","","02","11","2022","5","40.424861","-80.116086","0709","11","0","0","0","0","0","0","0","0","","0","0","0","","","3","N","0","","40 25:29.498","3","0","80 06:57.909","3","0","0","0","2102","0","0","0","N","0","0","0","3","68B03","0","","1.0","755.0","1","N","N","N","0","","1","0","2","","0","N","","2","3","0","0","0","2","0","2","0","2","","","","N","","","","","","","","","",""
"2022098103","2007","1","0","0","0","0","0","0","0","0","4","0","","02","10","2022","7","40.418516","-80.04572","2005","11","0","0","0","0","0","0","0","0","","0","0","0","","","0","N","0","","40 25:06.657","1","7","80 02:44.593","9","0","0","0","2435","0","0","0","N","0","0","0","3","02435","0","","1.0","2045.0","1","N","N","N","1","","0","0","0","","0","N","","2","0","0","0","0","0","1","2","0","2","","","","N","","","","","","","","","",""
"2022061083","2027","0","0","0","0","0","0","0","0","0","4","0","","02","6","2022","2","40.654788","-79.8973","2018","11","0","0","1","0","0","0","0","1","","0","0","0","","","0","","1","","40 39:17.238","3","0","79 53:50.281","0","0","0","0","2220","0","0","0","N","0","0","0","2","02220","0","","1.0","2050.0","1","N","N","N","0","","0","0","2","","3","N","","2","0","0","0","0","0","0","1","0","2","","03","","N","","","","","","","","","",""
"2022063395","1019","2","0","0","0","0","0","0","0","0","4","0","","02","7","2022","6","40.438864","-79.762538","1010","11","0","0","0","0","0","0","0","1","","0","0","0","","","0","N","2","","40 26:19.910","3","7","79 45:45.138","0","0","0","0","2446","0","0","0","N","0","0","0","2","02446","0","","1.0","1050.0","1","N","N","N","0","","0","0","0","","2","N","","2","0","0","0","0","0","0","2","0","2","","","","N","","","","","","","","","",""
"2022070766","1558","2","0","0","0","0","0","0","0","0","1","0","","02","8","2022","3","40.357898","-79.84416","1556","11","0","0","0","0","0","1","1","0","","0","0","0","","","1","N","0","","40 21:28.433","","3","79 50:38.975","3","0","0","0","2303","0","0","0","N","0","0","0","5","02303","0","","1.0","","1","N","N","N","0","","1","0","2","","0","","","4","1","0","0","0","0","0","2","0","4","","","","N","","","","","","","","","",""
"2022108706","0952","2","0","0","0","0","0","0","0","0","1","0","","02","11","2022","5","40.434619","-79.868253","0939","11","0","0","0","0","0","0","0","0","","0","0","0","","","0","N","0","","40 26:04.630","3","0","79 52:05.709","0","0","0","0","2478","0","0","0","N","0","0","0","3","68B03","0","","1.0","1000.0","1","N","N","N","0","","0","0","0","","0","N","","3","0","0","0","0","0","0","2","1","3","","","","N","","","","","","","","","",""
"2022059341","1455","0","0","0","0","0","0","0","0","0","0","0","","02","6","2022","2","40.436083","-79.979165","1451","11","0","0","0","0","0","0","0","0","","0","0","0","","","0","Y","0","","40 26:09.899","","0","79 58:44.993","0","0","0","0","2301","0","0","0","N","0","0","0","1","02301","0","","1.0","","1","N","N","N","0","","0","0","1","","0","","","1","0","0","0","0","0","0","2","0","1","","","","N","","","","","","","","","",""
"2022105490","0857","1","0","0","0","0","0","0","0","0","1","0","","02","11","2022","6","40.483259","-79.852288","0857","11","0","0","0","0","0","1","0","0","","0","0","0","","","0","N","0","","40 28:59.731","1","0","79 51:08.236","0","0","0","0","2113","0","0","0","N","0","0","0","5","02113","0","","1.0","917.0","9","N","N","N","0","","0","0","1","","0","N","","3","0","0","0","0","0","0","2","1","3","","07","","N","","","","","","","","","",""
"2022061098","1342","0","0","0","0","0","0","0","0","0","4","0","","02","7","2022","6","40.334219","-79.946622","1340","11","0","0","0","0","0","0","1","1","","0","0","0","","","2","N","0","","40 20:03.188","","7","79 56:47.838","8","0","0","0","2454","0","0","0","N","0","0","0","5","02454","0","","1.0","","1","N","N","N","0","","0","0","2","","0","","","2","2","0","0","0","2","0","2","0","2","","03","","N","","","","","","","","","",""
"2022098328","0613","2","0","0","0","0","0","0","0","0","1","0","","02","10","2022","2","40.481529","-79.876118","0607","11","0","0","0","0","0","0","0","0","","0","0","0","","","2","N","2","","40 28:53.504","4","0","79 52:34.025","8","0","0","0","2113","0","0","0","N","0","0","0","3","02113","0","","1.0","655.0","1","N","N","N","0","","0","0","0","","2","Y","","2","2","0","0","0","2","0","2","0","2","","03","","N","","","","","","","","","",""
"2022097909","1206","1","0","0","0","0","0","0","0","0","1","0","","02","10","2022","7","40.568075","-80.037727","1205","11","0","1","0","0","0","0","1","0","","0","0","0","","","1","","2","","40 34:05.069","2","0","80 02:15.818","3","0","0","0","2108","0","0","0","N","0","0","0","2","02108","0","","1.0","1235.0","1","N","N","N","1","","1","0","0","","0","N","","2","1","0","0","0","0","0","2","0","2","","03","","N","","","","","","","","","",""
"2022098791","0637","0","0","0","0","0","0","0","0","0","1","0","","02","10","2022","6","40.355591","-79.979569","0636","11","0","0","0","0","0","1","0","0","","0","0","0","","","0","","1","","40 21:20.126","","0","79 58:46.448","0","0","0","0","2476","0","0","0","N","0","0","0","2","02476","0","","1.0","","1","N","N","N","1","","0","0","1","","2","","","2","0","0","0","0","0","0","2","0","2","","03","","N","","","","","","","","","",""
"2022099861","1645","0","0","0","0","0","0","0","0","0","7","0","","02","10","2022","4","40.369501","-79.976042","1641","11","0","1","0","0","0","0","0","0","","0","0","0","","","0","N","0","","40 22:10.205","6","0","79 58:33.750","0","0","0","0","2220","0","0","0","N","0","0","0","1","02220","0","","2.0","1720.0","9","N","N","N","0","","0","0","1","","0","Y","","1","0","0","0","0","0","0","2","0","1","","04","","N","","","","","","","","","",""
"2022059519","2125","1","0","0","0","0","0","0","0","0","4","0","","02","6","2022","2","40.446972","-79.949","2119","11","0","0","0","0","0","1","0","0","","0","0","0","","","0","","1","","40 26:49.100","","0","79 56:56.400","0","0","0","0","2301","0","0","0","N","0","0","0","2","02301","0","","1.0","","1","N","N","N","0","","0","0","1","","2","","","2","0","0","0","0","0","0","2","0","2","","03","","N","","","","","","","","","",""