"CRN","ARRIVAL_TM","AUTOMOBILE_COUNT","BELTED_DEATH_COUNT","BELTED_SUSP_SERIOUS_INJ_COUNT","BICYCLE_COUNT","BICYCLE_DEATH_COUNT","BICYCLE_SUSP_SERIOUS_INJ_COUNT","BUS_COUNT","CHLDPAS_DEATH_COUNT","CHLDPAS_SUSP_SERIOUS_INJ_COUNT","COLLISION_TYPE","COMM_VEH_COUNT","CONS_ZONE_SPD_LIM","COUNTY","CRASH_MONTH","CRASH_YEAR","DAY_OF_WEEK","DEC_LATITUDE","DEC_LONGITUDE","DISPATCH_TM","DISTRICT","DRIVER_COUNT_16YR","DRIVER_COUNT_17YR","DRIVER_COUNT_18YR","DRIVER_COUNT_19YR","DRIVER_COUNT_20YR","DRIVER_COUNT_50_64YR","DRIVER_COUNT_65_74YR","DRIVER_COUNT_75PLUS","EST_HRS_CLOSED","FATAL_COUNT","HEAVY_TRUCK_COUNT","HORSE_BUGGY_COUNT","HOUR_OF_DAY","ILLUMINATION","INJURY_COUNT","INTERSECTION_RELATED","INTERSECT_TYPE","LANE_CLOSED","LATITUDE","LN_CLOSE_DIR","LOCATION_TYPE","LONGITUDE","MAX_SEVERITY_LEVEL","MCYCLE_DEATH_COUNT","MCYCLE_SUSP_SERIOUS_INJ_COUNT","MOTORCYCLE_COUNT","MUNICIPALITY","NONMOTR_COUNT","NONMOTR_DEATH_COUNT","NONMOTR_SUSP_SERIOUS_INJ_COUNT","NTFY_HIWY_MAINT","PED_COUNT","PED_DEATH_COUNT","PED_SUSP_SERIOUS_INJ_COUNT","PERSON_COUNT","POLICE_AGCY","POSSIBLE_INJ_COUNT","RDWY_SURF_TYPE_CD","RELATION_TO_ROAD","ROADWAY_CLEARED","ROAD_CONDITION","SCH_BUS_IND","SCH_ZONE_IND","SECONDARY_CRASH","SMALL_TRUCK_COUNT","SPEC_JURIS_CD","SUSP_MINOR_INJ_COUNT","SUSP_SERIOUS_INJ_COUNT","SUV_COUNT","TCD_FUNC_CD","TCD_TYPE","TFC_DETOUR_IND","TIME_OF_DAY","TOTAL_UNITS","TOT_INJ_COUNT","UNBELTED_OCC_COUNT","UNB_DEATH_COUNT","UNB_SUSP_SERIOUS_INJ_COUNT","UNK_INJ_DEG_COUNT","UNK_INJ_PER_COUNT","URBAN_RURAL","VAN_COUNT","VEHICLE_COUNT","WEATHER1","WEATHER2","WORKERS_PRES","WORK_ZONE_IND","WORK_ZONE_LOC","WORK_ZONE_TYPE","WZ_CLOSE_DETOUR","WZ_FLAGGER","WZ_LAW_OFFCR_IND","WZ_LN_CLOSURE","WZ_MOVING","WZ_OTHER","WZ_SHLDER_MDN","WZ_WORKERS_INJ_KILLED"
"2022095366","0856","0","0","0","0","0","0","0","0","0","5","2","","02","10","2022","6","40.508944","-80.118306","0851","11","0","0","0","0","0","1","0","0","","0","2","0","","","0","N","0","","40 30:32.200","","0","80 07:05.900","0","0","0","0","2110","0","0","0","N","0","0","0","2","02215","0","","1.0","","1","N","N","N","0","","0","0","0","","0","","","2","0","0","0","0","0","0","2","0","2","","03","","N","","","","","","","","","",""
"2022059713","1318","1","0","0","0","0","0","0","0","0","5","0","","02","6","2022","2","40.519326","-80.166163","1316","11","0","0","0","0","0","0","0","1","","0","0","0","","","1","","1","","40 31:09.574","","0","80 09:58.186","4","0","0","0","2420","0","0","0","N","0","0","0","2","02420","1","","1.0","","1","N","N","N","0","","0","0","1","","2","","","2","1","0","0","0","0","0","2","0","2","","","","N","","","","","","","","","",""
"2022059986","1138","0","0","0","0","0","0","0","0","0","4","0","","02","6","2022","3","40.408331","-79.894203","1134","11","0","0","0","0","0","0","0","0","","0","0","0","","","2","","2","","40 24:29.992","","0","79 53:39.132","3","0","0","0","2448","0","0","0","N","0","0","0","4","02448","0","","1.0","","1","N","N","N","0","","2","0","2","","2","","","2","2","0","0","0","0","0","2","0","2","","03","","N","","","","","","","","","",""
"2022108312","1030","0","0","0","0","0","0","0","0","0","1","0","","02","11","2022","5","40.594593","-79.990186","1023","11","3","0","0","0","0","0","0","0","","0","0","0","","","0","N","0","","40 35:40.536","","0","79 59:24.668","0","0","0","0","2108","0","0","0","N","0","0","0","5","02108","0","","1.0","","1","N","N","N","2","","0","0","1","","0","N","","3","0","0","0","0","0","0","2","0","3","","","","N","","","","","","","","","",""
"2022107977","2208","1","0","0","0","0","0","0","0","0","1","0","","02","11","2022","4","40.430092","-79.883453","2204","11","0","0","0","1","0","0","0","0","","0","0","0","","","0","N","0","","40 25:48.330","","0","79 53:00.430","0","0","0","0","2426","0","0","0","N","0","0","0","2","68B03","0","","1.0","","1","N","N","N","0","","0","0","1","","0","","","2","0","0","0","0","0","0","2","0","2","","03","","N","","","","","","","","","",""
"2022096442","1704","1","0","0","0","0","0","0","0","0","1","0","","02","10","2022","3","40.5492","-79.758821","1655","11","0","0","0","0","0","0","0","0","","0","0","0","","","0","","2","","40 32:57.119","","0","79 45:31.754","0","0","0","0","2466","0","0","0","N","0","0","0","2","02466","0","","1.0","","1","N","N","N","1","","0","0","0","","0","","","2","0","0","0","0","0","0","1","0","2","","03","","N","","","","","","","","","",""
"2022099528","1448","1","0","0","0","0","0","0","0","0","7","0","","02","10","2022","2","40.371996","-79.776871","1447","11","0","0","0","0","0","0","0","0","","0","0","0","","","1","N","0","","40 22:19.185","1","0","79 46:36.736","3","0","0","0","2111","0","0","0","N","0","0","0","1","02111","0","","5.0","1515.0","1","N","N","N","0","","1","0","0","","0","N","","1","1","0","0","0","0","0","2","0","1","","03","","N","","","","","","","","","",""
"2022060782","1320","0","0","0","0","0","0","0","0","0","1","0","","02","6","2022","1","40.449333","-79.920917","1313","11","0","0","0","0","0","0","1","0","","0","0","0","","","1","N","0","","40 26:57.600","1","0","79 55:15.300","3","0","0","0","2301","0","0","0","N","0","0","0","1","02301","0","","4.0","1415.0","1","N","N","N","0","","1","0","2","","0","N","","2","1","0","0","0","0","0","2","0","2","","03","","N","","","","","","","","","",""
"2022099006","0605","0","0","0","0","0","0","0","0","0","98","0","","02","10","2022","2","40.328341","-80.073026","0602","11","0","0","0","0","0","0","0","0","","0","0","0","","","0","N","0","","40 19:42.029","","0","80 04:22.894","0","0","0","0","2123","0","0","0","N","0","0","0","1","02123","0","","1.0","","1","N","N","N","0","","0","0","1","","0","","","1","0","0","0","0","0","0","2","0","1","","03","","N","","","","","","","","","",""
"2022098399","0823","1","0","0","0","0","0","1","0","0","1","1","","02","10","2022","2","40.558128","-80.023481","0817","11","0","0","0","0","0","1","0","0","","0","0","0","","","1","","1","","40 33:29.259","2","0","80 01:24.531","8","0","0","0","2108","0","0","0","N","0","0","0","3","02108","0","","1.0","923.0","1","Y","N","N","1","","0","0","0","","2","N","","3","1","0","0","0","1","0","2","0","3","","98","","N","","","","","","","","","",""
"2022058756","1105","2","0","0","0","0","0","0","0","0","1","0","","02","6","2022","6","40.387524","-79.866539","1100","11","0","0","0","0","0","0","0","0","","0","0","0","","","1","N","0","","40 23:15.085","1","7","79 51:59.541","3","0","0","0","2473","0","0","0","N","0","0","0","5","02473","0","","1.0","1130.0","1","N","N","N","0","","1","0","1","","2","N","","3","1","1","0","0","0","0","2","0","3","","03","","N","","","","","","","","","",""
"2022107838","1504","1","0","0","0","0","0","0","0","0","2","0","","02","11","2022","4","40.455749","-79.910491","1458","11","0","0","0","0","0","0","0","0","","0","0","0","","","2","N","1","","40 27:20.697","1","0","79 54:37.769","3","0","0","0","2301","0","0","0","N","0","0","0","5","02301","0","","1.0","1600.0","1","Y","N","N","1","","2","0","0","","0","Y","","3","2","1","0","0","0","1","2","1","3","","10","","N","","","","","","","","","",""
"2022060772","1143","0","0","0","0","0","0","0","0","0","7","0","","02","6","2022","6","40.409086","-79.830737","1141","11","0","0","0","0","0","0","0","0","","0","0","0","","","0","N","0","","40 24:32.711","5","0","79 49:50.652","0","0","0","0","2467","0","0","0","N","0","0","0","1","02467","0","","5.0","1355.0","1","N","N","N","0","","0","0","0","","0","Y","","1","0","0","0","0","0","0","2","0","1","","","","N","","","","","","","","","",""
"2022105660","1815","1","0","0","0","0","0","0","0","0","2","0","","02","11","2022","6","40.572128","-80.023504","1815","11","0","0","0","0","0","1","0","0","","0","0","0","","","0","","1","","40 34:19.660","","0","80 01:24.616","0","0","0","0","2108","0","0","0","N","0","0","0","2","02108","0","","1.0","","9","N","N","N","1","","0","0","0","","2","","","2","0","0","0","0","0","0","2","0","2","","07","","N","","","","","","","","","",""
"2022105989","0845","1","0","0","0","0","0","0","0","0","7","0","","02","11","2022","6","40.394386","-79.798265","0840","11","0","0","0","0","0","0","1","0","","0","0","0","","","0","","2","","40 23:39.790","3","0","79 47:53.753","0","0","0","0","2446","0","0","0","N","0","0","0","1","02446","0","","2.0","910.0","9","N","N","N","0","","0","0","0","","0","N","","1","0","0","0","0","0","0","2","0","1","","","","N","","","","","","","","","",""
"2022097908","1430","1","0","0","0","0","0","0","0","0","1","0","","02","10","2022","6","40.36982","-79.784405","1429","11","0","0","0","0","0","1","0","0","","0","0","0","","","2","N","2","","40 22:11.351","6","0","79 47:03.857","8","0","0","0","2111","0","0","0","N","0","0","0","6","02111","0","","1.0","1515.0","1","N","N","N","2","","0","0","0","","0","N","","4","2","0","0","0","2","0","2","1","4","","03","","N","","","","","","","","","",""
"2022105148","0720","1","0","0","0","0","0","0","0","0","1","0","","02","11","2022","5","40.437416","-79.759092","0714","11","0","0","0","0","0","2","0","0","","0","1","0","","","0","N","0","","40 26:14.698","1","0","79 45:32.730","0","0","0","0","2446","0","0","0","N","0","0","0","4","02446","0","","1.0","750.0","1","N","N","N","0","","0","0","0","","0","N","","3","0","0","0","0","0","0","2","1","3","","03","","N","","","","","","","","","",""
"2022059621","1601","2","0","0","0","0","0","0","0","0","4","0","","02","6","2022","7","40.404282","-80.090904","1554","11","0","0","0","0","0","2","0","0","","0","0","0","","","1","","1","","40 24:15.415","","0","80 05:27.254","8","0","0","0","2415","0","0","0","N","0","0","0","2","02415","0","","1.0","","1","N","N","N","0","","0","0","0","","3","","","2","1","0","0","0","1","0","2","0","2","","98","","N","","","","","","","","","",""
"2022096875","0937","0","0","0","0","0","0","1","0","0","7","1","35","02","10","2022","4","40.417196","-79.848487","0935","11","0","0","0","0","0","0","1","0","","0","0","0","","","1","N","0","","40 25:01.904","3","0","79 50:54.552","2","0","0","0","2431","0","0","0","N","0","0","0","1","02431","0","","4.0","1339.0","1","Y","N","N","0","","0","1","0","","0","Y","","1","1","0","0","0","0","0","2","0","1","","","N","Y","5","1","","","N","","","Y","","N"
"2022097813","0036","0","0","0","0","0","0","0","0","0","7","0","","02","10","2022","7","40.407292","-80.076434","0036","11","0","0","0","0","0","0","1","0","","0","0","0","","","1","","2","","40 24:26.251","","0","80 04:35.161","3","0","0","0","2415","0","0","0","N","0","0","0","1","02415","0","","2.0","","1","N","N","N","0","","1","0","1","","3","N","","1","1","0","0","0","0","0","2","0","1","","03","","N","","","","","","","","","",""
"2022063668","0935","2","0","0","0","0","0","0","0","0","5","0","","02","7","2022","2","40.49104","-79.867228","0932","11","0","0","0","0","0","0","0","0","","0","0","0","","","2","N","0","","40 29:27.744","","0","79 52:02.022","3","0","0","0","2112","0","0","0","N","0","0","0","2","02112","0","","1.0","","1","N","N","N","0","","2","0","0","","0","","","2","2","0","0","0","0","0","2","0","2","","03","","N","","","","","","","","","",""
"2022098655","1557","0","0","0","0","0","0","0","0","0","7","0","","02","10","2022","3","40.436279","-79.973876","1519","11","0","0","0","1","0","0","0","0","","0","0","0","","","0","N","0","","40 26:10.606","","0","79 58:25.954","0","0","0","0","2301","0","0","0","N","0","0","0","1","68B03","0","","2.0","","1","N","N","N","0","","0","0","1","","0","","","1","0","0","0","0","0","0","2","0","1","","","","N","","","","","","","","","",""
"2022058864","1900","0","0","0","0","0","0","0","0","0","8","0","","02","6","2022","7","40.482083","-80.040917","1858","11","0","0","0","0","0","1","0","0","","0","0","0","","","1","","2","","40 28:55.500","","0","80 02:27.300","3","0","0","0","2301","1","0","0","N","1","0","0","2","02301","0","","1.0","","1","N","N","N","0","","1","0","0","","0","","","2","1","0","0","0","0","0","2","1","1","","","","N","","","","","","","","","",""
"2022070089","2140","1","0","0","0","0","0","0","0","0","7","0","","02","7","2022","1","40.399984","-80.023884","2135","11","0","0","0","0","1","0","0","0","","0","0","0","","","1","N","0","","40 23:59.942","7","0","80 01:25.983","3","0","0","0","2301","0","0","0","Y","0","0","0","1","02301","0","","5.0","428.0","1","N","N","N","0","","1","0","0","","0","Y","","1","1","0","0","0","0","0","2","0","1","","03","","N","","","","","","","","","",""
"2022098472","1635","1","0","0","0","0","0","0","0","0","4","0","","02","10","2022","2","40.449067","-80.063572","1620","11","0","0","0","0","0","2","0","0","","0","0","0","","","2","","2","","40 26:56.641","7","0","80 03:48.859","8","0","0","0","2301","0","0","0","N","0","0","0","2","02301","0","","1.0","1644.0","1","N","N","N","0","","0","0","0","","3","N","","2","2","0","0","0","2","0","2","1","2","","03","","N","","","","","","","","","",""
"2022062288","1650","0","0","0","0","0","0","0","0","0","7","0","","02","7","2022","6","40.438694","-79.922972","1648","11","0","0","0","0","0","0","0","0","","0","0","0","","","0","N","0","","40 26:19.300","","7","79 55:22.700","0","0","0","0","2301","0","0","0","Y","0","0","0","4","02301","0","","2.0","","1","N","N","N","0","","0","0","1","","0","N","","1","0","0","0","0","0","0","2","0","1","","03","","N","","","","","","","","","",""
"2022098131","0818","1","0","0","0","0","0","0","0","0","1","0","","02","10","2022","4","40.466438","-80.000753","1746","11","0","0","0","0","0","0","0","0","","0","0","0","","","0","N","0","","40 27:59.175","","0","80 00:02.710","0","0","0","0","2301","0","0","0","N","0","0","0","4","68B03","0","","1.0","","1","N","N","N","0","","0","0","2","","0","","","3","0","0","0","0","0","0","2","0","3","","","","N","","","","","","","","","",""
"2022093358","0924","1","0","0","0","0","0","0","0","0","4","0","","02","10","2022","4","40.542192","-79.964108","0920","11","0","0","0","0","0","0","0","0","","0","0","0","","","0","N","2","","40 32:31.891","","0","79 57:50.788","0","0","0","0","2118","0","0","0","N","0","0","0","2","02118","0","","1.0","","1","N","N","N","0","","0","0","1","","2","","","2","0","0","0","0","0","0","2","0","2","","03","","N","","","","","","","","","",""
"2022063006","1721","1","0","0","0","0","0","0","0","0","1","0","","02","6","2022","2","40.405028","-79.973111","1718","11","0","0","0","1","0","1","0","0","","0","0","0","","","0","N","0","","40 24:18.100","4","0","79 58:23.200","0","0","0","0","2301","0","0","0","N","0","0","0","2","02301","0","","1.0","1855.0","1","N","N","N","0","","0","0","1","","0","N","","2","0","0","0","0","0","0","2","0","2","","03","","N","","","","","","","","","",""
"2022067728","1507","1","0","0","0","0","0","0","0","0","4","0","","02","7","2022","7","40.439333","-79.768556","1503","11","0","0","0","0","0","0","1","0","","0","0","0","","","0","N","0","","40 26:21.600","","7","79 46:06.800","0","0","0","0","2446","0","0","0","N","0","0","0","2","02446","0","","1.0","","1","N","N","N","0","","0","0","1","","0","N","","2","0","0","0","0","0","0","2","0","2","","03","","N","","","","","","","","","",""
"2022091881","1538","0","0","0","0","0","0","0","0","0","1","0","","02","9","2022","6","40.511459","-80.10094","1538","11","0","0","0","0","0","0","0","0","","0","0","0","","","0","N","1","","40 30:41.251","1","0","80 06:03.383","0","0","0","0","2429","0","0","0","N","0","0","0","2","02215","0","","1.0","1556.0","1","N","N","Y","2","","0","0","0","","2","N","","2","0","0","0","0","0","0","2","0","2","","03","","N","","","","","","","","","",""
"2022058705","0344","0","0","0","0","0","0","0","0","0","7","0","","02","6","2022","7","40.459417","-79.887056","0339","11","0","0","0","0","0","0","0","0","","0","0","0","","","0","Y","0","","40 27:33.900","4","0","79 53:13.400","9","0","0","0","2301","0","0","0","N","0","0","0","1","02301","0","","5.0","500.0","1","N","N","N","0","","0","0","1","","3","N","","1","0","0","0","0","0","1","2","0","1","","03","","N","","","","","","","","","",""
"2022098002","1731","2","0","0","0","0","0","0","0","0","4","0","","02","10","2022","7","40.621324","-79.72825","1719","11","0","0","0","0","0","0","1","0","","0","0","0","","","2","","2","","40 37:16.766","2","0","79 43:41.701","3","0","0","0","2106","0","0","0","N","0","0","0","3","02106","0","","1.0","1750.0","1","N","N","N","0","","1","0","0","","0","N","","2","2","0","0","0","1","0","2","0","2","","","","N","","","","","","","","","",""
"2022061190","0734","2","0","0","0","0","0","0","0","0","4","0","","02","6","2022","3","40.31853","-79.899246","0730","11","0","0","1","0","0","0","0","0","","0","0","0","","","0","","1","","40 19:06.707","1","0","79 53:57.284","0","0","0","0","2302","0","0","0","N","0","0","0","2","02302","0","","1.0","45.0","1","N","N","N","0","","0","0","0","","2","N","","2","0","0","0","0","0","0","2","0","2","","","","N","","","","","","","","","",""
"2022059002","1255","1","0","0","0","0","0","0","0","0","4","0","","02","6","2022","6","40.458528","-79.757806","1249","11","0","0","0","0","0","1","0","1","","0","0","0","","","1","","2","","40 27:30.700","4","0","79 45:28.100","3","0","0","0","2446","0","0","0","N","0","0","0","2","02446","0","","1.0","1330.0","1","N","N","N","1","","1","0","0","","3","Y","","2","1","0","0","0","0","0","2","0","2","","03","","N","","","","","","","","","",""
"2022058421","0530","1","0","0","0","0","0","0","0","0","1","0","","02","6","2022","6","40.478908","-80.043019","0521","11","0","0","0","0","0","1","1","0","","0","0","0","","","1","","1","","40 28:44.067","","0","80 02:34.868","3","0","0","0","2301","0","0","0","N","0","0","0","2","02301","0","","1.0","","1","N","N","N","0","","1","0","1","","2","N","","2","1","0","0","0","0","0","2","0","2","","03","","N","","","","","","","","","",""
"2022059568","1740","1","0","0","0","0","0","0","0","0","0","0","","02","6","2022","1","40.447926","-79.897634","1735","11","0","0","0","0","0","0","0","0","","0","0","0","","","1","","2","","40 26:52.533","4","0","79 53:51.482","8","0","0","0","2301","0","0","0","Y","0","0","0","2","02301","0","","4.0","1845.0","1","N","N","N","0","","0","0","0","","0","Y","","2","1","0","0","0","1","0","2","1","2","","","","N","","","","","","","","","",""
"2022082414","0321","1","0","0","0","0","0","0","0","0","7","0","","02","7","2022","1","40.429181","-79.95629","0310","11","0","0","0","1","0","0","0","0","","0","0","0","","","0","N","0","","40 25:45.053","","0","79 57:22.643","0","0","0","0","2301","0","0","0","N","0","0","0","1","68B03","0","","4.0","","1","N","N","N","0","","0","0","0","","0","","","1","0","0","0","0","0","0","2","0","1","","","","N","","","","","","","","","",""
"2022099744","0948","0","0","0","0","0","0","0","0","0","0","1","","02","9","2022","3","40.516933","-80.221334","0946","11","0","0","0","0","0","1","0","0","","0","0","0","","","0","","1","","40 31:00.959","4","0","80 13:16.803","0","0","0","0","2213","0","0","0","N","0","0","0","2","02213","0","","1.0","1148.0","1","N","N","N","1","","0","0","0","","2","Y","","1","0","0","0","0","0","0","2","0","1","","","","N","","","","","","","","","",""
"2022061037","1250","1","0","0","0","0","0","0","0","0","1","0","","02","6","2022","7","40.539397","-80.011946","1248","11","0","0","1","0","0","0","1","0","","0","0","0","","","0","N","0","","40 32:21.829","","0","80 00:43.007","0","0","0","0","2116","0","0","0","N","0","0","0","4","02116","0","","1.0","","1","N","N","Y","0","","0","0","1","","0","","","2","0","0","0","0","0","0","2","0","2","","","","N","","","","","","","","","",""
"2022059158","1910","0","0","0","0","0","0","0","0","0","7","0","","02","6","2022","1","40.292322","-79.874848","1905","11","0","0","0","1","0","0","0","0","","0","0","0","","","1","","2","","40 17:32.358","4","0","79 52:29.453","3","0","0","0","2302","0","0","0","N","0","0","0","5","02302","0","","5.0","1935.0","1","N","N","N","0","","1","0","1","","2","Y","","1","1","3","0","0","0","0","2","0","1","","03","","N","","","","","","","","","",""
"2022063569","0220","1","0","0","0","0","0","0","0","0","1","0","","02","6","2022","7","40.430083","-79.985389","0218","11","0","0","0","0","0","0","0","0","","0","0","0","","","1","","1","","40 25:48.300","","0","79 59:07.400","3","0","0","0","2301","0","0","0","N","0","0","0","2","02301","0","","1.0","","1","N","N","N","0","","1","0","1","","3","","","2","1","0","0","0","0","1","2","0","2","","03","","N","","","","","","","","","",""
"2022070110","0111","3","0","0","0","0","0","0","0","0","4","0","","02","8","2022","2","40.428583","-79.99406","0110","11","0","0","0","0","0","0","0","0","","0","0","0","","","1","N","0","","40 25:42.899","","0","79 59:38.617","4","0","0","0","2301","0","0","0","N","0","0","0","3","02301","1","","4.0","","1","N","N","N","0","","0","0","0","","0","","","3","1","0","0","0","0","0","2","0","3","","03","","N","","","","","","","","","",""
"2022058779","1000","2","0","0","0","0","0","0","0","0","1","0","","02","6","2022","7","40.448432","-80.158021","0955","11","0","0","0","0","0","0","0","0","","0","0","0","","","0","","1","","40 26:54.356","4","0","80 09:28.877","0","0","0","0","2115","0","0","0","N","0","0","0","2","02115","0","","1.0","1015.0","1","N","N","N","0","","0","0","0","","2","N","","2","0","0","0","0","0","0","2","0","2","","03","","N","","","","","","","","","",""
"2022099372","1241","1","0","0","0","0","0","0","0","0","1","1","","02","10","2022","4","40.498694","-80.062111","1241","11","0","0","0","0","0","0","0","0","","0","1","0","","","0","N","0","","40 29:55.300","","0","80 03:43.600","0","0","0","0","2402","0","0","0","N","0","0","0","1","02402","0","","1.0","","9","N","N","N","0","","0","0","0","","0","","","2","0","0","0","0","0","0","2","0","2","","03","","N","","","","","","","","","",""
"2022066629","1832","0","0","0","0","0","0","0","0","0","1","0","","02","6","2022","3","40.522089","-80.217454","1830","11","0","0","0","0","1","0","1","0","","0","0","0","","","1","","2","","40 31:19.522","1","0","80 13:02.834","4","0","0","0","2213","0","0","0","N","0","0","0","3","02213","1","","1.0","1850.0","1","N","N","N","0","","0","0","1","","0","N","","2","1","0","0","0","0","0","2","1","2","","","","N","","","","","","","","","",""
"2022058597","1805","0","0","0","0","0","0","0","0","0","7","0","","02","6","2022","6","40.455722","-79.897944","1758","11","0","0","0","0","0","0","1","0","","0","0","0","","","1","","1","","40 27:20.600","","0","79 53:52.600","8","0","0","0","2301","0","0","0","N","0","0","0","1","02301","0","","4.0","","1","N","N","Y","0","","0","0","1","","0","","","1","1","0","0","0","1","0","2","0","1","","","","N","","","","","","","","","",""
"2022063819","0747","0","0","0","0","0","0","0","0","0","7","0","","02","6","2022","6","40.429268","-79.931553","0734","11","0","0","0","0","0","0","0","0","","0","0","0","","","1","N","0","","40 25:45.364","4","2","79 55:53.592","4","0","0","0","2301","0","0","0","N","0","0","0","1","68B03","1","","4.0","755.0","1","N","N","N","0","","0","0","1","","0","N","","1","1","0","0","0","0","0","2","0","1","","","","N","","","","","","","","","",""
"2022059536","2250","0","0","0","0","0","0","0","0","0","0","0","","02","6","2022","1","40.451451","-79.90819","2246","11","0","0","0","1","0","0","0","0","","0","0","0","","","1","","1","","40 27:05.223","","0","79 54:29.484","3","0","0","1","2301","0","0","0","N","0","0","0","1","02301","0","","1.0","","1","N","N","N","0","","1","0","0","","2","","","1","1","0","0","0","0","0","2","0","1","","03","","N","","","","","","","","","",""
"2022069069","2250","2","0","0","0","0","0","0","0","0","5","0","","02","7","2022","4","40.425983","-80.015191","2242","11","0","0","0","0","0","0","0","0","","0","0","0","","","0","N","0","","40 25:33.537","","0","80 00:54.686","0","0","0","0","2301","0","0","0","N","0","0","0","1","02301","0","","1.0","","1","N","N","N","0","","0","0","0","","0","","","2","0","0","0","0","0","0","2","0","2","","03","","N","","","","","","","","","",""
"2022097855","0137","1","0","0","0","0","0","0","0","0","7","0","","02","10","2022","4","40.430399","-79.957651","0120","11","0","0","1","0","0","0","0","0","","0","0","0","","","0","N","0","","40 25:49.438","3","0","79 57:27.544","0","0","0","0","2301","0","0","0","N","0","0","0","1","68B03","0","","4.0","206.0","9","N","N","N","0","","0","0","0","","0","N","","1","0","0","0","0","0","0","2","0","1","","","","N","","","","","","","","","",""
"2022107859","1915","0","0","0","0","0","0","0","0","0","98","0","","02","11","2022","3","40.536628","-80.195448","1913","11","0","0","0","0","0","0","0","0","","0","0","0","","","0","N","0","","40 32:11.860","","0","80 11:43.613","0","0","0","0","2213","0","0","0","N","0","0","0","2","02213","0","","1.0","","1","N","N","N","0","","0","0","1","","0","","","1","0","0","0","0","0","0","2","0","1","","03","","N","","","","","","","","","",""
"2022069751","1732","0","0","0","0","0","0","0","0","0","1","0","","02","7","2022","4","40.488368","-79.954958","1725","11","0","0","0","1","0","1","0","0","","0","0","0","","","0","Y","0","","40 29:18.123","1","0","79 57:17.847","0","0","0","0","2118","0","0","0","N","0","0","0","3","02118","0","","1.0","1830.0","1","N","N","N","1","","0","0","2","","0","N","","3","0","0","0","0","0","0","2","0","3","","03","","N","","","","","","","","","",""
"2022053608","0125","1","0","0","0","0","0","0","0","0","7","0","","02","6","2022","5","40.526806","-79.915333","0120","11","0","0","0","0","1","0","0","0","","0","0","0","","","0","N","0","","40 31:36.500","4","0","79 54:55.200","9","0","0","0","2112","0","0","0","N","0","0","0","1","02112","0","","4.0","200.0","9","N","N","N","0","","0","0","0","","0","N","","1","0","0","0","0","0","1","2","0","1","","","","N","","","","","","","","","",""
"2022098080","0046","1","0","0","0","0","0","0","0","0","4","0","","02","10","2022","7","40.363856","-79.867464","0042","11","0","0","0","0","0","0","0","0","","0","0","0","","","1","N","0","","40 21:49.880","6","0","79 52:02.870","2","0","0","0","2473","0","0","0","N","0","0","0","1","02473","0","","5.0","145.0","1","N","N","Y","1","","0","1","0","","0","Y","","2","1","1","0","1","0","0","2","0","2","","03","","N","","","","","","","","","",""
"2022069146","0748","1","0","0","0","0","0","0","0","0","4","0","","02","7","2022","5","40.431933","-79.839183","0744","11","0","0","0","0","0","0","0","0","","0","0","0","","","1","","2","","40 25:54.959","","0","79 50:21.059","3","0","0","0","2419","0","0","0","N","0","0","0","3","02419","0","","1.0","","1","N","N","N","0","","1","0","1","","3","N","","2","1","0","0","0","0","0","2","0","2","","03","","N","","","","","","","","","",""
"2022059403","1738","1","0","0","1","0","0","0","0","0","8","0","","02","6","2022","2","40.454282","-80.000852","1733","11","0","0","0","0","0","0","0","0","","0","0","0","","","2","","1","","40 27:15.416","","0","80 00:03.067","3","0","0","0","2301","1","0","0","N","0","0","0","5","02301","0","","1.0","","1","N","N","N","0","","2","0","0","","3","","","2","2","0","0","0","0","0","2","0","1","","03","","N","","","","","","","","","",""
"2022059518","2036","0","0","0","0","0","0","0","0","0","7","0","","02","6","2022","2","40.439717","-79.99329","2036","11","0","0","0","0","0","1","0","0","","0","0","0","","","0","N","0","","40 26:22.981","","0","79 59:35.843","0","0","0","0","2301","0","0","0","Y","0","0","0","1","02301","0","","3.0","","1","N","N","N","0","","0","0","1","","0","","","1","0","0","0","0","0","0","2","0","1","","","","N","","","","","","","","","",""
"2022098958","1111","1","0","0","0","0","0","0","0","0","4","0","","02","10","2022","3","40.398822","-80.044915","1101","11","0","0","0","0","0","2","0","0","","0","0","0","","","1","N","1","","40 23:55.759","","0","80 02:41.694","8","0","0","0","2301","0","0","0","N","0","0","0","2","02301","0","","1.0","","1","N","N","N","0","","0","0","0","","3","","","2","1","0","0","0","1","0","2","1","2","","","","N","","","","","","","","","",""
"2022098974","1257","1","0","0","0","0","0","0","0","0","1","1","","02","10","2022","3","40.461836","-80.050883","1257","11","0","0","0","0","0","0","0","0","","0","1","0","","","0","N","0","","40 27:42.610","3","0","80 03:03.180","0","0","0","0","2301","0","0","0","N","0","0","0","2","02301","0","","2.0","1400.0","1","N","N","N","0","","0","0","0","","0","N","","2","0","0","0","0","0","0","2","0","2","","03","","N","","","","","","","","","",""