"CRN","ARRIVAL_TM","AUTOMOBILE_COUNT","BELTED_DEATH_COUNT","BELTED_SUSP_SERIOUS_INJ_COUNT","BICYCLE_COUNT","BICYCLE_DEATH_COUNT","BICYCLE_SUSP_SERIOUS_INJ_COUNT","BUS_COUNT","CHLDPAS_DEATH_COUNT","CHLDPAS_SUSP_SERIOUS_INJ_COUNT","COLLISION_TYPE","COMM_VEH_COUNT","CONS_ZONE_SPD_LIM","COUNTY","CRASH_MONTH","CRASH_YEAR","DAY_OF_WEEK","DEC_LATITUDE","DEC_LONGITUDE","DISPATCH_TM","DISTRICT","DRIVER_COUNT_16YR","DRIVER_COUNT_17YR","DRIVER_COUNT_18YR","DRIVER_COUNT_19YR","DRIVER_COUNT_20YR","DRIVER_COUNT_50_64YR","DRIVER_COUNT_65_74YR","DRIVER_COUNT_75PLUS","EST_HRS_CLOSED","FATAL_COUNT","HEAVY_TRUCK_COUNT","HORSE_BUGGY_COUNT","HOUR_OF_DAY","ILLUMINATION","INJURY_COUNT","INTERSECTION_RELATED","INTERSECT_TYPE","LANE_CLOSED","LATITUDE","LN_CLOSE_DIR","LOCATION_TYPE","LONGITUDE","MAX_SEVERITY_LEVEL","MCYCLE_DEATH_COUNT","MCYCLE_SUSP_SERIOUS_INJ_COUNT","MOTORCYCLE_COUNT","MUNICIPALITY","NONMOTR_COUNT","NONMOTR_DEATH_COUNT","NONMOTR_SUSP_SERIOUS_INJ_COUNT","NTFY_HIWY_MAINT","PED_COUNT","PED_DEATH_COUNT","PED_SUSP_SERIOUS_INJ_COUNT","PERSON_COUNT","POLICE_AGCY","POSSIBLE_INJ_COUNT","RDWY_SURF_TYPE_CD","RELATION_TO_ROAD","ROADWAY_CLEARED","ROAD_CONDITION","SCH_BUS_IND","SCH_ZONE_IND","SECONDARY_CRASH","SMALL_TRUCK_COUNT","SPEC_JURIS_CD","SUSP_MINOR_INJ_COUNT","SUSP_SERIOUS_INJ_COUNT","SUV_COUNT","TCD_FUNC_CD","TCD_TYPE","TFC_DETOUR_IND","TIME_OF_DAY","TOTAL_UNITS","TOT_INJ_COUNT","UNBELTED_OCC_COUNT","UNB_DEATH_COUNT","UNB_SUSP_SERIOUS_INJ_COUNT","UNK_INJ_DEG_COUNT","UNK_INJ_PER_COUNT","URBAN_RURAL","VAN_COUNT","VEHICLE_COUNT","WEATHER1","WEATHER2","WORKERS_PRES","WORK_ZONE_IND","WORK_ZONE_LOC","WORK_ZONE_TYPE","WZ_CLOSE_DETOUR","WZ_FLAGGER","WZ_LAW_OFFCR_IND","WZ_LN_CLOSURE","WZ_MOVING","WZ_OTHER","WZ_SHLDER_MDN","WZ_WORKERS_INJ_KILLED"
"2022102768","1858","2","0","0","0","0","0","0","0","0","4","0","","02","11","2022","6","40.443843","-79.993855","1858","11","0","0","0","0","0","0","1","0","","0","0","0","","","0","","1","","40 26:37.833","3","0","79 59:37.879","0","0","0","0","2301","0","0","0","N","0","0","0","2","02503","0","","1.0","1930.0","1","N","N","N","0","","0","0","0","","2","N","","2","0","0","0","0","0","0","2","0","2","","03","","N","","","","","","","","","",""
"2022093339","0233","1","0","0","0","0","0","0","0","0","7","0","","02","10","2022","2","40.434533","-79.989823","0228","11","0","0","0","0","0","0","0","0","","0","0","0","","","0","","1","","40 26:04.319","","0","79 59:23.362","0","0","0","0","2301","0","0","0","N","0","0","0","1","02301","0","","2.0","","1","N","N","N","0","","0","0","0","","2","","","1","0","0","0","0","0","0","2","0","1","","03","","N","","","","","","","","","",""
"2022092290","1041","0","0","0","0","0","0","0","0","0","7","0","","02","10","2022","4","40.456123","-79.991228","1039","11","0","0","0","0","0","0","0","0","","0","0","0","","","1","N","0","","40 27:22.041","1","0","79 59:28.420","4","0","0","0","2445","0","0","0","N","0","0","0","1","02445","1","","3.0","1117.0","1","N","N","N","0","","0","0","1","","0","Y","","1","1","1","0","0","0","0","2","0","1","","03","","N","","","","","","","","","",""
"2022093497","1605","1","0","0","0","0","0","0","0","0","6","0","","02","10","2022","1","40.368281","-80.061122","1555","11","0","0","0","0","0","0","0","0","","0","0","0","","","0","N","0","","40 22:05.810","3","0","80 03:40.040","0","0","0","0","2109","0","0","0","N","0","0","0","3","02109","0","","1.0","1705.0","1","N","N","N","0","","0","0","1","","0","Y","","2","0","0","0","0","0","0","2","0","2","","","","N","","","","","","","","","",""
"2022103255","0115","0","0","0","0","0","0","0","0","0","8","0","","02","11","2022","1","40.473281","-79.820662","0115","11","0","0","0","0","0","0","0","0","","0","0","0","","","1","N","0","","40 28:23.811","6","0","79 49:14.383","2","0","0","1","2113","1","0","1","N","1","0","1","2","02113","0","","2.0","150.0","1","N","N","N","0","","0","1","0","","0","Y","","2","1","0","0","0","0","1","2","0","1","","","","N","","","","","","","","","",""
"2022102026","0649","1","0","0","0","0","0","0","0","0","4","0","","02","11","2022","4","40.406609","-80.018476","0633","11","0","0","0","0","0","0","0","0","","0","0","0","","","0","N","0","","40 24:23.792","","7","80 01:06.512","0","0","0","0","2301","0","0","0","N","0","0","0","2","02301","0","","1.0","","9","N","N","N","1","","0","0","0","","0","","","2","0","0","0","0","0","0","2","0","2","","05","","N","","","","","","","","","",""
"2022105455","0237","0","0","0","0","0","0","0","0","0","98","0","","02","11","2022","2","40.554337","-79.837365","0223","11","0","0","0","0","0","0","0","0","","0","0","0","","","0","N","0","","40 33:15.612","","0","79 50:14.514","0","0","0","0","2208","0","0","0","N","0","0","0","1","68T02","0","","1.0","","1","N","N","N","0","","0","0","1","","0","","","1","0","0","0","0","0","0","2","0","1","","","","N","","","","","","","","","",""
"2022092689","0723","0","0","0","0","0","0","0","0","0","4","0","","02","10","2022","5","40.543963","-80.035931","0718","11","0","1","0","0","0","0","0","0","","0","0","0","","","1","","1","","40 32:38.266","1","0","80 02:09.352","3","0","0","0","2116","0","0","0","N","0","0","0","3","02116","0","","1.0","750.0","1","N","N","N","1","","1","0","1","","3","N","","2","1","0","0","0","0","0","2","0","2","","03","","N","","","","","","","","","",""
"2022094176","2323","3","0","0","0","0","0","0","0","0","6","0","","02","10","2022","3","40.348389","-79.859528","2323","11","0","0","0","1","0","0","0","0","","0","0","0","","","1","Y","0","","40 20:54.200","5","0","79 51:34.300","3","0","0","0","2304","0","0","0","N","0","0","0","2","02304","0","","6.0","16.0","1","N","N","N","0","","1","0","1","","0","Y","","4","1","0","0","0","0","0","2","0","4","","03","","N","","","","","","","","","",""
"2022103865","1812","1","0","0","0","0","0","0","0","0","4","0","","02","11","2022","2","40.270458","-79.888824","1810","11","0","0","1","0","0","1","0","0","","0","0","0","","","0","","1","","40 16:13.650","","0","79 53:19.766","0","0","0","0","2428","0","0","0","N","0","0","0","2","02428","0","","1.0","","1","N","N","N","1","","0","0","0","","3","","","2","0","0","0","0","0","0","2","0","2","","03","","N","","","","","","","","","",""
"2022107064","0013","1","0","0","0","0","0","0","0","0","7","0","","02","11","2022","1","40.333577","-79.985333","0010","11","0","0","0","0","0","0","0","0","","0","0","0","","","0","N","0","","40 20:00.876","","0","79 59:07.199","9","0","0","0","2403","0","0","0","N","0","0","0","1","02403","0","","4.0","","1","N","N","N","0","","0","0","0","","0","","","1","0","0","0","0","0","1","2","0","1","","03","","N","","","","","","","","","",""
"2022094717","1536","1","0","0","0","0","0","0","0","0","1","0","","02","10","2022","5","40.373629","-80.034897","1533","11","0","0","0","0","0","1","0","0","","0","0","0","","","1","Y","0","","40 22:25.063","","0","80 02:05.628","3","0","0","0","2109","0","0","0","N","0","0","0","2","02109","0","","1.0","","1","N","N","N","0","","1","0","1","","2","","","2","1","0","0","0","0","0","2","0","2","","03","","N","","","","","","","","","",""
"2022108386","0543","0","0","0","0","0","0","0","0","0","0","0","","02","11","2022","6","40.373768","-80.006356","0543","11","0","0","0","0","0","1","0","0","","0","0","0","","","1","","1","","40 22:25.566","2","0","80 00:22.883","2","0","1","1","2416","0","0","0","N","0","0","0","1","02416","0","","1.0","45.0","1","N","N","N","0","","0","1","0","","2","N","","1","1","0","0","0","0","0","2","0","1","","03","","N","","","","","","","","","",""
"2022104010","2116","1","0","0","0","0","0","0","0","0","4","0","","02","11","2022","2","40.348005","-79.817214","2113","11","0","0","0","0","0","2","0","0","","0","0","0","","","1","","2","","40 20:52.818","6","0","79 49:01.971","8","0","0","0","2477","0","0","0","N","0","0","0","2","02477","0","","1.0","2145.0","1","N","N","N","0","","0","0","1","","3","Y","","2","1","0","0","0","1","0","2","0","2","","","","N","","","","","","","","","",""
"2022102975","2015","1","0","0","0","0","0","0","0","0","4","0","","02","11","2022","6","40.456544","-79.936485","2013","11","0","0","0","0","0","0","0","0","","0","0","0","","","0","","1","","40 27:23.558","","0","79 56:11.345","9","0","0","0","2301","0","0","0","N","0","0","0","2","02301","0","","1.0","","1","N","N","N","0","","0","0","1","","2","","","2","0","0","0","0","0","1","2","0","2","","","","N","","","","","","","","","",""
"2022110618","1421","1","0","0","0","0","0","0","0","0","7","0","","02","11","2022","1","40.519074","-79.853266","1418","11","0","0","0","0","0","0","0","0","","0","0","0","","","0","N","0","","40 31:08.667","1","0","79 51:11.757","0","0","0","0","2112","0","0","0","N","0","0","0","1","68D02","0","","3.0","1422.0","9","N","N","N","0","","0","0","0","","0","N","","1","0","0","0","0","0","0","2","0","1","","","","N","","","","","","","","","",""
"2022105786","1809","2","0","0","0","0","0","0","0","0","1","0","","02","11","2022","6","40.389714","-79.985579","1746","11","0","0","0","0","0","0","0","0","","0","0","0","","","2","N","0","","40 23:22.971","1","0","79 59:08.084","8","0","0","0","2301","0","0","0","N","0","0","0","2","02301","0","","6.0","1908.0","9","N","N","N","0","","0","0","1","","0","N","","3","2","1","0","0","2","0","2","0","3","","07","","N","","","","","","","","","",""
"2022102585","1937","2","0","0","0","0","0","0","0","0","4","0","","02","11","2022","5","40.435751","-79.7711","1931","11","0","0","0","0","0","0","0","0","","0","0","0","","","0","N","0","","40 26:08.703","3","7","79 46:15.961","0","0","0","0","2446","0","0","0","N","0","0","0","5","02446","0","","1.0","2010.0","1","N","N","N","0","","0","0","0","","2","Y","","2","0","0","0","0","0","0","2","0","2","","03","","N","","","","","","","","","",""
"2022104577","0749","1","0","0","0","0","0","0","0","0","1","0","","02","11","2022","4","40.271426","-79.885017","0746","11","0","0","0","0","0","1","0","0","","0","0","0","","","1","","6","","40 16:17.132","","2","79 53:06.062","3","0","0","0","2428","0","0","0","N","0","0","0","2","02428","0","","1.0","","1","N","N","N","0","","1","0","1","","3","","","2","1","0","0","0","0","0","2","0","2","","03","","N","","","","","","","","","",""
"2022094774","1509","2","0","1","0","0","0","0","0","0","4","0","","02","10","2022","6","40.432503","-79.79031","1507","11","0","0","0","0","0","1","0","0","","0","0","0","","","1","","2","","40 25:57.011","3","7","79 47:25.116","2","0","0","0","2446","0","0","0","N","0","0","0","2","02446","0","","1.0","1537.0","1","N","N","N","0","","0","1","0","","2","Y","","2","1","0","0","0","0","0","2","0","2","","03","","N","","","","","","","","","",""
"2022100309","1831","0","0","0","0","0","0","0","0","0","4","0","","02","10","2022","4","40.355798","-80.050264","1828","11","0","0","0","0","0","0","0","0","","0","0","0","","","1","N","0","","40 21:20.873","","7","80 03:00.951","3","0","0","0","2109","0","0","0","N","0","0","0","3","02109","0","","1.0","","1","N","N","N","0","","1","0","2","","3","","","2","1","0","0","0","0","0","2","0","2","","","","N","","","","","","","","","",""
"2022106663","0708","0","0","0","0","0","0","0","0","0","1","0","","02","11","2022","3","40.498888","-79.943821","0706","11","0","0","0","0","0","0","0","0","","0","0","0","","","0","","2","","40 29:55.996","","0","79 56:37.756","0","0","0","0","2430","0","0","0","N","0","0","0","2","02430","0","","1.0","","1","N","N","N","0","","0","0","2","","0","","","2","0","0","0","0","0","0","2","0","2","","","","N","","","","","","","","","",""
"2022105596","1620","0","0","0","1","0","0","0","0","0","8","1","","02","11","2022","5","40.454914","-79.994497","1602","11","0","0","0","0","0","0","0","0","","0","1","0","","","1","","1","","40 27:17.690","","2","79 59:40.188","3","0","0","0","2301","1","0","0","N","0","0","0","2","02301","0","","1.0","","1","N","N","N","0","","1","0","0","","2","","","2","1","0","0","0","0","1","2","0","1","","03","","N","","","","","","","","","",""
"2022103251","0115","2","0","0","0","0","0","0","0","0","5","0","","02","11","2022","1","40.426548","-79.98411","0111","11","0","0","0","0","0","0","0","0","","0","0","0","","","0","N","0","","40 25:35.574","","0","79 59:02.796","9","0","0","0","2301","0","0","0","N","0","0","0","4","02301","0","","6.0","","1","N","N","N","1","","0","0","1","","0","","","4","0","0","0","0","0","1","2","0","4","","03","","N","","","","","","","","","",""
"2022069630","2256","1","0","0","0","0","0","0","0","0","7","0","","02","7","2022","6","40.580273","-79.824613","2250","11","0","0","0","0","0","0","0","0","","0","0","0","","","0","N","0","","40 34:48.984","5","0","79 49:28.605","0","0","0","0","2209","0","0","0","N","0","0","0","2","02209","0","","2.0","2348.0","1","N","N","N","0","","0","0","0","","0","N","","1","0","0","0","0","0","0","2","0","1","","03","","N","","","","","","","","","",""
"2022099436","1312","2","0","0","0","0","0","0","0","0","4","0","","02","10","2022","1","40.343093","-79.968971","1309","11","0","0","1","1","0","0","0","0","","0","0","0","","","1","","2","","40 20:35.135","1","0","79 58:08.296","3","0","0","0","2403","0","0","0","N","0","0","0","3","02403","0","","1.0","40.0","1","N","N","N","0","","1","0","0","","0","N","","2","1","1","0","0","0","0","2","0","2","","03","","N","","","","","","","","","",""
"2022103739","1144","0","0","0","0","0","0","0","0","0","4","0","","02","11","2022","2","40.388229","-80.089906","1139","11","0","0","0","0","0","1","0","0","","0","0","0","","","0","","1","","40 23:17.623","","0","80 05:23.662","0","0","0","0","2437","0","0","0","N","0","0","0","2","02437","0","","1.0","","1","N","N","N","0","","0","0","1","","2","","","2","0","0","0","0","0","0","2","1","2","","03","","N","","","","","","","","","",""
"2022107201","0636","0","0","0","0","0","0","0","0","0","4","0","","02","11","2022","4","40.650968","-80.118532","0636","11","0","0","0","0","0","1","0","0","","0","0","0","","","0","","1","","40 39:03.483","6","0","80 07:06.715","0","0","0","0","2212","0","0","0","N","0","0","0","2","02505","0","","1.0","725.0","1","N","N","N","0","","0","0","1","","3","N","","2","0","0","0","0","0","0","1","1","2","","03","","N","","","","","","","","","",""
"2022108619","0206","1","0","0","0","0","0","0","0","0","2","0","","02","11","2022","5","40.456363","-79.918764","0200","11","0","0","0","0","0","0","0","0","","0","0","0","","","0","","2","","40 27:22.905","","0","79 55:07.552","0","0","0","0","2301","0","0","0","N","0","0","0","2","02301","0","","4.0","","1","N","N","N","0","","0","0","1","","0","","","2","0","0","0","0","0","0","2","0","2","","03","","N","","","","","","","","","",""
"2022102357","0749","0","0","0","0","0","0","0","0","0","1","0","","02","11","2022","4","40.0","-80.0","0746","11","0","0","1","0","0","0","0","0","","0","0","0","","","0","N","0","","40 00:00.000","","0","80 00:00.000","0","0","0","0","2303","0","0","0","N","0","0","0","2","02303","0","","1.0","","1","N","N","N","0","","0","0","1","","0","","","2","0","0","0","0","0","0","1","1","2","","04","","N","","","","","","","","","",""
"2022099074","2020","0","0","0","0","0","0","0","0","0","1","0","","02","10","2022","7","40.442292","-79.822656","2006","11","0","0","0","0","0","1","0","0","","0","0","0","","","1","N","0","","40 26:32.251","4","0","79 49:21.562","8","0","0","0","2124","0","0","0","N","0","0","0","2","68B03","0","","1.0","2103.0","9","N","N","N","0","","0","0","2","","0","N","","2","1","0","0","0","1","0","2","0","2","","07","","N","","","","","","","","","",""
"2022090290","2250","1","0","0","0","0","0","0","0","0","1","0","","02","9","2022","7","40.432843","-80.005102","2250","11","0","0","0","0","1","0","0","0","","0","0","0","","","0","","2","","40 25:58.233","","0","80 00:18.368","0","0","0","0","2301","0","0","0","N","0","0","0","4","02301","0","","1.0","","1","N","N","N","0","","0","0","1","","0","","","2","0","0","0","0","0","0","2","0","2","","","","N","","","","","","","","","",""
"2022104456","0644","0","0","0","0","0","0","0","0","0","8","0","","02","11","2022","4","40.428516","-79.976277","0632","11","0","0","0","0","0","0","1","0","","0","0","0","","","1","","1","","40 25:42.656","","0","79 58:34.598","8","0","0","0","2301","1","0","0","N","1","0","0","2","02301","0","","1.0","","1","N","N","N","0","","0","0","1","","2","N","","2","1","0","0","0","1","0","2","0","1","","03","","N","","","","","","","","","",""
"2022095606","1112","1","0","0","0","0","0","0","0","0","7","0","","02","10","2022","6","40.342912","-80.053071","1103","11","0","0","0","0","0","0","1","0","","0","0","0","","","0","","2","","40 20:34.482","","0","80 03:11.055","0","0","0","0","2407","0","0","0","N","0","0","0","1","02407","0","","3.0","","9","N","N","N","0","","0","0","0","","2","","","1","0","0","0","0","0","0","2","0","1","","","","N","","","","","","","","","",""
"2022105353","1948","1","0","0","0","0","0","0","0","0","8","0","","02","11","2022","5","40.423374","-79.886745","1947","11","0","0","0","0","0","0","1","0","","0","0","0","","","1","","2","","40 25:24.148","2","0","79 53:12.283","4","0","0","0","2463","1","0","0","N","1","0","0","2","02463","1","","1.0","2008.0","1","N","N","N","0","","0","0","0","","1","N","","2","1","0","0","0","0","0","2","0","1","","03","","N","","","","","","","","","",""
"2022098186","1932","0","0","0","0","0","0","0","0","0","4","0","","02","10","2022","7","40.434078","-79.848838","1928","11","0","0","0","0","0","0","0","0","","0","0","0","","","0","N","2","","40 26:02.680","1","0","79 50:55.816","0","0","0","0","2419","0","0","0","N","0","0","0","3","02419","0","","1.0","2035.0","1","N","N","N","0","","0","0","2","","0","N","","2","0","0","0","0","0","0","2","0","2","","03","","N","","","","","","","","","",""
"2022101470","2114","0","0","0","0","0","0","0","0","0","7","0","","02","10","2022","2","40.471139","-80.032194","2110","11","0","0","0","0","0","0","0","0","","0","0","0","","","0","N","0","","40 28:16.100","2","0","80 01:55.900","0","0","0","0","2301","0","0","0","N","0","0","0","1","02301","0","","4.0","2140.0","9","N","N","N","0","","0","0","1","","0","N","","1","0","0","0","0","0","0","2","0","1","","03","","N","","","","","","","","","",""
"2022104012","1550","0","0","0","0","0","0","0","0","0","1","0","","02","11","2022","5","40.563311","-80.208061","1550","11","0","0","0","0","0","0","0","0","","0","0","0","","","0","","2","","40 33:47.921","","0","80 12:29.020","0","0","0","0","2441","0","0","0","N","0","0","0","2","02441","0","","1.0","","1","N","N","N","1","","0","0","0","","2","","","2","0","0","0","0","0","0","2","1","2","","","","N","","","","","","","","","",""
"2022105389","0314","1","0","0","0","0","0","0","0","0","4","0","","02","11","2022","1","40.438691","-79.997276","0314","11","0","0","0","0","0","1","0","0","","0","0","0","","","0","","1","","40 26:19.288","","0","79 59:50.192","9","0","0","0","2301","0","0","0","N","0","0","0","3","02301","0","","1.0","","1","N","N","N","0","","0","0","1","","2","","","3","0","0","0","0","0","1","2","1","3","","03","","N","","","","","","","","","",""
"2022103747","1030","2","0","0","0","0","0","0","0","0","5","0","","02","11","2022","2","40.412878","-80.023851","1021","11","0","0","0","1","0","0","0","0","","0","0","0","","","0","N","0","","40 24:46.362","4","0","80 01:25.863","0","0","0","0","2301","0","0","0","N","0","0","0","1","02301","0","","6.0","1030.0","1","N","N","N","0","","0","0","0","","0","N","","2","0","0","0","0","0","0","2","0","2","","","","N","","","","","","","","","",""
"2022107828","1556","1","0","0","0","0","0","0","0","0","1","0","","02","11","2022","6","40.366001","-79.949476","1551","11","0","0","0","0","0","0","0","0","","0","0","0","","","0","","2","","40 21:57.603","1","0","79 56:58.113","0","0","0","0","2403","0","0","0","N","0","0","0","3","02403","0","","1.0","1635.0","9","N","N","Y","0","","0","0","2","","0","N","","3","0","0","0","0","0","0","2","0","3","","04","","N","","","","","","","","","",""
"2022093082","2315","0","0","0","0","0","0","0","0","0","6","0","","02","10","2022","7","40.466127","-79.934369","2314","11","0","0","0","0","0","0","0","0","","0","0","0","","","0","","1","","40 27:58.057","","0","79 56:03.729","0","0","0","0","2301","0","0","0","N","0","0","0","3","02301","0","","1.0","","1","N","N","N","0","","0","0","2","","3","","","2","0","0","0","0","0","0","2","0","2","","03","","N","","","","","","","","","",""
"2022092697","1619","0","0","0","0","0","0","0","0","0","1","0","","02","10","2022","6","40.47383","-79.972202","1601","11","0","0","0","0","0","0","0","0","","0","0","0","","","0","N","0","","40 28:25.787","","0","79 58:19.926","0","0","0","0","2118","0","0","0","N","0","0","0","3","02118","0","","1.0","","1","N","N","N","0","","0","0","2","","0","","","2","0","0","0","0","0","0","2","0","2","","","","N","","","","","","","","","",""
"2022105263","1800","3","0","0","0","0","0","0","0","0","1","0","","02","11","2022","5","40.463177","-79.976224","1748","11","0","0","0","0","0","1","0","0","","0","0","0","","","2","N","0","","40 27:47.436","","3","79 58:34.405","3","0","0","0","2301","0","0","0","N","0","0","0","6","02301","0","","1.0","","1","N","N","N","0","","2","0","0","","0","","","3","2","0","0","0","0","0","2","0","3","","","","N","","","","","","","","","",""
"2022091954","1702","0","0","0","0","0","0","0","0","0","4","0","","02","10","2022","4","40.543352","-79.760774","1655","11","0","0","0","0","0","0","1","1","","0","0","0","","","1","","2","","40 32:36.067","2","0","79 45:38.788","3","0","0","0","2466","0","0","0","N","0","0","0","3","02466","0","","1.0","1728.0","1","N","N","N","0","","1","0","2","","3","N","","2","1","0","0","0","0","0","2","0","2","","03","","N","","","","","","","","","",""
"2022104176","1110","2","0","0","0","0","0","0","0","0","1","0","","02","11","2022","3","40.436879","-79.896439","1102","11","0","0","0","0","0","1","0","0","","0","0","0","","","0","","2","","40 26:12.766","","0","79 53:47.180","0","0","0","0","2301","0","0","0","N","0","0","0","2","02301","0","","1.0","","1","N","N","N","0","","0","0","0","","4","","","2","0","0","0","0","0","0","2","0","2","","","","N","","","","","","","","","",""
"2022070100","0928","0","0","0","0","0","0","0","0","0","7","0","","02","7","2022","6","40.423389","-80.052806","0928","11","0","0","0","0","0","0","0","0","","0","0","0","","","1","N","0","","40 25:24.200","2","0","80 03:10.100","8","0","0","0","2435","0","0","0","N","0","0","0","1","02435","0","","5.0","1000.0","1","N","N","N","0","","0","0","1","","0","N","","1","1","0","0","0","1","0","2","0","1","","","","N","","","","","","","","","",""
"2022101146","0719","1","0","0","0","0","0","0","0","0","4","0","","02","10","2022","2","40.4685","-80.123806","0711","11","0","0","0","1","0","0","0","0","","0","0","0","","","0","N","0","","40 28:06.600","","7","80 07:25.700","0","0","0","0","2115","0","0","0","N","0","0","0","2","02115","0","","1.0","","9","N","N","N","0","","0","0","1","","2","","","2","0","0","0","0","0","0","2","0","2","","","","N","","","","","","","","","",""
"2022110669","0908","0","0","0","0","0","0","0","0","0","1","0","","02","11","2022","3","40.454791","-80.25528","0904","11","0","0","1","0","0","0","0","0","","0","0","0","","","0","","2","","40 27:17.246","4","0","80 15:19.008","0","0","0","0","2203","0","0","0","N","0","0","0","2","02203","0","","1.0","933.0","1","N","N","N","1","","0","0","1","","0","N","","2","0","0","0","0","0","0","2","0","2","","","","N","","","","","","","","","",""
"2022104999","0004","1","0","0","0","0","0","0","0","0","98","0","","02","11","2022","5","40.494994","-80.320335","0000","11","0","0","0","0","1","0","0","0","","0","0","0","","","0","N","0","","40 29:41.978","","0","80 19:13.205","0","0","0","0","2203","0","0","0","N","0","0","0","2","02203","0","","1.0","","1","N","N","N","0","","0","0","0","","0","","","1","0","0","0","0","0","0","1","0","1","","","","N","","","","","","","","","",""
"2022105671","1803","1","0","0","0","0","0","0","0","0","1","0","","02","11","2022","6","40.469699","-79.706289","1751","11","0","0","1","0","0","0","0","0","","0","0","0","","","1","N","0","","40 28:10.916","2","0","79 42:22.642","3","0","0","0","2466","0","0","0","N","0","0","0","4","02466","0","","1.0","1832.0","9","N","N","N","1","","1","0","0","","0","N","","2","1","0","0","0","0","0","2","0","2","","07","","N","","","","","","","","","",""
"2022093455","1016","0","0","0","0","0","0","0","0","0","4","0","25","02","10","2022","2","40.491282","-79.90855","1010","11","0","0","0","0","0","1","0","0","","0","0","0","","","0","","3","","40 29:28.615","","2","79 54:30.779","0","0","0","0","2112","0","0","0","N","0","0","0","3","02112","0","","1.0","","1","N","N","N","0","","0","0","1","","4","","","2","0","1","0","0","0","0","2","1","2","","03","Y","Y","5","1","","","N","","","","","N"
"2022103576","0940","0","0","0","0","0","0","0","0","0","1","0","","02","11","2022","5","40.434608","-79.883142","0933","11","0","0","0","0","0","0","0","0","","0","0","0","","","0","N","0","","40 26:04.590","1","0","79 52:59.310","0","0","0","0","2426","0","0","0","N","0","0","0","1","02426","0","","6.0","1028.0","1","N","N","N","1","","0","0","1","","0","N","","2","0","0","0","0","0","0","2","0","2","","03","","N","","","","","","","","","",""
"2022094959","0726","1","0","0","0","0","0","0","0","0","5","0","","02","10","2022","5","40.492352","-79.895393","0635","11","0","0","0","0","0","0","0","0","","0","0","0","","","0","N","0","","40 29:32.467","2","3","79 53:43.415","0","0","0","0","2401","0","0","0","N","0","0","0","3","68D02","0","","1.0","814.0","1","N","N","N","0","","0","0","2","","0","N","","3","0","0","0","0","0","0","2","0","3","","","","N","","","","","","","","","",""
"2022093032","1454","1","0","0","0","0","0","0","0","0","7","0","","02","10","2022","7","40.55375","-79.935778","1450","11","0","0","0","0","0","0","0","1","","0","0","0","","","0","N","0","","40 33:13.500","","7","79 56:08.800","0","0","0","0","2209","0","0","0","N","0","0","0","1","02209","0","","5.0","","1","N","N","N","0","","0","0","0","","0","","","1","0","0","0","0","0","0","2","0","1","","","","N","","","","","","","","","",""
"2022103233","1942","0","0","0","0","0","0","0","0","0","8","0","","02","11","2022","7","40.310323","-79.937379","1941","11","0","0","0","0","0","1","0","0","","0","0","0","","","1","","3","","40 18:37.161","1","0","79 56:14.565","4","0","0","0","2440","1","0","0","N","1","0","0","3","02440","1","","1.0","2030.0","1","N","N","N","0","","0","0","1","","0","N","","2","1","0","0","0","0","0","2","0","1","","04","","N","","","","","","","","","",""
"2022059920","0712","1","0","0","0","0","0","0","0","0","4","0","","02","6","2022","4","40.480378","-79.836868","0706","11","0","0","0","0","1","0","0","0","","0","0","0","","","1","N","0","","40 28:49.360","","7","79 50:12.726","4","0","0","0","2113","0","0","0","N","0","0","0","2","02113","1","","1.0","","1","N","N","N","0","","0","0","0","","3","","","2","1","0","0","0","0","0","2","1","2","","03","","N","","","","","","","","","",""
"2022094168","2153","1","0","0","0","0","0","0","0","0","7","0","","02","10","2022","3","40.452667","-80.071139","2146","11","0","0","0","0","0","0","0","0","","0","0","0","","","0","N","0","","40 27:09.600","","0","80 04:16.100","0","0","0","0","2301","0","0","0","N","0","0","0","1","02301","0","","4.0","","1","N","N","N","0","","0","0","0","","0","","","1","0","0","0","0","0","0","2","0","1","","03","","N","","","","","","","","","",""
"2022107860","1710","1","0","0","0","0","0","0","0","0","1","0","","02","11","2022","5","40.524984","-80.212771","1708","11","0","0","0","1","0","1","0","0","","0","0","0","","","0","N","0","","40 31:29.944","","7","80 12:45.976","0","0","0","0","2213","0","0","0","N","0","0","0","3","02213","0","","1.0","","1","N","N","N","0","","0","0","1","","0","","","2","0","0","0","0","0","0","2","0","2","","","","N","","","","","","","","","",""
"2022103346","0829","0","0","0","0","0","0","0","0","0","1","0","","02","11","2022","1","40.385694","-79.998222","0813","11","0","0","0","0","0","0","0","0","","0","0","0","","","0","N","0","","40 23:08.500","","0","79 59:53.600","9","0","0","0","2301","0","0","0","N","0","0","0","1","02301","0","","6.0","","1","N","N","N","1","","0","0","1","","0","","","2","0","0","0","0","0","1","2","0","2","","","","N","","","","","","","","","",""
"2022113094","1201","0","0","0","0","0","0","0","0","0","7","0","","02","11","2022","7","40.440534","-79.833673","1203","11","0","0","0","0","0","0","0","0","","0","0","0","","","1","N","0","","40 26:25.923","3","0","79 50:01.222","2","0","1","1","2419","0","0","0","Y","0","0","0","1","68B03","0","","3.0","1320.0","1","N","N","N","0","","0","1","0","","0","N","","2","1","0","0","0","0","0","2","0","1","","03","","N","","","","","","","","","",""