"CRN","ARRIVAL_TM","AUTOMOBILE_COUNT","BELTED_DEATH_COUNT","BELTED_SUSP_SERIOUS_INJ_COUNT","BICYCLE_COUNT","BICYCLE_DEATH_COUNT","BICYCLE_SUSP_SERIOUS_INJ_COUNT","BUS_COUNT","CHLDPAS_DEATH_COUNT","CHLDPAS_SUSP_SERIOUS_INJ_COUNT","COLLISION_TYPE","COMM_VEH_COUNT","CONS_ZONE_SPD_LIM","COUNTY","CRASH_MONTH","CRASH_YEAR","DAY_OF_WEEK","DEC_LATITUDE","DEC_LONGITUDE","DISPATCH_TM","DISTRICT","DRIVER_COUNT_16YR","DRIVER_COUNT_17YR","DRIVER_COUNT_18YR","DRIVER_COUNT_19YR","DRIVER_COUNT_20YR","DRIVER_COUNT_50_64YR","DRIVER_COUNT_65_74YR","DRIVER_COUNT_75PLUS","EST_HRS_CLOSED","FATAL_COUNT","HEAVY_TRUCK_COUNT","HORSE_BUGGY_COUNT","HOUR_OF_DAY","ILLUMINATION","INJURY_COUNT","INTERSECTION_RELATED","INTERSECT_TYPE","LANE_CLOSED","LATITUDE","LN_CLOSE_DIR","LOCATION_TYPE","LONGITUDE","MAX_SEVERITY_LEVEL","MCYCLE_DEATH_COUNT","MCYCLE_SUSP_SERIOUS_INJ_COUNT","MOTORCYCLE_COUNT","MUNICIPALITY","NONMOTR_COUNT","NONMOTR_DEATH_COUNT","NONMOTR_SUSP_SERIOUS_INJ_COUNT","NTFY_HIWY_MAINT","PED_COUNT","PED_DEATH_COUNT","PED_SUSP_SERIOUS_INJ_COUNT","PERSON_COUNT","POLICE_AGCY","POSSIBLE_INJ_COUNT","RDWY_SURF_TYPE_CD","RELATION_TO_ROAD","ROADWAY_CLEARED","ROAD_CONDITION","SCH_BUS_IND","SCH_ZONE_IND","SECONDARY_CRASH","SMALL_TRUCK_COUNT","SPEC_JURIS_CD","SUSP_MINOR_INJ_COUNT","SUSP_SERIOUS_INJ_COUNT","SUV_COUNT","TCD_FUNC_CD","TCD_TYPE","TFC_DETOUR_IND","TIME_OF_DAY","TOTAL_UNITS","TOT_INJ_COUNT","UNBELTED_OCC_COUNT","UNB_DEATH_COUNT","UNB_SUSP_SERIOUS_INJ_COUNT","UNK_INJ_DEG_COUNT","UNK_INJ_PER_COUNT","URBAN_RURAL","VAN_COUNT","VEHICLE_COUNT","WEATHER1","WEATHER2","WORKERS_PRES","WORK_ZONE_IND","WORK_ZONE_LOC","WORK_ZONE_TYPE","WZ_CLOSE_DETOUR","WZ_FLAGGER","WZ_LAW_OFFCR_IND","WZ_LN_CLOSURE","WZ_MOVING","WZ_OTHER","WZ_SHLDER_MDN","WZ_WORKERS_INJ_KILLED"
"2022103855","0758","1","0","0","0","0","0","0","0","0","1","0","","02","11","2022","3","40.507194","-79.946214","0754","11","0","0","0","1","0","0","0","0","","0","0","0","","","0","N","0","","40 30:25.898","","0","79 56:46.369","0","0","0","0","2430","0","0","0","N","0","0","0","2","02430","0","","1.0","","9","N","N","N","0","","0","0","1","","0","N","","2","0","0","0","0","0","0","2","0","2","","","","N","","","","","","","","","",""
"2022092048","1907","1","0","0","0","0","0","0","0","0","4","0","","02","10","2022","4","40.452881","-80.039351","1902","11","0","0","0","0","0","0","0","0","","0","0","0","","","0","","2","","40 27:10.370","4","0","80 02:21.663","0","0","0","0","2301","0","0","0","N","0","0","0","2","02301","0","","1.0","1930.0","1","N","N","N","0","","0","0","0","","2","N","","2","0","0","0","0","0","0","2","1","2","","03","","N","","","","","","","","","",""
"2022105201","1500","1","0","0","0","0","0","0","0","0","1","0","","02","11","2022","5","40.430449","-79.998432","1451","11","0","0","0","0","0","4","0","0","","0","0","0","","","3","N","0","","40 25:49.618","","0","79 59:54.356","3","0","0","0","2301","0","0","0","N","0","0","0","9","02301","0","","1.0","","1","N","N","N","1","","2","0","5","","0","","","7","3","0","0","0","1","0","2","0","7","","","","N","","","","","","","","","",""
"2022105146","0732","1","0","0","0","0","0","0","0","0","1","0","","02","11","2022","3","40.5301","-80.025531","0721","11","0","0","0","0","0","0","0","0","","0","0","0","","","0","N","0","","40 31:48.359","","0","80 01:31.913","0","0","0","0","2116","0","0","0","N","0","0","0","0","02116","0","","6.0","","1","N","N","N","0","","0","0","1","","0","","","2","0","0","0","0","0","0","2","0","2","","","","N","","","","","","","","","",""
"2022105538","1022","2","0","0","0","0","0","0","0","0","4","0","","02","11","2022","6","40.573218","-79.777407","1018","11","0","0","0","0","0","2","0","0","","0","0","0","","","3","","2","","40 34:23.584","","0","79 46:38.665","8","0","0","0","2104","0","0","0","N","0","0","0","5","02514","0","","1.0","","9","N","N","N","0","","0","0","0","","3","","","2","3","0","0","0","3","1","2","0","2","","","","N","","","","","","","","","",""
"2022101502","0003","1","0","0","0","0","0","0","0","0","7","0","","02","11","2022","3","40.440911","-80.185874","0003","11","0","0","0","0","0","0","0","0","","0","0","0","","","1","N","0","","40 26:27.278","3","0","80 11:09.147","3","0","0","0","2214","0","0","0","N","0","0","0","1","02214","0","","3.0","106.0","9","N","N","N","0","","1","0","0","","0","N","","1","1","0","0","0","0","0","1","0","1","","04","","N","","","","","","","","","",""
"2022103556","0617","1","0","0","0","0","0","0","0","0","7","0","","02","11","2022","4","40.346228","-80.028851","0612","11","0","0","0","0","0","0","0","0","","0","0","0","","","0","N","0","","40 20:46.419","","0","80 01:43.865","9","0","0","0","2407","0","0","0","N","0","0","0","2","02407","0","","2.0","","1","N","N","N","0","","0","0","0","","0","","","1","0","0","0","0","0","1","2","0","1","","","","N","","","","","","","","","",""
"2022102379","0822","0","0","0","0","0","0","0","0","0","1","0","","02","11","2022","5","40.439437","-80.008131","0813","11","0","0","0","0","0","0","0","0","","0","0","0","","","1","","6","","40 26:21.973","4","2","80 00:29.271","3","0","0","0","2301","0","0","0","N","0","0","0","3","02301","0","","1.0","845.0","1","N","N","N","0","","1","0","2","","4","N","","2","1","0","0","0","0","0","2","0","2","","03","","N","","","","","","","","","",""
"2022107974","0832","0","0","0","0","0","0","0","0","0","1","0","","02","11","2022","3","40.44758","-80.165219","0819","11","0","0","0","0","0","0","0","0","","0","0","0","","","0","","6","","40 26:51.288","","2","80 09:54.788","0","0","0","0","2115","0","0","0","N","0","0","0","2","68B03","0","","1.0","","1","N","N","N","0","","0","0","1","","0","","","2","0","0","0","0","0","0","2","1","2","","03","","N","","","","","","","","","",""
"2022095540","0829","0","0","0","0","0","0","0","0","0","1","0","","02","10","2022","3","40.34175","-79.985167","0826","11","0","0","0","0","0","0","0","0","","0","0","0","","","0","Y","0","","40 20:30.300","2","0","79 59:06.600","0","0","0","0","2403","0","0","0","N","0","0","0","2","02403","0","","1.0","852.0","1","N","N","N","0","","0","0","2","","0","N","","2","0","0","0","0","0","0","2","0","2","","03","","N","","","","","","","","","",""
"2022096596","2239","1","0","0","0","0","0","0","0","0","7","0","","02","10","2022","3","40.431035","-80.001657","2232","11","0","0","0","0","0","0","0","0","","0","0","0","","","1","","3","","40 25:51.727","","0","80 00:05.964","3","0","0","0","2301","0","0","0","N","0","0","0","1","02301","0","","2.0","","1","N","N","N","0","","1","0","0","","0","","","1","1","0","0","0","0","0","2","0","1","","03","","N","","","","","","","","","",""
"2022112889","1957","2","0","0","0","0","0","0","0","0","4","0","","02","11","2022","2","40.430046","-79.812074","1955","11","0","0","0","0","0","0","0","0","","0","0","0","","","0","","2","","40 25:48.164","","0","79 48:43.467","0","0","0","0","2124","0","0","0","N","0","0","0","2","02124","0","","1.0","","1","N","N","N","0","","0","0","0","","2","","","2","0","2","0","0","0","0","2","0","2","","","","N","","","","","","","","","",""
"2022103262","2021","1","0","0","0","0","0","0","0","0","7","0","","02","11","2022","7","40.456778","-79.894194","2013","11","0","0","0","0","0","0","0","0","","0","0","0","","","0","Y","0","","40 27:24.400","","0","79 53:39.100","0","0","0","0","2301","0","0","0","N","0","0","0","1","02301","0","","4.0","","1","N","N","N","0","","0","0","0","","3","N","","1","0","0","0","0","0","0","2","0","1","","","","N","","","","","","","","","",""
"2022096186","0444","1","0","0","0","0","0","0","0","0","7","0","","02","10","2022","6","40.435685","-79.994383","0438","11","0","0","0","0","0","0","0","0","","0","0","0","","","3","","6","","40 26:08.467","2","3","79 59:39.777","2","0","0","0","2301","0","0","0","N","0","0","0","4","02301","0","","3.0","610.0","1","N","N","N","0","","0","1","0","","4","Y","","1","3","4","0","1","2","0","2","0","1","","","","N","","","","","","","","","",""
"2022111925","0745","2","0","0","0","0","0","0","0","0","1","0","","02","11","2022","2","40.362154","-79.932142","0740","11","0","0","0","0","0","0","0","0","","0","0","0","","","0","","1","","40 21:43.755","","0","79 55:55.712","0","0","0","0","2473","0","0","0","N","0","0","0","3","02473","0","","1.0","","9","N","N","N","0","","0","0","1","","0","","","3","0","3","0","0","0","0","2","0","3","","04","","N","","","","","","","","","",""
"2022105019","0802","1","0","0","0","0","0","0","0","0","1","0","","02","11","2022","4","40.386663","-80.046148","0800","11","0","1","0","0","0","0","0","0","","0","0","0","","","1","","1","","40 23:11.986","6","0","80 02:46.132","3","0","0","0","2109","0","0","0","N","0","0","0","2","02109","0","","1.0","810.0","1","N","N","N","0","","1","0","1","","0","N","","2","1","0","0","0","0","0","2","0","2","","03","","N","","","","","","","","","",""
"2022099432","1417","3","0","0","0","0","0","0","0","0","1","0","","02","10","2022","1","40.50711","-80.223301","1414","11","0","0","0","0","0","1","0","0","","0","0","0","","","0","N","0","","40 30:25.597","2","7","80 13:23.884","0","0","0","0","2213","0","0","0","N","0","0","0","5","02213","0","","1.0","1500.0","1","N","N","N","0","","0","0","1","","0","N","","4","0","0","0","0","0","0","2","0","4","","","","N","","","","","","","","","",""
"2022104273","1836","1","0","0","0","0","0","0","0","0","1","0","","02","11","2022","3","40.46159","-79.998969","1822","11","0","0","0","0","0","1","0","0","","0","0","0","","","1","N","0","","40 27:41.723","5","0","79 59:56.287","3","0","0","0","2301","0","0","0","N","0","0","0","3","02301","0","","1.0","1919.0","1","N","N","N","0","","1","0","2","","0","N","","3","1","1","0","0","0","0","2","0","3","","03","","N","","","","","","","","","",""
"2022092981","1248","1","0","0","0","0","0","0","0","0","1","0","","02","10","2022","7","40.352736","-80.009657","1244","11","0","0","0","0","0","0","1","0","","0","0","0","","","0","","1","","40 21:09.851","","0","80 00:34.764","0","0","0","0","2476","0","0","0","N","0","0","0","2","02476","0","","1.0","","9","N","N","N","0","","0","0","1","","0","","","2","0","0","0","0","0","0","2","0","2","","","","N","","","","","","","","","",""
"2022103102","1300","1","0","0","0","0","0","0","0","0","7","0","","02","11","2022","7","40.426305","-80.041309","1300","11","0","0","0","0","0","0","0","0","","0","0","0","","","0","N","0","","40 25:34.697","","0","80 02:28.711","0","0","0","0","2435","0","0","0","N","0","0","0","1","02435","0","","4.0","","1","N","N","N","0","","0","0","0","","0","","","1","0","0","0","0","0","0","2","0","1","","04","","N","","","","","","","","","",""
"2022115655","0727","0","0","0","0","0","0","0","0","0","4","0","","02","12","2022","4","40.519631","-79.879274","0723","11","0","0","0","0","0","1","0","0","","0","0","0","","","0","N","0","","40 31:10.670","","7","79 52:45.386","0","0","0","0","2432","0","0","0","N","0","0","0","4","02432","0","","1.0","","9","N","N","N","1","","0","0","1","","0","N","","2","0","0","0","0","0","0","2","0","2","","04","","N","","","","","","","","","",""
"2022105566","1920","0","0","0","0","0","0","0","0","0","0","0","","02","11","2022","7","40.449462","-80.107466","1915","11","0","0","1","0","0","0","0","0","","0","0","0","","","1","","1","","40 26:58.063","","0","80 06:26.877","3","0","0","1","2115","1","0","0","N","1","0","0","2","02115","0","","1.0","","1","N","N","N","0","","1","0","0","","2","","","2","1","0","0","0","0","0","2","0","1","","","","N","","","","","","","","","",""
"2022121109","0800","1","0","0","0","0","0","0","0","0","7","0","","02","12","2022","3","40.414155","-80.04164","0752","11","0","0","0","0","0","0","0","0","","0","0","0","","","0","N","0","","40 24:50.957","2","0","80 02:29.903","0","0","0","0","2301","0","0","0","N","0","0","0","1","02301","0","","4.0","823.0","98","N","N","N","0","","0","0","0","","0","N","","1","0","0","0","0","0","0","2","0","1","","","","N","","","","","","","","","",""
"2022105261","1612","1","0","0","0","0","0","0","0","0","4","0","","02","11","2022","5","40.455783","-79.997358","1602","11","0","0","0","0","0","0","0","0","","0","0","0","","","0","","2","","40 27:20.817","1","0","79 59:50.489","0","0","0","0","2301","0","0","0","N","0","0","0","2","02301","0","","1.0","1635.0","1","N","N","Y","1","","0","0","1","","3","N","","3","0","0","0","0","0","0","2","0","3","","03","","N","","","","","","","","","",""
"2022094138","0835","0","0","0","0","0","0","0","0","0","98","0","","02","10","2022","2","40.47782","-80.277364","0800","11","0","0","0","0","0","1","0","0","","0","0","0","","","0","N","0","","40 28:40.153","","0","80 16:38.509","0","0","0","0","2203","0","0","0","N","0","0","0","1","68T09","0","","1.0","","1","N","N","N","0","","0","0","0","","0","","","1","0","0","0","0","0","0","1","1","1","","03","","N","","","","","","","","","",""
"2022105787","1956","0","0","0","1","0","0","0","0","0","8","0","","02","11","2022","6","40.454396","-79.947666","1946","11","0","0","0","0","0","0","1","0","","0","0","0","","","1","","1","","40 27:15.824","","0","79 56:51.597","8","0","0","0","2301","1","0","0","N","0","0","0","2","02301","0","","1.0","","9","N","N","N","1","","0","0","0","","2","","","2","1","0","0","0","1","0","2","0","1","","","","N","","","","","","","","","",""
"2022105395","2312","1","0","0","0","0","0","0","0","0","4","0","","02","11","2022","5","40.439398","-80.016307","2312","11","0","0","0","0","0","0","0","0","","0","0","0","","","0","","6","","40 26:21.833","","2","80 00:58.705","0","0","0","0","2301","0","0","0","N","0","0","0","2","02301","0","","1.0","","1","N","N","N","0","","0","0","1","","0","","","2","0","0","0","0","0","0","2","0","2","","03","","N","","","","","","","","","",""
"2022104212","1509","2","0","0","0","0","0","0","0","0","2","0","","02","11","2022","3","40.447333","-79.70777","1504","11","0","0","0","0","0","0","0","0","","0","0","0","","","4","N","0","","40 26:50.400","5","0","79 42:27.972","3","0","0","0","2466","0","0","0","N","0","0","0","5","02466","0","","1.0","1549.0","1","N","N","N","0","","3","0","0","","0","N","","2","4","0","0","0","1","0","2","0","2","","03","","N","","","","","","","","","",""
"2022121814","1907","1","0","0","0","0","0","0","0","0","1","0","","02","12","2022","4","40.379383","-80.16402","1901","11","0","0","0","0","0","1","0","0","","0","0","0","","","0","N","0","","40 22:45.779","","7","80 09:50.471","0","0","0","0","2119","0","0","0","N","0","0","0","2","02119","0","","1.0","","1","N","N","N","0","","0","0","1","","0","","","2","0","0","0","0","0","0","2","0","2","","","","N","","","","","","","","","",""
"2022094678","1945","0","0","0","0","0","0","0","0","0","7","0","","02","10","2022","2","40.430928","-79.973862","1854","11","0","0","0","0","0","0","0","0","","0","0","0","","","2","N","0","","40 25:51.341","5","3","79 58:25.904","2","0","2","1","2301","0","0","0","N","0","0","0","2","02301","0","","2.0","2251.0","1","N","N","N","0","","0","2","0","","0","Y","","1","2","0","0","0","0","0","2","0","1","","","","N","","","","","","","","","",""
"2022102464","2220","0","0","0","0","0","0","0","0","0","7","0","","02","11","2022","4","40.480141","-79.716853","2209","11","0","0","0","0","0","0","0","0","","0","0","0","","","0","N","0","","40 28:48.509","","0","79 43:00.672","0","0","0","0","2466","0","0","0","N","0","0","0","1","02466","0","","4.0","","1","N","N","N","0","","0","0","1","","0","","","1","0","0","0","0","0","0","2","0","1","","","","N","","","","","","","","","",""
"2022105417","1707","1","0","0","0","0","0","0","0","0","1","0","","02","11","2022","3","40.606381","-80.087489","1700","11","0","0","0","0","0","0","0","0","","0","0","0","","","0","","2","","40 36:22.972","1","0","80 05:14.961","0","0","0","0","2481","0","0","0","N","0","0","0","3","02481","0","","1.0","1731.0","1","N","N","N","0","","0","0","1","","0","N","","2","0","0","0","0","0","0","2","0","2","","","","N","","","","","","","","","",""
"2022105196","1519","0","0","0","0","0","0","0","0","0","8","0","","02","11","2022","5","40.447299","-79.944176","1505","11","0","0","0","0","0","1","0","0","","0","0","0","","","1","","2","","40 26:50.275","","0","79 56:39.034","3","0","0","0","2301","1","0","0","N","1","0","0","2","02301","0","","1.0","","1","N","N","N","0","","1","0","1","","0","","","2","1","0","0","0","0","0","2","0","1","","","","N","","","","","","","","","",""
"2022104316","1703","1","0","0","0","0","0","0","0","0","1","0","","02","10","2022","5","40.487854","-80.009113","1634","11","0","0","0","0","0","0","0","0","","0","0","0","","","0","N","0","","40 29:16.274","","0","80 00:32.807","0","0","0","0","2301","0","0","0","N","0","0","0","3","68B03","0","","1.0","","1","N","N","N","0","","0","0","1","","0","","","3","0","0","0","0","0","0","2","1","3","","03","","N","","","","","","","","","",""
"2022121591","1530","2","0","0","0","0","0","0","0","0","1","0","","02","12","2022","4","40.414717","-80.009154","1520","11","0","0","0","0","0","0","0","0","","0","0","0","","","0","N","0","","40 24:52.980","3","4","80 00:32.955","0","0","0","0","2301","0","0","0","N","0","0","0","5","02301","0","","1.0","1550.0","1","N","N","Y","0","","0","0","1","","0","N","","3","0","2","0","0","0","0","2","0","3","","04","","N","","","","","","","","","",""
"2022094354","2013","1","0","0","0","0","0","0","0","0","1","0","","02","10","2022","6","40.3729","-80.049036","2011","11","0","0","0","1","0","1","1","0","","0","0","0","","","1","","2","","40 22:22.440","2","0","80 02:56.529","3","0","0","0","2109","0","0","0","N","0","0","0","4","02109","0","","1.0","2030.0","1","N","N","N","0","","1","0","1","","2","Y","","3","1","1","0","0","0","0","2","1","3","","","","N","","","","","","","","","",""
"2022105507","1631","1","0","0","0","0","0","0","0","0","1","0","","02","11","2022","5","40.328805","-79.938117","1625","11","0","0","0","0","0","0","0","0","","0","0","0","","","1","N","0","","40 19:43.698","3","7","79 56:17.220","8","0","0","0","2440","0","0","0","N","0","0","0","2","02440","0","","1.0","1645.0","1","N","N","N","0","","0","0","1","","0","N","","2","1","1","0","0","1","0","2","0","2","","","","N","","","","","","","","","",""
"2022125033","2348","0","0","0","0","0","0","0","0","0","5","0","","02","12","2022","6","40.427028","-79.9815","2335","11","0","0","0","0","0","0","0","0","","0","0","0","","","0","N","0","","40 25:37.300","","0","79 58:53.400","0","0","0","0","2301","0","0","0","N","0","0","0","1","02301","0","","1.0","","1","N","N","N","0","","0","0","3","","0","","","3","0","1","0","0","0","0","2","0","3","","04","","N","","","","","","","","","",""
"2022112987","1234","2","0","0","0","0","0","0","0","0","4","0","","02","11","2022","4","40.347441","-79.939083","1230","11","0","0","0","1","0","1","0","0","","0","0","0","","","3","N","0","","40 20:50.788","1","7","79 56:20.698","3","0","0","0","2473","0","0","0","N","0","0","0","3","02473","0","","1.0","1330.0","1","N","N","N","0","","1","0","0","","3","N","","2","3","0","0","0","2","0","2","0","2","","04","","N","","","","","","","","","",""
"2022093377","0550","0","0","0","0","0","0","0","0","0","8","0","","02","10","2022","5","40.322277","-80.144625","0530","11","0","0","0","0","0","1","0","0","","0","0","0","","","1","N","0","","40 19:20.196","1","2","80 08:40.650","3","0","0","0","2301","1","0","0","N","1","0","0","2","68B03","0","","1.0","550.0","1","N","N","N","0","","1","0","1","","0","N","","2","1","0","0","0","0","0","2","0","1","","03","","N","","","","","","","","","",""
"2022103367","1316","2","0","0","0","0","0","0","0","0","1","0","","02","11","2022","6","40.402026","-80.021714","1310","11","0","0","0","0","0","0","0","0","","0","0","0","","","0","N","0","","40 24:07.292","","0","80 01:18.170","0","0","0","0","2301","0","0","0","N","0","0","0","2","02301","0","","1.0","","1","N","N","N","0","","0","0","0","","2","N","","2","0","0","0","0","0","0","2","0","2","","03","","N","","","","","","","","","",""
"2022103685","0629","0","0","0","0","0","0","0","0","0","7","0","","02","11","2022","6","40.506304","-80.086699","0624","11","0","0","0","0","0","0","0","0","","0","0","0","","","0","N","0","","40 30:22.693","1","0","80 05:12.115","0","0","0","0","2405","0","0","0","N","0","0","0","1","02215","0","","4.0","700.0","1","N","N","N","1","","0","0","0","","0","N","","2","0","0","0","0","0","0","2","0","1","","98","","N","","","","","","","","","",""
"2022093873","1026","1","0","0","0","0","0","0","0","0","7","0","","02","10","2022","3","40.395417","-80.022222","1019","11","0","0","0","0","0","0","0","1","","0","0","0","","","1","N","0","","40 23:43.500","","0","80 01:20.000","8","0","0","0","2301","0","0","0","N","0","0","0","1","02301","0","","4.0","","1","N","N","N","0","","0","0","0","","0","","","1","1","0","0","0","1","0","2","0","1","","","","N","","","","","","","","","",""
"2022103568","1541","1","0","0","0","0","0","0","0","0","4","0","","02","11","2022","6","40.446131","-80.067759","1540","11","0","0","0","0","0","2","0","0","","0","0","0","","","0","","2","","40 26:46.072","","0","80 04:03.931","0","0","0","0","2439","0","0","0","N","0","0","0","2","02439","0","","1.0","","1","N","N","N","0","","0","0","1","","3","N","","2","0","0","0","0","0","0","2","0","2","","","","N","","","","","","","","","",""
"2022121822","2334","1","0","0","0","0","0","0","0","0","4","0","","02","12","2022","4","40.505889","-79.793197","2325","11","0","0","0","0","1","0","0","0","","0","0","0","","","0","","2","","40 30:21.199","2","0","79 47:35.509","0","0","0","0","2113","0","0","0","N","0","0","0","2","02113","0","","1.0","2350.0","1","N","N","N","0","","0","0","1","","3","N","","2","0","0","0","0","0","0","2","0","2","","03","","N","","","","","","","","","",""
"2022115912","0943","1","0","0","0","0","0","0","0","0","3","0","","02","11","2022","6","40.429293","-79.932663","0943","11","0","0","0","0","0","1","0","0","","0","0","0","","","0","N","0","","40 25:45.453","","2","79 55:57.585","9","0","0","0","2301","0","0","0","N","0","0","0","3","68B03","0","","1.0","","1","N","N","N","0","","0","0","1","","0","","","2","0","0","0","0","0","1","2","0","2","","","","N","","","","","","","","","",""
"2022102603","2357","1","0","0","0","0","0","0","0","0","4","0","","02","11","2022","5","40.496879","-79.844385","2344","11","0","0","0","0","0","0","0","0","","0","0","0","","","0","N","0","","40 29:48.763","6","7","79 50:39.785","0","0","0","0","2113","0","0","0","N","0","0","0","2","02113","0","","1.0","15.0","1","N","N","N","0","","0","0","1","","2","N","","2","0","0","0","0","0","0","2","0","2","","","","N","","","","","","","","","",""
"2022091941","1611","1","0","0","0","0","0","0","0","0","7","0","","02","10","2022","4","40.425222","-79.998583","1609","11","0","0","0","0","0","0","0","0","","0","0","0","","","0","N","0","","40 25:30.800","","0","79 59:54.900","0","0","0","0","2301","0","0","0","N","0","0","0","1","02301","0","","5.0","","1","N","N","N","0","","0","0","0","","0","","","1","0","0","0","0","0","0","2","0","1","","03","","N","","","","","","","","","",""
"2022105662","1512","0","0","0","0","0","0","0","0","0","4","0","","02","11","2022","6","40.451503","-79.953349","1459","11","0","0","0","0","0","0","0","0","","0","0","0","","","0","","1","","40 27:05.411","","0","79 57:12.056","0","0","0","0","2301","0","0","0","N","0","0","0","2","02301","0","","1.0","","9","N","N","N","0","","0","0","2","","3","","","2","0","0","0","0","0","0","2","0","2","","03","","N","","","","","","","","","",""
"2022107512","1814","1","0","0","0","0","0","0","0","0","1","0","","02","11","2022","6","40.359799","-80.11124","1814","11","0","0","0","0","0","0","0","0","","0","0","0","","","1","N","0","","40 21:35.276","3","0","80 06:40.465","8","0","0","0","2414","0","0","0","N","0","0","0","2","02414","0","","1.0","1830.0","9","N","N","N","0","","0","0","1","","0","N","","2","1","0","0","0","1","0","2","0","2","","","","N","","","","","","","","","",""
"2022101143","0945","1","0","0","0","0","0","0","0","0","4","0","","02","10","2022","2","40.418219","-80.049189","0945","11","0","0","0","0","0","0","0","1","","0","0","0","","","0","","1","","40 25:05.589","","0","80 02:57.079","0","0","0","0","2435","0","0","0","N","0","0","0","3","02435","0","","1.0","","9","N","N","N","0","","0","0","1","","3","","","2","0","0","0","0","0","0","2","0","2","","","","N","","","","","","","","","",""
"2022124294","0702","0","0","0","0","0","0","0","0","0","7","1","","02","12","2022","2","40.323169","-80.148393","0616","11","0","0","0","0","0","0","0","0","","0","1","0","","","1","N","0","","40 19:23.409","","0","80 08:54.214","3","0","0","0","2119","0","0","0","N","0","0","0","1","68T09","0","","4.0","","1","N","N","N","0","","1","0","0","","0","","","1","1","0","0","0","0","0","2","0","1","","","","N","","","","","","","","","",""
"2022104712","1401","1","0","0","0","0","0","0","0","0","1","0","","02","11","2022","3","40.464295","-79.980016","1350","11","0","0","0","0","0","0","0","0","","0","0","0","","","0","Y","0","","40 27:51.462","","2","79 58:48.057","0","0","0","0","2301","0","0","0","N","0","0","0","5","02301","0","","1.0","","1","N","N","N","0","","0","0","2","","2","","","3","0","0","0","0","0","0","2","0","3","","","","N","","","","","","","","","",""
"2022105065","1723","1","0","0","0","0","0","0","0","0","7","0","","02","11","2022","4","40.282549","-79.911118","1717","11","0","0","0","0","0","0","0","0","","0","0","0","","","0","N","0","","40 16:57.178","5","0","79 54:40.023","0","0","0","0","2440","0","0","0","N","0","0","0","1","02440","0","","4.0","1846.0","1","N","N","N","0","","0","0","0","","0","Y","","1","0","0","0","0","0","0","2","0","1","","","","N","","","","","","","","","",""
"2022092284","0936","0","0","0","0","0","0","0","0","0","4","0","","02","10","2022","4","40.627968","-79.919239","0926","11","0","0","0","0","0","1","1","0","","0","0","0","","","0","","2","","40 37:40.686","2","0","79 55:09.260","0","0","0","0","2220","0","0","0","N","0","0","0","3","02220","0","","1.0","1000.0","1","N","N","N","0","","0","0","2","","3","N","","2","0","0","0","0","0","0","2","0","2","","","","N","","","","","","","","","",""
"2022102853","1828","0","0","0","0","0","0","0","0","0","4","0","","02","11","2022","6","40.614895","-79.758835","1824","11","0","0","0","0","0","0","0","0","","0","0","0","","","2","","2","","40 36:53.622","","2","79 45:31.805","3","0","0","0","2202","0","0","0","N","0","0","0","4","02202","1","","1.0","","1","N","N","N","1","","1","0","1","","3","","","2","2","0","0","0","0","0","2","0","2","","03","","N","","","","","","","","","",""
"2022104799","0351","1","0","0","0","0","0","0","0","0","7","0","","02","11","2022","4","40.278943","-79.9313","0345","11","0","0","0","0","0","1","0","0","","0","0","0","","","1","","2","","40 16:44.195","6","0","79 55:52.680","8","0","0","0","2440","0","0","0","N","0","0","0","1","02440","0","","4.0","505.0","1","N","N","N","0","","0","0","0","","0","Y","","1","1","0","0","0","1","0","2","0","1","","","","N","","","","","","","","","",""
"2022124669","1024","1","0","0","0","0","0","0","0","0","7","0","","02","12","2022","7","40.439778","-79.756528","1007","11","0","0","0","0","0","0","0","0","","0","0","0","","","0","N","0","","40 26:23.200","","2","79 45:23.500","0","0","0","0","2446","0","0","0","N","0","0","0","2","68T09","0","","4.0","","9","N","N","N","0","","0","0","0","","0","","","1","0","0","0","0","0","0","2","0","1","","","","N","","","","","","","","","",""
"2022114807","2317","1","0","0","0","0","0","0","0","0","7","0","","02","11","2022","2","40.524775","-79.988281","2315","11","0","0","0","0","0","0","0","0","","0","0","0","","","0","N","0","","40 31:29.189","2","0","79 59:17.811","0","0","0","0","2116","0","0","0","N","0","0","0","1","02116","0","","4.0","2345.0","9","N","N","N","0","","0","0","0","","0","N","","1","0","0","0","0","0","0","2","0","1","","","","N","","","","","","","","","",""
"2022098628","1021","4","0","0","0","0","0","0","0","0","1","0","","02","10","2022","2","40.425698","-79.911286","1009","11","0","0","0","0","0","0","1","0","","0","0","0","","","1","N","0","","40 25:32.512","","0","79 54:40.631","3","0","0","0","2301","0","0","0","N","0","0","0","5","68B03","0","","1.0","","1","N","N","N","0","","1","0","0","","0","","","5","1","0","0","0","0","0","2","1","5","","","","N","","","","","","","","","",""
"2022105408","0313","1","0","0","0","0","0","0","0","0","98","0","","02","10","2022","6","40.420001","-80.133554","0309","11","0","0","0","0","0","0","0","0","","0","0","0","","","0","N","0","","40 25:12.002","3","0","80 08:00.796","9","0","0","0","2102","0","0","0","N","0","0","0","1","02102","0","","4.0","400.0","1","N","N","N","0","","0","0","0","","0","N","","1","0","0","0","0","0","1","1","0","1","","","","N","","","","","","","","","",""