"CRN","ARRIVAL_TM","AUTOMOBILE_COUNT","BELTED_DEATH_COUNT","BELTED_SUSP_SERIOUS_INJ_COUNT","BICYCLE_COUNT","BICYCLE_DEATH_COUNT","BICYCLE_SUSP_SERIOUS_INJ_COUNT","BUS_COUNT","CHLDPAS_DEATH_COUNT","CHLDPAS_SUSP_SERIOUS_INJ_COUNT","COLLISION_TYPE","COMM_VEH_COUNT","CONS_ZONE_SPD_LIM","COUNTY","CRASH_MONTH","CRASH_YEAR","DAY_OF_WEEK","DEC_LATITUDE","DEC_LONGITUDE","DISPATCH_TM","DISTRICT","DRIVER_COUNT_16YR","DRIVER_COUNT_17YR","DRIVER_COUNT_18YR","DRIVER_COUNT_19YR","DRIVER_COUNT_20YR","DRIVER_COUNT_50_64YR","DRIVER_COUNT_65_74YR","DRIVER_COUNT_75PLUS","EST_HRS_CLOSED","FATAL_COUNT","HEAVY_TRUCK_COUNT","HORSE_BUGGY_COUNT","HOUR_OF_DAY","ILLUMINATION","INJURY_COUNT","INTERSECTION_RELATED","INTERSECT_TYPE","LANE_CLOSED","LATITUDE","LN_CLOSE_DIR","LOCATION_TYPE","LONGITUDE","MAX_SEVERITY_LEVEL","MCYCLE_DEATH_COUNT","MCYCLE_SUSP_SERIOUS_INJ_COUNT","MOTORCYCLE_COUNT","MUNICIPALITY","NONMOTR_COUNT","NONMOTR_DEATH_COUNT","NONMOTR_SUSP_SERIOUS_INJ_COUNT","NTFY_HIWY_MAINT","PED_COUNT","PED_DEATH_COUNT","PED_SUSP_SERIOUS_INJ_COUNT","PERSON_COUNT","POLICE_AGCY","POSSIBLE_INJ_COUNT","RDWY_SURF_TYPE_CD","RELATION_TO_ROAD","ROADWAY_CLEARED","ROAD_CONDITION","SCH_BUS_IND","SCH_ZONE_IND","SECONDARY_CRASH","SMALL_TRUCK_COUNT","SPEC_JURIS_CD","SUSP_MINOR_INJ_COUNT","SUSP_SERIOUS_INJ_COUNT","SUV_COUNT","TCD_FUNC_CD","TCD_TYPE","TFC_DETOUR_IND","TIME_OF_DAY","TOTAL_UNITS","TOT_INJ_COUNT","UNBELTED_OCC_COUNT","UNB_DEATH_COUNT","UNB_SUSP_SERIOUS_INJ_COUNT","UNK_INJ_DEG_COUNT","UNK_INJ_PER_COUNT","URBAN_RURAL","VAN_COUNT","VEHICLE_COUNT","WEATHER1","WEATHER2","WORKERS_PRES","WORK_ZONE_IND","WORK_ZONE_LOC","WORK_ZONE_TYPE","WZ_CLOSE_DETOUR","WZ_FLAGGER","WZ_LAW_OFFCR_IND","WZ_LN_CLOSURE","WZ_MOVING","WZ_OTHER","WZ_SHLDER_MDN","WZ_WORKERS_INJ_KILLED"
"2022103113","","0","0","0","0","0","0","0","0","0","8","0","","02","11","2022","7","40.477029","-79.956972","","11","0","0","0","0","0","1","0","0","","0","0","0","","","1","","2","","40 28:37.304","","0","79 57:25.099","8","0","0","0","2301","1","0","0","N","1","0","0","3","02301","0","","1.0","","1","N","N","N","1","","0","0","0","","0","","","2","1","0","0","0","1","0","2","0","1","","","","N","","","","","","","","","",""
"2022103528","","1","0","0","0","0","0","0","0","0","1","0","","02","11","2022","1","40.429192","-79.999266","","11","0","0","0","0","0","0","0","0","","0","0","0","","","1","","1","","40 25:45.090","","3","79 59:57.359","3","0","0","0","2301","0","0","0","N","0","0","0","4","02301","0","","1.0","","1","N","N","N","0","","1","0","1","","0","","","2","1","0","0","0","0","0","2","0","2","","","","N","","","","","","","","","",""
"2022107245","","1","0","0","0","0","0","0","0","0","1","0","","02","11","2022","4","40.435824","-79.967489","","11","0","0","0","0","0","0","0","0","","0","0","0","","","0","","6","","40 26:08.968","","2","79 58:02.959","0","0","0","0","2301","0","0","0","N","0","0","0","2","02301","0","","1.0","","1","N","N","N","0","","0","0","1","","4","","","2","0","0","0","0","0","0","2","0","2","","03","","N","","","","","","","","","",""
"2022096251","","1","0","0","0","0","0","0","0","0","7","0","","02","10","2022","7","40.440685","-80.009353","","11","0","0","0","0","0","0","1","0","","0","0","0","","","0","N","0","","40 26:26.467","2","0","80 00:33.670","0","0","0","0","2301","0","0","0","N","0","0","0","1","68B03","0","","2.0","2040.0","1","N","N","N","0","","0","0","0","","0","N","","1","0","0","0","0","0","0","2","0","1","","03","","N","","","","","","","","","",""
"2022104732","","1","0","0","0","0","0","0","0","0","4","0","","02","11","2022","4","40.471959","-79.930526","","11","0","0","0","0","0","2","0","0","","0","0","0","","","1","","2","","40 28:19.053","7","0","79 55:49.892","4","0","0","0","2301","0","0","0","N","0","0","0","2","02301","1","","1.0","1600.0","1","N","N","N","0","","0","0","0","","3","N","","2","1","0","0","0","0","0","2","1","2","","","","N","","","","","","","","","",""
"2022112978","","0","0","0","0","0","0","0","0","0","0","0","","02","11","2022","2","40.428668","-79.991004","","11","0","0","0","0","0","0","0","0","","0","0","0","","","0","","2","","40 25:43.204","","0","79 59:27.616","0","0","0","0","2301","0","0","0","N","0","0","0","1","02301","0","","1.0","","1","N","N","N","0","","0","0","1","","0","","","1","0","0","0","0","0","0","2","0","1","","","","N","","","","","","","","","",""
"2022123831","","0","0","0","0","0","0","0","0","0","8","0","","02","12","2022","5","40.451938","-79.923978","","11","0","0","0","0","0","0","0","0","","0","0","0","","","1","","1","","40 27:06.975","","0","79 55:26.321","3","0","0","0","2301","1","0","0","N","1","0","0","2","02301","0","","1.0","","9","","","N","1","","1","0","0","","2","","","2","1","0","0","0","0","0","2","0","1","","06","","N","","","","","","","","","",""
"2022111801","","3","0","0","0","0","0","0","0","0","1","0","","02","11","2022","2","40.416358","-79.975989","","11","0","0","0","0","0","0","0","0","","0","0","0","","","0","N","0","","40 24:58.887","","0","79 58:33.559","9","0","0","0","2301","0","0","0","N","0","0","0","1","02301","0","","6.0","","1","N","N","Y","0","","0","0","0","","0","","","3","0","0","0","0","0","1","2","0","3","","03","","N","","","","","","","","","",""
"2022122003","","2","0","0","0","0","0","0","0","0","4","0","","02","12","2022","4","40.501083","-80.061528","","11","0","0","0","0","0","0","1","0","","0","0","0","","","1","Y","0","","40 30:03.900","5","0","80 03:41.500","4","0","0","0","2402","0","0","0","N","0","0","0","2","02402","1","","1.0","1335.0","1","N","N","N","0","","0","0","0","","2","N","","2","1","1","0","0","0","0","2","0","2","","04","","N","","","","","","","","","",""
"2022076794","","1","0","0","0","0","0","0","0","0","4","0","","02","8","2022","2","40.605296","-79.755799","","11","0","0","0","0","0","1","0","0","","0","0","0","","","0","N","0","","40 36:19.064","","7","79 45:20.875","0","0","0","0","2464","0","0","0","N","0","0","0","5","02464","0","","1.0","","1","N","N","N","0","","0","0","2","","3","","","3","0","0","0","0","0","0","2","0","3","","","","N","","","","","","","","","",""
"2022124735","","2","0","0","0","0","0","0","0","0","6","0","","02","12","2022","5","40.418662","-79.934451","","11","0","0","0","0","0","0","0","0","","0","0","0","","","0","N","0","","40 25:07.182","6","0","79 56:04.023","0","0","0","0","2301","0","0","0","N","0","0","0","3","02301","0","","1.0","2330.0","1","N","N","N","0","","0","0","0","","0","N","","2","0","0","0","0","0","0","2","0","2","","03","","N","","","","","","","","","",""
"2022112980","","1","0","0","0","0","0","0","0","0","1","0","","02","11","2022","4","40.566986","-80.206501","","11","0","0","0","0","0","1","0","1","","0","0","0","","","1","N","0","","40 34:01.149","6","0","80 12:23.403","4","0","0","0","2107","0","0","0","N","0","0","0","2","02107","1","","1.0","1122.0","8","","","N","0","","0","0","1","","0","Y","","2","1","0","0","0","0","0","1","0","2","","","","N","","","","","","","","","",""
"2022122837","","1","0","0","0","0","0","0","0","0","7","0","","02","12","2022","6","40.52692","-79.927161","","11","0","0","0","0","0","0","0","0","","0","0","0","","","0","N","0","","40 31:36.911","2","0","79 55:37.781","0","0","0","0","2112","0","0","0","N","0","0","0","1","02112","0","","4.0","930.0","2","N","N","N","0","","0","0","0","","0","N","","1","0","0","0","0","0","0","2","0","1","","10","","N","","","","","","","","","",""
"2022124050","","0","0","0","0","0","0","0","0","0","7","0","","02","12","2022","3","40.564772","-79.807833","","11","0","0","0","0","0","0","0","0","","0","0","0","","","0","N","0","","40 33:53.179","7","0","79 48:28.198","0","0","0","0","2206","0","0","0","N","0","0","0","1","02206","0","","5.0","1420.0","9","N","N","N","1","","0","0","0","","0","Y","","1","0","0","0","0","0","0","2","0","1","","10","","N","","","","","","","","","",""
"2022123156","","1","0","0","0","0","0","0","0","0","8","0","","02","12","2022","1","40.440741","-80.08011","","11","0","0","0","0","0","0","0","0","","0","0","0","","","1","N","0","","40 26:26.668","6","0","80 04:48.397","3","0","0","0","2301","1","0","0","N","1","0","0","2","02301","0","","1.0","2347.0","9","N","N","N","0","","1","0","0","","0","Y","","2","1","0","0","0","0","0","2","0","1","","","","N","","","","","","","","","",""
"2022100722","","1","0","0","0","0","0","0","0","0","1","0","","02","10","2022","1","40.411676","-79.942572","","11","0","0","0","0","0","0","0","0","","0","0","0","","","0","N","0","","40 24:42.035","","0","79 56:33.259","0","0","0","0","2301","0","0","0","N","0","0","0","1","02301","0","","6.0","","1","N","N","N","0","","0","0","1","","0","","","2","0","1","0","0","0","0","2","0","2","","03","","N","","","","","","","","","",""
"2022123954","","2","0","0","0","0","0","0","0","0","4","0","","02","12","2022","3","40.419804","-79.749638","","11","0","0","1","0","0","0","0","1","","0","0","0","","","0","","1","","40 25:11.296","","0","79 44:58.696","0","0","0","0","2446","0","0","0","N","0","0","0","2","02446","0","","1.0","","1","N","N","N","0","","0","0","0","","3","","","2","0","0","0","0","0","0","2","0","2","","03","","N","","","","","","","","","",""
"2022113175","","1","0","0","0","0","0","0","0","0","7","0","","02","11","2022","4","40.441021","-79.940779","","11","0","0","0","0","0","0","1","0","","0","0","0","","","1","N","0","","40 26:27.675","","0","79 56:26.803","3","0","0","0","2301","0","0","0","N","0","0","0","1","02301","0","","4.0","","1","N","N","Y","0","","1","0","0","","0","","","1","1","0","0","0","0","0","2","0","1","","","","N","","","","","","","","","",""
"2022116955","","1","0","0","0","0","0","0","0","0","5","0","","02","12","2022","7","40.472556","-79.972722","","11","0","0","0","0","0","0","0","0","","0","0","0","","","0","Y","0","","40 28:21.200","","0","79 58:21.800","0","0","0","0","2301","0","0","0","N","0","0","0","3","02301","0","","1.0","","1","N","N","N","0","","0","0","1","","0","","","2","0","0","0","0","0","0","2","0","2","","03","","N","","","","","","","","","",""
"2022120164","","0","0","0","0","0","0","0","0","0","7","0","","02","12","2022","1","40.419287","-80.008836","","11","0","0","0","0","0","0","0","0","","0","0","0","","","0","","3","","40 25:09.433","","0","80 00:31.808","0","0","0","0","2301","0","0","0","N","0","0","0","3","02301","0","","4.0","","2","N","N","N","0","","0","0","2","","0","","","2","0","0","0","0","0","0","2","0","2","","10","","N","","","","","","","","","",""
"2022122107","","1","0","0","0","0","0","0","0","0","1","0","","02","12","2022","4","40.334889","-80.132934","","11","0","0","0","0","0","1","0","1","","0","0","0","","","1","Y","0","","40 20:05.600","2","0","80 07:58.563","3","0","0","0","2119","0","0","0","N","0","0","0","3","02119","0","","1.0","1347.0","1","N","N","N","0","","1","0","1","","0","N","","3","1","0","0","0","0","0","2","1","3","","","","N","","","","","","","","","",""
"2022113026","","0","0","0","0","0","0","0","0","0","7","0","","02","11","2022","4","40.404409","-79.975896","","11","0","0","0","0","0","0","0","0","","0","0","0","","","1","","2","","40 24:15.871","","0","79 58:33.227","3","0","0","0","2301","0","0","0","N","0","0","0","1","02301","0","","4.0","","1","N","N","N","0","","1","0","1","","0","","","1","1","0","0","0","0","0","2","0","1","","03","","N","","","","","","","","","",""
"2022111474","","1","0","0","0","0","0","0","0","0","4","0","","02","11","2022","7","40.417434","-80.000415","","11","0","1","0","0","0","0","0","0","","0","0","0","","","0","","1","","40 25:02.762","","0","80 00:01.493","0","0","0","0","2301","0","0","0","N","0","0","0","4","02301","0","","1.0","","1","N","N","N","0","","0","0","1","","3","","","2","0","1","0","0","0","0","2","0","2","","03","","N","","","","","","","","","",""
"2022111952","","0","0","0","0","0","0","0","0","0","7","0","","02","11","2022","1","40.474117","-80.039287","","11","0","0","0","0","0","0","0","0","","0","0","0","","","0","N","0","","40 28:26.822","1","0","80 02:21.434","0","0","0","0","2301","0","0","0","N","0","0","0","1","02301","0","","2.0","1135.0","9","N","N","N","0","","0","0","1","","2","N","","1","0","0","0","0","0","0","2","0","1","","07","","N","","","","","","","","","",""
"2022122253","","1","0","0","0","0","0","0","0","0","1","0","","02","12","2022","2","40.360386","-79.845384","","11","0","0","0","0","0","1","0","0","","0","0","0","","","0","N","0","","40 21:37.389","1","3","79 50:43.382","0","0","0","0","2303","0","0","0","N","0","0","0","4","02303","0","","1.0","745.0","2","N","N","N","1","","0","0","2","","0","N","","4","0","0","0","0","0","0","2","0","4","","98","","N","","","","","","","","","",""
"2022120178","","0","0","0","0","0","0","0","0","0","4","0","","02","12","2022","1","40.383006","-79.806973","","11","0","0","0","0","0","1","0","0","","0","0","0","","","0","","1","","40 22:58.822","2","0","79 48:25.102","0","0","0","0","2424","0","0","0","N","0","0","0","3","02424","0","","1.0","1230.0","1","N","N","N","0","","0","0","2","","3","Y","","2","0","0","0","0","0","0","2","0","2","","04","","N","","","","","","","","","",""
"2022117125","","1","0","0","0","0","0","0","0","0","1","0","","02","12","2022","7","40.605551","-79.947159","","11","0","0","0","1","0","1","0","0","","0","0","0","","","2","","2","","40 36:19.984","4","0","79 56:49.774","4","0","0","0","2207","0","0","0","N","0","0","0","3","02207","1","","1.0","1215.0","1","N","N","N","0","","0","0","2","","2","N","","3","2","0","0","0","1","0","2","0","3","","03","","N","","","","","","","","","",""
"2022124371","","1","0","0","0","0","0","0","0","0","7","0","","02","12","2022","6","40.654336","-79.893416","","11","0","0","0","0","1","0","0","0","","0","0","0","","","0","N","0","","40 39:15.608","3","0","79 53:36.297","0","0","0","0","2220","0","0","0","N","0","0","0","1","02220","0","","5.0","1718.0","7","N","N","N","0","","0","0","0","","0","N","","1","0","0","0","0","0","0","1","0","1","","02","","N","","","","","","","","","",""
"2022119785","","1","0","0","0","0","0","0","0","0","4","0","","02","12","2022","7","40.400927","-80.0484","","11","0","0","0","0","0","0","0","0","","0","0","0","","","0","","1","","40 24:03.337","5","0","80 02:54.239","0","0","0","0","2301","0","0","0","N","0","0","0","3","02301","0","","1.0","1241.0","1","N","N","N","0","","0","0","1","","2","N","","2","0","0","0","0","0","0","2","0","2","","04","","N","","","","","","","","","",""
"2022124145","","1","0","0","0","0","0","0","0","0","4","0","","02","12","2022","4","40.555494","-80.038943","","11","0","0","0","0","0","0","1","0","","0","0","0","","","2","N","0","","40 33:19.779","5","7","80 02:20.194","8","0","0","0","2108","0","0","0","N","0","0","0","2","02108","0","","1.0","1622.0","1","N","N","N","0","","0","0","1","","0","N","","2","2","0","0","0","2","0","2","0","2","","","","N","","","","","","","","","",""
"2022117212","","0","0","0","0","0","0","0","0","0","7","0","","02","12","2022","7","40.436472","-79.964028","","11","0","0","0","0","0","0","0","0","","0","0","0","","","0","","2","","40 26:11.300","","0","79 57:50.500","9","0","0","0","2301","0","0","0","Y","0","0","0","1","02301","0","","5.0","","9","N","N","N","0","","0","0","1","","0","","","1","0","0","0","0","0","1","2","0","1","","","","N","","","","","","","","","",""
"2022122044","","1","0","0","0","0","0","0","0","0","1","0","","02","12","2022","5","40.438144","-80.001321","","11","0","0","0","0","0","0","0","0","","0","0","0","","","1","N","0","","40 26:17.317","3","0","80 00:04.756","3","0","0","0","2301","0","0","0","N","0","0","0","1","02301","0","","6.0","1319.0","9","N","N","Y","0","","1","0","0","","0","N","","2","1","1","0","0","0","0","2","1","2","","07","","N","","","","","","","","","",""
"2022122952","","1","0","0","0","0","0","0","0","0","7","0","","02","12","2022","4","40.363972","-79.87525","","11","0","0","1","0","0","0","0","0","","0","0","0","","","0","N","0","","40 21:50.300","5","0","79 52:30.900","0","0","0","0","2473","0","0","0","N","0","0","0","1","02473","0","","2.0","1028.0","1","N","N","N","0","","0","0","0","","0","N","","1","0","0","0","0","0","0","2","0","1","","03","","N","","","","","","","","","",""
"2022120176","","1","0","0","0","0","0","0","0","0","4","0","","02","12","2022","7","40.350034","-79.894119","","11","0","0","0","0","0","0","0","0","","0","0","0","","","0","","2","","40 21:00.121","5","0","79 53:38.830","0","0","0","0","2423","0","0","0","N","0","0","0","4","02304","0","","1.0","1440.0","1","N","N","N","0","","0","0","0","","0","N","","2","0","0","0","0","0","0","2","1","2","","","","N","","","","","","","","","",""
"2022120366","","0","0","0","0","0","0","0","0","0","7","0","","02","12","2022","1","40.335304","-80.051229","","11","0","0","0","0","0","0","0","0","","0","0","0","","","0","","2","","40 20:07.094","1","0","80 03:04.425","0","0","0","0","2407","0","0","0","N","0","0","0","1","02407","0","","2.0","452.0","2","N","N","N","0","","0","0","0","","2","Y","","1","0","0","0","0","0","0","2","1","1","","03","","N","","","","","","","","","",""
"2022120190","","0","0","0","0","0","0","0","0","0","7","0","","02","12","2022","1","40.445924","-80.244458","","11","0","0","0","0","0","0","0","0","","0","0","0","","","0","N","0","","40 26:45.325","","0","80 14:40.047","0","0","0","0","2214","0","0","0","N","0","0","0","1","02214","0","","4.0","","1","N","N","N","0","","0","0","1","","0","N","","1","0","0","0","0","0","0","2","0","1","","","","N","","","","","","","","","",""
"2022124723","","2","0","0","0","0","0","0","0","0","2","0","","02","12","2022","5","40.580333","-80.069194","","11","0","0","0","0","0","0","0","0","","0","0","0","","","0","N","0","","40 34:49.200","7","0","80 04:09.100","0","0","0","0","2481","0","0","0","N","0","0","0","2","02481","0","","1.0","1840.0","9","N","N","N","0","","0","0","0","","0","N","","2","0","0","0","0","0","0","2","0","2","","","","N","","","","","","","","","",""
"2022122951","","1","0","0","0","0","0","0","0","0","1","0","","02","12","2022","1","40.445489","-79.984802","","11","0","0","0","0","0","1","0","0","","0","0","0","","","0","N","0","","40 26:43.761","3","0","79 59:05.286","0","0","0","0","2301","0","0","0","N","0","0","0","1","02301","0","","6.0","35.0","2","N","N","N","0","","0","0","1","","0","N","","2","0","0","0","0","0","0","2","0","2","","","","N","","","","","","","","","",""
"2022114928","","1","0","0","0","0","0","0","0","0","7","0","","02","11","2022","3","40.427613","-79.954143","","11","0","0","0","0","0","0","0","0","","0","0","0","","","0","N","0","","40 25:39.408","3","0","79 57:14.914","0","0","0","0","2301","0","0","0","N","0","0","0","1","68B03","0","","3.0","2100.0","1","N","N","N","0","","0","0","0","","0","N","","1","0","0","0","0","0","0","2","0","1","","","","N","","","","","","","","","",""
"2022113573","","1","0","0","0","0","0","0","0","0","1","0","45","02","11","2022","4","40.494149","-79.903479","","11","0","0","0","0","0","0","0","0","","0","0","0","","","0","N","0","","40 29:38.937","2","3","79 54:12.523","0","0","0","0","2401","0","0","0","N","0","0","0","3","68D02","0","","1.0","724.0","9","N","N","N","0","","0","0","1","","0","N","","2","0","0","0","0","0","0","2","0","2","","","N","Y","4","1","","","N","","Y","","","N"
"2022122697","","1","0","0","0","0","0","0","0","0","7","0","","02","12","2022","7","40.398417","-80.026444","","11","0","0","0","0","0","0","0","0","","0","0","0","","","1","Y","0","","40 23:54.300","","0","80 01:35.200","3","0","0","0","2301","0","0","0","Y","0","0","0","1","02301","0","","4.0","","9","N","N","Y","0","","1","0","0","","2","","","1","1","0","0","0","0","0","2","0","1","","","","N","","","","","","","","","",""
"2022120932","","0","0","0","0","0","0","0","0","0","7","0","","02","12","2022","2","40.523946","-79.831849","","11","0","0","0","0","0","0","0","0","","0","0","0","","","1","N","0","","40 31:26.204","5","0","79 49:54.655","3","0","0","0","2451","0","0","0","N","0","0","0","1","02451","0","","2.0","143.0","1","N","N","N","0","","1","0","1","","0","Y","","1","1","0","0","0","0","0","2","0","1","","","","N","","","","","","","","","",""
"2022119764","","1","0","0","0","0","0","0","0","0","2","0","","02","12","2022","7","40.458528","-79.946639","","11","0","0","0","0","0","0","0","0","","0","0","0","","","1","Y","0","","40 27:30.700","","0","79 56:47.900","3","0","0","0","2301","0","0","0","N","0","0","0","1","02301","0","","1.0","","1","N","N","N","0","","1","0","1","","0","","","2","1","0","0","0","0","0","2","0","2","","03","","N","","","","","","","","","",""
"2022122306","","1","0","0","0","0","0","0","0","0","7","0","","02","12","2022","6","40.372551","-79.807282","","11","0","0","0","0","0","0","0","0","","0","0","0","","","0","N","0","","40 22:21.184","","0","79 48:26.214","0","0","0","0","2111","0","0","0","Y","0","0","0","1","02111","0","","4.0","","2","N","N","N","0","","0","0","0","","0","","","1","0","0","0","0","0","0","2","0","1","","09","","N","","","","","","","","","",""
"2022112288","","0","0","0","0","0","0","0","0","0","7","0","","02","11","2022","2","40.473406","-80.013509","","11","0","0","0","0","0","0","0","0","","0","0","0","","","0","","1","","40 28:24.263","","0","80 00:48.632","0","0","0","0","2301","0","0","0","N","0","0","0","1","02301","0","","4.0","","1","N","N","N","0","","0","0","1","","0","","","1","0","0","0","0","0","0","2","0","1","","","","N","","","","","","","","","",""
"2022124077","","1","0","0","0","0","0","0","0","0","1","0","","02","12","2022","4","40.406417","-80.003833","","11","0","0","0","0","0","0","0","0","","0","0","0","","","1","Y","0","","40 24:23.100","","0","80 00:13.800","3","0","0","0","2301","0","0","0","N","0","0","0","2","02301","0","","1.0","","1","N","N","N","1","","1","0","0","","0","","","2","1","1","0","0","0","0","2","0","2","","03","","N","","","","","","","","","",""
"2022112157","","1","0","0","0","0","0","0","0","0","1","0","","02","11","2022","6","40.384738","-79.82432","","11","0","0","0","0","0","0","1","0","","0","0","0","","","0","","1","","40 23:05.057","4","0","79 49:27.553","9","0","0","0","2111","0","0","0","N","0","0","0","3","68A01","0","","1.0","2100.0","1","N","N","N","0","","0","0","2","","2","N","","3","0","1","0","0","0","1","2","0","3","","","","N","","","","","","","","","",""
"2022114530","","1","0","0","0","0","0","0","0","0","1","0","","02","11","2022","2","40.489353","-79.953288","","11","0","0","0","0","0","0","0","0","","0","0","0","","","0","N","0","","40 29:21.672","1","0","79 57:11.836","0","0","0","0","2118","0","0","0","N","0","0","0","4","02118","0","","1.0","1840.0","1","N","N","N","1","","0","0","1","","0","Y","","3","0","0","0","0","0","0","2","0","3","","03","","N","","","","","","","","","",""
"2022097799","","1","0","0","0","0","0","0","0","0","4","0","","02","10","2022","6","40.452478","-80.172521","","11","0","0","0","0","0","0","0","0","","0","0","0","","","0","","1","","40 27:08.919","","2","80 10:21.075","0","0","0","0","2214","0","0","0","N","0","0","0","3","02214","0","","1.0","","1","N","N","N","0","","0","0","1","","2","","","2","0","0","0","0","0","0","2","0","2","","","","N","","","","","","","","","",""
"2022122074","","0","0","0","0","0","0","0","0","0","1","0","","02","12","2022","5","40.214701","-79.827024","","11","0","0","0","0","0","1","0","0","","0","0","0","","","1","","3","","40 12:52.925","","0","79 49:37.288","4","0","0","0","2105","0","0","0","N","0","0","0","2","02105","1","","1.0","","9","N","N","N","1","","0","0","1","","0","N","","2","1","0","0","0","0","0","1","0","2","","07","","N","","","","","","","","","",""
"2022120954","","1","0","0","0","0","0","0","0","0","4","0","","02","12","2022","2","40.382488","-80.056987","","11","0","0","0","0","0","2","0","0","","0","0","0","","","0","","2","","40 22:56.955","3","0","80 03:25.152","0","0","0","0","2109","0","0","0","N","0","0","0","2","02109","0","","1.0","1727.0","1","N","N","N","0","","0","0","0","","3","N","","2","0","0","0","0","0","0","2","1","2","","03","","N","","","","","","","","","",""
"2022116477","","0","0","0","1","0","1","1","0","0","8","1","","02","10","2022","3","40.627509","-79.941888","","11","0","0","0","0","0","0","0","1","","0","0","0","","","1","N","0","","40 37:39.033","5","0","79 56:30.797","2","0","0","0","2217","1","0","1","N","0","0","0","2","02505","0","","1.0","330.0","1","Y","N","N","0","","0","1","0","","0","Y","","2","1","0","0","0","0","0","2","0","1","","","","N","","","","","","","","","",""
"2022009433","","0","0","0","0","0","0","0","0","0","1","0","","02","1","2022","5","40.598901","-79.756126","","11","0","0","0","0","0","0","1","0","","0","0","0","","","2","N","0","","40 35:56.044","1","3","79 45:22.053","3","0","0","0","2464","0","0","0","N","0","0","0","2","02464","0","","1.0","735.0","1","N","N","N","0","","2","0","2","","0","Y","","2","2","1","0","0","0","0","2","0","2","","03","","N","","","","","","","","","",""
"2022112291","","1","0","0","0","0","0","0","0","0","0","0","","02","11","2022","3","40.457068","-79.899285","","11","0","0","0","0","0","0","0","0","","0","0","0","","","0","N","0","","40 27:25.444","","0","79 53:57.427","0","0","0","0","2301","0","0","0","N","0","0","0","1","02301","0","","1.0","","1","N","N","N","0","","0","0","0","","0","","","1","0","0","0","0","0","0","2","0","1","","03","","N","","","","","","","","","",""
"2022122867","","2","0","0","0","0","0","0","0","0","4","0","","02","12","2022","7","40.448212","-80.000521","","11","0","0","0","0","0","0","0","0","","0","0","0","","","0","","2","","40 26:53.562","","7","80 00:01.875","0","0","0","0","2301","0","0","0","N","0","0","0","3","02301","0","","1.0","","1","","","N","0","","0","0","0","","3","","","2","0","0","0","0","0","0","2","0","2","","04","","N","","","","","","","","","",""
"2022118572","","1","0","0","0","0","0","0","0","0","4","0","","02","12","2022","4","40.493026","-79.910995","","11","0","0","0","0","0","0","0","0","","0","0","0","","","3","","2","","40 29:34.895","","2","79 54:39.583","8","0","0","0","2112","0","0","0","N","0","0","0","4","02112","0","","1.0","","1","N","N","N","0","","0","0","1","","0","","","2","3","1","0","0","3","0","2","0","2","","03","","N","","","","","","","","","",""
"2022113623","","2","0","0","0","0","0","0","0","0","1","0","","02","11","2022","6","40.56908","-79.776456","","11","0","0","0","1","0","1","0","0","","0","0","0","","","3","N","0","","40 34:08.687","1","7","79 46:35.241","3","0","0","0","2104","0","0","0","N","0","0","0","4","02514","0","","1.0","1600.0","1","N","N","N","1","","3","0","0","","0","N","","3","3","0","0","0","0","0","2","0","3","","","","N","","","","","","","","","",""
"2022120242","","0","0","0","0","0","0","0","0","0","4","0","","02","12","2022","1","40.477765","-79.75916","","11","0","0","0","0","0","2","0","0","","0","0","0","","","0","","2","","40 28:39.954","","0","79 45:32.977","0","0","0","0","2466","0","0","0","N","0","0","0","3","02466","0","","1.0","","9","N","N","N","0","","0","0","2","","3","","","2","0","0","0","0","0","0","2","0","2","","03","","N","","","","","","","","","",""
"2022113074","","0","0","0","0","0","0","0","0","0","1","0","","02","11","2022","4","40.466438","-79.978343","","11","0","1","0","0","0","0","0","0","","0","0","0","","","0","","6","","40 27:59.177","1","2","79 58:42.036","0","0","0","0","2301","0","0","0","N","0","0","0","3","02301","0","","1.0","1830.0","1","N","N","N","0","","0","0","3","","0","Y","","3","0","0","0","0","0","0","2","0","3","","03","","N","","","","","","","","","",""
"2022121363","","1","0","0","0","0","0","0","0","0","2","0","","02","12","2022","3","40.484368","-79.94536","","11","0","0","0","0","0","0","0","0","","0","0","0","","","0","N","0","","40 29:03.723","","0","79 56:43.296","9","0","0","0","2301","0","0","0","N","0","0","0","2","02301","0","","1.0","","1","N","N","N","0","","0","0","1","","0","N","","2","0","0","0","0","0","1","2","0","2","","03","","N","","","","","","","","","",""
"2022113321","","1","0","0","0","0","0","0","0","0","4","0","","02","11","2022","6","40.448242","-79.986906","","11","0","0","0","0","0","0","0","0","","0","0","0","","","1","","2","","40 26:53.672","4","0","79 59:12.863","3","0","0","0","2301","0","0","0","N","0","0","0","3","02301","0","","1.0","1555.0","1","N","N","N","0","","1","0","1","","2","Y","","2","1","1","0","0","0","0","2","0","2","","03","","N","","","","","","","","","",""