"CRN","ARRIVAL_TM","AUTOMOBILE_COUNT","BELTED_DEATH_COUNT","BELTED_SUSP_SERIOUS_INJ_COUNT","BICYCLE_COUNT","BICYCLE_DEATH_COUNT","BICYCLE_SUSP_SERIOUS_INJ_COUNT","BUS_COUNT","CHLDPAS_DEATH_COUNT","CHLDPAS_SUSP_SERIOUS_INJ_COUNT","COLLISION_TYPE","COMM_VEH_COUNT","CONS_ZONE_SPD_LIM","COUNTY","CRASH_MONTH","CRASH_YEAR","DAY_OF_WEEK","DEC_LATITUDE","DEC_LONGITUDE","DISPATCH_TM","DISTRICT","DRIVER_COUNT_16YR","DRIVER_COUNT_17YR","DRIVER_COUNT_18YR","DRIVER_COUNT_19YR","DRIVER_COUNT_20YR","DRIVER_COUNT_50_64YR","DRIVER_COUNT_65_74YR","DRIVER_COUNT_75PLUS","EST_HRS_CLOSED","FATAL_COUNT","HEAVY_TRUCK_COUNT","HORSE_BUGGY_COUNT","HOUR_OF_DAY","ILLUMINATION","INJURY_COUNT","INTERSECTION_RELATED","INTERSECT_TYPE","LANE_CLOSED","LATITUDE","LN_CLOSE_DIR","LOCATION_TYPE","LONGITUDE","MAX_SEVERITY_LEVEL","MCYCLE_DEATH_COUNT","MCYCLE_SUSP_SERIOUS_INJ_COUNT","MOTORCYCLE_COUNT","MUNICIPALITY","NONMOTR_COUNT","NONMOTR_DEATH_COUNT","NONMOTR_SUSP_SERIOUS_INJ_COUNT","NTFY_HIWY_MAINT","PED_COUNT","PED_DEATH_COUNT","PED_SUSP_SERIOUS_INJ_COUNT","PERSON_COUNT","POLICE_AGCY","POSSIBLE_INJ_COUNT","RDWY_SURF_TYPE_CD","RELATION_TO_ROAD","ROADWAY_CLEARED","ROAD_CONDITION","SCH_BUS_IND","SCH_ZONE_IND","SECONDARY_CRASH","SMALL_TRUCK_COUNT","SPEC_JURIS_CD","SUSP_MINOR_INJ_COUNT","SUSP_SERIOUS_INJ_COUNT","SUV_COUNT","TCD_FUNC_CD","TCD_TYPE","TFC_DETOUR_IND","TIME_OF_DAY","TOTAL_UNITS","TOT_INJ_COUNT","UNBELTED_OCC_COUNT","UNB_DEATH_COUNT","UNB_SUSP_SERIOUS_INJ_COUNT","UNK_INJ_DEG_COUNT","UNK_INJ_PER_COUNT","URBAN_RURAL","VAN_COUNT","VEHICLE_COUNT","WEATHER1","WEATHER2","WORKERS_PRES","WORK_ZONE_IND","WORK_ZONE_LOC","WORK_ZONE_TYPE","WZ_CLOSE_DETOUR","WZ_FLAGGER","WZ_LAW_OFFCR_IND","WZ_LN_CLOSURE","WZ_MOVING","WZ_OTHER","WZ_SHLDER_MDN","WZ_WORKERS_INJ_KILLED"
"2022122841","","1","0","0","0","0","0","0","0","0","6","0","","02","12","2022","7","40.497476","-80.064368","","11","0","0","0","0","0","0","0","0","","0","0","0","","","0","N","0","","40 29:50.915","1","0","80 03:51.723","9","0","0","0","2301","0","0","0","N","0","0","0","2","02301","0","","6.0","1630.0","1","N","N","N","0","","0","0","2","","0","N","","3","0","0","0","0","0","2","2","0","3","","03","","N","","","","","","","","","",""
"2022122478","","1","0","0","0","0","0","0","0","0","4","0","","02","12","2022","6","40.44049","-79.991536","","11","0","0","0","0","0","1","1","0","","0","0","0","","","0","","5","","40 26:25.765","","2","79 59:29.530","0","0","0","0","2301","0","0","0","N","0","0","0","2","02301","0","","1.0","","2","N","N","N","0","","0","0","1","","2","","","2","0","0","0","0","0","0","2","0","2","","","","N","","","","","","","","","",""
"2022122959","","1","0","0","0","0","0","0","0","0","4","0","","02","12","2022","7","40.444232","-80.028216","","11","0","0","0","0","0","0","0","0","","0","0","0","","","0","","1","","40 26:39.234","1","3","80 01:41.577","0","0","0","0","2301","0","0","0","N","0","0","0","2","02301","0","","1.0","220.0","2","N","N","N","0","","0","0","1","","2","N","","2","0","0","0","0","0","0","2","0","2","","","","N","","","","","","","","","",""
"2022119951","","0","0","0","0","0","0","0","0","0","2","0","","02","12","2022","7","40.601849","-80.072003","","11","0","1","1","0","0","0","0","0","","0","0","0","","","0","N","0","","40 36:06.657","6","0","80 04:19.211","0","0","0","0","2481","0","0","0","N","0","0","0","2","02481","0","","1.0","2315.0","7","N","N","N","0","","0","0","2","","0","Y","","2","0","0","0","0","0","0","2","0","2","","09","","N","","","","","","","","","",""
"2022123832","","1","0","0","0","0","0","0","0","0","1","0","","02","12","2022","2","40.354811","-80.027764","","11","0","0","0","0","0","0","1","0","","0","0","0","","","0","N","0","","40 21:17.320","5","0","80 01:39.950","0","0","0","0","2407","0","0","0","N","0","0","0","3","02407","0","","1.0","1545.0","1","N","N","N","1","","0","0","1","","0","N","","3","0","0","0","0","0","0","2","0","3","","03","","N","","","","","","","","","",""
"2022122832","","1","0","0","0","0","0","0","0","0","7","0","","02","12","2022","6","40.417024","-79.796614","","11","0","0","0","0","0","0","0","0","","0","0","0","","","0","N","0","","40 25:01.287","7","0","79 47:47.810","0","0","0","0","2446","0","0","0","Y","0","0","0","1","02446","0","","4.0","1736.0","6","N","N","N","0","","0","0","0","","0","N","","1","0","0","0","0","0","0","2","0","1","","02","","N","","","","","","","","","",""
"2022117799","","1","0","0","0","0","0","0","0","0","4","0","","02","12","2022","2","40.333337","-79.984161","","11","0","0","0","0","0","0","0","0","","0","0","0","","","0","N","2","","40 20:00.014","3","0","79 59:02.979","0","0","0","0","2454","0","0","0","N","0","0","0","2","02403","0","","1.0","5.0","1","N","N","N","0","","0","0","0","","2","N","","2","0","2","0","0","0","0","2","1","2","","03","","N","","","","","","","","","",""
"2022120582","","1","0","0","0","0","0","0","0","0","98","0","","02","12","2022","1","40.554649","-79.849765","","11","0","0","0","0","0","1","0","0","","0","0","0","","","0","Y","0","","40 33:16.736","","0","79 50:59.154","0","0","0","0","2208","0","0","0","N","0","0","0","1","02208","0","","1.0","","1","N","N","N","0","","0","0","0","","0","","","1","0","0","0","0","0","0","2","0","1","","03","","N","","","","","","","","","",""
"2022125007","","1","0","0","0","0","0","0","0","0","7","0","","02","12","2022","6","40.479255","-80.043402","","11","0","0","0","0","0","0","0","0","","0","0","0","","","0","N","0","","40 28:45.319","","0","80 02:36.246","0","0","0","0","2301","0","0","0","N","0","0","0","2","02301","0","","4.0","","1","N","N","N","0","","0","0","0","","0","","","1","0","0","0","0","0","0","2","0","1","","","","N","","","","","","","","","",""
"2022115032","","0","0","0","0","0","0","0","0","0","4","0","","02","11","2022","3","40.352126","-79.988877","","11","0","0","0","0","0","1","0","0","","0","0","0","","","2","","1","","40 21:07.655","2","0","79 59:19.958","3","0","0","0","2476","0","0","0","N","0","0","0","2","02476","0","","1.0","1010.0","1","N","N","N","0","","1","0","2","","0","N","","2","2","0","0","0","1","0","2","0","2","","03","","N","","","","","","","","","",""
"2022122310","","1","0","0","0","0","0","0","0","0","7","0","","02","12","2022","6","40.446125","-79.987822","","11","0","0","0","0","0","0","0","0","","0","0","0","","","0","N","0","","40 26:46.050","3","0","79 59:16.159","0","0","0","0","2301","0","0","0","N","0","0","0","2","02301","0","","1.0","800.0","2","N","N","N","0","","0","0","1","","0","N","","2","0","0","0","0","0","0","2","0","2","","06","","N","","","","","","","","","",""
"2022121933","","0","0","0","0","0","0","0","0","0","7","0","","02","12","2022","5","40.458656","-79.998486","","11","0","0","0","0","0","0","0","0","","0","0","0","","","0","N","0","","40 27:31.163","","3","79 59:54.550","0","0","0","0","2301","0","0","0","N","0","0","0","1","02301","0","","2.0","","9","N","N","N","0","","0","0","1","","0","N","","1","0","0","0","0","0","0","2","0","1","","","","N","","","","","","","","","",""
"2022117977","","0","0","0","0","0","0","0","0","0","7","0","","02","12","2022","3","40.425792","-79.807966","","11","0","0","0","0","0","1","0","0","","0","0","0","","","0","N","0","","40 25:32.850","","1","79 48:28.676","0","0","0","0","2124","0","0","0","N","0","0","0","1","02124","0","","4.0","","2","N","N","N","1","","0","0","0","","0","","","1","0","0","0","0","0","0","2","0","1","","","","N","","","","","","","","","",""
"2022120880","","0","0","0","0","0","0","0","0","0","7","0","","02","12","2022","1","40.628302","-79.941757","","11","0","0","0","0","0","0","1","0","","0","0","0","","","1","N","0","","40 37:41.888","1","0","79 56:30.325","3","0","0","0","2217","0","0","0","N","0","0","0","1","02505","0","","2.0","1653.0","1","N","N","N","0","","1","0","1","","0","Y","","1","1","0","0","0","0","0","2","0","1","","03","","N","","","","","","","","","",""
"2022120354","","0","0","0","0","0","0","0","0","0","7","0","","02","12","2022","1","40.568111","-80.021889","","11","0","1","0","0","0","0","0","0","","0","0","0","","","0","N","0","","40 34:05.200","","7","80 01:18.800","0","0","0","0","2108","0","0","0","N","0","0","0","1","02108","0","","3.0","","7","N","N","N","0","","0","0","1","","2","N","","1","0","0","0","0","0","0","2","0","1","","","","N","","","","","","","","","",""
"2022111335","","0","0","0","0","0","0","0","0","0","4","0","","02","11","2022","6","40.495146","-80.065763","","11","0","0","0","0","0","1","0","0","","0","0","0","","","0","N","0","","40 29:42.526","1","7","80 03:56.747","0","0","0","0","2402","0","0","0","N","0","0","0","2","02402","0","","1.0","1544.0","1","N","N","N","0","","0","0","2","","0","N","","2","0","0","0","0","0","0","2","0","2","","03","","N","","","","","","","","","",""
"2022114665","","0","0","1","0","0","0","0","0","0","7","0","","02","11","2022","1","40.429405","-79.932067","","11","0","0","0","0","0","0","0","0","","0","0","0","","","1","N","0","","40 25:45.858","4","2","79 55:55.441","2","0","0","0","2301","0","0","0","Y","0","0","0","1","02301","0","","2.0","32.0","9","N","N","N","0","","0","1","1","","0","Y","","1","1","0","0","0","0","0","2","0","1","","","","N","","","","","","","","","",""
"2022111584","","1","0","0","0","0","0","0","0","0","1","0","","02","11","2022","1","40.439826","-80.032379","","11","0","0","0","0","0","1","0","0","","0","0","0","","","0","N","0","","40 26:23.375","1","0","80 01:56.564","9","0","0","0","2301","0","0","0","N","0","0","0","2","02301","0","","1.0","226.0","1","N","N","N","1","","0","0","0","","0","N","","2","0","0","0","0","0","1","2","0","2","","","","N","","","","","","","","","",""
"2022120579","","0","0","0","0","0","0","0","0","0","6","0","","02","12","2022","1","40.581144","-79.824913","","11","0","0","0","0","0","1","0","0","","0","0","0","","","1","N","0","","40 34:52.118","","0","79 49:29.686","4","0","0","0","2209","0","0","0","N","0","0","0","3","02209","1","","1.0","","1","N","N","N","1","","0","0","0","","0","","","2","1","0","0","0","0","0","2","1","2","","03","","N","","","","","","","","","",""
"2022114161","","1","0","0","0","0","0","0","0","0","4","0","","02","11","2022","7","40.437974","-79.992021","","11","0","0","0","0","0","0","0","0","","0","0","0","","","0","","2","","40 26:16.706","","0","79 59:31.274","0","0","0","0","2301","0","0","0","N","0","0","0","2","02301","0","","1.0","","1","N","N","N","0","","0","0","1","","2","","","2","0","0","0","0","0","0","2","0","2","","","","N","","","","","","","","","",""
"2022119966","","1","0","0","0","0","0","0","0","0","7","0","","02","12","2022","1","40.580771","-80.060223","","11","0","0","0","0","0","0","1","0","","0","0","0","","","0","N","0","","40 34:50.775","","0","80 03:36.803","0","0","0","0","2108","0","0","0","N","0","0","0","1","02108","0","","4.0","","7","N","N","N","0","","0","0","0","","0","","","1","0","0","0","0","0","0","2","0","1","","","","N","","","","","","","","","",""
"2022120014","","2","0","0","0","0","0","0","0","0","6","0","","02","12","2022","1","40.396667","-79.992444","","11","0","0","0","0","0","0","0","0","","0","0","0","","","0","N","0","","40 23:48.000","","0","79 59:32.800","0","0","0","0","2301","0","0","0","N","0","0","0","2","02301","0","","1.0","","2","N","N","N","0","","0","0","0","","0","","","2","0","0","0","0","0","0","2","0","2","","06","","N","","","","","","","","","",""
"2022115539","","1","0","0","0","0","0","0","0","0","2","0","","02","12","2022","3","40.489448","-79.874049","","11","0","0","0","0","0","0","0","1","","0","0","0","","","1","N","0","","40 29:22.011","","7","79 52:26.575","3","0","0","0","2112","0","0","0","N","0","0","0","2","02112","0","","1.0","","99","N","N","N","0","","1","0","1","","0","N","","2","1","0","0","0","0","0","2","0","2","","98","","N","","","","","","","","","",""
"2022122423","","0","0","0","0","0","0","0","0","0","4","0","","02","12","2022","5","40.495558","-80.256239","","11","0","0","0","0","0","1","0","0","","0","0","0","","","2","","2","","40 29:44.009","","7","80 15:22.459","3","0","0","0","2203","0","0","0","N","0","0","0","3","02501","0","","1.0","","1","N","N","Y","0","","1","0","2","","0","","","2","2","0","0","0","1","0","2","0","2","","","","N","","","","","","","","","",""
"2022114118","","1","0","0","0","0","0","0","0","0","7","0","","02","12","2022","5","40.395849","-79.873568","","11","0","0","0","0","1","0","0","0","","0","0","0","","","0","N","0","","40 23:45.056","2","0","79 52:24.846","0","0","0","0","2473","0","0","0","N","0","0","0","1","02473","0","","4.0","1848.0","1","N","N","N","0","","0","0","0","","0","N","","1","0","0","0","0","0","0","2","0","1","","03","","N","","","","","","","","","",""
"2022122127","","0","0","0","0","0","0","0","0","0","4","0","","02","12","2022","3","40.343092","-80.024423","","11","0","0","0","0","0","1","0","0","","0","0","0","","","0","","2","","40 20:35.130","1","0","80 01:27.922","0","0","0","0","2407","0","0","0","N","0","0","0","2","02407","0","","1.0","1609.0","1","N","N","N","1","","0","0","1","","0","Y","","2","0","0","0","0","0","0","2","0","2","","","","N","","","","","","","","","",""
"2022116961","","2","0","0","0","0","0","0","0","0","5","0","","02","12","2022","7","40.4935","-80.051389","","11","0","0","0","0","0","0","0","0","","0","0","0","","","1","","2","","40 29:36.600","7","0","80 03:05.000","3","0","0","0","2404","0","0","0","N","0","0","0","1","02404","0","","1.0","2310.0","1","N","N","N","0","","1","0","1","","0","Y","","3","1","0","0","0","0","0","2","0","3","","","","N","","","","","","","","","",""
"2022122385","","0","0","0","0","0","0","0","0","0","2","0","","02","12","2022","6","40.460798","-80.194173","","11","0","0","0","0","0","0","0","0","","0","0","0","","","1","N","0","","40 27:38.874","5","0","80 11:39.021","3","0","0","0","2203","0","0","0","N","0","0","0","2","02203","0","","2.0","751.0","2","N","N","N","0","","1","0","2","","0","Y","","2","1","0","0","0","0","0","2","0","2","","10","","N","","","","","","","","","",""
"2022122102","","2","0","0","0","0","0","0","0","0","3","0","","02","12","2022","4","40.460703","-79.842542","","11","0","0","0","0","0","0","0","0","","0","0","0","","","1","Y","0","","40 27:38.531","","7","79 50:33.150","4","0","0","0","2113","0","0","0","N","0","0","0","2","02113","1","","1.0","","1","N","N","N","0","","0","0","0","","2","","","2","1","0","0","0","0","1","2","0","2","","","","N","","","","","","","","","",""
"2022007546","","0","0","0","0","0","0","0","0","0","7","0","","02","1","2022","7","40.611781","-79.756967","","11","0","0","1","0","0","0","0","0","","0","0","0","","","1","N","0","","40 36:42.411","","2","79 45:25.081","8","0","0","0","2464","0","0","0","Y","0","0","0","1","68D02","0","","2.0","","1","N","N","N","0","","0","0","1","","0","","","1","1","0","0","0","1","0","2","0","1","","","","N","","","","","","","","","",""
"2022117043","","1","0","0","0","0","0","0","0","0","1","0","","02","12","2022","7","40.439028","-79.762861","","11","0","0","0","0","0","1","1","0","","0","0","0","","","1","Y","0","","40 26:20.500","4","0","79 45:46.300","8","0","0","0","2446","0","0","0","N","0","0","0","2","02446","0","","1.0","1415.0","1","N","N","N","0","","0","0","1","","2","Y","","2","1","0","0","0","1","0","2","0","2","","03","","N","","","","","","","","","",""
"2022116750","","0","0","0","0","0","0","0","0","0","7","0","","02","12","2022","7","40.459028","-79.998528","","11","0","0","0","0","0","0","0","0","","0","0","0","","","0","Y","0","","40 27:32.500","","0","79 59:54.700","0","0","0","0","2301","0","0","0","N","0","0","0","2","02301","0","","2.0","","1","N","N","N","0","","0","0","0","","0","","","1","0","0","0","0","0","0","2","1","1","","","","N","","","","","","","","","",""
"2022124328","","1","0","0","0","0","0","0","0","0","5","0","","02","12","2022","4","40.444278","-79.985278","","11","0","0","0","0","0","0","0","0","","0","0","0","","","0","N","0","","40 26:39.400","4","0","79 59:07.000","0","0","0","0","2301","0","0","0","N","0","0","0","2","02301","0","","1.0","2050.0","1","N","N","N","0","","0","0","1","","0","N","","2","0","0","0","0","0","0","2","0","2","","","","N","","","","","","","","","",""
"2022122919","","0","0","0","0","0","0","0","0","0","4","0","","02","12","2022","7","40.4401","-79.996323","","11","0","0","0","0","0","1","0","0","","0","0","0","","","0","","2","","40 26:24.360","","0","79 59:46.763","0","0","0","0","2301","0","0","0","N","0","0","0","3","02301","0","","1.0","","2","N","N","N","0","","0","0","2","","2","","","2","0","0","0","0","0","0","2","0","2","","08","","N","","","","","","","","","",""
"2022123277","","1","0","0","0","0","0","0","0","0","2","0","","02","12","2022","2","40.547778","-80.083889","","11","0","0","0","0","0","0","0","0","","0","0","0","","","0","N","0","","40 32:52.000","","0","80 05:02.000","0","0","0","0","2215","0","0","0","Y","0","0","0","4","02215","0","","1.0","","2","N","N","N","0","","0","0","1","","0","","","2","0","0","0","0","0","0","2","0","2","","","","N","","","","","","","","","",""
"2022122457","","2","0","0","0","0","0","0","0","0","4","0","","02","12","2022","5","40.462127","-79.926823","","11","0","0","0","0","0","0","0","0","","0","0","0","","","1","","1","","40 27:43.657","","0","79 55:36.563","8","0","0","0","2301","0","0","0","N","0","0","0","2","02301","0","","1.0","","1","N","N","N","0","","0","0","0","","3","N","","2","1","0","0","0","1","0","2","0","2","","98","","N","","","","","","","","","",""
"2022122834","","1","0","0","0","0","0","0","0","0","1","0","","02","12","2022","7","40.410411","-80.082076","","11","0","0","0","0","0","1","0","0","","0","0","0","","","1","Y","0","","40 24:37.478","","0","80 04:55.473","8","0","0","0","2415","0","0","0","N","0","0","0","3","02415","0","","1.0","","1","N","N","N","0","","0","0","1","","0","","","2","1","0","0","0","1","0","2","0","2","","","","N","","","","","","","","","",""
"2022122672","","0","0","0","0","0","0","0","0","0","98","0","","02","12","2022","6","40.435384","-79.946574","","11","0","0","0","0","0","0","0","0","","0","0","0","","","0","N","0","","40 26:07.382","","0","79 56:47.666","0","0","0","0","2301","0","0","0","N","0","0","0","1","02301","0","","1.0","","7","N","N","N","0","","0","0","1","","0","","","1","0","0","0","0","0","0","2","0","1","","10","","N","","","","","","","","","",""
"2022123282","","0","0","0","0","0","0","0","0","0","7","0","","02","12","2022","3","40.461209","-79.922347","","11","0","0","0","0","0","0","0","0","","0","0","0","","","0","","2","","40 27:40.352","","0","79 55:20.450","0","0","0","0","2301","0","0","0","N","0","0","0","2","02301","0","","4.0","","1","N","N","N","0","","0","0","1","","1","","","1","0","0","0","0","0","0","2","0","1","","03","","N","","","","","","","","","",""
"2022125129","","2","0","0","0","0","0","0","0","0","4","0","","02","12","2022","7","40.433001","-80.029206","","11","0","0","0","0","0","0","0","0","","0","0","0","","","0","N","1","","40 25:58.804","","0","80 01:45.141","0","0","0","0","2301","0","0","0","N","0","0","0","2","02301","0","","1.0","","9","N","N","N","0","","0","0","0","","3","","","2","0","0","0","0","0","0","2","0","2","","","","N","","","","","","","","","",""
"2022116708","","1","0","0","0","0","0","0","0","0","7","0","","02","12","2022","7","40.458472","-80.171694","","11","0","0","0","0","0","0","0","0","","0","0","0","","","1","Y","0","","40 27:30.500","2","0","80 10:18.100","3","0","0","0","2115","0","0","0","N","0","0","0","1","02115","0","","2.0","105.0","1","N","N","N","0","","1","0","0","","2","N","","1","1","0","0","0","0","0","2","0","1","","","","N","","","","","","","","","",""
"2022122644","","1","0","0","0","0","0","0","0","0","4","0","","02","12","2022","5","40.363038","-79.98488","","11","0","0","0","0","0","0","1","1","","0","0","0","","","1","","2","","40 21:46.936","5","7","79 59:05.567","8","0","0","0","2413","0","0","0","N","0","0","0","3","02413","0","","1.0","1841.0","9","N","N","N","0","","0","0","1","","3","N","","2","1","0","0","0","1","0","2","0","2","","","","N","","","","","","","","","",""
"2022123109","","0","0","0","0","0","0","0","0","0","7","0","","02","12","2022","6","40.575008","-79.786878","","11","0","0","0","0","0","0","1","0","","0","0","0","","","0","N","0","","40 34:30.030","","0","79 47:12.760","0","0","0","0","2104","0","0","0","Y","0","0","0","2","68D02","0","","3.0","","2","N","N","N","1","","0","0","0","","0","","","1","0","0","0","0","0","0","2","0","1","","","","N","","","","","","","","","",""
"2022124565","","2","0","0","0","0","0","0","0","0","4","0","","02","12","2022","5","40.557094","-79.973434","","11","0","0","0","0","0","1","0","0","","0","0","0","","","0","","2","","40 33:25.540","1","0","79 58:24.364","0","0","0","0","2207","0","0","0","N","0","0","0","4","02207","0","","1.0","1400.0","1","N","N","N","0","","0","0","0","","3","N","","2","0","0","0","0","0","0","2","0","2","","03","","N","","","","","","","","","",""
"2022102099","","1","0","0","0","0","0","0","0","0","7","0","","02","10","2022","5","40.461533","-80.031753","","11","0","0","0","0","0","1","0","0","","0","0","0","","","0","N","0","","40 27:41.520","","1","80 01:54.311","0","0","0","0","2301","0","0","0","N","0","0","0","1","02301","0","","3.0","","1","N","N","N","0","","0","0","0","","0","","","1","0","0","0","0","0","0","2","0","1","","03","","N","","","","","","","","","",""
"2022117322","","1","0","0","0","0","0","0","0","0","7","0","","02","12","2022","7","40.477222","-79.968639","","11","0","0","0","0","0","0","0","0","","0","0","0","","","0","N","0","","40 28:38.000","1","0","79 58:07.100","0","0","0","0","2118","0","0","0","N","0","0","0","1","02118","0","","1.0","241.0","9","N","N","Y","1","","0","0","0","","0","N","","2","0","0","0","0","0","0","2","0","2","","","","N","","","","","","","","","",""
"2022125139","","1","0","0","0","0","0","0","0","0","4","0","","02","12","2022","7","40.396839","-80.030297","","11","0","0","0","0","0","0","0","0","","0","0","0","","","2","N","2","","40 23:48.619","2","0","80 01:49.069","3","0","0","0","2301","0","0","0","N","0","0","0","2","02301","0","","1.0","1031.0","9","N","N","N","1","","2","0","0","","3","Y","","2","2","0","0","0","0","0","2","0","2","","04","","N","","","","","","","","","",""
"2022121923","","0","0","0","0","0","0","0","0","0","7","0","","02","12","2022","4","40.490721","-80.010051","","11","0","0","0","0","1","0","0","0","","0","0","0","","","0","N","0","","40 29:26.596","2","0","80 00:36.183","0","0","0","0","2301","0","0","0","N","0","0","0","1","68B03","0","","3.0","200.0","1","N","N","N","0","","0","0","1","","0","N","","1","0","0","0","0","0","0","2","0","1","","03","","N","","","","","","","","","",""
"2022079851","","2","0","0","0","0","0","0","0","0","1","0","","02","8","2022","4","40.606877","-79.753096","","11","0","0","0","0","0","1","0","0","","0","0","0","","","0","","1","","40 36:24.757","","0","79 45:11.147","0","0","0","0","2464","0","0","0","N","0","0","0","2","02464","0","","1.0","","1","N","N","N","0","","0","0","0","","0","","","2","0","0","0","0","0","0","2","0","2","","","","N","","","","","","","","","",""
"2022120200","","2","0","0","0","0","0","0","0","0","1","0","","02","12","2022","1","40.385828","-79.991982","","11","0","0","0","0","0","1","0","0","","0","0","0","","","0","","3","","40 23:08.982","","0","79 59:31.135","0","0","0","0","2301","0","0","0","N","0","0","0","3","02301","0","","1.0","","2","N","N","N","0","","0","0","1","","0","","","3","0","0","0","0","0","0","2","0","3","","10","","N","","","","","","","","","",""
"2022119152","","1","0","0","0","0","0","0","0","0","1","0","","02","11","2022","7","40.642847","-80.096891","","11","0","0","0","1","0","0","0","0","","0","0","0","","","0","N","0","","40 38:34.248","1","0","80 05:48.809","0","0","0","0","2212","0","0","0","N","0","0","0","3","68B03","0","","1.0","1400.0","1","N","N","N","0","","0","0","1","","0","N","","2","0","0","0","0","0","0","2","0","2","","03","","N","","","","","","","","","",""
"2022120907","","1","0","0","0","0","0","0","0","0","98","0","","02","12","2022","2","40.397538","-80.253607","","11","0","0","0","0","0","0","0","0","","0","0","0","","","0","N","0","","40 23:51.137","","0","80 15:12.984","0","0","0","0","2214","0","0","0","N","0","0","0","1","02214","0","","1.0","","1","N","N","N","0","","0","0","0","","0","","","1","0","0","0","0","0","0","1","0","1","","","","N","","","","","","","","","",""
"2022122438","","1","0","0","0","0","0","0","0","0","7","0","","02","12","2022","6","40.421439","-79.985399","","11","0","0","0","1","0","0","0","0","","0","0","0","","","0","","11","","40 25:17.181","7","0","79 59:07.437","0","0","0","0","2301","0","0","0","Y","0","0","0","1","02301","0","","4.0","1204.0","2","N","N","N","0","","0","0","0","","0","N","","1","0","0","0","0","0","0","2","0","1","","10","","N","","","","","","","","","",""
"2022122270","","0","0","0","0","0","0","0","0","0","7","0","","02","12","2022","6","40.42166","-79.997414","","11","0","0","0","0","0","0","0","0","","0","0","0","","","0","","1","","40 25:17.975","4","0","79 59:50.691","9","0","0","0","2301","0","0","0","N","0","0","0","1","02301","0","","4.0","350.0","9","N","N","N","0","","0","0","1","","2","N","","1","0","0","0","0","0","1","2","0","1","","","","N","","","","","","","","","",""
"2022119818","","1","0","0","0","0","0","0","0","0","4","0","","02","12","2022","7","40.339806","-79.95325","","11","0","0","0","0","0","0","0","0","","0","0","0","","","0","N","0","","40 20:23.300","2","7","79 57:11.700","0","0","0","0","2473","0","0","0","N","0","0","0","5","02473","0","","1.0","1538.0","1","N","N","N","0","","0","0","0","","0","N","","2","0","0","0","0","0","0","2","1","2","","03","","N","","","","","","","","","",""
"2022123337","","1","0","0","0","0","0","0","0","0","4","0","","02","12","2022","4","40.347441","-79.950566","","11","0","0","0","0","0","0","0","1","","0","0","0","","","1","","2","","40 20:50.787","","7","79 57:02.039","3","0","0","0","2473","0","0","0","N","0","0","0","3","02473","0","","1.0","","1","N","N","N","0","","1","0","1","","0","","","2","1","0","0","0","0","0","2","0","2","","03","","N","","","","","","","","","",""
"2022124901","","0","0","0","0","0","0","0","0","0","7","0","","02","12","2022","5","40.356995","-79.820828","","11","0","0","0","0","0","0","0","0","","0","0","0","","","0","","1","","40 21:25.183","","0","79 49:14.979","0","0","0","0","2477","0","0","0","N","0","0","0","2","02477","0","","4.0","","1","N","N","N","0","","0","0","0","","0","","","1","0","0","0","0","0","0","2","1","1","","","","N","","","","","","","","","",""
"2022112942","","2","0","0","0","0","0","0","0","0","4","0","","02","11","2022","2","40.544011","-79.972352","","11","0","0","0","0","1","0","0","1","","0","0","0","","","0","","1","","40 32:38.441","1","0","79 58:20.467","0","0","0","0","2118","0","0","0","N","0","0","0","2","02118","0","","1.0","1132.0","9","N","N","N","0","","0","0","0","","3","N","","2","0","0","0","0","0","0","2","0","2","","07","","N","","","","","","","","","",""
"2022100538","","2","0","0","0","0","0","0","0","0","4","0","","02","10","2022","7","40.458519","-79.891089","","11","0","0","0","0","0","0","0","1","","0","0","0","","","0","","1","","40 27:30.668","","0","79 53:27.919","0","0","0","0","2301","0","0","0","N","0","0","0","2","02301","0","","1.0","","1","N","N","N","0","","0","0","0","","3","","","2","0","0","0","0","0","0","2","0","2","","03","","N","","","","","","","","","",""
"2022121719","","0","0","0","0","0","0","0","0","0","1","0","","02","12","2022","3","40.548108","-80.018169","","11","0","0","0","0","0","1","1","0","","0","0","0","","","0","N","0","","40 32:53.189","","0","80 01:05.409","0","0","0","0","2116","0","0","0","N","0","0","0","4","02116","0","","1.0","","1","N","N","N","0","","0","0","3","","2","","","3","0","0","0","0","0","0","2","0","3","","03","","N","","","","","","","","","",""
"2022112446","","1","0","0","0","0","0","0","0","0","7","0","","02","11","2022","2","40.425637","-79.814625","","11","0","0","0","0","0","0","0","0","","0","0","0","","","0","N","0","","40 25:32.294","5","0","79 48:52.650","0","0","0","0","2124","0","0","0","N","0","0","0","1","02124","0","","2.0","1530.0","1","N","N","N","0","","0","0","0","","0","N","","1","0","0","0","0","0","0","2","0","1","","","","N","","","","","","","","","",""
"2022124365","","1","0","0","0","0","0","0","0","0","7","0","","02","12","2022","4","40.412722","-79.939889","","11","0","0","0","0","0","0","0","0","","0","0","0","","","0","N","0","","40 24:45.800","","0","79 56:23.600","0","0","0","0","2301","0","0","0","N","0","0","0","1","02301","0","","5.0","","9","N","N","N","0","","0","0","1","","0","","","2","0","1","0","0","0","0","2","0","2","","03","","N","","","","","","","","","",""