"CRN","ARRIVAL_TM","AUTOMOBILE_COUNT","BELTED_DEATH_COUNT","BELTED_SUSP_SERIOUS_INJ_COUNT","BICYCLE_COUNT","BICYCLE_DEATH_COUNT","BICYCLE_SUSP_SERIOUS_INJ_COUNT","BUS_COUNT","CHLDPAS_DEATH_COUNT","CHLDPAS_SUSP_SERIOUS_INJ_COUNT","COLLISION_TYPE","COMM_VEH_COUNT","CONS_ZONE_SPD_LIM","COUNTY","CRASH_MONTH","CRASH_YEAR","DAY_OF_WEEK","DEC_LATITUDE","DEC_LONGITUDE","DISPATCH_TM","DISTRICT","DRIVER_COUNT_16YR","DRIVER_COUNT_17YR","DRIVER_COUNT_18YR","DRIVER_COUNT_19YR","DRIVER_COUNT_20YR","DRIVER_COUNT_50_64YR","DRIVER_COUNT_65_74YR","DRIVER_COUNT_75PLUS","EST_HRS_CLOSED","FATAL_COUNT","HEAVY_TRUCK_COUNT","HORSE_BUGGY_COUNT","HOUR_OF_DAY","ILLUMINATION","INJURY_COUNT","INTERSECTION_RELATED","INTERSECT_TYPE","LANE_CLOSED","LATITUDE","LN_CLOSE_DIR","LOCATION_TYPE","LONGITUDE","MAX_SEVERITY_LEVEL","MCYCLE_DEATH_COUNT","MCYCLE_SUSP_SERIOUS_INJ_COUNT","MOTORCYCLE_COUNT","MUNICIPALITY","NONMOTR_COUNT","NONMOTR_DEATH_COUNT","NONMOTR_SUSP_SERIOUS_INJ_COUNT","NTFY_HIWY_MAINT","PED_COUNT","PED_DEATH_COUNT","PED_SUSP_SERIOUS_INJ_COUNT","PERSON_COUNT","POLICE_AGCY","POSSIBLE_INJ_COUNT","RDWY_SURF_TYPE_CD","RELATION_TO_ROAD","ROADWAY_CLEARED","ROAD_CONDITION","SCH_BUS_IND","SCH_ZONE_IND","SECONDARY_CRASH","SMALL_TRUCK_COUNT","SPEC_JURIS_CD","SUSP_MINOR_INJ_COUNT","SUSP_SERIOUS_INJ_COUNT","SUV_COUNT","TCD_FUNC_CD","TCD_TYPE","TFC_DETOUR_IND","TIME_OF_DAY","TOTAL_UNITS","TOT_INJ_COUNT","UNBELTED_OCC_COUNT","UNB_DEATH_COUNT","UNB_SUSP_SERIOUS_INJ_COUNT","UNK_INJ_DEG_COUNT","UNK_INJ_PER_COUNT","URBAN_RURAL","VAN_COUNT","VEHICLE_COUNT","WEATHER1","WEATHER2","WORKERS_PRES","WORK_ZONE_IND","WORK_ZONE_LOC","WORK_ZONE_TYPE","WZ_CLOSE_DETOUR","WZ_FLAGGER","WZ_LAW_OFFCR_IND","WZ_LN_CLOSURE","WZ_MOVING","WZ_OTHER","WZ_SHLDER_MDN","WZ_WORKERS_INJ_KILLED"
"2022125185","","0","0","0","0","0","0","0","0","0","7","0","","02","12","2022","7","40.443298","-80.038331","","11","0","0","0","0","0","0","0","0","","0","0","0","","","0","N","0","","40 26:35.874","","0","80 02:17.993","0","0","0","0","2301","0","0","0","N","0","0","0","1","02301","0","","4.0","","9","N","N","N","0","","0","0","1","","0","","","1","0","0","0","0","0","0","2","0","1","","04","","N","","","","","","","","","",""
"2022100974","","1","0","0","0","0","0","0","0","0","98","0","","02","10","2022","1","40.481367","-79.882055","","11","0","0","0","0","0","0","0","0","","0","0","0","","","0","N","0","","40 28:52.920","","0","79 52:55.399","0","0","0","0","2113","0","0","0","N","0","0","0","2","02113","0","","1.0","","1","N","N","N","0","","0","0","0","","0","","","1","0","0","0","0","0","0","2","0","1","","","","N","","","","","","","","","",""
"2022101466","","2","0","0","0","0","0","0","0","0","1","0","","02","10","2022","6","40.667159","-80.089488","","11","0","0","0","0","0","1","0","0","","0","0","0","","","1","","2","","40 40:01.773","","0","80 05:22.156","4","0","0","0","2212","0","0","0","N","0","0","0","3","02505","1","","1.0","","1","N","N","N","0","","0","0","0","","0","","","2","1","0","0","0","0","0","2","0","2","","","","N","","","","","","","","","",""
"2022088969","","1","0","0","0","0","0","0","0","0","2","0","","02","9","2022","3","40.437193","-79.998741","","11","0","0","0","0","0","1","1","0","","0","0","0","","","0","","1","","40 26:13.895","","0","79 59:55.468","0","0","0","0","2301","0","0","0","N","0","0","0","2","02301","0","","1.0","","1","N","N","N","0","","0","0","1","","0","","","2","0","0","0","0","0","0","2","0","2","","","","N","","","","","","","","","",""
"2022097339","","1","0","0","0","0","0","0","0","0","4","0","","02","10","2022","5","40.461435","-79.863046","","11","0","0","0","0","0","0","1","0","","0","0","0","","","0","","1","","40 27:41.167","4","0","79 51:46.965","0","0","0","0","2113","0","0","0","N","0","0","0","2","02113","0","","1.0","1849.0","1","N","N","Y","1","","0","0","0","","2","N","","2","0","0","0","0","0","0","2","0","2","","03","","N","","","","","","","","","",""
"2022100476","","2","0","0","0","0","0","0","0","0","1","0","","02","10","2022","7","40.472498","-79.972778","","11","0","0","0","0","0","0","0","0","","0","0","0","","","0","N","0","","40 28:20.994","","0","79 58:21.999","0","0","0","0","2445","0","0","0","N","0","0","0","2","02445","0","","1.0","","1","N","N","N","0","","0","0","0","","0","","","2","0","0","0","0","0","0","2","0","2","","03","","N","","","","","","","","","",""
"2022099871","","1","0","0","0","0","0","0","0","0","1","0","","02","10","2022","5","40.483882","-79.81361","","11","0","0","0","0","0","0","0","0","","0","0","0","","","0","N","0","","40 29:01.975","","0","79 48:48.996","9","0","0","0","2113","0","0","0","N","0","0","0","2","02113","0","","1.0","","1","N","N","N","0","","0","0","1","","0","","","2","0","0","0","0","0","1","2","0","2","","03","","N","","","","","","","","","",""
"2022098163","","1","0","0","0","0","0","0","0","0","1","0","","02","10","2022","7","40.600555","-79.947324","","11","0","0","0","0","0","1","1","0","","0","0","0","","","1","","2","","40 36:01.997","","0","79 56:50.366","3","0","0","0","2207","0","0","0","N","0","0","0","3","02207","0","","1.0","","1","N","N","N","0","","1","0","2","","0","","","3","1","0","0","0","0","0","2","0","3","","03","","N","","","","","","","","","",""
"2022125159","","2","0","0","0","0","0","0","0","0","4","0","","02","12","2022","7","40.455644","-79.844438","","11","0","0","1","0","1","0","0","0","","0","0","0","","","0","","2","","40 27:20.318","","0","79 50:39.977","0","0","0","0","2113","0","0","0","N","0","0","0","2","02113","0","","1.0","","9","N","N","N","0","","0","0","0","","0","","","2","0","1","0","0","0","0","2","0","2","","07","","N","","","","","","","","","",""
"2022100643","","1","0","0","0","0","0","0","0","0","3","0","","02","10","2022","7","40.402722","-80.002444","","11","0","0","0","0","0","0","0","0","","0","0","0","","","2","N","0","","40 24:09.800","","7","80 00:08.800","3","0","0","0","2301","0","0","0","N","0","0","0","3","02301","0","","1.0","","1","N","N","N","0","","2","0","0","","0","","","2","2","0","0","0","0","0","2","1","2","","03","","N","","","","","","","","","",""
"2022086687","","1","0","0","0","0","0","0","0","0","4","0","","02","9","2022","3","40.443142","-80.057885","","11","0","0","0","0","0","0","0","0","","0","0","0","","","2","","1","","40 26:35.311","7","0","80 03:28.386","3","0","0","0","2301","0","0","0","N","0","0","0","2","02301","0","","1.0","1348.0","1","N","N","N","0","","2","0","1","","3","N","","2","2","1","0","0","0","0","2","0","2","","03","","N","","","","","","","","","",""
"2022099040","","1","0","0","0","0","0","0","0","0","1","0","","02","10","2022","3","40.49819","-80.070224","","11","0","0","0","0","0","0","0","0","","0","0","0","","","1","N","0","","40 29:53.484","6","7","80 04:12.806","8","0","0","0","2402","0","0","0","N","0","0","0","2","02402","0","","1.0","1558.0","1","N","N","N","0","","0","0","1","","0","N","","2","1","0","0","0","1","0","2","0","2","","","","N","","","","","","","","","",""
"2022124759","","1","0","0","0","0","0","0","0","0","7","0","","02","12","2022","6","40.470629","-80.036968","","11","0","0","0","0","0","1","0","0","","0","0","0","","","0","N","0","","40 28:14.265","","0","80 02:13.086","0","0","0","0","2301","0","0","0","N","0","0","0","1","02301","0","","2.0","","1","N","N","N","0","","0","0","0","","0","N","","1","0","0","0","0","0","0","2","0","1","","03","","N","","","","","","","","","",""
"2022124612","","2","0","0","0","0","0","0","0","0","4","0","","02","12","2022","5","40.426833","-80.022135","","11","0","0","1","0","0","0","0","0","","0","0","0","","","0","N","0","","40 25:36.597","","7","80 01:19.687","0","0","0","0","2301","0","0","0","N","0","0","0","4","02301","0","","1.0","","1","N","N","N","0","","0","0","0","","0","","","2","0","0","0","0","0","0","2","0","2","","03","","N","","","","","","","","","",""
"2022100858","","1","0","0","0","0","0","0","0","0","0","0","","02","10","2022","1","40.43583","-80.035874","","11","0","0","0","0","0","0","0","0","","0","0","0","","","1","N","0","","40 26:08.989","7","0","80 02:09.145","3","0","0","0","2301","0","0","0","N","0","0","0","1","02301","0","","1.0","52.0","1","N","N","N","0","","1","0","0","","0","Y","","1","1","0","0","0","0","0","2","0","1","","03","","N","","","","","","","","","",""
"2022120461","","0","0","0","0","0","0","0","0","0","7","0","","02","12","2022","1","40.453923","-80.06535","","11","0","0","0","0","0","0","0","0","","0","0","0","","","0","","3","","40 27:14.122","","0","80 03:55.261","0","0","0","0","2301","0","0","0","N","0","0","0","1","68B03","0","","4.0","","2","N","N","N","0","","0","0","1","","0","","","1","0","0","0","0","0","0","2","0","1","","06","","N","","","","","","","","","",""
"2022097247","","1","0","0","0","0","0","0","0","0","7","0","","02","10","2022","5","40.385473","-80.212499","","11","0","0","0","0","0","0","0","1","","0","0","0","","","1","N","0","","40 23:07.703","","0","80 12:44.997","8","0","0","0","2214","0","0","0","N","0","0","0","1","02214","0","","4.0","","1","N","N","N","0","","0","0","0","","0","","","1","1","0","0","0","1","0","2","0","1","","","","N","","","","","","","","","",""
"2022097658","","0","0","0","0","0","0","0","0","0","1","0","","02","10","2022","5","40.346107","-80.057318","","11","0","0","0","0","0","0","0","0","","0","0","0","","","0","Y","0","","40 20:45.985","3","0","80 03:26.345","0","0","0","0","2123","0","0","0","N","0","0","0","2","02123","0","","1.0","1632.0","1","N","N","N","0","","0","0","2","","2","N","","2","0","0","0","0","0","0","2","0","2","","","","N","","","","","","","","","",""
"2022125136","","0","0","0","0","0","0","0","0","0","7","0","","02","12","2022","6","40.63938","-79.958936","","11","0","0","0","0","0","0","0","0","","0","0","0","","","0","N","0","","40 38:21.769","4","0","79 57:32.170","0","0","0","0","2217","0","0","0","N","0","0","0","1","02505","0","","5.0","829.0","7","N","N","N","0","","0","0","1","","0","N","","1","0","0","0","0","0","0","2","0","1","","02","","N","","","","","","","","","",""
"2022098453","","2","0","0","0","0","0","0","0","0","5","0","","02","10","2022","2","40.429831","-79.98415","","11","0","0","0","0","0","0","0","0","","0","0","0","","","0","N","0","","40 25:47.390","2","0","79 59:02.940","9","0","0","0","2301","0","0","0","N","0","0","0","1","02301","0","","6.0","500.0","1","N","N","N","0","","0","0","0","","0","N","","2","0","0","0","0","0","1","2","0","2","","03","","N","","","","","","","","","",""
"2022104030","","0","0","0","0","0","0","0","0","0","1","0","","02","10","2022","6","40.401056","-80.088222","","11","0","0","0","0","0","0","0","0","","0","0","0","","","0","N","0","","40 24:03.800","1","0","80 05:17.600","0","0","0","0","2117","0","0","0","N","0","0","0","1","02117","0","","6.0","29.0","1","N","N","N","0","","0","0","3","","0","Y","","3","0","0","0","0","0","0","2","0","3","","03","","N","","","","","","","","","",""
"2022098162","","2","0","0","0","0","0","0","0","0","4","0","","02","10","2022","1","40.352708","-79.825752","","11","0","1","0","0","0","0","0","1","","0","0","0","","","2","","1","","40 21:09.750","6","0","79 49:32.708","3","0","0","0","2477","0","0","0","N","0","0","0","4","02477","0","","1.0","1120.0","1","N","N","N","0","","2","0","0","","3","N","","2","2","0","0","0","0","0","2","0","2","","","","N","","","","","","","","","",""
"2022098332","","0","0","0","0","0","0","0","0","0","4","0","","02","10","2022","1","40.369389","-80.101466","","11","0","0","0","0","0","0","1","0","","0","0","0","","","0","","2","","40 22:09.800","2","7","80 06:05.277","0","0","0","0","2102","0","0","0","N","0","0","0","2","02102","0","","1.0","1212.0","1","N","N","N","0","","0","0","2","","0","Y","","2","0","1","0","0","0","0","2","0","2","","03","","N","","","","","","","","","",""
"2022122666","","0","0","0","0","0","0","0","0","0","2","0","","02","12","2022","6","40.619186","-80.077971","","11","0","0","0","0","0","0","1","0","","0","0","0","","","0","","1","","40 37:09.071","4","0","80 04:40.697","0","0","0","0","2212","0","0","0","N","0","0","0","2","02505","0","","1.0","1701.0","7","N","N","N","0","","0","0","2","","2","Y","","2","0","0","0","0","0","0","2","0","2","","","","N","","","","","","","","","",""
"2022107251","","2","0","0","0","0","0","0","0","0","4","0","","02","11","2022","3","40.605314","-79.755739","","11","0","0","0","0","0","0","0","0","","0","0","0","","","1","N","0","","40 36:19.130","5","7","79 45:20.662","8","0","0","0","2464","0","0","0","N","0","0","0","2","02464","0","","1.0","30.0","9","N","N","N","0","","0","0","0","","0","Y","","2","1","0","0","0","1","0","2","0","2","","02","","N","","","","","","","","","",""
"2022097999","","1","0","0","0","0","0","0","0","0","4","0","","02","10","2022","7","40.441669","-80.021548","","11","0","0","0","0","0","1","0","0","","0","0","0","","","1","N","0","","40 26:30.007","","7","80 01:17.574","2","0","0","0","2301","0","0","0","N","0","0","0","7","02301","0","","1.0","","1","N","N","N","1","","0","1","0","","0","","","3","1","0","0","0","0","0","2","1","3","","","","N","","","","","","","","","",""
"2022092139","","2","0","0","0","0","0","0","0","0","4","0","","02","9","2022","4","40.443917","-79.713565","","11","0","0","0","0","0","0","0","1","","0","0","0","","","1","N","0","","40 26:38.102","","7","79 42:48.834","4","0","0","0","2446","0","0","0","N","0","0","0","4","02446","1","","1.0","","1","N","N","N","0","","0","0","0","","0","","","2","1","0","0","0","0","0","2","0","2","","03","","N","","","","","","","","","",""
"2022123200","","1","0","0","0","0","0","0","0","0","7","0","","02","12","2022","1","40.455405","-79.923272","","11","0","0","0","0","0","1","0","0","","0","0","0","","","0","N","0","","40 27:19.459","","0","79 55:23.779","9","0","0","0","2301","0","0","0","N","0","0","0","1","02301","0","","5.0","","2","N","N","N","0","","0","0","0","","0","","","1","0","0","0","0","0","1","2","0","1","","98","","N","","","","","","","","","",""
"2022089198","","0","0","0","0","0","0","0","0","0","1","0","","02","9","2022","3","40.562802","-79.79966","","11","0","0","0","0","0","1","0","0","","0","0","0","","","1","N","0","","40 33:46.088","1","0","79 47:58.776","8","0","0","0","2206","0","0","0","N","0","0","0","3","68D02","0","","1.0","1630.0","1","N","N","N","2","","0","0","0","","0","N","","3","1","0","0","0","1","0","2","1","3","","","","N","","","","","","","","","",""
"2022125153","","1","0","0","0","0","0","0","0","0","2","0","","02","12","2022","6","40.477724","-79.759194","","11","0","0","0","0","0","1","0","0","","0","0","0","","","3","","1","","40 28:39.807","7","0","79 45:33.100","3","0","0","0","2466","0","0","0","N","0","0","0","3","02466","0","","1.0","2113.0","9","N","N","N","1","","1","0","0","","3","N","","2","3","0","0","0","2","0","2","0","2","","03","","N","","","","","","","","","",""
"2022122868","","1","0","3","0","0","0","0","0","0","2","0","","02","12","2022","6","40.417322","-79.75823","","11","0","0","0","0","0","0","0","0","","0","0","0","","","3","N","0","","40 25:02.360","5","0","79 45:29.629","2","0","0","0","2446","0","0","0","N","0","0","0","4","02446","0","","1.0","1955.0","9","N","N","N","1","","0","3","0","","0","N","","2","3","0","0","0","0","0","2","0","2","","02","","N","","","","","","","","","",""
"2022088929","","1","0","0","0","0","0","0","0","0","1","0","","02","9","2022","3","40.440444","-80.080449","","11","0","0","0","0","0","0","2","0","","0","0","0","","","1","N","3","","40 26:25.597","","0","80 04:49.616","4","0","0","0","2301","0","0","0","N","0","0","0","3","02301","1","","1.0","","1","N","N","N","0","","0","0","1","","0","","","2","1","0","0","0","0","0","2","0","2","","03","","N","","","","","","","","","",""
"2022121604","","0","0","0","0","0","0","1","0","0","4","1","","02","12","2022","4","40.45725","-79.934083","","11","0","0","0","0","0","0","0","0","","0","0","0","","","3","N","1","","40 27:26.100","","0","79 56:02.700","3","0","0","0","2301","0","0","0","N","0","0","0","5","02503","2","","1.0","","1","N","N","N","1","","1","0","0","","0","","","2","3","0","0","0","0","0","2","0","2","","03","","N","","","","","","","","","",""
"2022124350","","1","0","0","0","0","0","0","0","0","1","0","","02","12","2022","1","40.434505","-79.989823","","11","0","0","0","0","0","0","0","0","","0","0","0","","","0","","1","","40 26:04.219","1","4","79 59:23.362","0","0","0","0","2301","0","0","0","N","0","0","0","4","02301","0","","1.0","342.0","1","N","N","N","1","","0","0","0","","2","Y","","2","0","0","0","0","0","0","2","0","2","","03","","N","","","","","","","","","",""
"2022088902","","0","0","0","0","0","0","0","0","0","7","0","","02","9","2022","2","40.423278","-80.242778","","11","0","0","0","0","0","0","0","0","","0","0","0","","","0","N","0","","40 25:23.800","","0","80 14:34.000","0","0","0","0","2214","0","0","0","N","0","0","0","1","02214","0","","5.0","","1","N","N","N","0","","0","0","1","","0","N","","1","0","0","0","0","0","0","2","0","1","","","","N","","","","","","","","","",""
"2022099201","","0","0","0","0","0","0","0","0","0","98","0","","02","10","2022","3","40.2736","-79.900028","","11","0","0","0","0","0","0","0","0","","0","0","0","","","1","N","0","","40 16:24.961","2","0","79 54:00.100","3","0","0","1","2440","0","0","0","N","0","0","0","1","02440","0","","1.0","2046.0","1","N","N","N","0","","1","0","0","","0","N","","1","1","0","0","0","0","0","2","0","1","","","","N","","","","","","","","","",""
"2022123154","","2","0","0","0","0","0","0","0","0","4","0","","02","12","2022","1","40.402837","-79.916849","","11","0","0","0","0","0","0","0","0","","0","0","0","","","0","N","0","","40 24:10.213","3","0","79 55:00.655","9","0","0","0","2438","0","0","0","N","0","0","0","1","02438","0","","6.0","2345.0","1","N","N","N","0","","0","0","1","","0","Y","","3","0","0","0","0","0","1","2","0","3","","03","","N","","","","","","","","","",""
"2022097271","","0","0","0","0","0","0","0","0","0","1","0","","02","10","2022","5","40.407299","-79.943333","","11","0","0","0","0","0","0","0","0","","0","0","0","","","1","N","0","","40 24:26.275","","0","79 56:35.997","4","0","0","0","2301","0","0","0","N","0","0","0","2","02301","1","","1.0","","1","N","N","N","0","","0","0","2","","0","","","2","1","0","0","0","0","0","2","0","2","","03","","N","","","","","","","","","",""
"2022096882","","1","0","0","0","0","0","0","0","0","7","0","","02","10","2022","3","40.316586","-80.087072","","11","0","0","0","0","0","0","0","0","","0","0","0","","","1","N","0","","40 18:59.710","","0","80 05:13.460","3","0","0","0","2123","0","0","0","N","0","0","0","1","02123","0","","4.0","","9","N","N","N","0","","1","0","0","","0","","","1","1","0","0","0","0","0","2","0","1","","","","N","","","","","","","","","",""
"2022091434","","0","0","0","0","0","0","0","0","0","7","0","","02","9","2022","1","40.443806","-80.003972","","11","0","0","0","0","0","0","0","0","","0","0","0","","","0","N","0","","40 26:37.700","","0","80 00:14.300","0","0","0","0","2301","0","0","0","N","0","0","0","1","02301","0","","2.0","","1","N","N","N","0","","0","0","1","","0","","","1","0","0","0","0","0","0","2","0","1","","","","N","","","","","","","","","",""
"2022089275","","1","0","0","0","0","0","0","0","0","7","0","","02","9","2022","3","40.506121","-79.812984","","11","0","0","0","0","0","0","0","0","","0","0","0","","","1","N","0","","40 30:22.036","5","0","79 48:46.742","8","0","0","0","2113","0","0","0","N","0","0","0","1","02113","0","","5.0","1617.0","1","N","N","N","0","","0","0","0","","0","N","","1","1","1","0","0","1","0","2","0","1","","04","","N","","","","","","","","","",""
"2022114247","","0","0","0","0","0","0","0","0","0","7","1","","02","11","2022","6","40.394834","-79.776886","","11","0","0","0","0","0","0","0","0","","0","1","0","","","0","N","0","","40 23:41.403","","0","79 46:36.791","0","0","0","0","2111","0","0","0","N","0","0","0","1","02111","0","","4.0","","1","N","N","N","1","","0","0","0","","0","N","","2","0","0","0","0","0","0","2","0","2","","03","","N","","","","","","","","","",""
"2022124143","","0","0","0","0","0","0","0","0","0","5","0","","02","12","2022","4","40.340399","-79.967206","","11","0","0","0","0","0","0","0","0","","0","0","0","","","0","N","0","","40 20:25.438","","0","79 58:01.943","0","0","0","0","2454","0","0","0","N","0","0","0","2","02454","0","","1.0","","1","N","N","N","1","","0","0","1","","0","","","2","0","0","0","0","0","0","2","0","2","","03","","N","","","","","","","","","",""
"2022090550","","0","0","0","0","0","0","0","0","0","7","0","","02","9","2022","7","40.527894","-80.071193","","11","0","0","0","0","0","0","0","0","","0","0","0","","","0","N","0","","40 31:40.417","","0","80 04:16.293","0","0","0","1","2215","0","0","0","N","0","0","0","1","02215","0","","4.0","","1","N","N","N","0","","0","0","0","","0","","","1","0","0","0","0","0","0","2","0","1","","03","","N","","","","","","","","","",""
"2022101083","","0","0","0","0","0","0","0","0","0","98","0","","02","10","2022","7","40.547004","-79.829388","","11","0","0","0","0","0","0","0","0","","0","0","0","","","0","N","0","","40 32:49.213","","0","79 49:45.797","0","0","0","0","2208","0","0","0","N","0","0","0","3","68D02","0","","1.0","","1","N","N","N","0","","0","0","1","","0","","","1","0","0","0","0","0","0","2","0","1","","03","","N","","","","","","","","","",""
"2022124060","","2","0","0","0","0","0","0","0","0","4","0","","02","12","2022","3","40.347506","-79.94902","","11","0","0","0","0","0","0","0","0","","0","0","0","","","0","","2","","40 20:51.021","","7","79 56:56.471","0","0","0","0","2473","0","0","0","N","0","0","0","3","02473","0","","1.0","","1","N","N","N","0","","0","0","0","","3","","","2","0","0","0","0","0","0","2","0","2","","03","","N","","","","","","","","","",""
"2022116063","","1","0","0","0","0","0","0","0","0","1","0","","02","12","2022","6","40.363028","-80.085139","","11","0","0","1","0","0","1","0","0","","0","0","0","","","0","Y","0","","40 21:46.900","","0","80 05:06.500","0","0","0","0","2117","0","0","0","N","0","0","0","3","02117","0","","1.0","","1","N","N","N","0","","0","0","1","","2","","","2","0","0","0","0","0","0","2","0","2","","","","N","","","","","","","","","",""
"2022096199","","1","0","0","0","0","0","0","0","0","7","0","","02","10","2022","3","40.474534","-80.005548","","11","0","0","0","0","0","0","0","0","","0","0","0","","","1","N","0","","40 28:28.321","","2","80 00:19.972","8","0","0","0","2301","0","0","0","N","0","0","0","1","02301","0","","2.0","","1","N","N","N","0","","0","0","0","","0","","","1","1","0","0","0","1","0","2","0","1","","","","N","","","","","","","","","",""
"2022097611","","1","0","0","0","0","0","0","0","0","4","0","","02","10","2022","6","40.438528","-79.765333","","11","0","0","0","0","0","1","0","0","","0","0","0","","","2","","2","","40 26:18.700","","7","79 45:55.200","3","0","0","0","2446","0","0","0","N","0","0","0","2","02446","0","","1.0","","1","N","N","N","0","","2","0","1","","3","","","2","2","0","0","0","0","0","2","0","2","","","","N","","","","","","","","","",""
"2022086968","","1","0","0","0","0","0","0","0","0","4","0","","02","9","2022","4","40.461202","-79.870236","","11","0","0","1","0","0","0","1","0","","0","0","0","","","2","","1","","40 27:40.326","1","0","79 52:12.851","3","0","0","0","2113","0","0","0","N","0","0","0","2","02113","0","","1.0","1047.0","1","N","N","N","0","","2","0","1","","2","N","","2","2","0","0","0","0","0","2","0","2","","03","","N","","","","","","","","","",""
"2022098416","","1","0","0","0","0","0","0","0","0","2","0","","02","10","2022","2","40.478609","-79.944484","","11","0","0","0","0","0","0","0","1","","0","0","0","","","0","N","0","","40 28:42.992","5","0","79 56:40.142","0","0","0","0","2301","0","0","0","N","0","0","0","1","02301","0","","6.0","918.0","1","N","N","N","1","","0","0","0","","0","N","","2","0","0","0","0","0","0","2","0","2","","","","N","","","","","","","","","",""
"2022098161","","1","0","0","0","0","0","0","0","0","7","0","","02","10","2022","1","40.458043","-80.228074","","11","0","0","0","0","0","0","0","1","","0","0","0","","","0","N","0","","40 27:28.953","3","0","80 13:41.067","0","0","0","0","2203","0","0","0","N","0","0","0","1","02203","0","","4.0","1030.0","1","N","N","N","0","","0","0","0","","0","N","","1","0","0","0","0","0","0","2","0","1","","","","N","","","","","","","","","",""
"2022098215","","3","0","0","0","0","0","0","0","0","4","0","","02","10","2022","1","40.417634","-79.881801","","11","0","0","0","0","0","1","0","0","","0","0","0","","","2","","1","","40 25:03.482","1","0","79 52:54.483","3","0","0","0","2463","0","0","0","N","0","0","0","4","02463","0","","1.0","1600.0","1","N","N","N","0","","2","0","0","","3","Y","","3","2","0","0","0","0","0","2","0","3","","03","","N","","","","","","","","","",""
"2022085891","","1","0","0","0","0","0","0","0","0","4","0","","02","9","2022","2","40.434563","-79.954589","","11","0","0","0","0","1","0","0","0","","0","0","0","","","0","N","1","","40 26:04.425","","0","79 57:16.519","0","0","0","0","2301","0","0","0","N","0","0","0","2","02301","0","","1.0","","1","N","N","N","0","","0","0","1","","2","","","2","0","0","0","0","0","0","2","0","2","","","","N","","","","","","","","","",""
"2022125221","","1","0","0","0","0","0","0","0","0","4","1","","02","12","2022","7","40.562895","-80.011308","","11","0","0","0","0","0","0","0","0","","0","1","0","","","0","","2","","40 33:46.422","6","0","80 00:40.710","0","0","0","0","2108","0","0","0","N","0","0","0","2","02108","0","","1.0","2000.0","9","N","N","N","0","","0","0","0","","3","N","","2","0","0","0","0","0","0","2","0","2","","","","N","","","","","","","","","",""
"2022120838","","1","0","0","0","0","0","0","0","0","8","0","35","02","12","2022","2","40.475968","-80.056635","","11","0","0","0","0","0","0","0","0","","1","0","0","","","0","","6","","40 28:33.486","6","8","80 03:23.885","1","0","0","0","2122","1","1","0","N","1","1","0","2","02122","0","1","1.0","1624.0","1","N","N","N","0","0","0","0","0","","3","Y","","2","0","0","0","0","0","0","2","0","1","","03","N","Y","3","2","Y","","N","Y","","","Y","N"
"2022104490","","0","0","0","0","0","0","0","0","0","98","0","","02","10","2022","5","40.632509","-79.73081","","11","0","0","0","0","0","1","0","0","","0","0","0","","","0","N","0","","40 37:57.032","1","0","79 43:50.915","0","0","0","0","2106","0","0","0","N","0","0","0","1","68D02","0","","1.0","2220.0","1","N","N","N","0","","0","0","1","","0","N","","1","0","0","0","0","0","0","2","0","1","","","","N","","","","","","","","","",""
"2022098202","","2","0","0","0","0","0","0","0","0","2","0","","02","10","2022","7","40.446385","-79.91408","","11","0","0","0","0","0","0","0","0","","0","0","0","","","0","N","0","","40 26:46.985","","0","79 54:50.687","0","0","0","0","2301","0","0","0","N","0","0","0","2","02301","0","","6.0","","1","N","N","N","1","","0","0","0","","0","","","3","0","0","0","0","0","0","2","0","3","","03","","N","","","","","","","","","",""
"2022089544","","1","0","0","0","0","0","0","0","0","4","0","","02","9","2022","4","40.403","-79.756972","","11","0","0","0","0","0","1","0","1","","0","0","0","","","2","N","1","","40 24:10.800","","0","79 45:25.100","8","0","0","0","2446","0","0","0","N","0","0","0","3","02446","0","","1.0","","1","N","N","Y","0","","0","0","2","","0","","","3","2","0","0","0","2","0","2","0","3","","03","","N","","","","","","","","","",""
"2022088957","","0","0","0","0","0","0","0","0","0","7","0","","02","9","2022","3","40.576126","-80.014771","","11","0","0","0","0","0","0","0","0","","0","0","0","","","0","","3","","40 34:34.053","","0","80 00:53.176","0","0","0","0","2108","0","0","0","N","0","0","0","1","02108","0","","2.0","","1","N","N","N","0","","0","0","3","","0","","","3","0","0","0","0","0","0","2","0","3","","","","N","","","","","","","","","",""
"2022097773","","1","0","0","1","0","0","0","0","0","8","0","","02","10","2022","6","40.271474","-79.889163","","11","0","0","0","0","0","1","0","0","","0","0","0","","","1","","1","","40 16:17.308","","0","79 53:20.988","8","0","0","0","2428","1","0","0","N","0","0","0","2","02428","0","","1.0","","1","N","N","N","0","","0","0","0","","0","","","2","1","0","0","0","1","0","2","0","1","","03","","N","","","","","","","","","",""
"2022123943","","1","0","0","0","0","0","0","0","0","4","0","","02","12","2022","3","40.40916","-80.08063","","11","0","0","0","0","0","0","0","0","","0","0","0","","","1","N","1","","40 24:32.975","","0","80 04:50.267","8","0","0","0","2415","0","0","0","N","0","0","0","2","02415","0","","1.0","","1","N","N","N","0","","0","0","1","","8","","","2","1","0","0","0","1","0","2","0","2","","03","","N","","","","","","","","","",""