"CRN","ARRIVAL_TM","AUTOMOBILE_COUNT","BELTED_DEATH_COUNT","BELTED_SUSP_SERIOUS_INJ_COUNT","BICYCLE_COUNT","BICYCLE_DEATH_COUNT","BICYCLE_SUSP_SERIOUS_INJ_COUNT","BUS_COUNT","CHLDPAS_DEATH_COUNT","CHLDPAS_SUSP_SERIOUS_INJ_COUNT","COLLISION_TYPE","COMM_VEH_COUNT","CONS_ZONE_SPD_LIM","COUNTY","CRASH_MONTH","CRASH_YEAR","DAY_OF_WEEK","DEC_LATITUDE","DEC_LONGITUDE","DISPATCH_TM","DISTRICT","DRIVER_COUNT_16YR","DRIVER_COUNT_17YR","DRIVER_COUNT_18YR","DRIVER_COUNT_19YR","DRIVER_COUNT_20YR","DRIVER_COUNT_50_64YR","DRIVER_COUNT_65_74YR","DRIVER_COUNT_75PLUS","EST_HRS_CLOSED","FATAL_COUNT","HEAVY_TRUCK_COUNT","HORSE_BUGGY_COUNT","HOUR_OF_DAY","ILLUMINATION","INJURY_COUNT","INTERSECTION_RELATED","INTERSECT_TYPE","LANE_CLOSED","LATITUDE","LN_CLOSE_DIR","LOCATION_TYPE","LONGITUDE","MAX_SEVERITY_LEVEL","MCYCLE_DEATH_COUNT","MCYCLE_SUSP_SERIOUS_INJ_COUNT","MOTORCYCLE_COUNT","MUNICIPALITY","NONMOTR_COUNT","NONMOTR_DEATH_COUNT","NONMOTR_SUSP_SERIOUS_INJ_COUNT","NTFY_HIWY_MAINT","PED_COUNT","PED_DEATH_COUNT","PED_SUSP_SERIOUS_INJ_COUNT","PERSON_COUNT","POLICE_AGCY","POSSIBLE_INJ_COUNT","RDWY_SURF_TYPE_CD","RELATION_TO_ROAD","ROADWAY_CLEARED","ROAD_CONDITION","SCH_BUS_IND","SCH_ZONE_IND","SECONDARY_CRASH","SMALL_TRUCK_COUNT","SPEC_JURIS_CD","SUSP_MINOR_INJ_COUNT","SUSP_SERIOUS_INJ_COUNT","SUV_COUNT","TCD_FUNC_CD","TCD_TYPE","TFC_DETOUR_IND","TIME_OF_DAY","TOTAL_UNITS","TOT_INJ_COUNT","UNBELTED_OCC_COUNT","UNB_DEATH_COUNT","UNB_SUSP_SERIOUS_INJ_COUNT","UNK_INJ_DEG_COUNT","UNK_INJ_PER_COUNT","URBAN_RURAL","VAN_COUNT","VEHICLE_COUNT","WEATHER1","WEATHER2","WORKERS_PRES","WORK_ZONE_IND","WORK_ZONE_LOC","WORK_ZONE_TYPE","WZ_CLOSE_DETOUR","WZ_FLAGGER","WZ_LAW_OFFCR_IND","WZ_LN_CLOSURE","WZ_MOVING","WZ_OTHER","WZ_SHLDER_MDN","WZ_WORKERS_INJ_KILLED"
"2022100898","","1","0","0","0","0","0","0","0","0","5","0","","02","10","2022","1","40.390361","-79.985972","","11","0","0","0","0","0","0","0","1","","0","0","0","","","0","N","0","","40 23:25.300","","0","79 59:09.500","0","0","0","0","2301","0","0","0","N","0","0","0","1","02301","0","","6.0","","1","N","N","N","0","","0","0","1","","0","","","2","0","0","0","0","0","0","2","0","2","","03","","N","","","","","","","","","",""
"2022097592","","1","0","0","0","0","0","0","0","0","4","0","","02","10","2022","6","40.417439","-80.000393","","11","0","0","0","0","0","0","0","0","","0","0","0","","","0","","1","","40 25:02.779","","0","80 00:01.414","0","0","0","0","2301","0","0","0","N","0","0","0","2","02301","0","","1.0","","1","N","N","N","0","","0","0","1","","3","","","2","0","0","0","0","0","0","2","0","2","","03","","N","","","","","","","","","",""
"2022125063","","2","0","0","0","0","0","1","0","0","4","1","","02","12","2022","5","40.462139","-79.926833","","11","0","0","0","0","0","0","0","0","","0","0","0","","","0","N","1","","40 27:43.700","","0","79 55:36.600","0","0","0","0","2301","0","0","0","N","0","0","0","3","02503","0","","1.0","","1","N","N","Y","0","","0","0","0","","3","","","3","0","0","0","0","0","0","2","0","3","","03","","N","","","","","","","","","",""
"2022099398","","1","0","0","0","0","0","0","0","0","0","0","","02","10","2022","7","40.432515","-79.790317","","11","0","0","0","0","0","0","1","0","","0","0","0","","","1","","2","","40 25:57.054","4","7","79 47:25.141","4","0","0","0","2446","0","0","0","N","0","0","0","1","02446","1","","1.0","1552.0","1","N","N","N","0","","0","0","0","","2","Y","","1","1","0","0","0","0","0","2","0","1","","03","","N","","","","","","","","","",""
"2022100675","","3","0","0","0","0","0","0","0","0","5","0","","02","10","2022","7","40.395184","-80.030106","","11","0","0","0","0","0","0","0","0","","0","0","0","","","1","N","0","","40 23:42.661","","0","80 01:48.380","8","0","0","0","2301","0","0","0","N","0","0","0","2","02301","0","","6.0","","1","N","N","Y","0","","0","0","1","","0","","","5","1","1","0","0","1","0","2","0","4","","03","","N","","","","","","","","","",""
"2022099978","","0","0","0","0","0","0","0","0","0","4","0","","02","10","2022","5","40.473571","-79.959878","","11","0","0","0","1","0","0","0","0","","0","0","0","","","0","","1","","40 28:24.857","","0","79 57:35.560","0","0","0","0","2301","0","0","0","N","0","0","0","2","02301","0","","1.0","","1","N","N","N","0","","0","0","2","","0","","","2","0","0","0","0","0","0","2","0","2","","03","","N","","","","","","","","","",""
"2022096879","","1","0","0","0","0","0","0","0","0","7","0","","02","10","2022","4","40.597798","-79.941909","","11","0","0","0","0","0","0","0","0","","0","0","0","","","0","N","0","","40 35:52.071","3","0","79 56:30.871","0","0","0","0","2207","0","0","0","N","0","0","0","1","02207","0","","4.0","1710.0","9","N","N","N","0","","0","0","0","","0","N","","1","0","0","0","0","0","0","2","0","1","","07","","N","","","","","","","","","",""
"2022096820","","1","0","0","0","0","0","0","0","0","1","0","","02","10","2022","4","40.484935","-79.856443","","11","0","0","0","0","0","1","0","0","","0","0","0","","","0","Y","0","","40 29:05.767","","0","79 51:23.196","0","0","0","0","2113","0","0","0","N","0","0","0","2","02113","0","","1.0","","9","N","N","N","0","","0","0","1","","0","","","2","0","0","0","0","0","0","2","0","2","","","","N","","","","","","","","","",""
"2022088055","","1","0","0","0","0","0","0","0","0","4","0","","02","9","2022","6","40.451556","-80.069417","","11","0","0","0","0","0","0","0","0","","0","0","0","","","1","","2","","40 27:05.600","6","0","80 04:09.900","3","0","0","0","2444","0","0","0","N","0","0","0","4","02444","0","","1.0","1840.0","1","N","N","N","0","","1","0","1","","3","Y","","2","1","2","0","0","0","0","2","0","2","","03","","N","","","","","","","","","",""
"2022086985","","0","0","0","0","0","0","0","0","0","4","0","","02","9","2022","3","40.558063","-80.039501","","11","0","0","0","0","0","0","0","1","","0","0","0","","","1","N","2","","40 33:29.026","2","0","80 02:22.203","3","0","0","0","2108","0","0","0","N","0","0","0","2","02108","0","","1.0","1440.0","1","N","N","N","1","","1","0","1","","3","N","","2","1","0","0","0","0","0","2","0","2","","","","N","","","","","","","","","",""
"2022124617","","0","0","0","0","0","0","0","0","0","1","0","","02","12","2022","5","40.48015","-79.705391","","11","1","0","0","0","0","1","0","0","","0","0","0","","","0","N","0","","40 28:48.540","5","0","79 42:19.409","0","0","0","0","2466","0","0","0","N","0","0","0","2","02466","0","","1.0","1806.0","1","N","N","N","0","","0","0","2","","0","N","","2","0","0","0","0","0","0","2","0","2","","03","","N","","","","","","","","","",""
"2022088587","","1","0","0","0","0","0","0","0","0","4","0","","02","9","2022","2","40.453206","-79.952853","","11","0","0","0","0","0","0","0","0","","0","0","0","","","0","N","0","","40 27:11.540","","7","79 57:10.269","0","0","0","0","2301","0","0","0","N","0","0","0","3","02301","0","","1.0","","1","N","N","N","0","","0","0","1","","0","","","2","0","0","0","0","0","0","2","0","2","","04","","N","","","","","","","","","",""
"2022101839","","1","0","0","0","0","0","0","0","0","4","0","","02","10","2022","6","40.3404","-79.938279","","11","0","0","0","0","1","0","0","1","","0","0","0","","","0","","2","","40 20:25.440","","0","79 56:17.803","0","0","0","0","2473","0","0","0","N","0","0","0","2","02473","0","","1.0","","1","N","N","N","0","","0","0","1","","2","","","2","0","0","0","0","0","0","2","0","2","","03","","N","","","","","","","","","",""
"2022088604","","1","0","0","0","0","0","0","0","0","4","0","","02","9","2022","2","40.409488","-80.032018","","11","0","0","0","0","0","1","1","0","","0","0","0","","","2","N","1","","40 24:34.158","5","0","80 01:55.264","3","0","0","0","2301","0","0","0","N","0","0","0","2","02301","0","","1.0","1455.0","1","N","N","N","0","","2","0","1","","0","N","","2","2","0","0","0","0","0","2","0","2","","03","","N","","","","","","","","","",""
"2022087385","","2","0","1","0","0","0","0","0","0","2","0","","02","9","2022","5","40.583161","-80.042806","","11","0","0","0","0","0","2","0","0","","0","0","0","","","2","N","0","","40 34:59.380","7","0","80 02:34.100","2","0","0","0","2108","0","0","0","N","0","0","0","2","02108","0","","1.0","1244.0","1","N","N","N","0","","0","1","0","","0","N","","2","2","0","0","0","1","0","2","0","2","","","","N","","","","","","","","","",""
"2022103794","","1","0","0","0","0","0","0","0","0","1","0","","02","10","2022","2","40.338912","-80.0659","","11","0","0","0","0","0","1","0","0","","0","0","0","","","1","","1","","40 20:20.084","","0","80 03:57.240","4","0","0","0","2123","0","0","0","N","0","0","0","2","02123","1","","1.0","","1","N","N","N","0","","0","0","1","","2","","","2","1","0","0","0","0","0","2","0","2","","03","","N","","","","","","","","","",""
"2022107620","","1","0","0","0","0","0","0","0","0","98","0","","02","10","2022","7","40.575433","-79.786678","","11","0","0","0","0","0","0","0","0","","0","0","0","","","0","N","0","","40 34:31.560","","0","79 47:12.042","9","0","0","0","2104","0","0","0","N","0","0","0","1","68D02","0","","1.0","","1","N","N","N","0","","0","0","0","","0","","","1","0","0","0","0","0","1","2","0","1","","","","N","","","","","","","","","",""
"2022086884","","0","0","0","0","0","0","0","0","0","7","0","","02","9","2022","4","40.44","-79.967611","","11","0","0","0","0","0","0","0","0","","0","0","0","","","0","","1","","40 26:24.000","1","0","79 58:03.400","0","0","0","0","2301","0","0","0","N","0","0","0","1","02301","0","","5.0","340.0","1","N","N","N","0","","0","0","1","","0","N","","1","0","0","0","0","0","0","2","0","1","","","","N","","","","","","","","","",""
"2022097769","","1","0","0","0","0","0","0","0","0","8","0","","02","10","2022","6","40.381396","-79.927695","","11","0","0","0","0","0","0","0","1","","0","0","0","","","1","","2","","40 22:53.026","","0","79 55:39.702","2","0","0","0","2301","1","0","1","N","1","0","1","2","02301","0","","1.0","","1","N","N","N","0","","0","1","0","","0","","","2","1","1","0","0","0","0","2","0","1","","03","","N","","","","","","","","","",""
"2022097712","","0","0","0","0","0","0","0","0","0","1","0","","02","10","2022","6","40.478122","-79.784685","","11","0","0","0","0","0","0","0","0","","0","0","0","","","0","N","0","","40 28:41.239","","7","79 47:04.865","0","0","0","0","2113","0","0","0","N","0","0","0","3","02113","0","","1.0","","1","N","N","N","0","","0","0","2","","0","","","2","0","0","0","0","0","0","2","0","2","","03","","N","","","","","","","","","",""
"2022104408","","1","0","0","0","0","0","0","0","0","1","0","","02","10","2022","6","40.462438","-79.946677","","11","0","0","0","0","0","0","0","0","","0","0","0","","","1","N","0","","40 27:44.778","","0","79 56:48.038","3","0","0","0","2301","0","0","0","N","0","0","0","1","02301","0","","6.0","","1","N","N","N","0","","1","0","1","","0","","","2","1","0","0","0","0","0","2","0","2","","03","","N","","","","","","","","","",""
"2022086999","","3","0","0","0","0","0","0","0","0","4","0","","02","9","2022","4","40.61606","-80.093248","","11","0","0","0","0","0","1","1","0","","0","0","0","","","2","","1","","40 36:57.815","3","0","80 05:35.694","2","0","0","0","2212","0","0","0","N","0","0","0","5","02505","0","","1.0","1034.0","1","N","N","N","0","","1","1","1","","2","N","","4","2","1","0","1","0","0","2","0","4","","","","N","","","","","","","","","",""
"2022088900","","3","0","0","0","0","0","0","0","0","1","0","","02","9","2022","2","40.61822","-79.903469","","11","0","1","0","0","0","1","1","0","","0","0","0","","","1","Y","0","","40 37:05.591","","0","79 54:12.488","3","0","0","0","2220","0","0","0","N","0","0","0","4","02220","0","","1.0","","1","N","N","Y","0","","1","0","0","","0","","","3","1","0","0","0","0","0","1","0","3","","04","","N","","","","","","","","","",""
"2022089346","","1","0","0","0","0","0","0","0","0","2","0","","02","9","2022","7","40.34889","-79.939012","","11","0","0","0","0","0","1","0","0","","0","0","0","","","1","","2","","40 20:56.003","","0","79 56:20.443","3","0","0","0","2473","0","0","0","N","0","0","0","5","02473","0","","1.0","","1","N","N","Y","1","","1","0","1","","2","","","3","1","0","0","0","0","0","2","0","3","","03","","N","","","","","","","","","",""
"2022088684","","1","0","0","0","0","0","0","0","0","4","0","","02","9","2022","2","40.377877","-79.97543","","11","0","0","0","0","0","1","1","0","","0","0","0","","","0","N","1","","40 22:40.357","4","0","79 58:31.548","0","0","0","0","2413","0","0","0","N","0","0","0","2","02413","0","","1.0","1750.0","1","N","N","N","0","","0","0","1","","3","N","","2","0","0","0","0","0","0","2","0","2","","03","","N","","","","","","","","","",""
"2022088507","","1","0","0","0","0","0","0","0","0","98","0","","02","9","2022","7","40.487603","-79.956386","","11","0","0","0","0","0","0","0","0","","0","0","0","","","0","N","0","","40 29:15.372","","0","79 57:22.991","0","0","0","0","2118","0","0","0","N","0","0","0","1","02118","0","","1.0","","1","N","N","N","0","","0","0","0","","0","","","1","0","0","0","0","0","0","2","0","1","","03","","N","","","","","","","","","",""
"2022100706","","0","0","0","0","0","0","0","0","0","7","0","","02","10","2022","5","40.445008","-80.066246","","11","0","0","0","0","0","0","0","0","","0","0","0","","","0","N","0","","40 26:42.027","","0","80 03:58.487","0","0","0","0","2439","0","0","0","N","0","0","0","1","02439","0","","2.0","","1","N","N","Y","1","","0","0","0","","0","","","1","0","0","0","0","0","0","2","0","1","","","","N","","","","","","","","","",""
"2022097942","","1","0","0","0","0","0","0","0","0","1","0","","02","10","2022","7","40.408942","-80.032189","","11","0","0","0","0","0","0","1","0","","0","0","0","","","0","N","0","","40 24:32.190","5","0","80 01:55.880","0","0","0","0","2301","0","0","0","N","0","0","0","5","02301","0","","1.0","1623.0","1","N","N","N","2","","0","0","1","","0","Y","","4","0","0","0","0","0","0","2","0","4","","03","","N","","","","","","","","","",""
"2022089066","","0","0","0","0","0","0","0","0","0","1","0","","02","9","2022","3","40.447034","-79.98657","","11","0","0","0","0","0","0","1","0","","0","0","0","","","0","N","0","","40 26:49.321","4","0","79 59:11.651","0","0","0","0","2301","0","0","0","N","0","0","0","4","02301","0","","1.0","1912.0","9","N","N","N","1","","0","0","3","","0","N","","4","0","0","0","0","0","0","2","0","4","","","","N","","","","","","","","","",""
"2022098170","","1","0","0","0","0","0","0","0","0","7","0","99","02","10","2022","1","40.435508","-79.984144","","11","0","0","0","0","0","0","0","0","","0","0","0","","","0","N","0","","40 26:07.828","3","0","79 59:02.918","0","0","0","0","2301","0","0","0","N","0","0","0","1","02301","0","","1.0","1145.0","1","N","N","N","0","","0","0","0","","0","N","","1","0","0","0","0","0","0","2","0","1","","03","N","Y","1","1","","","N","Y","","","","N"
"2022089199","","0","0","0","0","0","0","0","0","0","98","0","","02","9","2022","3","40.640588","-79.720994","","11","0","0","0","0","0","0","0","0","","0","0","0","","","0","N","0","","40 38:26.115","","0","79 43:15.579","0","0","0","0","2106","0","0","0","N","0","0","0","1","68D02","0","","1.0","","1","N","N","N","0","","0","0","0","","0","","","1","0","0","0","0","0","0","2","1","1","","","","N","","","","","","","","","",""
"2022097643","","0","0","0","0","0","0","0","0","0","4","0","","02","10","2022","6","40.466057","-79.952997","","11","0","0","0","0","0","1","0","0","","0","0","0","","","0","N","0","","40 27:57.804","","0","79 57:10.789","0","0","0","0","2301","0","0","0","N","0","0","0","3","02301","0","","1.0","","1","N","N","N","0","","0","0","3","","0","","","3","0","0","0","0","0","0","2","0","3","","03","","N","","","","","","","","","",""
"2022087748","","2","0","0","0","0","0","0","0","0","4","0","","02","9","2022","6","40.465972","-79.922778","","11","0","0","0","0","0","0","0","0","","0","0","0","","","0","N","1","","40 27:57.500","1","0","79 55:22.000","0","0","0","0","2301","0","0","0","N","0","0","0","2","02301","0","","1.0","35.0","1","N","N","N","0","","0","0","0","","2","Y","","2","0","0","0","0","0","0","2","0","2","","03","","N","","","","","","","","","",""
"2022097927","","1","0","1","0","0","0","0","0","0","4","0","","02","10","2022","7","40.429183","-79.9212","","11","0","0","0","0","0","0","0","0","","0","0","0","","","2","","1","","40 25:45.059","2","0","79 55:16.321","2","0","0","0","2301","0","0","0","N","0","0","0","3","02301","0","","1.0","325.0","1","N","N","N","0","","1","1","1","","2","N","","2","2","0","0","0","0","1","2","0","2","","03","","N","","","","","","","","","",""
"2022099981","","1","0","0","0","0","0","0","0","0","4","0","","02","10","2022","1","40.502002","-80.221936","","11","0","0","0","0","1","1","0","0","","0","0","0","","","1","N","0","","40 30:07.206","5","7","80 13:18.968","8","0","0","1","2213","0","0","0","N","0","0","0","3","02213","0","","1.0","1810.0","1","N","N","N","0","","0","0","0","","0","N","","2","1","0","0","0","1","0","2","0","2","","","","N","","","","","","","","","",""
"2022089042","","1","0","0","0","0","0","0","0","0","2","0","","02","9","2022","3","40.465943","-80.133569","","11","0","0","0","0","0","0","0","0","","0","0","0","","","0","","1","","40 27:57.394","6","0","80 08:00.848","0","0","0","0","2115","0","0","0","N","0","0","0","2","02115","0","","1.0","1728.0","1","N","N","N","0","","0","0","1","","0","N","","2","0","0","0","0","0","0","2","0","2","","03","","N","","","","","","","","","",""
"2022087834","","1","0","0","0","0","0","0","0","0","1","0","","02","9","2022","6","40.643493","-79.775515","","11","0","1","0","0","0","0","0","1","","0","0","0","","","0","N","0","","40 38:36.576","","0","79 46:31.854","0","0","0","0","2202","0","0","0","N","0","0","0","2","02202","0","","1.0","","1","N","N","Y","0","","0","0","1","","0","","","2","0","0","0","0","0","0","1","0","2","","03","","N","","","","","","","","","",""
"2022088983","","0","0","0","0","0","0","0","0","0","1","0","","02","9","2022","6","40.314318","-80.068549","","11","0","0","1","0","0","1","0","0","","0","0","0","","","0","","1","","40 18:51.544","","0","80 04:06.775","0","0","0","0","2123","0","0","0","N","0","0","0","3","02123","0","","1.0","","1","N","N","N","0","","0","0","2","","0","","","2","0","0","0","0","0","0","2","0","2","","03","","N","","","","","","","","","",""
"2022087647","","1","0","0","0","0","0","0","0","0","5","0","","02","9","2022","5","40.480426","-80.091391","","11","0","0","0","0","0","0","0","0","","0","0","0","","","0","N","0","","40 28:49.532","","0","80 05:29.008","9","0","0","0","2126","0","0","0","N","0","0","0","4","02126","0","","4.0","","1","N","N","N","0","","0","0","1","","0","","","2","0","0","0","0","0","1","2","0","2","","","","N","","","","","","","","","",""
"2022086584","","0","0","0","0","0","0","0","0","0","6","0","","02","9","2022","3","40.500864","-79.863796","","11","0","0","0","0","0","1","0","0","","0","0","0","","","0","N","3","","40 30:03.112","","2","79 51:49.667","0","0","0","0","2112","0","0","0","N","0","0","0","5","02112","0","","1.0","","1","N","N","N","1","","0","0","1","","3","","","2","0","0","0","0","0","0","2","0","2","","98","","N","","","","","","","","","",""
"2022089270","","1","0","0","0","0","0","0","0","0","1","0","","02","9","2022","3","40.435016","-79.755129","","11","0","0","0","0","0","3","0","0","","0","0","0","","","0","Y","0","","40 26:06.059","","0","79 45:18.463","0","0","0","0","2446","0","0","0","N","0","0","0","6","02446","0","","1.0","","1","N","N","N","1","","0","0","4","","0","","","6","0","0","0","0","0","0","2","0","6","","","","N","","","","","","","","","",""
"2022088897","","2","0","0","0","0","0","0","0","0","6","0","","02","9","2022","3","40.512306","-79.892944","","11","0","0","0","0","0","0","0","0","","0","0","0","","","0","N","0","","40 30:44.300","5","0","79 53:34.600","0","0","0","0","2432","0","0","0","N","0","0","0","3","02432","0","","1.0","900.0","1","N","N","N","0","","0","0","0","","0","N","","2","0","0","0","0","0","0","2","0","2","","03","","N","","","","","","","","","",""
"2022099357","","1","0","0","0","0","0","0","0","0","7","0","","02","10","2022","3","40.512299","-79.993434","","11","0","0","0","0","0","0","0","0","","0","0","0","","","1","N","0","","40 30:44.277","5","0","79 59:36.362","3","0","0","0","2116","0","0","0","N","0","0","0","1","02116","0","","4.0","2141.0","1","N","N","N","0","","1","0","0","","0","Y","","1","1","1","0","0","0","0","2","0","1","","","","N","","","","","","","","","",""
"2022099366","","1","0","0","0","0","0","0","0","0","0","0","","02","10","2022","4","40.430914","-79.939784","","11","0","0","0","0","0","1","0","0","","0","0","0","","","0","N","0","","40 25:51.289","","0","79 56:23.221","0","0","0","0","2301","0","0","0","N","0","0","0","1","02301","0","","1.0","","9","N","N","N","0","","0","0","0","","0","","","1","0","0","0","0","0","0","2","0","1","","04","","N","","","","","","","","","",""
"2022099438","","1","0","0","0","0","0","0","0","0","1","0","","02","10","2022","6","40.358186","-79.990611","","11","0","0","0","0","0","0","0","0","","0","0","0","","","1","","2","","40 21:29.468","1","0","79 59:26.200","4","0","0","0","2476","0","0","0","N","0","0","0","2","02476","1","","1.0","1400.0","1","N","N","N","0","","0","0","1","","0","N","","2","1","0","0","0","0","0","2","0","2","","03","","N","","","","","","","","","",""
"2022099216","","0","0","0","0","0","0","0","0","0","7","0","","02","10","2022","4","40.425462","-79.964501","","11","0","0","0","0","0","0","0","0","","0","0","0","","","0","","2","","40 25:31.663","","0","79 57:52.204","0","0","0","0","2301","0","0","0","N","0","0","0","1","02301","0","","5.0","","1","","","N","0","","0","0","1","","2","","","3","0","0","0","0","0","0","2","0","1","","","","N","","","","","","","","","",""
"2022103853","","2","0","0","0","0","0","0","0","0","4","0","","02","10","2022","5","40.495271","-79.939586","","11","0","0","0","0","0","0","0","1","","0","0","0","","","0","","1","","40 29:42.977","","2","79 56:22.511","0","0","0","0","2430","0","0","0","N","0","0","0","2","02430","0","","1.0","","1","N","N","N","0","","0","0","0","","3","","","2","0","0","0","0","0","0","2","0","2","","","","N","","","","","","","","","",""
"2022099178","","1","0","0","0","0","0","0","0","0","1","0","","02","10","2022","3","40.434923","-79.990259","","11","0","0","0","0","0","1","1","0","","0","0","0","","","0","N","0","","40 26:05.722","4","0","79 59:24.931","0","0","0","0","2301","0","0","0","N","0","0","0","2","02301","0","","1.0","2045.0","1","N","N","N","0","","0","0","1","","0","N","","2","0","0","0","0","0","0","2","0","2","","03","","N","","","","","","","","","",""
"2022118047","","0","0","0","0","0","0","0","0","0","4","1","","02","12","2022","1","40.449015","-80.167182","","11","0","0","0","0","0","1","0","0","","0","1","0","","","0","N","6","","40 26:56.453","","2","80 10:01.856","0","0","0","0","2115","0","0","0","N","0","0","0","2","02115","0","","1.0","","1","N","N","N","1","","0","0","0","","4","","","2","0","0","0","0","0","0","2","0","2","","03","","N","","","","","","","","","",""
"2022098953","","0","0","0","0","0","0","0","0","0","4","0","","02","10","2022","2","40.434133","-79.751506","","11","0","0","0","0","0","0","0","0","","0","0","0","","","2","N","0","","40 26:02.877","4","7","79 45:05.422","8","0","0","0","2446","0","0","0","N","0","0","0","2","02446","0","","1.0","1240.0","1","N","N","N","0","","0","0","2","","0","N","","2","2","0","0","0","2","0","2","0","2","","03","","N","","","","","","","","","",""
"2022097049","","0","0","0","0","0","0","0","0","0","7","0","","02","10","2022","4","40.557523","-79.804127","","11","0","0","0","0","0","0","0","0","","0","0","0","","","0","N","0","","40 33:27.083","","0","79 48:14.856","0","0","0","0","2121","0","0","0","N","0","0","0","1","02514","0","","4.0","","9","","","N","0","","0","0","1","","3","","","1","0","0","0","0","0","0","2","0","1","","","","N","","","","","","","","","",""
"2022090264","","1","0","0","0","0","0","0","0","0","1","0","","02","9","2022","1","40.587636","-79.949943","","11","0","0","0","0","0","0","1","0","","0","0","0","","","1","N","0","","40 35:15.489","5","0","79 56:59.796","3","0","0","0","2207","0","0","0","N","0","0","0","3","02207","0","","1.0","1632.0","1","N","N","N","0","","1","0","2","","0","N","","3","1","0","0","0","0","0","2","0","3","","","","N","","","","","","","","","",""
"2022125158","","1","0","0","0","0","0","0","0","0","7","0","","02","12","2022","6","40.409375","-80.032082","","11","0","0","0","0","0","0","0","0","","0","0","0","","","0","","1","","40 24:33.749","","0","80 01:55.496","0","0","0","0","2301","0","0","0","N","0","0","0","2","02301","0","","5.0","","9","N","N","N","0","","0","0","0","","0","","","1","0","0","0","0","0","0","2","0","1","","04","","N","","","","","","","","","",""
"2022098772","","1","0","0","0","0","0","0","0","0","5","0","","02","10","2022","2","40.460306","-79.808167","","11","0","0","0","0","0","0","0","0","","0","0","0","","","0","N","0","","40 27:37.100","2","0","79 48:29.400","0","0","0","0","2113","0","0","0","N","0","0","0","1","02113","0","","6.0","740.0","1","N","N","N","1","","0","0","1","","0","N","","4","0","0","0","0","0","0","2","1","4","","03","","N","","","","","","","","","",""
"2022101762","","1","0","0","0","0","0","0","0","0","4","0","","02","10","2022","1","40.447695","-80.164369","","11","0","0","0","0","0","0","0","0","","0","0","0","","","1","","2","","40 26:51.701","","2","80 09:51.730","4","0","0","0","2115","0","0","0","N","0","0","0","3","02115","1","","1.0","","1","N","N","N","0","","0","0","1","","2","","","2","1","0","0","0","0","0","2","0","2","","03","","N","","","","","","","","","",""
"2022103338","","1","0","0","0","0","0","0","0","0","4","0","","02","10","2022","7","40.428636","-79.925639","","11","0","0","0","0","0","1","0","1","","0","0","0","","","0","","3","","40 25:43.091","","2","79 55:32.299","0","0","0","0","2301","0","0","0","N","0","0","0","3","02301","0","","1.0","","1","N","N","N","0","","0","0","1","","0","","","2","0","0","0","0","0","0","2","0","2","","03","","N","","","","","","","","","",""
"2022101462","","0","0","0","0","0","0","0","0","0","98","0","","02","10","2022","1","40.473189","-79.972184","","11","0","0","0","0","0","1","0","0","","0","0","0","","","0","N","0","","40 28:23.480","1","0","79 58:19.861","0","0","0","0","2445","0","0","0","N","0","0","0","1","02445","0","","1.0","226.0","1","N","N","N","0","","0","0","1","","0","N","","1","0","0","0","0","0","0","2","0","1","","04","","N","","","","","","","","","",""
"2022088800","","1","0","0","0","0","0","0","0","0","7","0","","02","9","2022","7","40.505028","-80.23375","","11","0","0","0","0","0","0","0","0","","0","0","0","","","2","N","0","","40 30:18.100","","7","80 14:01.500","4","0","0","0","2213","0","0","0","N","0","0","0","2","02501","2","","5.0","","1","N","N","N","0","","0","0","0","","0","","","1","2","0","0","0","0","0","2","0","1","","","","N","","","","","","","","","",""
"2022115309","","0","0","0","0","0","0","0","0","0","98","0","","02","10","2022","7","40.440236","-80.155246","","11","0","0","0","0","0","0","1","0","","0","0","0","","","0","N","0","","40 26:24.849","","0","80 09:18.887","0","0","0","0","2115","0","0","0","N","0","0","0","1","68B03","0","","1.0","","1","N","N","N","0","","0","0","1","","0","","","1","0","0","0","0","0","0","2","0","1","","03","","N","","","","","","","","","",""
"2022107267","","0","0","0","0","0","0","0","0","0","7","0","","02","10","2022","2","40.475458","-80.189523","","11","0","0","0","0","0","0","0","0","","0","0","0","","","0","N","0","","40 28:31.648","","0","80 11:22.282","0","0","0","0","2213","0","0","0","N","0","0","0","1","02213","0","","5.0","","1","N","N","Y","0","","0","0","0","","0","","","1","0","1","0","0","0","0","2","1","1","","03","","N","","","","","","","","","",""
"2022100083","","1","0","0","0","0","0","0","0","0","1","0","","02","10","2022","5","40.488413","-79.937151","","11","0","0","0","0","0","0","0","0","","0","0","0","","","2","","3","","40 29:18.285","","3","79 56:13.745","4","0","0","0","2301","0","0","0","N","0","0","0","3","02301","2","","1.0","","1","N","N","N","0","","0","0","1","","2","","","2","2","0","0","0","0","0","2","0","2","","","","N","","","","","","","","","",""
"2022100368","","1","0","0","0","0","0","0","0","0","4","0","","02","10","2022","6","40.461772","-79.936304","","11","0","0","0","0","0","1","0","0","","0","0","0","","","0","","1","","40 27:42.379","2","0","79 56:10.694","0","0","0","0","2301","0","0","0","N","0","0","0","2","02301","0","","1.0","1301.0","1","N","N","N","0","","0","0","1","","3","N","","2","0","0","0","0","0","0","2","0","2","","98","","N","","","","","","","","","",""