"CRN","ARRIVAL_TM","AUTOMOBILE_COUNT","BELTED_DEATH_COUNT","BELTED_SUSP_SERIOUS_INJ_COUNT","BICYCLE_COUNT","BICYCLE_DEATH_COUNT","BICYCLE_SUSP_SERIOUS_INJ_COUNT","BUS_COUNT","CHLDPAS_DEATH_COUNT","CHLDPAS_SUSP_SERIOUS_INJ_COUNT","COLLISION_TYPE","COMM_VEH_COUNT","CONS_ZONE_SPD_LIM","COUNTY","CRASH_MONTH","CRASH_YEAR","DAY_OF_WEEK","DEC_LATITUDE","DEC_LONGITUDE","DISPATCH_TM","DISTRICT","DRIVER_COUNT_16YR","DRIVER_COUNT_17YR","DRIVER_COUNT_18YR","DRIVER_COUNT_19YR","DRIVER_COUNT_20YR","DRIVER_COUNT_50_64YR","DRIVER_COUNT_65_74YR","DRIVER_COUNT_75PLUS","EST_HRS_CLOSED","FATAL_COUNT","HEAVY_TRUCK_COUNT","HORSE_BUGGY_COUNT","HOUR_OF_DAY","ILLUMINATION","INJURY_COUNT","INTERSECTION_RELATED","INTERSECT_TYPE","LANE_CLOSED","LATITUDE","LN_CLOSE_DIR","LOCATION_TYPE","LONGITUDE","MAX_SEVERITY_LEVEL","MCYCLE_DEATH_COUNT","MCYCLE_SUSP_SERIOUS_INJ_COUNT","MOTORCYCLE_COUNT","MUNICIPALITY","NONMOTR_COUNT","NONMOTR_DEATH_COUNT","NONMOTR_SUSP_SERIOUS_INJ_COUNT","NTFY_HIWY_MAINT","PED_COUNT","PED_DEATH_COUNT","PED_SUSP_SERIOUS_INJ_COUNT","PERSON_COUNT","POLICE_AGCY","POSSIBLE_INJ_COUNT","RDWY_SURF_TYPE_CD","RELATION_TO_ROAD","ROADWAY_CLEARED","ROAD_CONDITION","SCH_BUS_IND","SCH_ZONE_IND","SECONDARY_CRASH","SMALL_TRUCK_COUNT","SPEC_JURIS_CD","SUSP_MINOR_INJ_COUNT","SUSP_SERIOUS_INJ_COUNT","SUV_COUNT","TCD_FUNC_CD","TCD_TYPE","TFC_DETOUR_IND","TIME_OF_DAY","TOTAL_UNITS","TOT_INJ_COUNT","UNBELTED_OCC_COUNT","UNB_DEATH_COUNT","UNB_SUSP_SERIOUS_INJ_COUNT","UNK_INJ_DEG_COUNT","UNK_INJ_PER_COUNT","URBAN_RURAL","VAN_COUNT","VEHICLE_COUNT","WEATHER1","WEATHER2","WORKERS_PRES","WORK_ZONE_IND","WORK_ZONE_LOC","WORK_ZONE_TYPE","WZ_CLOSE_DETOUR","WZ_FLAGGER","WZ_LAW_OFFCR_IND","WZ_LN_CLOSURE","WZ_MOVING","WZ_OTHER","WZ_SHLDER_MDN","WZ_WORKERS_INJ_KILLED"
"2022090392","","1","0","0","0","0","0","0","0","0","2","0","","02","9","2022","2","40.474491","-79.9714","","11","0","0","0","0","0","0","0","0","","0","0","0","","","0","","1","","40 28:28.169","3","2","79 58:17.039","0","0","0","0","2445","0","0","0","N","0","0","0","2","02445","0","","1.0","2324.0","1","N","N","N","0","","0","0","1","","8","Y","","2","0","0","0","0","0","0","2","0","2","","03","","N","","","","","","","","","",""
"2022097564","","1","0","0","0","0","0","0","0","0","1","0","","02","10","2022","6","40.450189","-79.95589","","11","0","0","0","0","0","0","0","0","","0","0","0","","","0","N","0","","40 27:00.679","","0","79 57:21.203","0","0","0","0","2301","0","0","0","N","0","0","0","2","02301","0","","1.0","","1","N","N","N","0","","0","0","1","","0","","","2","0","0","0","0","0","0","2","0","2","","","","N","","","","","","","","","",""
"2022088462","","0","0","0","0","0","0","0","0","0","7","0","","02","9","2022","1","40.424972","-79.967194","","11","0","0","0","0","0","0","0","0","","0","0","0","","","0","N","2","","40 25:29.900","","0","79 58:01.900","0","0","0","0","2301","0","0","0","N","0","0","0","1","02301","0","","5.0","","1","N","N","N","0","","0","0","1","","0","","","1","0","0","0","0","0","0","2","0","1","","03","","N","","","","","","","","","",""
"2022100730","","0","0","0","0","0","0","0","0","0","8","0","","02","10","2022","6","40.380592","-80.061469","","11","0","0","0","0","0","0","0","0","","0","0","0","","","1","","2","","40 22:50.131","","0","80 03:41.289","4","0","0","0","2109","1","0","0","N","1","0","0","2","02109","1","","1.0","","1","N","Y","N","0","","0","0","1","","3","","","2","1","0","0","0","0","0","2","0","1","","03","","N","","","","","","","","","",""
"2022098473","","2","0","0","0","0","0","0","0","0","6","0","","02","10","2022","2","40.458249","-79.846836","","11","0","0","0","0","0","0","0","0","","0","0","0","","","0","N","0","","40 27:29.698","","0","79 50:48.609","0","0","0","0","2113","0","0","0","N","0","0","0","2","02113","0","","1.0","","1","N","N","N","0","","0","0","0","","0","","","2","0","0","0","0","0","0","2","0","2","","03","","N","","","","","","","","","",""
"2022097223","","1","0","0","0","0","0","0","0","0","7","0","","02","10","2022","4","40.601513","-80.072544","","11","0","0","0","0","0","0","0","1","","0","0","0","","","0","N","0","","40 36:05.445","","0","80 04:21.159","0","0","0","0","2481","0","0","0","N","0","0","0","1","02481","0","","4.0","","9","N","N","N","0","","0","0","0","","0","","","1","0","0","0","0","0","0","2","0","1","","","","N","","","","","","","","","",""
"2022098917","","1","0","0","0","0","0","0","0","0","7","0","","02","10","2022","3","40.464695","-79.89908","","11","0","0","0","0","0","0","0","0","","0","0","0","","","0","N","0","","40 27:52.903","","0","79 53:56.687","0","0","0","0","2301","0","0","0","N","0","0","0","1","02301","0","","4.0","","1","N","N","N","0","","0","0","0","","0","","","1","0","0","0","0","0","0","2","0","1","","03","","N","","","","","","","","","",""
"2022097242","","0","0","0","0","0","0","0","0","0","4","0","","02","10","2022","5","40.458823","-79.972799","","11","0","0","0","0","0","2","0","0","","0","0","0","","","0","","1","","40 27:31.764","4","0","79 58:22.075","0","0","0","0","2301","0","0","0","N","0","0","0","3","02301","0","","1.0","1400.0","1","N","N","N","1","","0","0","1","","2","N","","2","0","0","0","0","0","0","2","0","2","","03","","N","","","","","","","","","",""
"2022088163","","2","0","0","0","0","0","0","0","0","5","0","","02","9","2022","6","40.406337","-79.953889","","11","0","0","0","0","1","0","0","0","","0","0","0","","","0","N","0","","40 24:22.812","1","0","79 57:14.002","0","0","0","0","2403","0","0","0","N","0","0","0","3","02403","0","","1.0","28.0","1","","","N","0","","0","0","0","","0","N","","2","0","0","0","0","0","0","2","0","2","","03","","N","","","","","","","","","",""
"2022100697","","1","0","0","0","0","0","0","0","0","1","0","","02","10","2022","7","40.449748","-80.02513","","11","0","0","0","0","0","0","0","0","","0","0","0","","","0","","1","","40 26:59.093","1","2","80 01:30.467","0","0","0","0","2301","0","0","0","N","0","0","0","4","02301","0","","1.0","2153.0","1","N","N","N","0","","0","0","1","","2","N","","2","0","0","0","0","0","0","2","0","2","","03","","N","","","","","","","","","",""
"2022088258","","1","0","0","0","0","0","0","0","0","7","0","","02","9","2022","1","40.44025","-79.947083","","11","0","0","0","0","0","0","0","0","","0","0","0","","","0","N","0","","40 26:24.900","1","0","79 56:49.500","9","0","0","0","2301","0","0","0","N","0","0","0","1","02301","0","","5.0","925.0","9","N","N","N","0","","0","0","0","","0","Y","","1","0","0","0","0","0","1","2","0","1","","04","","N","","","","","","","","","",""
"2022096819","","3","0","0","0","0","0","0","0","0","1","0","","02","10","2022","4","40.428023","-79.961145","","11","0","0","0","0","0","1","0","0","","0","0","0","","","0","N","0","","40 25:40.884","4","3","79 57:40.121","0","0","0","0","2301","0","0","0","N","0","0","0","3","02301","0","","1.0","1220.0","9","N","N","Y","0","","0","0","0","","0","N","","3","0","0","0","0","0","0","2","0","3","","","","N","","","","","","","","","",""
"2022100085","","0","0","0","0","0","0","0","0","0","5","0","","02","10","2022","5","40.301562","-80.017071","","11","0","0","0","0","0","0","0","0","","0","0","0","","","1","N","0","","40 18:05.623","6","0","80 01:01.454","8","0","0","0","2219","0","0","0","N","0","0","0","1","02219","0","","6.0","2024.0","1","N","N","Y","0","","0","0","2","","0","N","","3","1","1","0","0","1","0","2","1","3","","03","","N","","","","","","","","","",""
"2022111612","","0","0","0","0","0","0","0","0","0","4","0","","02","11","2022","7","40.367103","-79.984136","","11","0","0","0","0","0","0","1","0","","0","0","0","","","0","N","0","","40 22:01.570","2","0","79 59:02.891","9","0","0","0","2413","0","0","0","N","0","0","0","2","02413","0","","1.0","1903.0","1","","","N","1","","0","0","1","","0","N","","2","0","0","0","0","0","1","2","0","2","","","","N","","","","","","","","","",""
"2022099183","","1","0","0","0","0","0","0","0","0","1","0","","02","10","2022","3","40.418547","-80.04574","","11","0","0","0","0","0","2","0","0","","0","0","0","","","1","","1","","40 25:06.770","1","0","80 02:44.663","3","0","0","0","2435","0","0","0","N","0","0","0","2","02435","0","","1.0","1203.0","1","N","N","N","0","","1","0","0","","0","N","","2","1","0","0","0","0","0","2","1","2","","","","N","","","","","","","","","",""
"2022090486","","2","0","0","0","0","0","0","0","0","4","0","","02","9","2022","2","40.465361","-79.936056","","11","0","0","0","0","0","0","0","0","","0","0","0","","","1","N","0","","40 27:55.300","1","0","79 56:09.800","3","0","0","0","2301","0","0","0","N","0","0","0","1","02301","0","","1.0","210.0","9","N","N","N","0","","1","0","1","","0","Y","","3","1","0","0","0","0","0","2","0","3","","07","","N","","","","","","","","","",""
"2022097084","","1","0","0","0","0","0","0","0","0","5","0","","02","10","2022","4","40.381114","-80.044292","","11","0","0","0","0","0","0","0","0","","0","0","0","","","1","N","0","","40 22:52.012","1","0","80 02:39.451","4","0","0","0","2109","0","0","0","N","0","0","0","3","02109","1","","1.0","625.0","9","N","N","N","1","","0","0","0","","0","N","","2","1","0","0","0","0","0","2","0","2","","07","","N","","","","","","","","","",""
"2022097435","","2","0","0","0","0","0","0","0","0","4","0","","02","10","2022","5","40.534904","-80.181093","","11","0","0","0","0","0","0","1","0","","0","0","0","","","0","","2","","40 32:05.655","5","0","80 10:51.935","0","0","0","0","2458","0","0","0","N","0","0","0","2","02458","0","","1.0","20.0","1","N","N","N","0","","0","0","0","","3","N","","2","0","0","0","0","0","0","2","0","2","","03","","N","","","","","","","","","",""
"2022099403","","1","0","0","0","0","0","0","0","0","1","0","","02","10","2022","4","40.516995","-79.97246","","11","1","1","0","0","0","0","0","0","","0","0","0","","","0","N","0","","40 31:01.181","6","0","79 58:20.855","0","0","0","0","2118","0","0","0","N","0","0","0","2","02118","0","","1.0","1514.0","9","N","N","N","0","","0","0","1","","0","Y","","2","0","0","0","0","0","0","2","0","2","","","","N","","","","","","","","","",""
"2022112778","","1","0","0","0","0","0","0","0","0","5","0","","02","11","2022","2","40.488476","-80.078526","","11","0","0","0","0","0","0","0","0","","0","0","0","","","0","N","0","","40 29:18.513","5","0","80 04:42.692","0","0","0","0","2122","0","0","0","N","0","0","0","1","02122","0","","1.0","1831.0","9","N","N","N","0","","0","0","2","","0","N","","3","0","1","0","0","0","0","2","0","3","","","","N","","","","","","","","","",""
"2022099210","","2","0","0","0","0","0","0","0","0","7","0","","02","10","2022","2","40.463775","-79.895865","","11","0","0","0","0","1","0","0","0","","0","0","0","","","2","N","0","","40 27:49.589","6","0","79 53:45.113","2","0","0","0","2301","0","0","0","N","0","0","0","2","02301","0","","1.0","230.0","1","N","N","N","0","","0","2","0","","0","Y","","2","2","2","0","2","0","0","2","0","2","","03","","N","","","","","","","","","",""
"2022098587","","1","0","0","0","0","0","0","0","0","4","0","","02","10","2022","2","40.382991","-79.806949","","11","0","1","0","0","0","0","0","0","","0","0","0","","","0","","3","","40 22:58.768","","0","79 48:25.015","0","0","0","0","2424","0","0","0","N","0","0","0","4","02424","0","","1.0","","1","N","N","N","0","","0","0","1","","0","","","2","0","0","0","0","0","0","2","0","2","","03","","N","","","","","","","","","",""
"2022081553","","0","0","0","0","0","0","0","0","0","1","0","","02","8","2022","2","40.318636","-79.824674","","11","0","0","0","0","0","1","0","0","","0","0","0","","","1","","2","","40 19:07.091","","0","79 49:28.825","3","0","0","0","2469","0","0","0","N","0","0","0","3","02469","0","","1.0","","1","N","N","N","0","","1","0","2","","0","","","2","1","0","0","0","0","0","2","0","2","","03","","N","","","","","","","","","",""
"2022122013","","1","0","0","0","0","0","0","0","0","4","0","","02","12","2022","4","40.449185","-79.762249","","11","0","0","0","0","0","0","1","0","","0","0","0","","","1","","1","","40 26:57.065","","0","79 45:44.095","3","0","0","0","2446","0","0","0","N","0","0","0","2","02446","0","","1.0","","1","N","N","N","1","","1","0","0","","3","","","2","1","0","0","0","0","0","2","0","2","","","","N","","","","","","","","","",""
"2022100679","","0","0","0","0","0","0","0","0","0","7","0","","02","10","2022","6","40.643424","-80.015339","","11","0","0","0","0","0","0","0","0","","0","0","0","","","0","N","0","","40 38:36.325","","0","80 00:55.222","0","0","0","0","2216","0","0","0","N","0","0","0","5","68T02","0","","2.0","","1","N","N","N","0","","0","0","0","","0","","","1","0","0","0","0","0","0","2","1","1","","03","","N","","","","","","","","","",""
"2022087650","","2","0","0","0","0","0","0","0","0","1","0","","02","9","2022","6","40.457404","-79.896284","","11","0","0","0","0","0","0","0","0","","0","0","0","","","0","","1","","40 27:26.654","","0","79 53:46.622","0","0","0","0","2301","0","0","0","N","0","0","0","0","02301","0","","1.0","","1","N","N","N","0","","0","0","2","","2","","","4","0","0","0","0","0","0","2","0","4","","03","","N","","","","","","","","","",""
"2022101500","","1","0","0","0","0","0","0","0","0","7","0","","02","10","2022","7","40.542507","-79.726101","","11","0","0","0","0","0","0","0","0","","0","0","0","","","1","N","0","","40 32:33.026","5","0","79 43:33.963","8","0","0","0","2466","0","0","0","Y","0","0","0","1","02466","0","","2.0","211.0","1","N","N","N","0","","0","0","0","","0","Y","","1","1","0","0","0","1","0","1","0","1","","03","","N","","","","","","","","","",""
"2022098325","","2","0","0","0","0","0","0","0","0","4","0","","02","10","2022","1","40.462492","-79.927823","","11","0","0","0","0","0","1","0","0","","0","0","0","","","1","","1","","40 27:44.971","","0","79 55:40.161","4","0","0","0","2301","0","0","0","N","0","0","0","3","02301","1","","1.0","","1","N","N","N","0","","0","0","1","","2","","","3","1","0","0","0","0","0","2","0","3","","","","N","","","","","","","","","",""
"2022100702","","1","0","0","0","0","0","0","0","0","7","0","","02","10","2022","7","40.444452","-80.028824","","11","0","0","0","0","0","0","0","0","","0","0","0","","","0","N","0","","40 26:40.028","4","0","80 01:43.767","9","0","0","0","2301","0","0","0","N","0","0","0","2","02301","0","","2.0","615.0","1","N","N","N","0","","0","0","0","","4","Y","","1","0","1","0","0","0","2","2","0","1","","","","N","","","","","","","","","",""
"2022116699","","1","0","0","0","0","0","0","0","0","1","0","","02","12","2022","4","40.53654","-80.184319","","11","0","0","0","0","0","0","0","0","","0","0","0","","","0","","1","","40 32:11.544","","0","80 11:03.548","0","0","0","0","2458","0","0","0","N","0","0","0","2","02458","0","","1.0","","1","N","N","N","0","","0","0","1","","2","","","2","0","0","0","0","0","0","2","0","2","","03","","N","","","","","","","","","",""
"2022085176","","1","0","0","0","0","0","0","0","0","4","0","","02","9","2022","4","40.338108","-79.809303","","11","0","0","0","0","0","2","0","0","","0","0","0","","","0","N","0","","40 20:17.188","4","7","79 48:33.492","9","0","0","0","2477","0","0","0","N","0","0","0","3","02477","0","","1.0","1745.0","1","N","N","N","0","","0","0","1","","8","N","","2","0","0","0","0","0","2","2","0","2","","03","","N","","","","","","","","","",""
"2022100598","","1","0","0","0","0","0","0","0","0","1","0","","02","10","2022","7","40.426672","-79.966396","","11","0","0","0","0","0","0","0","0","","0","0","0","","","1","Y","0","","40 25:36.018","","0","79 57:59.025","4","0","0","0","2301","0","0","0","N","0","0","0","2","02301","1","","1.0","","1","N","N","N","0","","0","0","1","","2","","","2","1","0","0","0","0","0","2","0","2","","03","","N","","","","","","","","","",""
"2022125023","","0","0","0","0","0","0","0","0","0","98","0","","02","12","2022","7","40.497536","-79.835048","","11","0","0","0","0","0","0","0","0","","0","0","0","","","0","N","0","","40 29:51.129","2","0","79 50:06.171","0","0","0","0","2113","0","0","0","N","0","0","0","1","02113","0","","1.0","215.0","1","N","N","N","0","","0","0","1","","0","N","","1","0","0","0","0","0","0","2","0","1","","","","N","","","","","","","","","",""
"2022099424","","0","0","0","0","0","0","0","0","0","7","0","","02","10","2022","4","40.59218","-79.888271","","11","0","1","0","0","0","0","0","0","","0","0","0","","","1","N","0","","40 35:31.848","4","0","79 53:17.774","4","0","0","0","2209","0","0","0","N","0","0","0","1","02209","1","","2.0","1644.0","9","N","N","N","0","","0","0","1","","0","N","","1","1","0","0","0","0","0","1","0","1","","","","N","","","","","","","","","",""
"2022099936","","2","0","0","0","0","0","0","0","0","4","0","","02","10","2022","5","40.4523","-79.950658","","11","0","0","0","0","2","0","0","0","","0","0","0","","","0","N","0","","40 27:08.279","","0","79 57:02.369","0","0","0","0","2301","0","0","0","N","0","0","0","2","02301","0","","1.0","","1","N","N","N","0","","0","0","0","","0","","","2","0","0","0","0","0","0","2","0","2","","","","N","","","","","","","","","",""
"2022120887","","1","0","0","0","0","0","0","0","0","4","0","","02","12","2022","2","40.625494","-79.9418","","11","0","0","0","0","0","0","0","0","","0","1","0","","","0","","1","","40 37:31.778","","0","79 56:30.481","0","0","0","0","2217","0","0","0","N","0","0","0","2","02505","0","","1.0","","1","N","N","N","0","","0","0","0","","2","","","2","0","0","0","0","0","0","2","0","2","","","","N","","","","","","","","","",""
"2022092324","","0","0","0","0","0","0","0","0","0","4","0","","02","9","2022","4","40.354173","-79.824386","","11","0","0","0","0","0","0","0","1","","0","0","0","","","0","N","2","","40 21:15.022","","0","79 49:27.789","0","0","0","0","2477","0","0","0","N","0","0","0","2","02477","0","","1.0","","1","N","N","Y","0","","0","0","2","","4","N","","2","0","0","0","0","0","0","2","0","2","","03","","N","","","","","","","","","",""
"2022105525","","1","0","0","0","0","0","0","0","0","1","0","","02","11","2022","6","40.425765","-80.01976","","11","0","0","0","0","0","0","0","0","","0","0","0","","","0","","1","","40 25:32.754","","0","80 01:11.135","0","0","0","0","2301","0","0","0","N","0","0","0","3","02301","0","","1.0","","9","N","N","N","0","","0","0","1","","2","","","2","0","0","0","0","0","0","2","0","2","","04","","N","","","","","","","","","",""
"2022102577","","1","0","0","0","0","0","0","0","0","1","0","","02","10","2022","6","40.44778","-79.787249","","11","0","0","0","0","1","0","0","0","","0","0","0","","","1","N","0","","40 26:52.009","6","0","79 47:14.098","4","0","0","0","2446","0","0","0","N","0","0","0","1","02446","1","","1.0","1810.0","1","N","N","N","0","","0","0","0","","0","Y","","2","1","0","0","0","0","0","2","1","2","","03","","N","","","","","","","","","",""
"2022098450","","1","0","0","0","0","0","0","0","0","1","0","","02","10","2022","2","40.435056","-79.995041","","11","0","0","0","0","0","1","2","0","","0","0","0","","","0","N","0","","40 26:06.203","","3","79 59:42.149","0","0","0","0","2301","0","0","0","N","0","0","0","6","02301","0","","1.0","","1","N","N","Y","0","","0","0","2","","0","","","3","0","0","0","0","0","0","2","0","3","","03","","N","","","","","","","","","",""
"2022097266","","1","0","0","0","0","0","0","0","0","1","0","","02","10","2022","5","40.380522","-80.104829","","11","0","0","1","0","0","0","0","0","","0","0","0","","","0","N","0","","40 22:49.879","3","7","80 06:17.383","0","0","0","0","2102","0","0","0","N","0","0","0","2","02102","0","","1.0","1520.0","1","N","Y","N","0","","0","0","1","","0","N","","2","0","2","0","0","0","0","2","0","2","","03","","N","","","","","","","","","",""
"2022100202","","0","0","0","0","0","0","0","0","0","8","0","","02","10","2022","6","40.469748","-79.894586","","11","0","0","0","0","0","1","0","0","","0","0","0","","","2","","2","","40 28:11.091","","0","79 53:40.511","8","0","0","0","2301","1","0","0","N","1","0","0","2","02301","0","","4.0","","1","N","N","N","0","","0","0","1","","3","","","2","2","0","0","0","2","0","2","0","1","","03","","N","","","","","","","","","",""
"2022088626","","2","0","1","0","0","0","0","0","0","4","0","","02","9","2022","6","40.393868","-80.046311","","11","0","0","0","0","0","2","0","0","","0","0","0","","","3","","3","","40 23:37.924","","0","80 02:46.719","2","0","0","0","2109","0","0","0","N","0","0","0","3","02109","0","","1.0","","1","N","N","N","0","","2","1","1","","2","","","3","3","0","0","0","0","0","2","0","3","","","","N","","","","","","","","","",""
"2022121650","","1","0","0","0","0","0","0","0","0","1","0","","02","9","2022","3","40.436715","-80.001125","","11","0","0","0","0","0","1","0","0","","0","0","0","","","0","N","0","","40 26:12.175","4","0","80 00:04.050","0","0","0","0","2301","0","0","0","N","0","0","0","2","68B03","0","","1.0","1135.0","1","N","N","N","0","","0","0","1","","0","N","","2","0","0","0","0","0","0","2","0","2","","","","N","","","","","","","","","",""
"2022100573","","1","0","0","0","0","0","0","0","0","4","0","","02","10","2022","7","40.451656","-80.028209","","11","0","0","0","0","0","0","0","0","","0","0","0","","","1","","7","","40 27:05.961","","2","80 01:41.551","3","0","0","0","2301","0","0","0","N","0","0","0","5","02301","0","","1.0","","1","N","N","N","0","","1","0","1","","0","N","","2","1","1","0","0","0","1","2","0","2","","03","","N","","","","","","","","","",""
"2022124517","","0","0","0","0","0","0","0","0","0","3","0","","02","12","2022","5","40.465174","-79.729851","","11","0","0","0","0","1","0","0","0","","0","0","0","","","0","","2","","40 27:54.625","","0","79 43:47.463","0","0","0","0","2466","0","0","0","N","0","0","0","3","02466","0","","1.0","","9","N","N","N","0","","0","0","1","","0","","","2","0","0","0","0","0","0","2","1","2","","","","N","","","","","","","","","",""
"2022112811","","0","0","0","0","0","0","0","0","0","4","0","","02","11","2022","4","40.576692","-80.222432","","11","0","0","0","0","0","1","0","0","","0","0","0","","","2","","2","","40 34:36.090","7","0","80 13:20.756","3","0","0","0","2441","0","0","0","N","0","0","0","2","02441","0","","1.0","145.0","1","N","N","N","0","","1","0","2","","2","N","","2","2","0","0","0","1","0","2","0","2","","","","N","","","","","","","","","",""
"2022108775","","1","0","0","0","0","0","0","0","0","4","0","","02","11","2022","6","40.453245","-79.906937","","11","0","0","0","0","0","1","0","0","","0","0","0","","","0","","1","","40 27:11.683","1","0","79 54:24.972","0","0","0","0","2301","0","0","0","N","0","0","0","3","02301","0","","1.0","900.0","1","N","N","N","0","","0","0","1","","2","N","","2","0","0","0","0","0","0","2","0","2","","","","N","","","","","","","","","",""
"2022100993","","1","0","0","0","0","0","0","0","0","98","0","","02","10","2022","7","40.529547","-79.790322","","11","0","0","0","0","0","0","0","0","","0","0","0","","","0","N","0","","40 31:46.369","","0","79 47:25.158","0","0","0","0","2466","0","0","0","N","0","0","0","1","02466","0","","1.0","","1","N","N","N","0","","0","0","0","","0","","","1","0","0","0","0","0","0","1","0","1","","","","N","","","","","","","","","",""
"2022098388","","0","0","0","0","0","0","0","0","0","4","0","","02","10","2022","2","40.451961","-80.114721","","11","0","0","0","0","0","1","0","0","","0","0","0","","","0","","2","","40 27:07.058","","0","80 06:52.997","0","0","0","0","2115","0","0","0","N","0","0","0","3","02115","0","","1.0","","1","N","N","N","0","","0","0","2","","0","","","2","0","0","0","0","0","0","2","0","2","","03","","N","","","","","","","","","",""
"2022097920","","0","0","0","0","0","0","0","0","0","0","0","","02","10","2022","7","40.426164","-79.910502","","11","0","0","0","0","0","0","0","0","","0","0","0","","","1","N","0","","40 25:34.189","3","0","79 54:37.808","3","0","0","1","2301","0","0","0","N","0","0","0","1","02301","0","","1.0","1330.0","1","N","N","N","0","","1","0","0","","0","Y","","1","1","0","0","0","0","0","2","0","1","","03","","N","","","","","","","","","",""
"2022097486","","0","0","0","0","0","0","0","0","0","7","0","","02","10","2022","6","40.435441","-80.013256","","11","0","0","0","0","0","0","0","0","","0","0","0","","","0","Y","0","","40 26:07.589","4","0","80 00:47.721","0","0","0","0","2301","0","0","0","N","0","0","0","1","02301","0","","2.0","145.0","1","N","N","N","0","","0","0","1","","2","N","","1","0","0","0","0","0","0","2","0","1","","","","N","","","","","","","","","",""
"2022100305","","1","0","0","0","0","0","0","0","0","0","0","","02","10","2022","6","40.406504","-79.893466","","11","0","0","0","0","0","0","0","0","","0","0","0","","","0","N","0","","40 24:23.414","","0","79 53:36.476","9","0","0","0","2448","0","0","0","N","0","0","0","1","02448","0","","1.0","","1","N","N","N","0","","0","0","0","","0","","","1","0","0","0","0","0","1","2","0","1","","03","","N","","","","","","","","","",""
"2022097077","","1","0","0","0","0","0","0","0","0","7","0","","02","10","2022","5","40.434333","-79.941778","","11","0","0","0","0","0","0","0","0","","0","0","0","","","0","N","0","","40 26:03.600","","0","79 56:30.400","0","0","0","0","2301","0","0","0","N","0","0","0","1","02301","0","","4.0","","9","N","N","N","0","","0","0","0","","0","","","1","0","0","0","0","0","0","2","0","1","","","","N","","","","","","","","","",""
"2022098172","","2","0","0","0","0","0","0","0","0","1","0","","02","10","2022","7","40.556865","-79.958628","","11","0","1","0","0","0","0","1","0","","0","0","0","","","1","N","0","","40 33:24.714","","7","79 57:31.062","4","0","0","0","2207","0","0","0","N","0","0","0","3","02207","1","","1.0","","1","N","N","N","0","","0","0","0","","0","","","2","1","0","0","0","0","0","2","0","2","","03","","N","","","","","","","","","",""
"2022100121","","0","0","0","0","0","0","0","0","0","2","0","","02","10","2022","5","40.461391","-80.017555","","11","0","0","0","0","0","0","0","0","","0","0","0","","","3","N","0","","40 27:41.008","","0","80 01:03.198","2","0","0","0","2301","0","0","0","N","0","0","0","4","02301","0","","1.0","","1","N","N","N","1","","2","1","1","","0","N","","2","3","1","0","0","0","0","2","0","2","","","","N","","","","","","","","","",""
"2022090199","","0","0","0","0","0","0","0","0","0","5","0","","02","9","2022","7","40.358249","-79.831788","","11","0","0","0","0","0","0","0","0","","0","0","0","","","2","","2","","40 21:29.695","5","0","79 49:54.436","3","0","0","0","2477","0","0","0","N","0","0","0","3","02477","0","","1.0","2130.0","1","N","N","N","0","","2","0","1","","3","N","","2","2","0","0","0","0","0","2","1","2","","03","","N","","","","","","","","","",""
"2022100446","","2","0","0","0","0","0","0","0","0","4","0","","02","10","2022","5","40.446","-80.306504","","11","0","0","0","0","0","0","0","0","","0","0","0","","","3","N","0","","40 26:45.599","1","7","80 18:23.413","3","0","0","0","2203","0","0","0","N","0","0","0","3","02203","0","","1.0","1756.0","1","N","N","N","0","","3","0","0","","3","N","","2","3","0","0","0","0","0","1","0","2","","","","N","","","","","","","","","",""
"2022109057","","1","0","0","0","0","0","0","0","0","6","0","","02","11","2022","7","40.419218","-79.95737","","11","0","0","0","0","0","1","0","0","","0","0","0","","","1","N","0","","40 25:09.186","","0","79 57:26.533","3","0","0","0","2301","0","0","0","N","0","0","0","2","02301","0","","1.0","","1","N","Y","N","0","","1","0","0","","0","","","2","1","0","0","0","0","1","2","0","2","","98","","N","","","","","","","","","",""
"2022096789","","1","0","0","0","0","0","0","0","0","1","0","","02","10","2022","4","40.406149","-80.003401","","11","0","0","0","0","0","1","0","0","","0","0","0","","","0","N","0","","40 24:22.136","1","0","80 00:12.243","0","0","0","0","2301","0","0","0","N","0","0","0","2","02301","0","","1.0","940.0","1","N","N","N","0","","0","0","1","","0","N","","2","0","0","0","0","0","0","2","0","2","","03","","N","","","","","","","","","",""
"2022098093","","0","0","0","0","0","0","0","0","0","7","0","","02","10","2022","7","40.453997","-79.953297","","11","0","0","0","0","1","0","0","0","","0","0","0","","","1","","3","","40 27:14.390","2","0","79 57:11.870","3","0","0","0","2301","0","0","0","N","0","0","0","5","02301","0","","4.0","100.0","1","N","N","N","0","","1","0","1","","1","N","","1","1","0","0","0","0","0","2","0","1","","03","","N","","","","","","","","","",""