"CRN","ARRIVAL_TM","AUTOMOBILE_COUNT","BELTED_DEATH_COUNT","BELTED_SUSP_SERIOUS_INJ_COUNT","BICYCLE_COUNT","BICYCLE_DEATH_COUNT","BICYCLE_SUSP_SERIOUS_INJ_COUNT","BUS_COUNT","CHLDPAS_DEATH_COUNT","CHLDPAS_SUSP_SERIOUS_INJ_COUNT","COLLISION_TYPE","COMM_VEH_COUNT","CONS_ZONE_SPD_LIM","COUNTY","CRASH_MONTH","CRASH_YEAR","DAY_OF_WEEK","DEC_LATITUDE","DEC_LONGITUDE","DISPATCH_TM","DISTRICT","DRIVER_COUNT_16YR","DRIVER_COUNT_17YR","DRIVER_COUNT_18YR","DRIVER_COUNT_19YR","DRIVER_COUNT_20YR","DRIVER_COUNT_50_64YR","DRIVER_COUNT_65_74YR","DRIVER_COUNT_75PLUS","EST_HRS_CLOSED","FATAL_COUNT","HEAVY_TRUCK_COUNT","HORSE_BUGGY_COUNT","HOUR_OF_DAY","ILLUMINATION","INJURY_COUNT","INTERSECTION_RELATED","INTERSECT_TYPE","LANE_CLOSED","LATITUDE","LN_CLOSE_DIR","LOCATION_TYPE","LONGITUDE","MAX_SEVERITY_LEVEL","MCYCLE_DEATH_COUNT","MCYCLE_SUSP_SERIOUS_INJ_COUNT","MOTORCYCLE_COUNT","MUNICIPALITY","NONMOTR_COUNT","NONMOTR_DEATH_COUNT","NONMOTR_SUSP_SERIOUS_INJ_COUNT","NTFY_HIWY_MAINT","PED_COUNT","PED_DEATH_COUNT","PED_SUSP_SERIOUS_INJ_COUNT","PERSON_COUNT","POLICE_AGCY","POSSIBLE_INJ_COUNT","RDWY_SURF_TYPE_CD","RELATION_TO_ROAD","ROADWAY_CLEARED","ROAD_CONDITION","SCH_BUS_IND","SCH_ZONE_IND","SECONDARY_CRASH","SMALL_TRUCK_COUNT","SPEC_JURIS_CD","SUSP_MINOR_INJ_COUNT","SUSP_SERIOUS_INJ_COUNT","SUV_COUNT","TCD_FUNC_CD","TCD_TYPE","TFC_DETOUR_IND","TIME_OF_DAY","TOTAL_UNITS","TOT_INJ_COUNT","UNBELTED_OCC_COUNT","UNB_DEATH_COUNT","UNB_SUSP_SERIOUS_INJ_COUNT","UNK_INJ_DEG_COUNT","UNK_INJ_PER_COUNT","URBAN_RURAL","VAN_COUNT","VEHICLE_COUNT","WEATHER1","WEATHER2","WORKERS_PRES","WORK_ZONE_IND","WORK_ZONE_LOC","WORK_ZONE_TYPE","WZ_CLOSE_DETOUR","WZ_FLAGGER","WZ_LAW_OFFCR_IND","WZ_LN_CLOSURE","WZ_MOVING","WZ_OTHER","WZ_SHLDER_MDN","WZ_WORKERS_INJ_KILLED"
"2022108110","2335","0","0","0","0","0","0","0","0","0","7","0","","02","11","2022","4","40.467667","-79.899167","2330","11","0","0","0","0","0","0","0","0","","0","0","0","","","0","N","0","","40 28:03.600","3","0","79 53:57.000","0","0","0","0","2301","0","0","0","N","0","0","0","1","02301","0","","4.0","0.0","9","N","N","N","0","","0","0","1","","0","N","","1","0","0","0","0","0","0","2","0","1","","","","N","","","","","","","","","",""
"2022113784","0930","2","0","1","0","0","0","0","0","0","2","0","","02","12","2022","5","40.499599","-80.060019","0927","11","0","0","0","0","0","1","0","0","","0","0","0","","","1","N","0","","40 29:58.556","2","0","80 03:36.068","2","0","0","0","2404","0","0","0","N","0","0","0","2","02404","0","","1.0","951.0","1","","","N","0","","0","1","0","","0","Y","","2","1","0","0","0","0","0","2","0","2","","","","N","","","","","","","","","",""
"2022113231","0641","0","0","0","0","0","0","0","0","0","1","0","","02","11","2022","5","40.392894","-79.932773","0640","11","0","0","0","0","0","1","0","0","","0","0","0","","","1","N","0","","40 23:34.420","","0","79 55:57.982","4","0","0","0","2301","0","0","0","N","0","0","0","3","02301","1","","1.0","","2","N","N","Y","1","","0","0","2","","0","","","3","1","0","0","0","0","0","2","0","3","","","","N","","","","","","","","","",""
"2022110163","0700","0","0","0","0","0","0","0","0","0","7","0","","02","11","2022","3","40.271802","-79.840778","0653","11","0","1","0","0","0","0","0","0","","0","0","0","","","0","N","0","","40 16:18.486","5","0","79 50:26.799","0","0","0","0","2105","0","0","0","N","0","0","0","1","02105","0","","4.0","800.0","1","N","N","N","0","","0","0","0","","0","Y","","1","0","1","0","0","0","0","2","1","1","","","","N","","","","","","","","","",""
"2022109524","2020","0","0","0","0","0","0","0","0","0","7","0","","02","11","2022","3","40.340917","-79.936611","2016","11","0","1","0","0","0","0","0","0","","0","0","0","","","0","N","0","","40 20:27.300","","0","79 56:11.800","0","0","0","0","2473","0","0","0","N","0","0","0","1","02473","0","","4.0","","2","N","N","N","0","","0","0","1","","0","","","1","0","0","0","0","0","0","2","0","1","","10","","N","","","","","","","","","",""
"2022109835","1527","0","0","0","0","0","0","0","0","0","4","0","","02","11","2022","2","40.380972","-79.874333","1523","11","0","1","0","0","0","0","1","0","","0","0","0","","","1","","1","","40 22:51.500","3","7","79 52:27.600","4","0","0","0","2473","0","0","0","N","0","0","0","3","02473","1","","1.0","1535.0","1","N","N","N","0","","0","0","2","","3","N","","2","1","0","0","0","0","0","2","0","2","","03","","N","","","","","","","","","",""
"2022111164","2144","1","0","0","0","0","0","0","0","0","1","0","","02","11","2022","5","40.387908","-79.945393","2141","11","0","0","0","0","0","1","0","0","","0","0","0","","","0","N","0","","40 23:16.470","7","0","79 56:43.414","0","0","0","0","2403","0","0","0","N","0","0","0","1","02403","0","","6.0","2227.0","1","N","N","N","0","","0","0","2","","0","Y","","3","0","0","0","0","0","0","2","0","3","","03","","N","","","","","","","","","",""
"2022110408","2125","2","0","0","0","0","0","0","0","0","4","0","","02","11","2022","2","40.445972","-79.84844","2123","11","0","0","1","0","0","0","0","0","","0","0","0","","","0","","1","","40 26:45.500","1","0","79 50:54.384","0","0","0","0","2419","0","0","0","N","0","0","0","2","02419","0","","1.0","2155.0","1","N","N","N","0","","0","0","0","","2","N","","2","0","0","0","0","0","0","2","0","2","","03","","N","","","","","","","","","",""
"2022117291","2359","0","0","0","0","0","0","0","0","0","98","0","","02","12","2022","1","40.442667","-79.80775","2358","11","0","0","0","0","0","0","0","0","","0","0","0","","","0","N","0","","40 26:33.600","","0","79 48:27.900","0","0","0","0","2113","0","0","0","N","0","0","0","1","02113","0","","1.0","","1","N","N","N","0","","0","0","1","","0","","","1","0","0","0","0","0","0","2","0","1","","03","","N","","","","","","","","","",""
"2022116897","1800","1","0","0","0","0","0","0","0","0","1","0","","02","12","2022","4","40.367056","-80.114857","1753","11","0","0","0","0","0","0","0","0","","0","0","0","","","0","","2","","40 22:01.400","","0","80 06:53.485","0","0","0","0","2102","0","0","0","N","0","0","0","2","02102","0","","1.0","","9","N","N","N","1","","0","0","0","","0","","","2","0","0","0","0","0","0","2","0","2","","","","N","","","","","","","","","",""
"2022112675","1349","1","0","0","0","0","0","0","0","0","1","0","","02","11","2022","3","40.424101","-80.111781","1332","11","0","1","0","0","1","0","0","0","","0","0","0","","","0","N","0","","40 25:26.763","","2","80 06:42.413","0","0","0","0","2102","0","0","0","N","0","0","0","3","68B03","0","","1.0","","1","N","N","N","0","","0","0","1","","0","","","3","0","0","0","0","0","0","2","1","3","","","","N","","","","","","","","","",""
"2022122735","1810","2","0","0","0","0","0","0","0","0","4","0","","02","12","2022","3","40.392417","-79.838472","1810","11","0","0","0","0","0","0","0","0","","0","0","0","","","3","N","0","","40 23:32.700","6","3","79 50:18.500","8","0","0","0","2425","0","0","0","N","0","0","0","3","68B03","0","","1.0","2313.0","1","N","N","N","0","","0","0","0","","0","N","","2","3","0","0","0","3","0","2","0","2","","","","N","","","","","","","","","",""
"2022118217","0253","0","0","0","0","0","0","0","0","0","7","0","","02","12","2022","2","40.451","-79.878528","0253","11","0","0","0","0","0","0","0","0","","0","0","0","","","0","","2","","40 27:03.600","5","0","79 52:42.700","9","0","0","0","2301","0","0","0","N","0","0","0","4","02301","0","","5.0","400.0","1","N","N","N","0","","0","0","1","","0","Y","","1","0","0","0","0","0","3","2","0","1","","03","","N","","","","","","","","","",""
"2022109764","1034","0","0","0","0","0","0","0","0","0","1","0","","02","11","2022","7","40.45299","-79.89039","1024","11","0","0","0","0","0","0","0","0","","0","0","0","","","0","N","0","","40 27:10.763","","0","79 53:25.403","0","0","0","0","2301","0","0","0","N","0","0","0","1","02301","0","","6.0","","1","N","N","N","0","","0","0","1","","0","","","2","0","0","0","0","0","0","2","1","2","","","","N","","","","","","","","","",""
"2022110604","0804","1","0","0","0","0","0","0","0","0","4","0","","02","11","2022","3","40.406439","-79.829981","0806","11","0","0","0","0","0","1","0","0","","0","0","0","","","0","","1","","40 24:23.179","3","0","79 49:47.932","0","0","0","0","2467","0","0","0","N","0","0","0","2","02467","0","","1.0","840.0","1","N","N","N","0","","0","0","0","","2","N","","2","0","2","0","0","0","0","2","1","2","","","","N","","","","","","","","","",""
"2022121820","2112","1","0","0","0","0","0","0","0","0","7","0","","02","12","2022","1","40.316993","-79.833589","2111","11","0","0","0","0","0","0","0","0","","0","0","0","","","0","N","0","","40 19:01.175","","0","79 50:00.921","0","0","0","0","2469","0","0","0","N","0","0","0","1","02469","0","","4.0","","1","N","N","N","0","","0","0","0","","0","","","1","0","0","0","0","0","0","2","0","1","","03","","N","","","","","","","","","",""
"2022109010","1819","1","0","0","0","0","0","0","0","0","4","0","","02","11","2022","6","40.480711","-79.704919","1814","11","0","0","0","0","0","0","0","1","","0","0","0","","","0","","2","","40 28:50.560","4","0","79 42:17.708","0","0","0","0","2466","0","0","0","N","0","0","0","2","02466","0","","1.0","1846.0","9","N","N","N","0","","0","0","1","","0","N","","2","0","0","0","0","0","0","2","0","2","","04","","N","","","","","","","","","",""
"2022118606","2317","1","0","0","0","0","0","0","0","0","4","0","","02","12","2022","5","40.462161","-79.926821","2317","11","0","0","0","0","0","1","0","0","","0","0","0","","","0","","1","","40 27:43.778","","0","79 55:36.555","0","0","0","0","2301","0","0","0","N","0","0","0","2","02301","0","","1.0","","1","N","N","N","0","","0","0","1","","0","","","2","0","0","0","0","0","0","2","0","2","","03","","N","","","","","","","","","",""
"2022109777","0710","0","0","0","0","0","0","0","0","0","7","0","","02","11","2022","2","40.327965","-79.828165","0708","11","0","0","0","0","1","0","0","0","","0","0","0","","","0","N","0","","40 19:40.674","4","0","79 49:41.393","0","0","0","0","2304","0","0","0","N","0","0","0","1","02304","0","","5.0","754.0","1","N","N","N","0","","0","0","1","","0","N","","1","0","0","0","0","0","0","2","0","1","","03","","N","","","","","","","","","",""
"2022110577","2218","1","0","0","0","0","0","0","0","0","1","0","","02","11","2022","3","40.454249","-79.886804","2214","11","0","0","0","1","0","0","0","0","","0","0","0","","","0","","1","","40 27:15.296","","0","79 53:12.495","9","0","0","0","2301","0","0","0","Y","0","0","0","2","02301","0","","1.0","","1","N","N","Y","0","","0","0","0","","0","","","2","0","0","0","0","0","1","2","0","2","","03","","N","","","","","","","","","",""
"2022108382","1908","1","0","0","0","0","0","0","0","0","7","0","","02","11","2022","4","40.446796","-80.068771","1903","11","0","0","0","1","0","0","0","0","","0","0","0","","","0","N","0","","40 26:48.465","3","0","80 04:07.574","0","0","0","0","2439","0","0","0","N","0","0","0","1","02439","0","","4.0","1946.0","1","N","N","N","0","","0","0","0","","0","N","","1","0","0","0","0","0","0","2","0","1","","","","N","","","","","","","","","",""
"2022106421","1756","1","0","0","0","0","0","0","0","0","4","0","","02","11","2022","1","40.435769","-79.994655","1743","11","0","0","0","0","0","0","0","0","","0","0","0","","","0","","6","","40 26:08.770","","3","79 59:40.758","0","0","0","0","2301","0","0","0","N","0","0","0","3","02301","0","","1.0","","1","N","N","N","0","","0","0","1","","3","","","2","0","0","0","0","0","0","2","0","2","","","","N","","","","","","","","","",""
"2022116269","0057","0","0","0","0","0","0","0","0","0","1","0","","02","11","2022","1","40.433233","-79.869998","0051","11","0","0","0","0","0","0","0","0","","0","0","0","","","0","N","0","","40 25:59.640","","0","79 52:11.993","0","0","0","0","2478","0","0","0","N","0","0","0","2","68B03","0","","1.0","","9","N","N","N","0","","0","0","1","","0","","","2","0","0","0","0","0","0","2","1","2","","","","N","","","","","","","","","",""
"2022106278","0838","1","0","0","0","0","0","0","0","0","4","0","","02","11","2022","1","40.453478","-79.982292","0829","11","0","0","0","0","0","1","0","0","","0","0","0","","","0","","1","","40 27:12.521","","0","79 58:56.250","0","0","0","0","2301","0","0","0","N","0","0","0","4","02301","0","","1.0","","1","N","N","N","0","","0","0","1","","3","","","2","0","0","0","0","0","0","2","0","2","","","","N","","","","","","","","","",""
"2022107222","0753","1","0","0","0","0","0","0","0","0","1","0","","02","11","2022","3","40.332003","-79.985855","0750","11","0","0","0","0","0","0","0","0","","0","0","0","","","1","N","0","","40 19:55.209","","0","79 59:09.079","3","0","0","0","2403","0","0","0","N","0","0","0","4","02403","0","","1.0","","1","N","N","N","0","","1","0","1","","0","","","2","1","0","0","0","0","0","2","0","2","","03","","N","","","","","","","","","",""
"2022106196","0124","0","0","0","0","0","0","0","0","0","2","0","","02","11","2022","1","40.485174","-79.946296","0123","11","0","0","0","0","0","0","0","0","","0","0","0","","","0","","1","","40 29:06.627","","0","79 56:46.666","0","0","0","0","2301","0","0","0","N","0","0","0","3","02301","0","","1.0","","1","N","N","N","0","","0","0","2","","2","","","2","0","0","0","0","0","0","2","0","2","","03","","N","","","","","","","","","",""
"2022113223","2330","1","0","0","0","0","0","0","0","0","4","0","","02","11","2022","4","40.369338","-79.910593","2330","11","0","0","0","0","0","1","0","0","","0","0","0","","","1","","3","","40 22:09.618","","0","79 54:38.135","4","0","0","0","2301","0","0","0","N","0","0","0","2","02301","1","","1.0","","1","N","N","N","0","","0","0","1","","3","","","2","1","0","0","0","0","0","2","0","2","","","","N","","","","","","","","","",""
"2022117682","1958","1","0","0","0","0","0","0","0","0","1","0","","02","12","2022","3","40.434545","-79.748377","1936","11","0","0","0","1","0","0","1","0","","0","0","0","","","2","","6","","40 26:04.363","","2","79 44:54.157","3","0","0","0","2446","0","0","0","N","0","0","0","4","68T09","0","","1.0","","1","N","N","N","0","","2","0","2","","4","","","3","2","0","0","0","0","0","2","0","3","","","","N","","","","","","","","","",""
"2022106334","1540","0","0","0","0","0","0","0","0","0","5","0","","02","11","2022","1","40.485897","-79.972495","1536","11","0","0","0","0","0","1","0","0","","0","0","0","","","0","N","0","","40 29:09.230","2","0","79 58:20.981","0","0","0","0","2445","0","0","0","N","0","0","0","1","02445","0","","6.0","1606.0","1","N","N","N","1","","0","0","2","","0","N","","3","0","0","0","0","0","0","2","0","3","","04","","N","","","","","","","","","",""
"2022115206","1540","0","0","0","0","0","0","0","0","0","7","0","","02","12","2022","3","40.56674","-80.044111","1537","11","0","0","0","0","0","0","0","0","","0","0","0","","","0","N","0","","40 34:00.263","5","0","80 02:38.798","0","0","0","0","2108","0","0","0","N","0","0","0","1","02108","0","","2.0","1630.0","9","N","N","N","0","","0","0","1","","0","Y","","1","0","0","0","0","0","0","2","0","1","","","","N","","","","","","","","","",""
"2022115214","1545","2","0","0","0","0","0","0","0","0","4","0","","02","12","2022","3","40.461311","-79.93416","1538","11","0","0","0","0","0","1","0","0","","0","0","0","","","0","","1","","40 27:40.721","","0","79 56:02.976","0","0","0","0","2301","0","0","0","N","0","0","0","3","02301","0","","1.0","","9","N","N","Y","0","","0","0","1","","3","","","3","0","0","0","0","0","0","2","0","3","","07","","N","","","","","","","","","",""
"2022106182","1938","0","0","0","0","0","0","0","0","0","0","0","","02","11","2022","7","40.281141","-79.952627","1932","11","0","0","1","0","0","0","0","0","","0","0","0","","","2","N","0","","40 16:52.109","6","0","79 57:09.458","3","0","0","0","2440","0","0","0","N","0","0","0","4","02440","0","","4.0","2056.0","1","N","N","N","0","","2","0","1","","0","N","","1","2","0","0","0","0","0","2","0","1","","","","N","","","","","","","","","",""
"2022106054","1311","1","0","0","0","0","0","0","0","0","4","0","","02","11","2022","7","40.615736","-80.094213","1302","11","0","0","0","0","0","0","0","0","","0","0","0","","","1","","1","","40 36:56.650","","2","80 05:39.165","3","0","0","0","2481","0","0","0","N","0","0","0","2","02481","0","","1.0","","9","N","N","N","0","","1","0","1","","0","","","2","1","0","0","0","0","0","2","0","2","","","","N","","","","","","","","","",""
"2022111581","0014","1","0","0","0","0","0","0","0","0","7","0","","02","11","2022","2","40.457265","-79.973552","0011","11","0","0","0","0","0","0","0","0","","0","0","0","","","0","","1","","40 27:26.154","","0","79 58:24.787","9","0","0","0","2301","0","0","0","N","0","0","0","1","02301","0","","4.0","","1","N","N","N","0","","0","0","0","","0","","","1","0","0","0","0","0","1","2","0","1","","03","","N","","","","","","","","","",""
"2022118559","1840","0","0","0","0","0","0","0","0","0","1","0","","02","12","2022","4","40.421722","-79.983306","1832","11","0","0","0","0","0","0","0","0","","0","0","0","","","1","N","0","","40 25:18.200","","0","79 58:59.900","3","0","0","0","2301","0","0","0","N","0","0","0","2","02301","0","","4.0","","1","N","N","N","0","","1","0","2","","0","","","2","1","0","0","0","0","0","2","0","2","","04","","N","","","","","","","","","",""
"2022110087","1906","1","0","0","0","0","0","0","0","0","4","0","","02","11","2022","2","40.310581","-79.826666","1858","11","0","0","0","0","0","0","1","1","","0","0","0","","","0","N","5","","40 18:38.092","1","0","79 49:35.996","0","0","0","0","2105","0","0","0","N","0","0","0","2","02105","0","","1.0","1952.0","1","N","N","N","0","","0","0","0","","2","N","","2","0","0","0","0","0","0","2","1","2","","04","","N","","","","","","","","","",""
"2022106705","1610","1","0","0","0","0","0","0","0","0","1","0","","02","11","2022","1","40.438793","-79.751476","1610","11","0","0","0","0","0","0","0","0","","0","0","0","","","1","N","0","","40 26:19.654","","0","79 45:05.312","8","0","0","0","2446","0","0","0","N","0","0","0","2","02446","0","","1.0","","1","N","N","N","0","","0","0","1","","0","","","2","1","0","0","0","1","0","2","0","2","","03","","N","","","","","","","","","",""
"2022106431","2103","2","0","0","0","0","0","0","0","0","4","0","","02","11","2022","7","40.474521","-79.971434","2102","11","0","0","0","0","0","0","0","0","","0","0","0","","","0","","2","","40 28:28.277","","2","79 58:17.162","0","0","0","0","2445","0","0","0","N","0","0","0","3","02445","0","","1.0","","9","N","N","N","0","","0","0","0","","2","","","2","0","1","0","0","0","0","2","0","2","","03","","N","","","","","","","","","",""
"2022109631","2332","0","0","0","0","0","0","0","0","0","4","0","","02","11","2022","7","40.332932","-79.984746","2329","11","0","1","0","0","0","0","0","0","","0","0","0","","","0","","2","","40 19:58.554","","0","79 59:05.086","0","0","0","0","2403","0","0","0","N","0","0","0","3","02403","0","","1.0","","1","N","N","N","0","","0","0","2","","2","","","2","0","0","0","0","0","0","2","0","2","","03","","N","","","","","","","","","",""
"2022115222","1505","0","0","0","0","0","0","0","0","0","7","0","","02","12","2022","3","40.278169","-79.80676","1500","11","0","0","0","0","0","0","0","0","","0","0","0","","","1","N","0","","40 16:41.409","5","0","79 48:24.337","3","0","0","0","2105","0","0","0","Y","0","0","0","1","02105","0","","2.0","1647.0","9","N","N","N","1","","1","0","0","","0","Y","","1","1","0","0","0","0","0","2","0","1","","07","","N","","","","","","","","","",""
"2022123510","0252","1","0","0","0","0","0","0","0","0","1","0","","02","12","2022","1","40.423861","-79.890944","0250","11","0","0","0","0","0","0","0","0","","0","0","0","","","0","","2","","40 25:25.900","","0","79 53:27.400","0","0","0","0","2463","0","0","0","N","0","0","0","2","02463","0","","1.0","","9","N","N","N","0","","0","0","0","","3","","","2","0","0","0","0","0","0","2","1","2","","02","","N","","","","","","","","","",""
"2022117454","0832","1","0","0","0","0","0","0","0","0","4","0","","02","12","2022","6","40.398304","-80.026296","0827","11","0","0","0","0","0","0","0","0","","0","0","0","","","0","","1","","40 23:53.893","1","0","80 01:34.665","0","0","0","0","2301","0","0","0","N","0","0","0","2","02301","0","","1.0","900.0","1","N","N","N","1","","0","0","0","","2","N","","2","0","0","0","0","0","0","2","0","2","","03","","N","","","","","","","","","",""
"2022121977","0638","0","0","0","0","0","0","0","0","0","4","0","","02","12","2022","6","40.446583","-79.893444","0633","11","0","0","0","0","0","0","0","0","","0","0","0","","","0","N","0","","40 26:47.700","4","7","79 53:36.400","0","0","0","0","2301","0","0","0","N","0","0","0","3","02301","0","","1.0","730.0","1","N","N","N","1","","0","0","1","","0","N","","2","0","0","0","0","0","0","2","0","2","","","","N","","","","","","","","","",""
"2022111009","1302","1","0","0","0","0","0","0","0","0","4","0","","02","11","2022","4","40.537409","-79.837303","1300","11","0","0","0","0","0","0","1","0","","0","0","0","","","0","N","0","","40 32:14.671","","7","79 50:14.292","0","0","0","0","2208","0","0","0","N","0","0","0","2","02208","0","","1.0","","1","N","N","N","1","","0","0","0","","3","","","2","0","0","0","0","0","0","2","0","2","","03","","N","","","","","","","","","",""
"2022121124","1419","2","0","0","0","0","0","0","0","0","4","0","","02","12","2022","4","40.430444","-79.797528","1414","11","0","0","0","0","0","0","0","0","","0","0","0","","","1","N","0","","40 25:49.600","","7","79 47:51.100","8","0","0","0","2446","0","0","0","N","0","0","0","2","02446","0","","1.0","","1","N","N","N","0","","0","0","0","","0","","","2","1","0","0","0","1","1","2","0","2","","03","","N","","","","","","","","","",""
"2022117113","1336","0","0","0","0","0","0","0","0","0","4","0","","02","12","2022","1","40.479361","-80.042917","1326","11","0","0","0","0","0","1","0","0","","0","0","0","","","0","N","0","","40 28:45.700","","0","80 02:34.500","0","0","0","0","2301","0","0","0","N","0","0","0","2","02301","0","","1.0","","1","N","N","N","1","","0","0","1","","0","","","2","0","0","0","0","0","0","2","0","2","","","","N","","","","","","","","","",""
"2022114388","1243","1","0","0","0","0","0","0","0","0","8","0","","02","12","2022","1","40.448029","-79.896127","1242","11","0","0","0","0","0","0","0","0","","0","0","0","","","2","N","0","","40 26:52.903","","7","79 53:46.056","8","0","0","0","2301","2","0","0","N","2","0","0","3","02301","0","","9.0","","1","N","N","N","0","","0","0","0","","0","","","3","2","0","0","0","2","0","2","0","1","","","","N","","","","","","","","","",""
"2022095750","2147","1","0","0","0","0","0","0","0","0","7","0","","02","10","2022","1","","","2139","11","0","0","0","0","0","0","0","0","","0","0","0","","","0","N","0","","","1","0","","0","0","0","0","2113","0","0","0","N","0","0","0","1","02113","0","","4.0","2215.0","1","N","N","N","0","","0","0","0","","0","N","","1","0","0","0","0","0","0","1","0","1","","","","N","","","","","","","","","",""
"2022115484","0645","3","0","0","0","0","0","0","0","0","1","0","","02","12","2022","3","40.472269","-79.973161","0641","11","0","0","0","0","0","0","0","0","","0","0","0","","","0","Y","0","","40 28:20.169","2","2","79 58:23.380","9","0","0","0","2445","0","0","0","N","0","0","0","6","02445","0","","1.0","714.0","9","N","N","N","1","","0","0","0","","0","N","","4","0","0","0","0","0","1","2","0","4","","","","N","","","","","","","","","",""
"2022114117","1759","0","0","0","0","0","0","0","0","0","7","0","","02","12","2022","6","40.303043","-80.017942","1756","11","0","0","0","0","0","0","0","0","","0","0","0","","","1","N","0","","40 18:10.955","","0","80 01:04.592","4","0","0","0","2219","0","0","0","N","0","0","0","1","02219","1","","5.0","","1","N","N","N","0","","0","0","0","","0","","","1","1","1","0","0","0","0","2","1","1","","04","","N","","","","","","","","","",""
"2022120013","1118","3","0","0","0","0","0","0","0","0","1","0","","02","12","2022","6","40.369917","-79.784389","1118","11","0","0","0","0","0","0","0","2","","0","0","0","","","1","","2","","40 22:11.700","6","0","79 47:03.800","3","0","0","0","2111","0","0","0","N","0","0","0","5","02111","0","","1.0","1140.0","1","","","N","0","","1","0","1","","0","N","","4","1","1","0","0","0","0","2","0","4","","03","","N","","","","","","","","","",""
"2022121884","1117","0","0","0","0","0","0","0","0","0","7","0","","02","12","2022","7","40.439252","-80.010684","1102","11","0","0","0","0","0","0","0","0","","0","0","0","","","1","N","0","","40 26:21.308","4","3","80 00:38.461","3","0","0","0","2301","0","0","0","N","0","0","0","2","68B03","0","","2.0","1151.0","9","N","N","N","0","","1","0","1","","0","N","","1","1","0","0","0","0","0","2","0","1","","","","N","","","","","","","","","",""
"2022111063","2020","1","0","0","0","0","0","0","0","0","4","0","","02","11","2022","4","40.35287","-80.140434","2017","11","0","0","0","0","0","1","0","1","","0","0","0","","","0","","2","","40 21:10.332","","0","80 08:25.562","0","0","0","0","2119","0","0","0","N","0","0","0","3","02119","0","","1.0","","1","N","N","N","0","","0","0","1","","0","","","2","0","0","0","0","0","0","2","0","2","","03","","N","","","","","","","","","",""
"2022043673","1509","0","0","0","0","0","0","0","0","0","0","1","","02","4","2022","1","40.440369","-79.832779","1442","11","0","0","0","0","0","0","0","0","","0","1","0","","","0","N","0","","40 26:25.329","3","0","79 49:58.005","0","0","0","0","2113","0","0","0","Y","0","0","0","1","68B03","0","","1.0","1934.0","1","N","N","N","0","","0","0","0","","0","N","","1","0","0","0","0","0","0","2","0","1","","03","","N","","","","","","","","","",""
"2022107239","1457","1","0","0","0","0","0","0","0","0","7","0","","02","11","2022","3","40.441195","-80.038082","1457","11","0","0","0","0","0","1","0","0","","0","0","0","","","1","","2","","40 26:28.301","","0","80 02:17.096","3","0","0","0","2301","0","0","0","N","0","0","0","1","02301","0","","2.0","","6","N","N","N","0","","1","0","0","","2","","","1","1","0","0","0","0","0","2","0","1","","04","","N","","","","","","","","","",""
"2022117255","1923","1","0","0","0","0","0","0","0","0","0","0","","02","12","2022","6","40.339137","-80.126251","1917","11","0","0","0","0","0","1","0","1","","0","0","0","","","0","N","0","","40 20:20.894","","0","80 07:34.503","0","0","0","0","2119","0","0","0","N","0","0","0","2","02119","0","","1.0","","1","N","N","N","0","","0","0","1","","0","","","2","0","0","0","0","0","0","2","0","2","","03","","N","","","","","","","","","",""
"2022119278","0827","2","0","0","0","0","0","0","0","0","4","0","","02","12","2022","6","40.392997","-79.997371","0809","11","0","0","0","0","0","0","0","0","","0","0","0","","","0","","2","","40 23:34.790","","0","79 59:50.536","0","0","0","0","2301","0","0","0","N","0","0","0","2","02301","0","","1.0","","9","N","N","N","0","","0","0","0","","2","N","","2","0","0","0","0","0","0","2","0","2","","07","","N","","","","","","","","","",""
"2022111630","0702","0","0","0","0","0","0","0","0","0","98","0","","02","11","2022","1","","-79.0","0647","11","0","0","0","0","1","0","0","0","","0","0","0","","","0","N","0","","40 00:00.00","2","0","79 00:00.000","0","0","0","0","2403","0","0","0","N","0","0","0","1","02403","0","","1.0","725.0","1","N","N","N","0","","0","0","1","","0","N","","1","0","0","0","0","0","0","1","0","1","","03","","N","","","","","","","","","",""
"2022109619","1756","2","0","0","0","0","0","0","0","0","4","0","","02","11","2022","7","40.456019","-80.161072","1753","11","0","0","0","0","0","0","1","0","","0","0","0","","","1","","2","","40 27:21.669","","0","80 09:39.859","3","0","0","0","2115","0","0","0","N","0","0","0","2","02115","0","","1.0","","1","N","N","N","0","","1","0","0","","2","","","2","1","0","0","0","0","0","2","0","2","","03","","N","","","","","","","","","",""
"2022114662","0651","2","0","0","0","0","0","0","0","0","4","0","","02","12","2022","2","40.441806","-80.081329","0637","11","0","0","0","0","0","0","0","0","","0","0","0","","","0","N","0","","40 26:30.503","","0","80 04:52.785","0","0","0","0","2301","0","0","0","N","0","0","0","6","02301","0","","1.0","","1","N","N","N","0","","0","0","0","","0","","","2","0","0","0","0","0","0","2","0","2","","","","N","","","","","","","","","",""