"CRN","ARRIVAL_TM","AUTOMOBILE_COUNT","BELTED_DEATH_COUNT","BELTED_SUSP_SERIOUS_INJ_COUNT","BICYCLE_COUNT","BICYCLE_DEATH_COUNT","BICYCLE_SUSP_SERIOUS_INJ_COUNT","BUS_COUNT","CHLDPAS_DEATH_COUNT","CHLDPAS_SUSP_SERIOUS_INJ_COUNT","COLLISION_TYPE","COMM_VEH_COUNT","CONS_ZONE_SPD_LIM","COUNTY","CRASH_MONTH","CRASH_YEAR","DAY_OF_WEEK","DEC_LATITUDE","DEC_LONGITUDE","DISPATCH_TM","DISTRICT","DRIVER_COUNT_16YR","DRIVER_COUNT_17YR","DRIVER_COUNT_18YR","DRIVER_COUNT_19YR","DRIVER_COUNT_20YR","DRIVER_COUNT_50_64YR","DRIVER_COUNT_65_74YR","DRIVER_COUNT_75PLUS","EST_HRS_CLOSED","FATAL_COUNT","HEAVY_TRUCK_COUNT","HORSE_BUGGY_COUNT","HOUR_OF_DAY","ILLUMINATION","INJURY_COUNT","INTERSECTION_RELATED","INTERSECT_TYPE","LANE_CLOSED","LATITUDE","LN_CLOSE_DIR","LOCATION_TYPE","LONGITUDE","MAX_SEVERITY_LEVEL","MCYCLE_DEATH_COUNT","MCYCLE_SUSP_SERIOUS_INJ_COUNT","MOTORCYCLE_COUNT","MUNICIPALITY","NONMOTR_COUNT","NONMOTR_DEATH_COUNT","NONMOTR_SUSP_SERIOUS_INJ_COUNT","NTFY_HIWY_MAINT","PED_COUNT","PED_DEATH_COUNT","PED_SUSP_SERIOUS_INJ_COUNT","PERSON_COUNT","POLICE_AGCY","POSSIBLE_INJ_COUNT","RDWY_SURF_TYPE_CD","RELATION_TO_ROAD","ROADWAY_CLEARED","ROAD_CONDITION","SCH_BUS_IND","SCH_ZONE_IND","SECONDARY_CRASH","SMALL_TRUCK_COUNT","SPEC_JURIS_CD","SUSP_MINOR_INJ_COUNT","SUSP_SERIOUS_INJ_COUNT","SUV_COUNT","TCD_FUNC_CD","TCD_TYPE","TFC_DETOUR_IND","TIME_OF_DAY","TOTAL_UNITS","TOT_INJ_COUNT","UNBELTED_OCC_COUNT","UNB_DEATH_COUNT","UNB_SUSP_SERIOUS_INJ_COUNT","UNK_INJ_DEG_COUNT","UNK_INJ_PER_COUNT","URBAN_RURAL","VAN_COUNT","VEHICLE_COUNT","WEATHER1","WEATHER2","WORKERS_PRES","WORK_ZONE_IND","WORK_ZONE_LOC","WORK_ZONE_TYPE","WZ_CLOSE_DETOUR","WZ_FLAGGER","WZ_LAW_OFFCR_IND","WZ_LN_CLOSURE","WZ_MOVING","WZ_OTHER","WZ_SHLDER_MDN","WZ_WORKERS_INJ_KILLED"
"2022106550","2254","2","0","0","0","0","0","0","0","0","1","0","","02","11","2022","1","40.462824","-79.957298","2241","11","0","0","0","0","0","0","0","0","","0","0","0","","","0","","1","","40 27:46.166","3","0","79 57:26.274","9","0","0","0","2301","0","0","0","N","0","0","0","3","02301","0","","1.0","2353.0","1","N","N","N","0","","0","0","1","","2","N","","3","0","0","0","0","0","1","2","0","3","","03","","N","","","","","","","","","",""
"2022113792","1141","1","0","0","0","0","0","0","0","0","4","0","","02","12","2022","6","40.413479","-80.042717","1141","11","0","0","0","0","0","0","0","0","","0","0","0","","","0","","1","","40 24:48.525","","0","80 02:33.782","0","0","0","0","2301","0","0","0","N","0","0","0","2","02301","0","","1.0","","1","N","N","N","0","","0","0","0","","3","","","2","0","0","0","0","0","0","2","1","2","","03","","N","","","","","","","","","",""
"2022117207","1828","2","0","0","0","0","0","0","0","0","4","0","","02","12","2022","1","40.454111","-79.993778","1812","11","0","0","0","0","0","0","0","1","","0","0","0","","","0","","2","","40 27:14.800","","2","79 59:37.600","9","0","0","0","2301","0","0","0","N","0","0","0","3","02301","0","","1.0","","1","","","N","0","","0","0","0","","3","","","2","0","0","0","0","0","2","2","0","2","","03","","N","","","","","","","","","",""
"2022118251","0724","1","0","0","0","0","0","0","0","0","7","0","","02","11","2022","5","40.442373","-80.158618","0700","11","0","0","0","0","0","0","0","0","","0","0","0","","","0","N","0","","40 26:32.543","4","2","80 09:31.024","0","0","0","0","2115","0","0","0","N","0","0","0","1","68B03","0","","2.0","800.0","2","N","N","N","0","","0","0","0","","4","N","","1","0","0","0","0","0","0","2","0","1","","","","N","","","","","","","","","",""
"2022118613","0609","2","0","0","0","0","0","0","0","0","7","0","","02","12","2022","4","40.450528","-79.978694","0605","11","0","0","0","0","0","1","0","0","","0","0","0","","","1","N","0","","40 27:01.900","4","0","79 58:43.300","3","0","0","0","2301","0","0","0","N","0","0","0","3","02301","0","","3.0","745.0","2","N","N","Y","0","","1","0","1","","0","N","","3","1","0","0","0","0","0","2","0","3","","98","","N","","","","","","","","","",""
"2022118632","1845","0","0","0","0","0","0","0","0","0","4","0","","02","12","2022","1","40.368306","-80.084139","1840","11","0","0","1","0","0","0","0","0","","0","0","0","","","0","","1","","40 22:05.900","","0","80 05:02.900","0","0","0","0","2117","0","0","0","N","0","0","0","4","02117","0","","1.0","","1","N","N","N","0","","0","0","2","","2","","","2","0","0","0","0","0","0","2","0","2","","","","N","","","","","","","","","",""
"2022115213","1638","1","0","0","0","0","0","0","0","0","1","0","","02","12","2022","3","40.422594","-79.960148","1637","11","0","0","0","0","0","1","0","0","","0","0","0","","","0","","2","","40 25:21.338","3","0","79 57:36.533","0","0","0","0","2301","0","0","0","N","0","0","0","3","02301","0","","1.0","1700.0","1","N","N","N","0","","0","0","1","","2","N","","2","0","0","0","0","0","0","2","0","2","","98","","N","","","","","","","","","",""
"2022109037","1808","0","0","0","0","0","0","0","0","0","7","0","","02","11","2022","6","40.408728","-79.821098","1803","11","0","0","0","0","0","1","0","0","","0","0","0","","","0","N","0","","40 24:31.420","","0","79 49:15.952","9","0","0","0","2467","0","0","0","N","0","0","0","1","02467","0","","4.0","","1","N","N","N","0","","0","0","1","","0","N","","1","0","0","0","0","0","1","2","0","1","","03","","N","","","","","","","","","",""
"2022114342","0620","0","0","0","0","0","0","0","0","0","4","0","","02","12","2022","1","40.406628","-79.992334","0603","11","0","0","0","0","0","0","0","0","","0","0","0","","","0","N","0","","40 24:23.859","","0","79 59:32.403","9","0","0","0","2301","0","0","0","N","0","0","0","2","02301","0","","1.0","","1","N","N","N","0","","0","0","2","","0","","","2","0","0","0","0","0","1","2","0","2","","03","","N","","","","","","","","","",""
"2022108727","1545","0","0","0","0","0","0","0","0","0","7","0","","02","11","2022","3","40.570425","-79.794066","1541","11","0","0","0","0","0","0","0","0","","0","0","0","","","0","N","0","","40 34:13.529","","0","79 47:38.639","0","0","0","0","2206","0","0","0","Y","0","0","0","1","68D02","0","","4.0","","6","N","N","N","0","","0","0","1","","0","","","1","0","0","0","0","0","0","2","0","1","","10","","N","","","","","","","","","",""
"2022119048","2320","0","0","0","0","0","0","0","0","0","1","0","","02","12","2022","5","40.414611","-80.0095","2311","11","0","0","0","0","0","0","1","0","","0","0","0","","","0","Y","0","","40 24:52.600","5","4","80 00:34.200","0","0","0","0","2301","0","0","0","N","0","0","0","2","02301","0","","1.0","2325.0","9","N","N","N","1","","0","0","1","","3","N","","2","0","0","0","0","0","0","2","0","2","","04","","N","","","","","","","","","",""
"2022110707","1128","1","0","0","0","0","0","0","0","0","4","0","","02","11","2022","4","40.493666","-80.011104","1110","11","0","0","0","1","0","0","0","0","","0","0","0","","","0","N","0","","40 29:37.199","3","0","80 00:39.974","9","0","0","0","2301","0","0","0","N","0","0","0","2","02301","0","","1.0","1205.0","1","N","N","N","0","","0","0","0","","2","N","","2","0","0","0","0","0","1","2","1","2","","03","","N","","","","","","","","","",""
"2022113986","2140","1","0","0","0","0","0","0","0","0","7","0","","02","12","2022","6","40.449403","-80.000892","2135","11","0","0","0","0","0","0","0","0","","0","0","0","","","0","","1","","40 26:57.849","2","8","80 00:03.211","0","0","0","0","2301","0","0","0","N","0","0","0","2","02301","0","","2.0","2159.0","1","N","N","N","0","","0","0","0","","2","N","","1","0","0","0","0","0","0","2","0","1","","","","N","","","","","","","","","",""
"2022108374","1605","1","0","0","0","0","0","0","0","0","1","0","","02","11","2022","5","40.429757","-79.728323","1559","11","0","0","0","1","0","0","0","0","","0","0","0","","","0","N","0","","40 25:47.125","","0","79 43:41.961","0","0","0","0","2446","0","0","0","N","0","0","0","2","02446","0","","1.0","","1","N","N","N","1","","0","0","0","","0","","","2","0","0","0","0","0","0","2","0","2","","03","","N","","","","","","","","","",""
"2022120127","2045","2","0","0","0","0","0","0","0","0","4","0","","02","12","2022","3","40.355851","-80.02825","2042","11","0","0","0","0","0","0","0","0","","0","0","0","","","2","","2","","40 21:21.063","2","0","80 01:41.701","4","0","0","0","2407","0","0","0","N","0","0","0","2","02407","2","","1.0","2125.0","9","N","N","N","0","","0","0","0","","2","Y","","2","2","0","0","0","0","0","2","0","2","","07","","N","","","","","","","","","",""
"2022110943","0108","1","0","0","0","0","0","0","0","0","4","0","","02","11","2022","5","40.396309","-79.998194","0104","11","0","0","0","0","0","0","0","0","","0","0","0","","","0","","1","","40 23:46.713","","0","79 59:53.497","0","0","0","0","2301","0","0","0","N","0","0","0","2","02301","0","","1.0","","1","N","N","N","0","","0","0","1","","2","","","2","0","0","0","0","0","0","2","0","2","","03","","N","","","","","","","","","",""
"2022117279","0638","2","0","0","0","0","0","0","0","0","1","0","","02","12","2022","4","40.350106","-79.873362","0635","11","0","0","0","0","0","1","1","0","","0","0","0","","","0","","3","","40 21:00.383","4","0","79 52:24.103","0","0","0","0","2304","0","0","0","N","0","0","0","3","02304","0","","1.0","813.0","1","N","N","N","0","","0","0","0","","2","Y","","2","0","0","0","0","0","0","2","0","2","","03","","N","","","","","","","","","",""
"2022119216","0624","1","0","0","0","0","0","0","0","0","4","0","","02","12","2022","4","40.615723","-80.095327","0609","11","0","0","0","0","0","0","0","0","","0","0","0","","","0","N","0","","40 36:56.601","","0","80 05:43.177","0","0","0","0","2481","0","0","0","N","0","0","0","2","68B03","0","","1.0","","1","N","N","N","0","","0","0","0","","0","","","2","0","0","0","0","0","0","2","1","2","","","","N","","","","","","","","","",""
"2022114255","0205","1","0","0","0","0","0","0","0","0","7","0","","02","11","2022","1","40.339251","-80.017093","0201","11","0","0","0","0","0","1","0","0","","0","0","0","","","0","N","0","","40 20:21.305","","0","80 01:01.533","0","0","0","0","2407","0","0","0","N","0","0","0","1","02407","0","","2.0","","7","N","N","N","0","","0","0","0","","2","","","1","0","0","0","0","0","0","2","0","1","","10","","N","","","","","","","","","",""
"2022119010","2038","0","0","0","0","0","0","0","0","0","7","0","","02","12","2022","5","40.630806","-80.057389","2031","11","0","0","0","0","0","1","0","0","","0","0","0","","","0","N","0","","40 37:50.900","3","7","80 03:26.600","0","0","0","0","2216","0","0","0","N","0","0","0","1","02505","0","","4.0","2109.0","9","N","N","N","0","","0","0","0","","0","N","","1","0","0","0","0","0","0","2","1","1","","","","N","","","","","","","","","",""
"2022108920","1737","1","0","0","0","0","0","0","0","0","1","0","","02","11","2022","6","40.493928","-80.063907","1736","11","0","0","0","0","0","0","0","0","","0","0","0","","","0","N","0","","40 29:38.139","","7","80 03:50.065","0","0","0","0","2402","0","0","0","N","0","0","0","3","02402","0","","1.0","","1","N","N","N","0","","0","0","1","","0","","","2","0","0","0","0","0","0","2","0","2","","03","","N","","","","","","","","","",""
"2022108136","0244","1","0","0","0","0","0","0","0","0","5","0","","02","11","2022","5","40.429444","-79.989278","0238","11","0","0","0","0","1","0","0","0","","0","0","0","","","0","N","0","","40 25:46.000","","0","79 59:21.400","0","0","0","0","2301","0","0","0","N","0","0","0","2","02301","0","","6.0","","6","N","N","N","1","","0","0","1","","0","","","3","0","0","0","0","0","0","2","0","3","","02","","N","","","","","","","","","",""
"2022114354","0938","0","0","0","0","0","0","0","0","0","7","0","","02","12","2022","1","40.417226","-79.966416","0935","11","0","0","0","0","0","0","0","0","","0","0","0","","","0","N","0","","40 25:02.014","","0","79 57:59.096","0","0","0","0","2301","0","0","0","N","0","0","0","1","02301","0","","1.0","","1","","","N","0","","0","0","1","","0","","","1","0","0","0","0","0","0","2","0","1","","","","N","","","","","","","","","",""
"2022115002","2056","1","0","0","0","0","0","0","0","0","7","0","","02","12","2022","1","40.592891","-79.888796","2054","11","0","0","0","0","0","1","0","0","","0","0","0","","","0","N","0","","40 35:34.406","","0","79 53:19.667","0","0","0","0","2209","0","0","0","N","0","0","0","1","02209","0","","4.0","","1","N","N","N","0","","0","0","0","","0","","","1","0","0","0","0","0","0","1","0","1","","03","","N","","","","","","","","","",""
"2022113793","1152","1","0","0","0","0","0","0","0","0","2","0","","02","12","2022","6","40.489715","-79.795226","1147","11","0","0","0","0","0","1","0","0","","0","0","0","","","1","N","0","","40 29:22.973","6","0","79 47:42.813","3","0","0","0","2113","0","0","0","N","0","0","0","2","02113","0","","1.0","1152.0","1","N","N","N","0","","1","0","0","","0","Y","","2","1","0","0","0","0","0","2","1","2","","03","","N","","","","","","","","","",""
"2022116851","2222","1","0","0","0","0","0","0","0","0","2","0","","02","12","2022","6","40.406813","-79.895215","2217","11","0","0","0","0","0","1","0","0","","0","0","0","","","0","N","0","","40 24:24.528","","0","79 53:42.775","0","0","0","0","2448","0","0","0","N","0","0","0","1","02448","0","","6.0","","1","N","N","N","0","","0","0","1","","0","","","2","0","0","0","0","0","0","2","0","2","","03","","N","","","","","","","","","",""
"2022114446","1828","1","0","0","0","0","0","0","0","0","7","0","","02","12","2022","1","40.470556","-79.754972","1823","11","0","0","0","0","0","0","0","1","","0","0","0","","","1","N","0","","40 28:14.000","3","0","79 45:17.900","8","0","0","0","2466","0","0","0","N","0","0","0","1","02466","0","","4.0","1849.0","1","N","N","N","0","","0","0","0","","0","N","","1","1","0","0","0","1","0","2","0","1","","03","","N","","","","","","","","","",""
"2022108844","1430","1","0","0","0","0","0","0","0","0","1","0","","02","11","2022","6","40.46027","-80.030801","1420","11","0","0","0","0","0","0","0","0","","0","0","0","","","0","N","0","","40 27:36.971","1","3","80 01:50.883","0","0","0","0","2301","0","0","0","N","0","0","0","2","02301","0","","1.0","1500.0","2","N","N","N","0","","0","0","1","","0","N","","2","0","0","0","0","0","0","2","0","2","","","","N","","","","","","","","","",""
"2022121839","1216","0","0","0","0","0","0","0","0","0","4","0","","02","12","2022","5","40.613917","-79.946333","1208","11","0","0","0","0","0","2","0","0","","0","0","0","","","0","Y","0","","40 36:50.100","","7","79 56:46.800","0","0","0","0","2207","0","0","0","N","0","0","0","2","02207","0","","1.0","","9","N","N","N","1","","0","0","1","","0","","","2","0","0","0","0","0","0","2","0","2","","07","","N","","","","","","","","","",""
"2022121954","1204","1","0","0","0","0","0","0","0","0","4","0","","02","12","2022","7","40.538349","-80.180343","1201","11","0","0","0","0","0","1","0","0","","0","0","0","","","0","","2","","40 32:18.055","7","0","80 10:49.234","0","0","0","0","2458","0","0","0","N","0","0","0","2","02458","0","","1.0","1235.0","1","N","N","N","0","","0","0","1","","3","N","","2","0","2","0","0","0","0","2","0","2","","03","","N","","","","","","","","","",""
"2022114801","1613","1","0","0","0","0","0","0","0","0","1","0","","02","12","2022","2","40.333562","-79.802906","1612","11","0","0","0","0","0","0","0","0","","0","0","0","","","1","N","0","","40 20:00.822","3","0","79 48:10.461","3","0","0","0","2477","0","0","0","N","0","0","0","2","02477","0","","1.0","1637.0","1","N","N","N","0","","1","0","1","","0","N","","2","1","0","0","0","0","0","2","0","2","","03","","N","","","","","","","","","",""
"2022109527","1110","0","0","0","0","0","0","0","0","0","7","0","","02","11","2022","4","40.384164","-80.043808","1109","11","0","0","0","0","0","0","0","0","","0","0","0","","","1","N","0","","40 23:02.990","","0","80 02:37.710","8","0","0","0","2109","0","0","0","N","0","0","0","1","02109","0","","2.0","","9","N","N","N","0","","0","0","1","","0","","","1","1","1","0","0","1","0","2","0","1","","07","","N","","","","","","","","","",""
"2022108634","0608","2","0","0","0","0","0","0","0","0","6","0","","02","11","2022","5","40.429095","-79.959321","0559","11","0","0","0","0","1","0","0","0","","0","0","0","","","0","N","0","","40 25:44.742","5","3","79 57:33.554","0","0","0","0","2301","0","0","0","Y","0","0","0","7","02301","0","","1.0","800.0","2","N","N","N","0","","0","0","3","","0","Y","","5","0","0","0","0","0","0","2","0","5","","07","","N","","","","","","","","","",""
"2022092277","1609","0","0","0","0","0","0","0","0","0","7","0","","02","10","2022","2","40.55144","-79.899751","1608","11","0","0","0","0","0","0","0","0","","0","0","0","","","0","N","0","","40 33:05.184","2","0","79 53:59.102","0","0","0","0","2209","0","0","0","N","0","0","0","1","02209","0","","5.0","1649.0","1","N","N","N","0","","0","0","1","","0","N","","1","0","0","0","0","0","0","2","0","1","","","","N","","","","","","","","","",""
"2022113230","0430","0","0","0","0","0","0","0","0","0","1","0","","02","11","2022","5","40.392894","-79.932773","0430","11","0","0","0","0","0","0","0","0","","0","0","0","","","0","N","0","","40 23:34.420","","0","79 55:57.982","0","0","0","0","2301","0","0","0","N","0","0","0","2","02301","0","","1.0","","2","N","N","N","1","","0","0","1","","0","","","2","0","0","0","0","0","0","2","0","2","","","","N","","","","","","","","","",""
"2022114000","0239","1","0","0","0","0","0","0","0","0","7","0","","02","12","2022","6","40.412138","-79.955633","0233","11","0","0","0","0","0","0","0","0","","0","0","0","","","0","N","0","","40 24:43.697","","0","79 57:20.277","0","0","0","0","2301","0","0","0","N","0","0","0","2","02301","0","","4.0","","1","N","N","N","0","","0","0","0","","0","","","1","0","0","0","0","0","0","2","0","1","","03","","N","","","","","","","","","",""
"2022108105","1923","2","0","0","0","0","0","0","0","0","5","0","","02","11","2022","1","40.285057","-79.887199","1917","11","0","0","0","0","0","0","0","0","","0","0","0","","","0","N","0","","40 17:06.205","4","0","79 53:13.915","9","0","0","0","2302","0","0","0","N","0","0","0","2","02302","0","","6.0","2330.0","1","N","N","N","0","","0","0","1","","0","Y","","3","0","0","0","0","0","1","2","0","3","","03","","N","","","","","","","","","",""
"2022119285","1429","1","0","0","0","0","0","0","0","0","7","0","","02","12","2022","5","40.494722","-79.798833","1423","11","0","0","0","0","0","1","0","0","","0","0","0","","","0","N","0","","40 29:41.000","","0","79 47:55.800","0","0","0","0","2113","0","0","0","N","0","0","0","1","02113","0","","5.0","","9","N","N","N","0","","0","0","0","","0","","","1","0","0","0","0","0","0","2","0","1","","","","N","","","","","","","","","",""
"2022119019","2012","0","0","0","0","0","0","0","0","0","8","0","","02","12","2022","5","40.42875","-79.980556","2004","11","0","0","0","0","0","0","0","0","","0","0","0","","","1","N","1","","40 25:43.500","","0","79 58:50.000","8","0","0","0","2301","1","0","0","N","1","0","0","3","02301","0","","1.0","","9","N","N","N","0","","0","0","1","","2","","","2","1","0","0","0","1","1","2","0","1","","07","","N","","","","","","","","","",""
"2022113606","1857","0","0","0","0","0","0","0","0","0","1","0","","02","12","2022","5","40.436003","-79.968004","1849","11","0","0","0","0","0","1","0","0","","0","0","0","","","1","N","0","","40 26:09.609","3","2","79 58:04.816","8","0","0","0","2301","0","0","0","N","0","0","0","3","02301","0","","1.0","1930.0","1","N","N","N","0","","0","0","3","","0","Y","","3","1","0","0","0","1","0","2","0","3","","03","","N","","","","","","","","","",""
"2022044312","1430","1","0","0","0","0","0","0","0","0","5","0","","02","5","2022","7","40.539056","-80.181361","1433","11","0","0","0","0","0","0","1","1","","0","0","0","","","0","Y","0","","40 32:20.600","2","0","80 10:52.900","0","0","0","0","2458","0","0","0","N","0","0","0","3","02458","0","","6.0","1443.0","1","N","N","Y","0","","0","0","2","","0","N","","3","0","0","0","0","0","0","2","0","3","","03","","N","","","","","","","","","",""
"2022108384","1110","1","0","0","0","0","0","0","0","0","1","0","","02","11","2022","4","40.3923","-80.046979","1100","11","0","0","0","0","0","1","0","0","","0","0","0","","","0","","1","","40 23:32.279","4","0","80 02:49.126","0","0","0","0","2109","0","0","0","N","0","0","0","3","02109","0","","1.0","1130.0","9","N","N","N","0","","0","0","1","","0","N","","2","0","0","0","0","0","0","2","0","2","","","","N","","","","","","","","","",""
"2022094527","2108","1","0","0","0","0","0","0","0","0","4","0","","02","10","2022","4","40.467127","-79.871069","2103","11","0","0","0","0","1","0","0","0","","0","0","0","","","0","N","0","","40 28:01.658","7","7","79 52:15.847","0","0","0","0","2113","0","0","0","N","0","0","0","4","02113","0","","1.0","2205.0","9","N","N","N","0","","0","0","1","","0","N","","2","0","0","0","0","0","0","2","0","2","","","","N","","","","","","","","","",""
"2022091460","1720","0","0","0","1","0","0","0","0","0","8","0","","02","10","2022","3","40.441472","-80.003944","1709","11","0","0","0","0","0","1","0","0","","0","0","0","","","1","","2","","40 26:29.300","","0","80 00:14.200","4","0","0","0","2301","1","0","0","N","0","0","0","2","02301","1","","1.0","","1","N","N","N","0","","0","0","1","","2","","","2","1","0","0","0","0","0","2","0","1","","03","","N","","","","","","","","","",""
"2022114533","0301","2","0","0","0","0","0","0","0","0","5","0","","02","12","2022","1","40.488006","-79.920801","0256","11","0","0","0","0","0","0","0","0","","0","0","0","","","0","N","0","","40 29:16.823","","0","79 55:14.882","0","0","0","0","2301","0","0","0","N","0","0","0","1","02301","0","","6.0","","1","N","N","N","0","","0","0","1","","2","","","3","0","1","0","0","0","0","2","0","3","","03","","N","","","","","","","","","",""
"2022120714","1848","1","0","0","0","0","0","0","0","0","1","0","","02","12","2022","7","40.416973","-80.086488","1828","11","0","0","0","0","0","3","0","0","","0","0","0","","","4","N","0","","40 25:01.103","3","0","80 05:11.358","4","0","0","0","2415","0","0","0","N","0","0","0","18","68B03","4","","1.0","1953.0","1","N","N","N","2","","0","0","3","","0","N","","6","4","2","0","0","0","0","2","0","6","","","","N","","","","","","","","","",""
"2022117795","0138","0","0","0","0","0","0","0","0","0","7","0","","02","12","2022","2","40.429278","-79.924139","0129","11","0","0","0","0","0","0","0","0","","0","0","0","","","0","","2","","40 25:45.400","4","0","79 55:26.900","9","0","0","0","2301","0","0","0","N","0","0","0","1","02301","0","","2.0","210.0","1","N","N","N","0","","0","0","1","","2","N","","1","0","0","0","0","0","1","2","0","1","","","","N","","","","","","","","","",""
"2022119758","0625","0","0","0","0","0","0","0","0","0","7","0","","02","12","2022","3","40.418923","-79.935562","0619","11","0","0","0","0","0","0","0","0","","0","0","0","","","0","N","0","","40 25:08.122","6","0","79 56:08.022","9","0","0","0","2301","0","0","0","N","0","0","0","1","02301","0","","5.0","9999.0","9","N","N","N","0","","0","0","1","","0","Y","","1","0","0","0","0","0","1","2","0","1","","","","N","","","","","","","","","",""
"2022110404","1725","0","0","0","0","0","0","0","0","0","4","0","","02","11","2022","3","40.33503","-79.811575","1722","11","0","0","0","0","0","0","1","0","","0","0","0","","","0","","2","","40 20:06.108","2","0","79 48:41.670","0","0","0","0","2477","0","0","0","N","0","0","0","2","02477","0","","1.0","1750.0","1","N","N","N","0","","0","0","2","","0","N","","2","0","0","0","0","0","0","2","0","2","","03","","N","","","","","","","","","",""
"2022109613","1926","1","0","0","0","0","0","0","0","0","7","0","","02","11","2022","1","40.43715","-79.973254","1923","11","0","0","0","0","0","0","0","0","","0","0","0","","","0","","3","","40 26:13.741","2","2","79 58:23.715","0","0","0","0","2301","0","0","0","N","0","0","0","1","02301","0","","2.0","2015.0","1","N","N","N","0","","0","0","0","","0","Y","","1","0","0","0","0","0","0","2","0","1","","03","","N","","","","","","","","","",""
"2022094653","1008","1","0","0","0","0","0","0","0","0","7","0","","02","10","2022","5","40.488202","-79.921536","1004","11","0","0","0","0","0","0","0","0","","0","0","0","","","0","","2","","40 29:17.528","","0","79 55:17.529","9","0","0","0","2301","0","0","0","N","0","0","0","1","02301","0","","4.0","","1","N","N","N","0","","0","0","0","","0","","","1","0","1","0","0","0","1","2","0","1","","03","","N","","","","","","","","","",""
"2022110321","1327","0","0","0","0","0","0","0","0","0","4","0","","02","11","2022","3","40.404395","-79.975923","1326","11","0","0","0","0","0","1","0","0","","0","0","0","","","1","","2","","40 24:15.822","","0","79 58:33.322","8","0","0","0","2301","0","0","0","N","0","0","0","4","02301","0","","1.0","","1","N","N","N","1","","0","0","1","","2","","","2","1","0","0","0","1","1","2","0","2","","03","","N","","","","","","","","","",""
"2022115476","0003","1","0","0","0","0","0","0","0","0","7","0","","02","12","2022","4","40.44444","-80.028841","0003","11","0","0","0","0","0","0","0","0","","0","0","0","","","0","Y","0","","40 26:39.983","3","0","80 01:43.828","9","0","0","0","2301","0","0","0","N","0","0","0","1","02301","0","","2.0","45.0","9","N","N","N","0","","0","0","0","","3","Y","","1","0","0","0","0","0","1","2","0","1","","98","","N","","","","","","","","","",""
"2022114739","1147","2","0","0","0","0","0","0","0","0","1","0","","02","12","2022","2","40.370483","-79.786314","1147","11","0","0","0","0","0","1","0","0","","0","0","0","","","1","","2","","40 22:13.738","","0","79 47:10.729","3","0","0","0","2111","0","0","0","N","0","0","0","3","02111","0","","1.0","","1","N","N","N","0","","1","0","1","","2","","","3","1","0","0","0","0","0","2","0","3","","03","","N","","","","","","","","","",""
"2022119070","0146","0","0","0","0","0","0","0","0","0","7","0","","02","12","2022","6","40.429193","-79.999243","0144","11","0","0","0","0","0","0","0","0","","0","0","0","","","0","","1","","40 25:45.096","2","3","79 59:57.273","0","0","0","0","2301","0","0","0","Y","0","0","0","2","02301","0","","4.0","210.0","9","N","N","N","0","","0","0","1","","2","N","","1","0","0","0","0","0","0","2","0","1","","07","","N","","","","","","","","","",""
"2022096884","1021","1","0","0","0","0","0","0","0","0","4","0","","02","10","2022","3","40.362059","-80.011236","1018","11","0","0","0","0","0","0","0","0","","0","0","0","","","0","","1","","40 21:43.412","","0","80 00:40.450","0","0","0","0","2416","0","0","0","N","0","0","0","2","02416","0","","1.0","","1","N","N","N","1","","0","0","0","","3","","","2","0","0","0","0","0","0","2","0","2","","03","","N","","","","","","","","","",""
"2022117088","0736","0","0","1","0","0","0","0","0","0","4","0","","02","12","2022","4","40.462182","-80.105691","0734","11","0","0","0","0","0","0","0","0","","0","0","0","","","1","N","0","","40 27:43.856","6","0","80 06:20.487","2","0","0","0","2126","0","0","0","N","0","0","0","4","02126","0","","1.0","810.0","9","N","N","N","0","","0","1","2","","3","Y","","2","1","0","0","0","0","0","2","0","2","","","","N","","","","","","","","","",""
"2022108387","1818","0","0","0","0","0","0","0","0","0","4","0","","02","11","2022","1","40.365738","-80.01634","1814","11","0","0","0","0","0","0","0","0","","0","0","0","","","0","","3","","40 21:56.656","5","0","80 00:58.824","0","0","0","0","2416","0","0","0","N","0","0","0","4","02416","0","","1.0","1840.0","1","N","N","N","1","","0","0","1","","0","N","","2","0","0","0","0","0","0","2","0","2","","03","","N","","","","","","","","","",""
"2022114409","0520","1","0","0","0","0","0","0","0","0","98","0","","02","12","2022","1","40.471912","-80.003975","0515","11","0","0","0","0","0","0","0","0","","0","0","0","","","0","N","0","","40 28:18.884","","0","80 00:14.311","0","0","0","0","2301","0","0","0","N","0","0","0","2","02301","0","","1.0","","1","","","N","0","","0","0","0","","0","","","1","0","0","0","0","0","0","2","0","1","","04","","N","","","","","","","","","",""
"2022113654","2234","2","0","0","0","0","0","0","0","0","4","0","","02","12","2022","5","40.363232","-80.046928","2227","11","0","1","1","0","0","0","0","0","","0","0","0","","","0","","2","","40 21:47.636","5","0","80 02:48.942","0","0","0","0","2109","0","0","0","N","0","0","0","2","02109","0","","1.0","2309.0","1","N","N","N","0","","0","0","0","","2","N","","2","0","0","0","0","0","0","2","0","2","","","","N","","","","","","","","","",""
"2022110575","2118","1","0","0","0","0","0","0","0","0","5","0","","02","11","2022","3","40.430194","-80.008639","2108","11","0","0","0","0","0","0","0","0","","0","0","0","","","0","N","0","","40 25:48.700","","0","80 00:31.100","0","0","0","0","2301","0","0","0","N","0","0","0","1","02301","0","","6.0","","1","N","N","N","1","","0","0","0","","0","","","2","0","0","0","0","0","0","2","0","2","","03","","N","","","","","","","","","",""