"CRN","ARRIVAL_TM","AUTOMOBILE_COUNT","BELTED_DEATH_COUNT","BELTED_SUSP_SERIOUS_INJ_COUNT","BICYCLE_COUNT","BICYCLE_DEATH_COUNT","BICYCLE_SUSP_SERIOUS_INJ_COUNT","BUS_COUNT","CHLDPAS_DEATH_COUNT","CHLDPAS_SUSP_SERIOUS_INJ_COUNT","COLLISION_TYPE","COMM_VEH_COUNT","CONS_ZONE_SPD_LIM","COUNTY","CRASH_MONTH","CRASH_YEAR","DAY_OF_WEEK","DEC_LATITUDE","DEC_LONGITUDE","DISPATCH_TM","DISTRICT","DRIVER_COUNT_16YR","DRIVER_COUNT_17YR","DRIVER_COUNT_18YR","DRIVER_COUNT_19YR","DRIVER_COUNT_20YR","DRIVER_COUNT_50_64YR","DRIVER_COUNT_65_74YR","DRIVER_COUNT_75PLUS","EST_HRS_CLOSED","FATAL_COUNT","HEAVY_TRUCK_COUNT","HORSE_BUGGY_COUNT","HOUR_OF_DAY","ILLUMINATION","INJURY_COUNT","INTERSECTION_RELATED","INTERSECT_TYPE","LANE_CLOSED","LATITUDE","LN_CLOSE_DIR","LOCATION_TYPE","LONGITUDE","MAX_SEVERITY_LEVEL","MCYCLE_DEATH_COUNT","MCYCLE_SUSP_SERIOUS_INJ_COUNT","MOTORCYCLE_COUNT","MUNICIPALITY","NONMOTR_COUNT","NONMOTR_DEATH_COUNT","NONMOTR_SUSP_SERIOUS_INJ_COUNT","NTFY_HIWY_MAINT","PED_COUNT","PED_DEATH_COUNT","PED_SUSP_SERIOUS_INJ_COUNT","PERSON_COUNT","POLICE_AGCY","POSSIBLE_INJ_COUNT","RDWY_SURF_TYPE_CD","RELATION_TO_ROAD","ROADWAY_CLEARED","ROAD_CONDITION","SCH_BUS_IND","SCH_ZONE_IND","SECONDARY_CRASH","SMALL_TRUCK_COUNT","SPEC_JURIS_CD","SUSP_MINOR_INJ_COUNT","SUSP_SERIOUS_INJ_COUNT","SUV_COUNT","TCD_FUNC_CD","TCD_TYPE","TFC_DETOUR_IND","TIME_OF_DAY","TOTAL_UNITS","TOT_INJ_COUNT","UNBELTED_OCC_COUNT","UNB_DEATH_COUNT","UNB_SUSP_SERIOUS_INJ_COUNT","UNK_INJ_DEG_COUNT","UNK_INJ_PER_COUNT","URBAN_RURAL","VAN_COUNT","VEHICLE_COUNT","WEATHER1","WEATHER2","WORKERS_PRES","WORK_ZONE_IND","WORK_ZONE_LOC","WORK_ZONE_TYPE","WZ_CLOSE_DETOUR","WZ_FLAGGER","WZ_LAW_OFFCR_IND","WZ_LN_CLOSURE","WZ_MOVING","WZ_OTHER","WZ_SHLDER_MDN","WZ_WORKERS_INJ_KILLED"
"2022118177","1819","0","0","0","0","0","0","0","0","0","4","0","","02","12","2022","2","40.439694","-79.897665","1810","11","0","0","0","0","0","1","0","0","","0","0","0","","","2","","1","","40 26:22.899","","0","79 53:51.595","3","0","0","0","2301","0","0","0","N","0","0","0","2","02301","0","","1.0","","1","N","N","N","1","","2","0","1","","2","","","2","2","0","0","0","0","0","2","0","2","","03","","N","","","","","","","","","",""
"2022090332","1547","1","0","0","0","0","0","0","0","0","2","0","","02","10","2022","7","40.446094","-79.901219","1526","11","0","0","0","0","0","0","0","1","","0","0","0","","","0","N","0","","40 26:45.940","","0","79 54:04.390","0","0","0","0","2301","0","0","0","N","0","0","0","1","02301","0","","1.0","","9","N","N","N","0","","0","0","2","","0","","","3","0","0","0","0","0","0","2","0","3","","07","","N","","","","","","","","","",""
"2022124622","0042","0","0","0","0","0","0","0","0","0","7","0","","02","12","2022","5","40.630878","-79.950963","0038","11","0","0","0","0","0","0","0","0","","0","0","0","","","0","N","0","","40 37:51.159","4","0","79 57:03.468","0","0","0","0","2217","0","0","0","N","0","0","0","1","02505","0","","2.0","131.0","1","N","N","N","0","","0","0","1","","0","N","","1","0","0","0","0","0","0","2","0","1","","03","","N","","","","","","","","","",""
"2022114783","1732","0","0","0","0","0","0","0","0","0","8","0","","02","12","2022","2","40.454162","-79.944428","1729","11","0","0","0","0","0","1","0","0","","0","0","0","","","1","","1","","40 27:14.982","","0","79 56:39.940","3","0","0","0","2301","1","0","0","N","1","0","0","2","02301","0","","1.0","","1","N","N","N","0","","1","0","0","","2","","","2","1","0","0","0","0","0","2","1","1","","03","","N","","","","","","","","","",""
"2022110829","1107","0","0","0","0","0","0","0","0","0","1","0","","02","11","2022","4","40.456019","-79.991542","1056","11","0","0","0","0","0","1","0","0","","0","0","0","","","1","","6","","40 27:21.667","1","2","79 59:29.550","4","0","0","0","2301","0","0","0","N","0","0","0","2","02301","1","","1.0","1145.0","1","N","N","N","0","","0","0","2","","4","N","","2","1","0","0","0","0","0","2","0","2","","03","","N","","","","","","","","","",""
"2022108613","0608","1","0","0","0","0","0","0","0","0","7","0","","02","11","2022","5","40.458565","-80.023661","0608","11","0","0","0","0","0","0","0","0","","0","0","0","","","0","N","0","","40 27:30.835","","3","80 01:25.181","0","0","0","0","2301","0","0","0","N","0","0","0","1","02301","0","","2.0","","2","N","N","N","0","","0","0","0","","0","","","1","0","0","0","0","0","0","2","0","1","","","","N","","","","","","","","","",""
"2022117991","1435","2","0","0","0","0","0","0","0","0","1","0","","02","12","2022","3","40.448583","-80.023583","1432","11","0","0","0","0","0","1","0","0","","0","0","0","","","0","Y","0","","40 26:54.900","3","0","80 01:24.900","0","0","0","0","2301","0","0","0","N","0","0","0","2","02301","0","","1.0","1510.0","1","N","N","N","0","","0","0","0","","2","N","","2","0","0","0","0","0","0","2","0","2","","03","","N","","","","","","","","","",""
"2022110277","0834","0","0","0","0","0","0","0","0","0","1","0","","02","11","2022","3","40.50365","-80.081079","0832","11","0","0","0","0","0","0","0","0","","0","0","0","","","1","","3","","40 30:13.139","3","0","80 04:51.884","4","0","0","0","2405","0","0","0","N","0","0","0","2","02215","1","","1.0","856.0","1","N","N","N","0","","0","0","0","","0","N","","2","1","0","0","0","0","0","2","2","2","","","","N","","","","","","","","","",""
"2022115809","1300","1","0","0","0","0","0","0","0","0","1","0","","02","12","2022","4","40.420782","-80.00506","1251","11","0","0","0","0","0","0","0","0","","0","0","0","","","0","N","0","","40 25:14.814","","4","80 00:18.216","0","0","0","0","2301","0","0","0","N","0","0","0","2","02301","0","","1.0","","1","N","N","N","0","","0","0","1","","0","","","2","0","0","0","0","0","0","2","0","2","","03","","N","","","","","","","","","",""
"2022110417","1741","0","0","0","0","0","0","0","0","0","1","0","","02","11","2022","3","40.635221","-80.061052","1734","11","0","0","0","0","0","0","1","1","","0","0","0","","","0","N","0","","40 38:06.797","2","0","80 03:39.786","0","0","0","0","2216","0","0","0","N","0","0","0","8","02505","0","","1.0","1825.0","1","N","N","N","0","","0","0","2","","0","Y","","3","0","0","0","0","0","0","2","1","3","","03","","N","","","","","","","","","",""
"2022118830","1056","1","0","0","0","0","0","0","0","0","4","0","","02","12","2022","5","40.426917","-79.890444","1055","11","0","0","0","0","0","2","0","0","","0","0","0","","","1","N","0","","40 25:36.900","","7","79 53:25.600","4","0","0","0","2463","0","0","0","N","0","0","0","2","02463","1","","1.0","","9","N","N","N","0","","0","0","1","","0","","","2","1","0","0","0","0","0","2","0","2","","","","N","","","","","","","","","",""
"2022107539","2114","1","0","0","0","0","0","0","0","0","4","0","","02","11","2022","3","40.428717","-79.980051","2109","11","0","0","0","0","0","0","0","0","","0","0","0","","","0","N","0","","40 25:43.382","","0","79 58:48.183","0","0","0","0","2301","0","0","0","N","0","0","0","1","02301","0","","6.0","","9","N","N","N","0","","0","0","2","","0","N","","3","0","0","0","0","0","0","2","0","3","","04","","N","","","","","","","","","",""
"2022106720","1621","1","0","0","0","0","0","0","0","0","4","0","","02","11","2022","2","40.394889","-80.029389","1559","11","0","0","0","0","0","0","0","0","","0","0","0","","","0","N","0","","40 23:41.600","","7","80 01:45.800","0","0","0","0","2301","0","0","0","N","0","0","0","2","02301","0","","1.0","","1","N","N","N","0","","0","0","1","","0","","","2","0","0","0","0","0","0","2","0","2","","03","","N","","","","","","","","","",""
"2022123166","0622","0","0","0","0","0","0","0","0","0","98","0","","02","12","2022","5","40.414639","-80.120251","0615","11","0","0","0","0","0","0","0","0","","0","0","0","","","0","N","0","","40 24:52.702","","0","80 07:12.902","0","0","0","0","2102","0","0","0","N","0","0","0","1","02102","0","","1.0","","1","N","N","N","0","","0","0","0","","0","","","1","0","0","0","0","0","0","2","1","1","","03","","N","","","","","","","","","",""
"2022099199","0640","1","0","0","0","0","0","0","0","0","7","0","","02","10","2022","6","40.314972","-80.008444","0630","11","0","0","0","1","0","0","0","0","","0","0","0","","","0","N","0","","40 18:53.900","","0","80 00:30.400","0","0","0","0","2219","0","0","0","N","0","0","0","1","02501","0","","4.0","","1","N","N","N","0","","0","0","0","","0","","","1","0","0","0","0","0","0","2","0","1","","03","","N","","","","","","","","","",""
"2022118816","2212","0","0","0","0","0","0","0","0","0","7","0","","02","12","2022","4","40.447583","-79.849344","2208","11","0","0","0","0","0","0","0","0","","0","0","0","","","1","N","0","","40 26:51.300","1","0","79 50:57.637","3","0","0","0","2419","0","0","0","N","0","0","0","1","02419","0","","4.0","2250.0","1","N","N","N","1","","1","0","0","","0","N","","1","1","0","0","0","0","0","2","0","1","","03","","N","","","","","","","","","",""
"2022117953","0137","1","0","0","0","0","0","0","0","0","1","0","","02","12","2022","1","40.362583","-80.037528","0130","11","0","0","0","0","0","0","0","0","","0","0","0","","","0","N","0","","40 21:45.300","","0","80 02:15.100","9","0","0","0","2109","0","0","0","N","0","0","0","1","02109","0","","1.0","","9","N","N","N","0","","0","0","0","","3","","","2","0","0","0","0","0","1","2","0","2","","","","N","","","","","","","","","",""
"2022117802","0319","0","0","0","0","0","0","0","0","0","7","0","","02","12","2022","3","40.471528","-79.920167","0315","11","0","0","0","0","0","0","0","0","","0","0","0","","","1","","2","","40 28:17.500","","0","79 55:12.600","3","0","0","0","2301","0","0","0","N","0","0","0","1","02301","0","","5.0","","1","N","N","N","0","","1","0","1","","0","","","1","1","1","0","0","0","0","2","0","1","","03","","N","","","","","","","","","",""
"2022109287","1840","0","0","0","0","0","0","0","0","0","7","0","","02","11","2022","7","40.454278","-80.059833","1833","11","0","0","0","0","0","0","1","0","","0","0","0","","","0","N","0","","40 27:15.400","","0","80 03:35.400","0","0","0","0","2301","0","0","0","N","0","0","0","1","02301","0","","4.0","","1","N","N","N","1","","0","0","0","","0","","","1","0","0","0","0","0","0","2","0","1","","03","","N","","","","","","","","","",""
"2022118575","1520","1","0","0","0","0","0","0","0","0","1","0","","02","12","2022","3","40.648667","-80.076194","1510","11","0","0","0","0","0","0","0","0","","0","0","0","","","1","N","0","","40 38:55.200","","0","80 04:34.300","3","0","0","0","2212","0","0","0","N","0","0","0","2","02505","0","","1.0","","1","N","N","N","0","","1","0","1","","0","","","2","1","1","0","0","0","0","2","0","2","","03","","N","","","","","","","","","",""
"2022108909","2113","0","0","0","0","0","0","0","0","0","4","1","","02","11","2022","5","40.449806","-80.107333","2108","11","0","0","0","0","0","0","0","0","","0","1","0","","","0","N","0","","40 26:59.300","1","7","80 06:26.400","0","0","0","0","2126","0","0","0","N","0","0","0","2","02126","0","","1.0","2150.0","1","N","N","N","0","","0","0","1","","3","N","","2","0","0","0","0","0","0","2","0","2","","03","","N","","","","","","","","","",""
"2022116552","1625","1","0","0","0","0","0","0","0","0","1","0","","02","12","2022","6","40.417542","-79.971828","1620","11","0","0","0","0","0","1","0","0","","0","0","0","","","0","N","0","","40 25:03.152","","0","79 58:18.579","0","0","0","0","2301","0","0","0","N","0","0","0","1","02301","0","","6.0","","1","N","N","N","1","","0","0","0","","0","","","2","0","0","0","0","0","0","2","0","2","","03","","N","","","","","","","","","",""
"2022120925","2314","1","0","0","0","0","0","0","0","0","7","0","","02","12","2022","3","40.456528","-79.990528","2308","11","0","0","0","0","0","1","0","0","","0","0","0","","","0","N","0","","40 27:23.500","","0","79 59:25.900","0","0","0","0","2301","0","0","0","N","0","0","0","1","02301","0","","1.0","","1","N","N","N","0","","0","0","0","","0","","","1","0","0","0","0","0","0","2","0","1","","03","","N","","","","","","","","","",""
"2022114746","1300","0","0","0","0","0","0","0","0","0","4","0","","02","12","2022","2","40.431691","-79.958735","1245","11","0","0","0","0","0","0","0","0","","0","0","0","","","0","","2","","40 25:54.088","","0","79 57:31.446","0","0","0","0","2301","0","0","0","N","0","0","0","3","02301","0","","1.0","","1","N","N","N","1","","0","0","1","","0","","","2","0","0","0","0","0","0","2","0","2","","03","","N","","","","","","","","","",""
"2022108326","1753","1","0","0","0","0","0","0","0","0","1","0","","02","11","2022","4","40.574479","-79.960528","1750","11","0","0","0","0","0","1","0","0","","0","0","0","","","0","","3","","40 34:28.124","5","0","79 57:37.900","0","0","0","0","2207","0","0","0","N","0","0","0","2","02207","0","","1.0","1827.0","9","N","N","N","0","","0","0","1","","0","Y","","2","0","0","0","0","0","0","2","0","2","","04","","N","","","","","","","","","",""
"2022114382","1242","0","0","0","0","0","0","0","0","0","4","0","","02","12","2022","7","40.401884","-80.067771","1238","11","0","0","0","0","0","2","1","0","","0","0","0","","","0","","1","","40 24:06.784","","0","80 04:03.975","9","0","0","0","2415","0","0","0","N","0","0","0","6","02415","0","","1.0","","1","N","N","N","0","","0","0","3","","3","","","3","0","0","0","0","0","1","2","0","3","","98","","N","","","","","","","","","",""
"2022109558","1842","1","0","0","0","0","0","0","0","0","7","0","","02","11","2022","4","40.375861","-79.827274","1841","11","0","0","0","0","0","0","0","0","","0","0","0","","","0","N","0","","40 22:33.099","5","0","79 49:38.185","9","0","0","0","2111","0","0","0","N","0","0","0","1","02111","0","","4.0","1925.0","1","N","N","N","0","","0","0","0","","0","Y","","1","0","0","0","0","0","1","2","0","1","","03","","N","","","","","","","","","",""
"2022113824","1628","2","0","0","0","0","0","0","0","0","4","0","","02","12","2022","6","40.438579","-80.005748","1620","11","0","0","0","0","0","0","0","0","","0","0","0","","","0","","5","","40 26:18.886","1","8","80 00:20.693","0","0","0","0","2301","0","0","0","N","0","0","0","5","02301","0","","1.0","1700.0","1","N","N","N","0","","0","0","0","","2","Y","","2","0","0","0","0","0","0","2","0","2","","03","","N","","","","","","","","","",""
"2022115966","2315","0","0","0","0","0","0","0","0","0","7","0","","02","12","2022","4","40.330212","-79.952829","2310","11","1","0","0","0","0","0","0","0","","0","0","0","","","0","N","0","","40 19:48.763","","0","79 57:10.184","0","0","0","0","2454","0","0","0","N","0","0","0","1","02454","0","","4.0","","1","N","N","N","0","","0","0","1","","0","N","","1","0","0","0","0","0","0","2","0","1","","","","N","","","","","","","","","",""
"2022115633","1659","3","0","0","0","0","0","0","0","0","4","0","","02","12","2022","2","40.491601","-80.061229","1657","11","0","0","0","0","0","0","0","0","","0","0","0","","","1","","2","","40 29:29.763","2","7","80 03:40.423","8","0","0","0","2404","0","0","0","N","0","0","0","5","02404","0","","1.0","1731.0","1","N","N","Y","0","","0","0","0","","2","Y","","3","1","1","0","0","1","0","2","0","3","","","","N","","","","","","","","","",""
"2022121396","2202","1","0","0","0","0","0","0","0","0","4","0","","02","12","2022","7","40.354521","-80.114766","2155","11","0","0","0","0","1","0","0","0","","0","0","0","","","0","","2","","40 21:16.277","","0","80 06:53.157","0","0","0","0","2102","0","0","0","N","0","0","0","4","02102","0","","1.0","","1","N","N","N","0","","0","0","1","","2","","","2","0","0","0","0","0","0","2","0","2","","03","","N","","","","","","","","","",""
"2022120406","2152","1","0","0","0","0","0","0","0","0","7","0","","02","12","2022","7","40.622097","-80.071784","2146","11","0","0","0","0","0","0","0","0","","0","0","0","","","0","N","0","","40 37:19.548","7","0","80 04:18.423","0","0","0","0","2212","0","0","0","N","0","0","0","2","02505","0","","4.0","2357.0","2","N","N","N","0","","0","0","1","","0","N","","2","0","0","0","0","0","0","2","0","2","","06","","N","","","","","","","","","",""
"2022115660","0600","1","0","0","0","0","0","0","0","0","7","0","","02","12","2022","4","40.441787","-80.306429","0556","11","0","0","0","1","0","0","0","0","","0","0","0","","","0","N","0","","40 26:30.434","","0","80 18:23.143","0","0","0","0","2203","0","0","0","N","0","0","0","1","02203","0","","4.0","","9","N","N","N","0","","0","0","0","","0","","","1","0","0","0","0","0","0","1","0","1","","07","","N","","","","","","","","","",""
"2022120936","0406","0","0","0","0","0","0","0","0","0","7","0","","02","12","2022","6","40.369778","-79.958472","0406","11","0","0","1","0","0","0","0","0","","0","0","0","","","0","N","0","","40 22:11.200","1","0","79 57:30.500","9","0","0","0","2403","0","0","0","Y","0","0","0","1","02403","0","","2.0","434.0","9","","","N","0","","0","0","1","","0","N","","1","0","0","0","0","0","1","2","0","1","","","","N","","","","","","","","","",""
"2022110723","0739","1","0","0","0","0","0","0","0","0","4","0","","02","11","2022","4","40.448563","-80.065404","0731","11","0","0","0","0","0","0","0","0","","0","0","0","","","0","","2","","40 26:54.828","1","0","80 03:55.454","0","0","0","0","2439","0","0","0","N","0","0","0","2","02439","0","","1.0","847.0","1","N","N","N","0","","0","0","1","","3","N","","2","0","0","0","0","0","0","2","0","2","","","","N","","","","","","","","","",""
"2022109257","1625","1","0","0","0","0","0","0","0","0","4","0","","02","11","2022","7","40.43972","-80.023665","1616","11","0","0","0","0","0","1","0","0","","0","0","0","","","0","","1","","40 26:22.992","","0","80 01:25.195","0","0","0","0","2301","0","0","0","N","0","0","0","2","02301","0","","1.0","","1","N","N","N","0","","0","0","1","","3","","","2","0","0","0","0","0","0","2","0","2","","03","","N","","","","","","","","","",""
"2022116377","0233","1","0","0","0","0","0","0","0","0","1","0","","02","12","2022","5","40.428388","-79.977643","0229","11","0","0","0","0","0","0","0","0","","0","0","0","","","2","N","0","","40 25:42.196","2","0","79 58:39.514","4","0","0","0","2301","0","0","0","N","0","0","0","3","02301","1","","1.0","330.0","1","N","N","N","0","","0","0","1","","0","N","","3","2","0","0","0","1","0","2","1","3","","03","","N","","","","","","","","","",""
"2022113353","0902","1","0","0","0","0","0","0","0","0","1","0","","02","12","2022","5","40.479178","-80.042975","0856","11","0","0","0","1","0","1","0","0","","0","0","0","","","0","Y","0","","40 28:45.042","3","0","80 02:34.709","9","0","0","0","2301","0","0","0","N","0","0","0","2","02301","0","","1.0","930.0","1","N","N","N","0","","0","0","1","","2","N","","2","0","0","0","0","0","1","2","0","2","","04","","N","","","","","","","","","",""
"2022121158","2020","0","0","0","0","0","0","0","0","0","7","0","","02","12","2022","3","40.462583","-79.8945","2017","11","0","0","0","0","0","0","0","0","","0","0","0","","","1","","2","","40 27:45.300","","0","79 53:40.200","2","0","0","0","2301","0","0","0","N","0","0","0","1","02301","0","","5.0","","1","N","N","N","0","","0","1","1","","3","","","1","1","0","0","0","0","0","2","0","1","","","","N","","","","","","","","","",""
"2022090180","0102","1","0","0","0","0","0","0","0","0","7","0","","02","10","2022","7","40.435728","-79.994921","0050","11","0","0","0","0","0","0","0","0","","0","0","0","","","0","N","0","","40 26:08.620","2","2","79 59:41.714","0","0","0","0","2301","0","0","0","N","0","0","0","2","02301","0","","2.0","131.0","1","N","N","N","0","","0","0","0","","2","N","","1","0","0","0","0","0","0","2","0","1","","03","","N","","","","","","","","","",""
"2022096870","1934","0","0","0","0","0","0","0","0","0","4","0","","02","10","2022","3","40.37297","-80.099329","1927","11","0","0","0","0","0","1","0","0","","0","0","0","","","0","","2","","40 22:22.692","6","2","80 05:57.584","0","0","0","0","2102","0","0","0","N","0","0","0","4","02102","0","","1.0","2004.0","9","N","N","N","1","","0","0","1","","0","N","","2","0","0","0","0","0","0","2","0","2","","07","","N","","","","","","","","","",""
"2022116695","2358","1","0","0","0","0","0","0","0","0","7","0","","02","12","2022","6","40.407551","-80.015138","2351","11","0","0","0","0","0","1","0","0","","0","0","0","","","0","N","0","","40 24:27.184","1","0","80 00:54.496","0","0","0","0","2301","0","0","0","N","0","0","0","1","02301","0","","4.0","30.0","1","N","N","N","0","","0","0","0","","0","N","","2","0","0","0","0","0","0","2","0","1","","","","N","","","","","","","","","",""
"2022119564","1813","2","0","0","0","0","0","0","0","0","4","0","","02","12","2022","4","40.415944","-79.799861","1805","11","0","0","1","0","0","0","0","0","","0","0","0","","","0","N","1","","40 24:57.400","1","0","79 47:59.500","0","0","0","0","2446","0","0","0","N","0","0","0","2","02446","0","","1.0","1840.0","1","N","N","N","0","","0","0","0","","3","N","","2","0","0","0","0","0","0","2","0","2","","03","","N","","","","","","","","","",""
"2022108642","2058","0","0","0","0","0","0","0","0","0","7","0","","02","11","2022","4","40.372972","-80.092","2056","11","0","0","0","0","0","0","0","0","","0","0","0","","","0","Y","0","","40 22:22.700","5","0","80 05:31.200","0","0","0","0","2117","0","0","0","N","0","0","0","1","02117","0","","4.0","2138.0","1","N","N","N","0","","0","0","1","","0","N","","1","0","0","0","0","0","0","2","0","1","","03","","N","","","","","","","","","",""
"2022115209","1558","0","0","0","0","0","0","0","0","0","98","0","","02","12","2022","6","40.551906","-80.015145","1553","11","0","0","0","0","0","1","0","0","","0","0","0","","","1","N","0","","40 33:06.860","3","0","80 00:54.521","8","0","0","0","2116","0","0","0","N","0","0","0","3","02116","0","","1.0","1621.0","1","N","N","N","0","","0","0","1","","0","N","","2","1","0","0","0","1","0","2","1","2","","03","","N","","","","","","","","","",""
"2022109664","2339","2","0","0","0","0","0","0","0","0","4","0","","02","11","2022","1","40.437411","-80.002659","2330","11","0","0","0","0","0","0","0","0","","0","0","0","","","0","","1","","40 26:14.678","4","0","80 00:09.572","0","0","0","0","2301","0","0","0","N","0","0","0","3","02301","0","","1.0","21.0","1","N","N","N","0","","0","0","0","","1","Y","","2","0","0","0","0","0","0","2","0","2","","","","N","","","","","","","","","",""
"2022115211","1939","0","0","0","0","0","0","0","0","0","5","0","","02","12","2022","7","40.321033","-79.891363","1936","11","0","0","0","0","0","0","2","0","","0","0","0","","","0","","3","","40 19:15.717","","0","79 53:28.908","0","0","0","0","2433","0","0","0","N","0","0","0","2","02433","0","","1.0","","1","N","N","N","0","","0","0","2","","0","","","2","0","0","0","0","0","0","2","0","2","","98","","N","","","","","","","","","",""
"2022106531","2059","0","0","0","0","0","0","0","0","0","7","0","","02","11","2022","1","40.443118","-80.241522","2057","11","0","0","0","0","0","1","0","0","","0","0","0","","","0","N","0","","40 26:35.223","1","0","80 14:29.478","0","0","0","0","2214","0","0","0","N","0","0","0","1","02214","0","","4.0","2143.0","1","N","N","N","0","","0","0","1","","0","Y","","1","0","0","0","0","0","0","2","0","1","","","","N","","","","","","","","","",""
"2022116372","2335","0","0","0","0","0","0","0","0","0","7","0","","02","12","2022","3","40.339504","-80.003683","2330","11","0","0","0","0","0","0","0","0","","0","0","0","","","1","N","0","","40 20:22.213","4","0","80 00:13.259","8","0","0","0","2407","0","0","0","N","0","0","0","1","02407","0","","4.0","110.0","9","N","N","N","0","","0","0","1","","0","N","","1","1","1","0","0","1","0","2","0","1","","","","N","","","","","","","","","",""
"2022119606","0406","0","0","0","0","0","0","0","0","0","7","0","","02","12","2022","7","40.432572","-80.030023","0359","11","0","0","0","0","0","0","0","0","","0","0","0","","","1","","2","","40 25:57.260","5","0","80 01:48.082","4","0","0","0","2301","0","0","0","N","0","0","0","1","02301","1","","2.0","501.0","9","N","N","N","0","","0","0","1","","0","Y","","1","1","1","0","0","0","0","2","0","1","","07","","N","","","","","","","","","",""
"2022111017","1006","2","0","0","0","0","0","0","0","0","4","0","","02","11","2022","5","40.443156","-80.057912","0959","11","0","0","0","0","0","0","0","1","","0","0","0","","","2","","1","","40 26:35.360","6","0","80 03:28.483","3","0","0","0","2439","0","0","0","N","0","0","0","2","02439","0","","1.0","1033.0","1","N","N","N","0","","1","0","0","","3","N","","2","2","0","0","0","1","0","2","0","2","","03","","N","","","","","","","","","",""
"2022119415","1729","0","0","0","0","0","0","0","0","0","4","0","","02","12","2022","6","40.448639","-80.002278","1725","11","0","0","0","0","0","1","0","0","","0","0","0","","","1","","1","","40 26:55.100","3","0","80 00:08.200","3","0","0","0","2301","0","0","0","N","0","0","0","8","02301","0","","1.0","1814.0","1","N","N","N","1","","1","0","1","","2","Y","","2","1","0","0","0","0","0","2","0","2","","04","","N","","","","","","","","","",""
"2022114002","0230","1","0","0","0","0","0","0","0","0","4","0","","02","12","2022","7","40.466164","-79.952216","0200","11","0","0","0","0","0","0","0","0","","0","0","0","","","0","","1","","40 27:58.190","","0","79 57:07.978","0","0","0","0","2301","0","0","0","N","0","0","0","2","02301","0","","1.0","","9","N","N","N","0","","0","0","1","","2","","","2","0","0","0","0","0","0","2","0","2","","03","","N","","","","","","","","","",""
"2022119943","2114","0","0","0","0","0","0","0","0","0","4","0","","02","12","2022","6","40.590333","-79.948306","2111","11","0","0","1","1","0","0","0","0","","0","0","0","","","0","","1","","40 35:25.200","1","0","79 56:53.900","0","0","0","0","2207","0","0","0","N","0","0","0","4","02207","0","","1.0","2150.0","1","N","N","N","1","","0","0","1","","2","N","","2","0","0","0","0","0","0","2","0","2","","04","","N","","","","","","","","","",""
"2022116380","0218","1","0","0","0","0","0","0","0","0","7","0","","02","12","2022","4","40.344581","-79.884425","0216","11","0","0","0","0","0","0","0","0","","0","0","0","","","1","N","0","","40 20:40.492","3","3","79 53:03.930","4","0","0","0","2433","0","0","0","N","0","0","0","1","02433","1","","3.0","250.0","9","N","N","N","0","","0","0","0","","0","N","","1","1","0","0","0","0","0","2","0","1","","","","N","","","","","","","","","",""
"2022108915","1810","1","0","0","0","0","0","0","0","0","1","0","","02","11","2022","6","40.479267","-80.043551","1800","11","0","0","0","0","0","0","0","0","","0","0","0","","","1","Y","0","","40 28:45.362","2","0","80 02:36.782","3","0","0","0","2301","0","0","0","N","0","0","0","2","02301","0","","1.0","1915.0","1","N","N","N","0","","1","0","1","","0","N","","2","1","0","0","0","0","0","2","0","2","","03","","N","","","","","","","","","",""
"2022117142","1614","0","0","0","0","0","0","0","0","0","1","0","","02","12","2022","1","40.43275","-80.028611","1611","11","0","0","0","0","0","0","0","0","","0","0","0","","","3","N","0","","40 25:57.900","2","0","80 01:43.000","3","0","0","0","2301","0","0","0","N","0","0","0","7","02301","0","","1.0","1646.0","1","N","N","N","0","","3","0","2","","0","N","","2","3","1","0","0","0","0","2","0","2","","04","","N","","","","","","","","","",""
"2022109645","1730","0","0","0","0","0","0","0","0","0","1","0","","02","11","2022","7","40.437373","-79.738047","1730","11","0","0","0","0","0","0","0","0","","0","0","0","","","0","N","0","","40 26:14.541","4","0","79 44:16.968","0","0","0","0","2446","0","0","0","N","0","0","0","2","02446","0","","1.0","1809.0","9","N","N","Y","0","","0","0","2","","0","Y","","2","0","0","0","0","0","0","2","0","2","","07","","N","","","","","","","","","",""
"2022120676","2009","1","0","0","0","0","0","0","0","0","5","0","","02","12","2022","5","40.415111","-79.924556","2001","11","0","0","0","0","0","0","0","0","","0","0","0","","","0","N","0","","40 24:54.400","1","0","79 55:28.400","0","0","0","0","2301","0","0","0","N","0","0","0","2","02301","0","","1.0","2230.0","1","N","N","N","0","","0","0","1","","0","N","","2","0","0","0","0","0","0","2","0","2","","","","N","","","","","","","","","",""
"2022120530","2150","0","0","0","0","0","0","0","0","0","8","0","","02","12","2022","2","40.457989","-79.996064","2125","11","0","0","0","1","0","0","0","0","","0","0","0","","","1","N","0","","40 27:28.759","4","0","79 59:45.832","2","0","0","0","2301","1","0","1","N","1","0","1","2","02301","0","","1.0","2230.0","1","N","N","N","1","","0","1","0","","0","Y","","2","1","1","0","0","0","0","2","0","1","","","","N","","","","","","","","","",""
"2022091544","1821","1","0","0","0","0","0","0","0","0","7","0","","02","10","2022","2","40.452064","-80.203817","1809","11","0","0","0","0","0","0","0","0","","0","0","0","","","0","N","0","","40 27:07.430","6","0","80 12:13.740","0","0","0","0","2203","0","0","0","Y","0","0","0","1","02203","0","","2.0","1947.0","1","N","N","N","0","","0","0","0","","0","N","","1","0","0","0","0","0","0","2","0","1","","03","","N","","","","","","","","","",""