"CRN","ARRIVAL_TM","AUTOMOBILE_COUNT","BELTED_DEATH_COUNT","BELTED_SUSP_SERIOUS_INJ_COUNT","BICYCLE_COUNT","BICYCLE_DEATH_COUNT","BICYCLE_SUSP_SERIOUS_INJ_COUNT","BUS_COUNT","CHLDPAS_DEATH_COUNT","CHLDPAS_SUSP_SERIOUS_INJ_COUNT","COLLISION_TYPE","COMM_VEH_COUNT","CONS_ZONE_SPD_LIM","COUNTY","CRASH_MONTH","CRASH_YEAR","DAY_OF_WEEK","DEC_LATITUDE","DEC_LONGITUDE","DISPATCH_TM","DISTRICT","DRIVER_COUNT_16YR","DRIVER_COUNT_17YR","DRIVER_COUNT_18YR","DRIVER_COUNT_19YR","DRIVER_COUNT_20YR","DRIVER_COUNT_50_64YR","DRIVER_COUNT_65_74YR","DRIVER_COUNT_75PLUS","EST_HRS_CLOSED","FATAL_COUNT","HEAVY_TRUCK_COUNT","HORSE_BUGGY_COUNT","HOUR_OF_DAY","ILLUMINATION","INJURY_COUNT","INTERSECTION_RELATED","INTERSECT_TYPE","LANE_CLOSED","LATITUDE","LN_CLOSE_DIR","LOCATION_TYPE","LONGITUDE","MAX_SEVERITY_LEVEL","MCYCLE_DEATH_COUNT","MCYCLE_SUSP_SERIOUS_INJ_COUNT","MOTORCYCLE_COUNT","MUNICIPALITY","NONMOTR_COUNT","NONMOTR_DEATH_COUNT","NONMOTR_SUSP_SERIOUS_INJ_COUNT","NTFY_HIWY_MAINT","PED_COUNT","PED_DEATH_COUNT","PED_SUSP_SERIOUS_INJ_COUNT","PERSON_COUNT","POLICE_AGCY","POSSIBLE_INJ_COUNT","RDWY_SURF_TYPE_CD","RELATION_TO_ROAD","ROADWAY_CLEARED","ROAD_CONDITION","SCH_BUS_IND","SCH_ZONE_IND","SECONDARY_CRASH","SMALL_TRUCK_COUNT","SPEC_JURIS_CD","SUSP_MINOR_INJ_COUNT","SUSP_SERIOUS_INJ_COUNT","SUV_COUNT","TCD_FUNC_CD","TCD_TYPE","TFC_DETOUR_IND","TIME_OF_DAY","TOTAL_UNITS","TOT_INJ_COUNT","UNBELTED_OCC_COUNT","UNB_DEATH_COUNT","UNB_SUSP_SERIOUS_INJ_COUNT","UNK_INJ_DEG_COUNT","UNK_INJ_PER_COUNT","URBAN_RURAL","VAN_COUNT","VEHICLE_COUNT","WEATHER1","WEATHER2","WORKERS_PRES","WORK_ZONE_IND","WORK_ZONE_LOC","WORK_ZONE_TYPE","WZ_CLOSE_DETOUR","WZ_FLAGGER","WZ_LAW_OFFCR_IND","WZ_LN_CLOSURE","WZ_MOVING","WZ_OTHER","WZ_SHLDER_MDN","WZ_WORKERS_INJ_KILLED"
"2022090310","1255","2","0","0","0","0","0","0","0","0","1","0","","02","10","2022","7","40.428754","-79.999517","1248","11","0","1","0","0","0","0","1","0","","0","0","0","","","0","N","0","","40 25:43.513","","4","79 59:58.261","0","0","0","0","2301","0","0","0","N","0","0","0","3","02301","0","","1.0","","9","N","N","N","0","","0","0","0","","0","","","2","0","0","0","0","0","0","2","0","2","","07","","N","","","","","","","","","",""
"2022115797","1722","1","0","0","0","0","0","0","0","0","1","0","","02","12","2022","4","40.422594","-79.960148","1711","11","0","0","0","0","0","1","0","0","","0","0","0","","","0","","2","","40 25:21.338","2","0","79 57:36.533","0","0","0","0","2301","0","0","0","N","0","0","0","3","02301","0","","1.0","1801.0","9","N","N","N","0","","0","0","2","","2","N","","3","0","0","0","0","0","0","2","0","3","","04","","N","","","","","","","","","",""
"2022108130","0115","0","0","0","0","0","0","0","0","0","1","0","","02","11","2022","5","40.472302","-80.065173","0111","11","0","0","0","0","0","0","0","0","","0","0","0","","","0","N","0","","40 28:20.287","5","0","80 03:54.621","0","0","0","0","2444","0","0","0","N","0","0","0","1","02444","0","","6.0","150.0","9","N","N","N","0","","0","0","2","","0","Y","","2","0","0","0","0","0","0","2","0","2","","","","N","","","","","","","","","",""
"2022119045","2149","1","0","0","0","0","0","0","0","0","1","0","","02","12","2022","5","40.441306","-80.020528","2143","11","0","0","0","0","0","0","0","0","","0","0","0","","","1","Y","0","","40 26:28.700","4","0","80 01:13.900","4","0","0","0","2301","0","0","0","N","0","0","0","3","02301","1","","1.0","2330.0","9","N","N","N","0","","0","0","1","","2","N","","2","1","0","0","0","0","0","2","0","2","","03","","N","","","","","","","","","",""
"2022108276","0706","1","0","0","0","0","0","0","0","0","2","0","90","02","11","2022","5","40.440383","-79.993128","0701","11","0","0","0","0","0","0","1","0","","0","0","0","","","2","Y","0","","40 26:25.377","6","0","79 59:35.262","3","0","0","0","2301","0","0","0","N","0","0","0","3","02301","1","","1.0","805.0","2","N","N","N","0","","1","0","2","","0","Y","","3","2","0","0","0","0","0","2","0","3","","04","N","Y","3","1","Y","","N","Y","Y","","","N"
"2022117475","1050","0","0","0","0","0","0","0","0","0","8","0","","02","12","2022","2","40.441528","-79.997944","1048","11","0","0","0","0","0","0","0","0","","0","0","0","","","1","N","0","","40 26:29.500","","0","79 59:52.600","4","0","0","0","2301","1","0","0","N","1","0","0","2","02301","1","","1.0","","1","N","N","N","0","","0","0","0","","0","","","2","1","1","0","0","0","0","2","1","1","","06","","N","","","","","","","","","",""
"2022090582","1153","1","0","0","0","0","0","0","0","0","4","0","","02","10","2022","1","40.418415","-80.045673","1150","11","0","0","0","0","0","0","0","0","","0","0","0","","","1","N","0","","40 25:06.295","2","7","80 02:44.421","3","0","0","0","2435","0","0","0","N","0","0","0","5","02435","0","","1.0","1225.0","1","N","N","N","1","","1","0","1","","0","N","","3","1","0","0","0","0","0","2","0","3","","03","","N","","","","","","","","","",""
"2022123543","0229","1","0","0","0","0","0","0","0","0","7","0","","02","10","2022","7","40.426671","-79.892285","0229","11","0","0","0","0","0","0","0","0","","0","0","0","","","1","N","0","","40 25:36.015","","0","79 53:32.227","3","0","0","0","2301","0","0","0","N","0","0","0","1","68B03","0","","5.0","","9","N","N","N","0","","1","0","0","","0","","","1","1","0","0","0","0","0","2","0","1","","","","N","","","","","","","","","",""
"2022110349","2146","0","0","0","0","0","0","0","0","0","7","0","","02","11","2022","6","40.445571","-80.099998","2143","11","0","0","0","0","0","0","0","0","","0","0","0","","","1","N","0","","40 26:44.054","","0","80 05:59.993","3","0","0","0","2115","0","0","0","N","0","0","0","1","02115","0","","5.0","","1","N","N","N","0","","1","0","1","","0","","","1","1","0","0","0","0","0","2","0","1","","03","","N","","","","","","","","","",""
"2022119378","1750","0","0","0","0","0","0","0","0","0","4","0","","02","12","2022","5","40.369472","-80.031389","1745","11","0","0","0","0","0","0","0","0","","0","0","0","","","0","N","0","","40 22:10.100","","7","80 01:53.000","0","0","0","0","2416","0","0","0","N","0","0","0","3","02416","0","","1.0","","9","N","N","N","0","","0","0","2","","2","","","2","0","0","0","0","0","0","2","0","2","","03","","N","","","","","","","","","",""
"2022110657","0719","1","0","0","0","0","0","0","0","0","4","0","","02","11","2022","4","40.55867","-79.851983","0709","11","0","0","0","0","0","1","0","0","","0","0","0","","","0","N","0","","40 33:31.212","4","7","79 51:07.140","0","0","0","0","2208","0","0","0","N","0","0","0","2","02208","0","","1.0","748.0","99","N","N","N","0","","0","0","1","","0","N","","2","0","0","0","0","0","0","2","0","2","","","","N","","","","","","","","","",""
"2022109385","2117","0","0","0","0","0","0","0","0","0","7","0","","02","11","2022","7","40.432802","-80.028558","2112","11","0","0","1","0","0","0","0","0","","0","0","0","","","0","Y","0","","40 25:58.087","","0","80 01:42.808","0","0","0","0","2301","0","0","0","N","0","0","0","1","02301","0","","2.0","","1","N","N","N","0","","0","0","1","","0","","","1","0","0","0","0","0","0","2","0","1","","03","","N","","","","","","","","","",""
"2022113742","0748","2","0","0","0","0","0","0","0","0","4","0","","02","12","2022","6","40.393552","-79.982694","0717","11","1","0","0","0","0","0","0","0","","0","0","0","","","0","N","0","","40 23:36.786","","0","79 58:57.699","0","0","0","0","2301","0","0","0","N","0","0","0","2","02301","0","","4.0","","1","N","N","N","0","","0","0","0","","0","","","2","0","2","0","0","0","0","2","0","2","","","","N","","","","","","","","","",""
"2022118997","1857","1","0","0","0","0","0","0","0","0","7","0","","02","12","2022","5","40.368722","-79.872222","1852","11","0","0","0","0","0","1","0","0","","0","0","0","","","0","N","0","","40 22:07.400","7","7","79 52:20.000","0","0","0","0","2473","0","0","0","N","0","0","0","1","02473","0","","4.0","1910.0","9","N","N","N","0","","0","0","0","","0","N","","1","0","0","0","0","0","0","2","0","1","","03","","N","","","","","","","","","",""
"2022116983","0221","1","0","0","0","0","0","0","0","0","7","0","","02","12","2022","1","40.56125","-79.999278","0218","11","0","0","0","0","0","0","0","0","","0","0","0","","","0","","1","","40 33:40.500","1","0","79 59:57.400","0","0","0","0","2108","0","0","0","N","0","0","0","1","02108","0","","2.0","316.0","9","N","N","N","0","","0","0","0","","2","N","","1","0","0","0","0","0","0","2","0","1","","98","","N","","","","","","","","","",""
"2022118785","1021","0","0","0","0","0","0","0","0","0","7","0","","02","12","2022","5","40.436222","-79.994778","1016","11","0","0","0","0","0","0","0","0","","0","0","0","","","0","N","0","","40 26:10.400","1","2","79 59:41.200","0","0","0","0","2301","0","0","0","N","0","0","0","1","02301","0","","4.0","1050.0","9","N","N","N","0","","0","0","1","","0","N","","1","0","0","0","0","0","0","2","0","1","","04","","N","","","","","","","","","",""
"2022123858","0942","0","0","0","0","0","0","0","0","0","1","0","","02","12","2022","3","40.426031","-79.912365","0929","11","0","0","0","0","0","0","0","0","","0","0","0","","","2","N","0","","40 25:33.710","","0","79 54:44.515","4","0","0","0","2301","0","0","0","N","0","0","0","4","68B03","2","","1.0","","1","N","N","N","0","","0","0","1","","0","","","2","2","0","0","0","0","1","2","0","2","","","","N","","","","","","","","","",""
"2022113232","0216","1","0","0","0","0","0","0","0","0","7","0","","02","12","2022","5","40.668413","-80.143756","0210","11","0","0","0","0","0","0","0","0","","0","0","0","","","1","N","0","","40 40:06.287","","0","80 08:37.521","3","0","0","0","2212","0","0","0","N","0","0","0","1","02505","0","","4.0","","2","N","N","N","0","","1","0","0","","0","","","1","1","1","0","0","0","0","1","0","1","","","","N","","","","","","","","","",""
"2022109403","0151","0","0","0","0","0","0","0","0","0","7","0","","02","11","2022","1","40.452276","-79.982274","0151","11","0","0","0","0","0","0","0","0","","0","0","0","","","0","","1","","40 27:08.192","","0","79 58:56.185","0","0","0","0","2301","0","0","0","N","0","0","0","1","02301","0","","4.0","","1","N","N","N","0","","0","0","1","","1","","","1","0","0","0","0","0","0","2","0","1","","","","N","","","","","","","","","",""
"2022119350","1359","0","0","0","0","0","0","0","0","0","4","0","","02","12","2022","6","40.631793","-80.058119","1358","11","0","0","0","0","0","1","0","0","","0","0","0","","","0","","3","","40 37:54.455","1","0","80 03:29.227","0","0","0","0","2216","0","0","0","N","0","0","0","2","02505","0","","1.0","1430.0","1","N","N","N","0","","0","0","2","","3","Y","","2","0","0","0","0","0","0","2","0","2","","03","","N","","","","","","","","","",""
"2022111093","1615","2","0","0","0","0","0","0","0","0","1","0","","02","11","2022","5","40.488806","-80.014528","1600","11","0","0","0","0","0","0","0","0","","0","0","0","","","0","N","0","","40 29:19.700","","0","80 00:52.300","0","0","0","0","2301","0","0","0","N","0","0","0","1","02301","0","","6.0","","1","","","N","0","","0","0","0","","0","N","","2","0","0","0","0","0","0","2","0","2","","","","N","","","","","","","","","",""
"2022100378","0717","0","0","0","0","0","0","0","0","0","1","0","99","02","9","2022","6","40.59004","-79.7747","0653","11","0","0","0","0","0","0","0","0","","0","0","0","","","1","N","0","","40 35:24.143","","0","79 46:28.919","4","0","0","0","2104","0","0","0","N","0","0","0","4","68D02","1","","1.0","","1","N","N","N","0","","0","0","2","","0","","","2","1","0","0","0","0","0","1","0","2","","03","N","Y","3","1","","","N","","","Y","","N"
"2022116134","1508","1","0","0","0","0","0","0","0","0","7","0","","02","12","2022","2","40.321087","-79.891551","1506","11","0","0","0","0","0","1","0","0","","0","0","0","","","1","N","0","","40 19:15.912","4","0","79 53:29.584","3","0","0","0","2433","0","0","0","N","0","0","0","1","02433","0","","4.0","1543.0","1","N","N","N","0","","1","0","0","","0","N","","1","1","0","0","0","0","0","2","0","1","","","","N","","","","","","","","","",""
"2022120885","1527","1","0","0","0","0","0","0","0","0","4","0","","02","12","2022","2","40.437528","-79.770278","1521","11","0","0","0","0","1","0","0","0","","0","0","0","","","0","N","0","","40 26:15.100","1","7","79 46:13.000","0","0","0","0","2446","0","0","0","N","0","0","0","2","02446","0","","1.0","1600.0","1","N","N","N","0","","0","0","1","","0","N","","2","0","0","0","0","0","0","2","0","2","","","","N","","","","","","","","","",""
"2022118827","1214","1","0","1","0","0","0","0","0","0","4","0","","02","12","2022","5","40.557056","-80.018389","1206","11","0","0","0","0","0","1","0","1","","0","0","0","","","2","N","0","","40 33:25.400","5","7","80 01:06.200","2","0","0","0","2108","0","0","0","Y","0","0","0","2","02108","0","","1.0","1315.0","9","N","N","N","0","","1","1","1","","2","N","","2","2","0","0","0","0","0","2","0","2","","04","","N","","","","","","","","","",""
"2022118795","1410","1","0","0","0","0","0","0","0","0","5","0","","02","12","2022","4","40.422556","-79.960139","1359","11","0","0","0","0","0","1","0","0","","0","0","0","","","1","","2","","40 25:21.200","","0","79 57:36.500","8","0","0","1","2301","0","0","0","N","0","0","0","2","02301","0","","1.0","","9","N","N","N","0","","0","0","0","","2","","","2","1","0","0","0","1","0","2","0","2","","","","N","","","","","","","","","",""
"2022117350","1412","1","0","0","0","0","0","0","0","0","4","0","","02","12","2022","1","40.525667","-79.822917","1404","11","0","0","0","0","0","1","1","0","","0","0","0","","","1","","2","","40 31:32.400","2","0","79 49:22.500","3","0","0","0","2466","0","0","0","N","0","0","0","3","02466","0","","1.0","1455.0","1","N","N","N","0","","1","0","0","","3","N","","2","1","0","0","0","0","0","1","1","2","","03","","N","","","","","","","","","",""
"2022116155","1525","0","0","0","0","0","0","0","0","0","7","0","","02","12","2022","1","40.496098","-80.169835","1520","11","0","0","0","0","0","0","0","0","","0","0","0","","","0","N","0","","40 29:45.954","","0","80 10:11.406","0","0","0","0","2213","0","0","0","N","0","0","0","1","02213","0","","4.0","","1","N","N","N","1","","0","0","0","","0","","","1","0","1","0","0","0","0","2","0","1","","","","N","","","","","","","","","",""
"2022107933","1740","0","0","0","0","0","0","0","0","0","1","0","","02","11","2022","4","40.27362","-79.885017","1733","11","0","0","0","0","0","1","0","0","","0","0","0","","","1","","6","","40 16:25.033","","2","79 53:06.062","4","0","0","0","2428","0","0","0","N","0","0","0","2","02428","1","","1.0","","1","N","N","N","0","","0","0","1","","3","","","2","1","0","0","0","0","0","2","1","2","","","","N","","","","","","","","","",""
"2022113628","2229","1","0","0","0","0","0","0","0","0","4","0","","02","12","2022","5","40.396318","-79.998213","2215","11","0","0","0","0","0","0","0","0","","0","0","0","","","1","","1","","40 23:46.743","2","0","79 59:53.568","3","0","0","0","2301","0","0","0","N","0","0","0","5","02301","0","","1.0","2306.0","1","N","N","Y","0","","1","0","0","","2","Y","","2","1","0","0","0","0","0","2","1","2","","","","N","","","","","","","","","",""
"2022123476","2251","1","0","0","0","0","0","0","0","0","7","0","","02","12","2022","7","40.613749","-80.028978","2154","11","0","0","0","0","0","0","0","0","","0","0","0","","","0","N","0","","40 36:49.496","","0","80 01:44.320","0","0","0","0","2108","0","0","0","N","0","0","0","1","02501","0","","4.0","","7","N","N","N","0","","0","0","0","","3","","","1","0","0","0","0","0","0","1","0","1","","","","N","","","","","","","","","",""
"2022114784","1832","1","0","0","0","0","0","0","0","0","1","0","","02","12","2022","7","40.357635","-80.071701","1829","11","0","0","0","0","0","1","0","0","","0","0","0","","","1","","2","","40 21:27.487","","0","80 04:18.125","4","0","0","0","2123","0","0","0","N","0","0","0","2","02123","1","","1.0","","1","N","N","N","0","","0","0","1","","0","","","2","1","0","0","0","0","0","2","0","2","","","","N","","","","","","","","","",""
"2022108814","1345","0","0","0","0","0","0","0","0","0","7","0","","02","11","2022","3","40.642215","-79.938446","1337","11","0","0","0","0","0","0","0","1","","0","0","0","","","0","","1","","40 38:31.974","2","0","79 56:18.406","0","0","0","0","2217","0","0","0","N","0","0","0","1","02505","0","","3.0","1415.0","9","N","N","N","0","","0","0","1","","2","N","","1","0","0","0","0","0","0","2","0","1","","","","N","","","","","","","","","",""
"2022124580","1707","2","0","0","0","0","0","0","0","0","4","0","","02","12","2022","3","40.519795","-80.217865","1704","11","0","0","0","0","0","1","0","0","","0","0","0","","","0","","2","","40 31:11.261","","7","80 13:04.313","0","0","0","0","2213","0","0","0","N","0","0","0","4","02213","0","","1.0","","9","N","N","N","0","","0","0","1","","2","","","3","0","0","0","0","0","0","2","0","3","","","","N","","","","","","","","","",""
"2022108628","0049","1","0","0","0","0","0","0","0","0","1","0","","02","11","2022","6","40.352809","-79.847464","0049","11","0","0","0","0","0","1","0","0","","0","0","0","","","0","N","0","","40 21:10.111","4","0","79 50:50.870","0","0","0","0","2304","0","0","0","N","0","0","0","3","02304","0","","1.0","135.0","1","N","N","N","0","","0","0","1","","0","N","","2","0","0","0","0","0","0","2","0","2","","03","","N","","","","","","","","","",""
"2022093957","1646","1","0","0","0","0","0","0","0","0","8","0","","02","10","2022","3","40.447115","-79.947293","1642","11","0","0","0","0","0","1","0","0","","0","0","0","","","1","","1","","40 26:49.613","","0","79 56:50.256","3","0","0","0","2301","1","0","0","N","1","0","0","2","02301","0","","1.0","","1","N","N","N","0","","1","0","0","","2","","","2","1","0","0","0","0","0","2","0","1","","03","","N","","","","","","","","","",""
"2022089526","0105","0","0","0","0","0","0","0","0","0","7","0","","02","9","2022","5","40.394986","-79.941808","0058","11","0","0","0","0","0","0","0","0","","0","0","0","","","0","N","0","","40 23:41.948","","0","79 56:30.510","0","0","0","0","2301","0","0","0","N","0","0","0","1","02301","0","","2.0","","1","N","N","N","0","","0","0","1","","0","","","1","0","0","0","0","0","0","2","0","1","","03","","N","","","","","","","","","",""
"2022105532","0739","0","0","0","0","0","0","0","0","0","4","0","","02","11","2022","6","40.51314","-80.099896","0739","11","0","0","0","0","0","0","0","0","","0","0","0","","","0","","1","","40 30:47.305","","0","80 05:59.625","0","0","0","0","2429","0","0","0","N","0","0","0","2","02402","0","","1.0","","9","N","N","N","0","","0","0","2","","3","","","2","0","0","0","0","0","0","2","0","2","","","","N","","","","","","","","","",""
"2022095944","1400","2","0","0","0","0","0","0","0","0","4","0","","02","10","2022","2","40.434975","-79.944821","1348","11","0","0","0","0","0","0","0","0","","0","0","0","","","0","N","0","","40 26:05.911","","0","79 56:41.354","0","0","0","0","2301","0","0","0","N","0","0","0","4","02301","0","","1.0","","1","N","N","N","0","","0","0","0","","0","","","2","0","0","0","0","0","0","2","0","2","","","","N","","","","","","","","","",""
"2022090547","1707","1","0","0","0","0","0","0","0","0","6","0","","02","10","2022","7","40.655651","-79.890742","1701","11","0","0","0","0","0","0","0","0","","0","0","0","","","1","N","0","","40 39:20.343","6","0","79 53:26.670","3","0","0","0","2220","0","0","0","N","0","0","0","3","02220","0","","1.0","1730.0","9","N","N","N","1","","1","0","0","","0","N","","2","1","0","0","0","0","0","1","0","2","","07","","N","","","","","","","","","",""
"2022090490","0111","1","0","0","0","0","0","0","0","0","7","0","","02","10","2022","1","40.407114","-80.045373","0105","11","0","0","0","0","0","0","0","0","","0","0","0","","","1","N","0","","40 24:25.609","7","0","80 02:43.343","3","0","0","0","2301","0","0","0","N","0","0","0","3","02301","0","","5.0","229.0","9","N","N","N","0","","1","0","0","","0","Y","","1","1","0","0","0","0","2","2","0","1","","","","N","","","","","","","","","",""
"2022103553","2247","1","0","0","0","0","0","0","0","0","7","0","","02","11","2022","1","40.345669","-80.171375","2243","11","0","0","0","0","0","0","0","0","","0","0","0","","","0","N","0","","40 20:44.410","","0","80 10:16.951","0","0","0","0","2119","0","0","0","N","0","0","0","1","02119","0","","4.0","","1","N","N","N","0","","0","0","0","","0","","","1","0","0","0","0","0","0","2","0","1","","","","N","","","","","","","","","",""
"2022106935","1408","0","0","0","0","0","0","0","0","0","1","0","","02","11","2022","1","40.524243","-79.851897","1314","11","0","0","0","0","0","3","0","0","","0","0","0","","","2","N","0","","40 31:27.273","1","0","79 51:06.828","3","0","0","0","2208","0","0","0","N","0","0","0","7","68D02","1","","1.0","1417.0","9","N","N","N","1","","1","0","3","","0","N","","4","2","0","0","0","0","0","2","0","4","","","","N","","","","","","","","","",""
"2022096498","1748","1","0","0","0","0","0","0","0","0","4","0","","02","10","2022","3","40.503803","-80.13528","1741","11","0","0","0","0","0","1","0","0","","0","0","0","","","0","","2","","40 30:13.690","1","2","80 08:07.009","0","0","0","0","2115","0","0","0","N","0","0","0","2","02115","0","","1.0","1830.0","1","N","N","N","0","","0","0","1","","3","N","","2","0","0","0","0","0","0","2","0","2","","03","","N","","","","","","","","","",""
"2022114689","0255","1","0","0","0","0","0","0","0","0","7","0","","02","11","2022","5","40.436021","-79.999611","0232","11","0","0","0","0","0","0","0","0","","0","0","0","","","1","N","0","","40 26:09.676","7","2","79 59:58.601","2","0","0","0","2301","0","0","0","N","0","0","0","1","02301","0","","2.0","514.0","1","N","N","N","0","","0","1","0","","2","Y","","1","1","1","0","1","0","0","2","0","1","","","","N","","","","","","","","","",""
"2022117822","1425","1","0","0","0","0","0","0","0","0","1","0","","02","9","2022","5","40.428971","-79.944527","1424","11","0","0","0","0","0","1","0","0","","0","0","0","","","1","N","0","","40 25:44.294","","0","79 56:40.298","3","0","0","0","2301","0","0","0","N","0","0","0","3","68B03","0","","1.0","","1","N","N","N","0","","1","0","2","","0","","","3","1","0","0","0","0","0","2","0","3","","03","","N","","","","","","","","","",""
"2022102383","0645","2","0","0","0","0","0","0","0","0","4","0","","02","11","2022","5","40.614895","-79.758835","0640","11","0","0","0","0","0","1","1","0","","0","0","0","","","0","","2","","40 36:53.622","","2","79 45:31.805","0","0","0","0","2202","0","0","0","N","0","0","0","3","02202","0","","1.0","","1","N","N","Y","0","","0","0","1","","3","","","3","0","0","0","0","0","0","2","0","3","","","","N","","","","","","","","","",""
"2022096576","2228","0","0","0","0","0","0","0","0","0","7","0","","02","10","2022","3","40.346184","-79.835868","2226","11","0","0","0","0","0","1","0","0","","0","0","0","","","1","N","2","","40 20:46.262","7","0","79 50:09.126","3","0","0","1","2304","0","0","0","N","0","0","0","1","02304","0","","2.0","2255.0","9","N","N","N","0","","1","0","0","","0","N","","1","1","0","0","0","0","0","2","0","1","","98","","N","","","","","","","","","",""
"2022093033","1921","0","0","0","0","0","0","0","0","0","7","0","","02","10","2022","1","40.515447","-80.088567","1919","11","0","0","0","0","0","0","0","0","","0","0","0","","","1","N","0","","40 30:55.610","5","0","80 05:18.840","3","0","0","0","2429","0","0","0","N","0","0","0","1","02215","0","","5.0","2001.0","1","N","N","N","0","","1","0","1","","0","Y","","1","1","0","0","0","0","0","2","0","1","","","","N","","","","","","","","","",""
"2022095253","2240","1","0","0","1","0","0","0","0","0","8","0","","02","10","2022","6","40.388281","-79.988333","2234","11","0","0","0","0","0","1","0","0","","0","0","0","","","1","","1","","40 23:17.813","","0","79 59:17.997","3","0","0","0","2301","1","0","0","N","0","0","0","2","02301","0","","1.0","","1","N","N","N","0","","1","0","0","","3","","","2","1","0","0","0","0","0","2","0","1","","03","","N","","","","","","","","","",""
"2022094559","0545","1","0","0","0","0","0","0","0","0","4","0","","02","10","2022","5","40.443806","-80.003472","0542","11","0","0","0","0","0","1","0","0","","0","0","0","","","0","N","0","","40 26:37.700","3","7","80 00:12.500","0","0","0","0","2301","0","0","0","N","0","0","0","2","02301","0","","1.0","620.0","9","N","N","N","0","","0","0","1","","0","N","","2","0","0","0","0","0","0","2","0","2","","","","N","","","","","","","","","",""
"2022090336","0218","0","0","0","0","0","0","0","0","0","7","0","","02","9","2022","4","40.403727","-80.090215","0217","11","0","0","0","0","0","0","0","0","","0","0","0","","","0","N","0","","40 24:13.417","2","0","80 05:24.773","0","0","0","0","2415","0","0","0","N","0","0","0","1","02415","0","","5.0","254.0","1","N","N","N","0","","0","0","1","","3","N","","1","0","0","0","0","0","0","2","0","1","","","","N","","","","","","","","","",""
"2022095284","0826","2","0","0","0","0","0","0","0","0","4","0","","02","10","2022","3","40.462469","-79.924405","0821","11","0","0","0","0","0","0","0","0","","0","0","0","","","2","","2","","40 27:44.888","2","0","79 55:27.858","3","0","0","0","2301","0","0","0","N","0","0","0","3","02301","0","","1.0","850.0","1","N","N","Y","0","","1","0","0","","3","N","","2","2","0","0","0","1","0","2","0","2","","","","N","","","","","","","","","",""
"2022116836","1436","1","0","0","0","0","0","0","0","0","4","0","","02","12","2022","6","40.530591","-79.923554","1428","11","0","0","0","0","0","2","0","0","","0","0","0","","","0","","2","","40 31:50.128","","0","79 55:24.793","0","0","0","0","2112","0","0","0","N","0","0","0","3","02112","0","","1.0","","1","Y","N","N","0","","0","0","0","","3","","","2","0","0","0","0","0","0","2","1","2","","","","N","","","","","","","","","",""
"2022093648","0551","1","0","0","0","0","0","0","0","0","98","0","","02","10","2022","4","40.622496","-79.787375","0525","11","0","0","0","0","0","0","0","0","","0","0","0","","","0","N","0","","40 37:20.986","","0","79 47:14.549","0","0","0","0","2206","0","0","0","N","0","0","0","1","02206","0","","1.0","","1","N","N","N","0","","0","0","0","","0","","","1","0","0","0","0","0","0","1","0","1","","","","N","","","","","","","","","",""
"2022095533","0438","1","0","0","0","0","0","0","0","0","7","0","","02","10","2022","7","40.463917","-80.144556","0434","11","0","0","0","0","0","0","0","0","","0","0","0","","","1","N","0","","40 27:50.100","6","0","80 08:40.400","8","0","0","0","2115","0","0","0","N","0","0","0","1","02115","0","","4.0","526.0","1","N","N","N","0","","0","0","0","","0","N","","1","1","0","0","0","1","0","2","0","1","","","","N","","","","","","","","","",""
"2022104986","1640","0","0","0","0","0","0","0","0","0","4","0","","02","11","2022","4","40.270766","-79.889219","1637","11","0","0","0","0","0","1","0","0","","0","0","0","","","0","","1","","40 16:14.756","","0","79 53:21.189","0","0","0","0","2428","0","0","0","N","0","0","0","3","02428","0","","1.0","","1","N","N","N","1","","0","0","1","","3","","","2","0","0","0","0","0","0","2","0","2","","","","N","","","","","","","","","",""
"2022094199","0635","1","0","0","0","0","0","0","0","0","6","0","","02","10","2022","4","40.426028","-79.980139","0626","11","0","0","0","0","0","0","0","0","","0","0","0","","","0","N","0","","40 25:33.700","","0","79 58:48.500","9","0","0","0","2301","0","0","0","N","0","0","0","1","02301","0","","6.0","","1","N","N","N","0","","0","0","0","","0","","","2","0","0","0","0","0","1","2","0","2","","03","","N","","","","","","","","","",""
"2022074428","1245","1","0","0","0","0","0","0","0","0","4","0","","02","8","2022","2","40.599405","-79.807896","1238","11","0","0","0","0","0","1","0","0","","0","0","0","","","0","","1","","40 35:57.859","","0","79 48:28.426","0","0","0","0","2206","0","0","0","N","0","0","0","2","02206","0","","1.0","","1","N","N","N","1","","0","0","0","","3","N","","2","0","0","0","0","0","0","1","0","2","","03","","N","","","","","","","","","",""
"2022104063","1721","1","0","0","0","0","0","0","0","0","1","0","","02","9","2022","4","40.428229","-79.889614","1646","11","0","0","0","0","0","1","0","0","","0","0","0","","","0","","6","","40 25:41.623","","2","79 53:22.612","0","0","0","0","2426","0","0","0","N","0","0","0","2","68B03","0","","1.0","","1","N","N","N","0","","0","0","1","","0","","","2","0","0","0","0","0","0","2","0","2","","","","N","","","","","","","","","",""