"CRN","ARRIVAL_TM","AUTOMOBILE_COUNT","BELTED_DEATH_COUNT","BELTED_SUSP_SERIOUS_INJ_COUNT","BICYCLE_COUNT","BICYCLE_DEATH_COUNT","BICYCLE_SUSP_SERIOUS_INJ_COUNT","BUS_COUNT","CHLDPAS_DEATH_COUNT","CHLDPAS_SUSP_SERIOUS_INJ_COUNT","COLLISION_TYPE","COMM_VEH_COUNT","CONS_ZONE_SPD_LIM","COUNTY","CRASH_MONTH","CRASH_YEAR","DAY_OF_WEEK","DEC_LATITUDE","DEC_LONGITUDE","DISPATCH_TM","DISTRICT","DRIVER_COUNT_16YR","DRIVER_COUNT_17YR","DRIVER_COUNT_18YR","DRIVER_COUNT_19YR","DRIVER_COUNT_20YR","DRIVER_COUNT_50_64YR","DRIVER_COUNT_65_74YR","DRIVER_COUNT_75PLUS","EST_HRS_CLOSED","FATAL_COUNT","HEAVY_TRUCK_COUNT","HORSE_BUGGY_COUNT","HOUR_OF_DAY","ILLUMINATION","INJURY_COUNT","INTERSECTION_RELATED","INTERSECT_TYPE","LANE_CLOSED","LATITUDE","LN_CLOSE_DIR","LOCATION_TYPE","LONGITUDE","MAX_SEVERITY_LEVEL","MCYCLE_DEATH_COUNT","MCYCLE_SUSP_SERIOUS_INJ_COUNT","MOTORCYCLE_COUNT","MUNICIPALITY","NONMOTR_COUNT","NONMOTR_DEATH_COUNT","NONMOTR_SUSP_SERIOUS_INJ_COUNT","NTFY_HIWY_MAINT","PED_COUNT","PED_DEATH_COUNT","PED_SUSP_SERIOUS_INJ_COUNT","PERSON_COUNT","POLICE_AGCY","POSSIBLE_INJ_COUNT","RDWY_SURF_TYPE_CD","RELATION_TO_ROAD","ROADWAY_CLEARED","ROAD_CONDITION","SCH_BUS_IND","SCH_ZONE_IND","SECONDARY_CRASH","SMALL_TRUCK_COUNT","SPEC_JURIS_CD","SUSP_MINOR_INJ_COUNT","SUSP_SERIOUS_INJ_COUNT","SUV_COUNT","TCD_FUNC_CD","TCD_TYPE","TFC_DETOUR_IND","TIME_OF_DAY","TOTAL_UNITS","TOT_INJ_COUNT","UNBELTED_OCC_COUNT","UNB_DEATH_COUNT","UNB_SUSP_SERIOUS_INJ_COUNT","UNK_INJ_DEG_COUNT","UNK_INJ_PER_COUNT","URBAN_RURAL","VAN_COUNT","VEHICLE_COUNT","WEATHER1","WEATHER2","WORKERS_PRES","WORK_ZONE_IND","WORK_ZONE_LOC","WORK_ZONE_TYPE","WZ_CLOSE_DETOUR","WZ_FLAGGER","WZ_LAW_OFFCR_IND","WZ_LN_CLOSURE","WZ_MOVING","WZ_OTHER","WZ_SHLDER_MDN","WZ_WORKERS_INJ_KILLED"
"2022045099","1601","0","0","0","0","0","0","0","0","0","7","0","","02","5","2022","6","40.378366","-79.974571","1558","11","0","0","0","0","0","0","0","0","","0","0","0","","","1","N","0","","40 22:42.118","6","0","79 58:28.457","8","0","0","0","2413","0","0","0","N","0","0","0","1","02413","0","","4.0","1709.0","1","N","N","N","0","","0","0","1","","0","Y","","1","1","1","0","0","1","0","2","0","1","","03","","N","","","","","","","","","",""
"2022034050","0415","1","0","0","0","0","0","0","0","0","7","0","","02","3","2022","2","40.466569","-80.034769","0407","11","0","0","0","0","0","0","0","0","","0","0","0","","","0","N","0","","40 27:59.650","","0","80 02:05.169","0","0","0","0","2301","0","0","0","N","0","0","0","1","02301","0","","5.0","","2","N","N","N","0","","0","0","0","","0","","","1","0","0","0","0","0","0","2","0","1","","03","","N","","","","","","","","","",""
"2022021293","0156","2","0","0","0","0","0","0","0","0","7","0","","02","2","2022","2","40.405619","-79.815489","0154","11","0","0","0","0","0","0","0","0","","0","0","0","","","0","","2","","40 24:20.229","","0","79 48:55.761","0","0","0","0","2467","0","0","0","N","0","0","0","2","02467","0","","5.0","","1","N","N","Y","0","","0","0","0","","0","","","2","0","0","0","0","0","0","2","0","2","","03","","N","","","","","","","","","",""
"2022037174","0801","2","0","0","0","0","0","0","0","0","4","0","","02","4","2022","4","40.353954","-79.823236","0757","11","0","0","0","0","0","2","0","0","","0","0","0","","","3","","1","","40 21:14.236","7","0","79 49:23.648","3","0","0","0","2477","0","0","0","N","0","0","0","3","02477","0","","1.0","844.0","1","N","N","N","1","","1","0","0","","3","N","","3","3","0","0","0","2","0","2","0","3","","","","N","","","","","","","","","",""
"2022026271","2140","0","0","0","0","0","0","0","0","0","7","0","","02","2","2022","5","40.517246","-80.128534","2122","11","0","0","0","0","0","0","0","0","","0","0","0","","","0","N","0","","40 31:02.084","","0","80 07:42.722","0","0","0","0","2434","0","0","0","N","0","0","0","1","68B03","0","","4.0","","9","N","N","N","0","","0","0","1","","0","","","1","0","0","0","0","0","0","2","0","1","","07","","N","","","","","","","","","",""
"2022011454","1135","1","0","0","0","0","0","0","0","0","4","0","","02","1","2022","2","40.443155","-80.057911","1132","11","0","0","0","0","0","0","1","0","","0","0","0","","","2","N","1","","40 26:35.358","7","0","80 03:28.479","8","0","0","0","2439","0","0","0","N","0","0","0","3","02439","0","","1.0","1220.0","1","N","N","N","0","","0","0","1","","3","Y","","2","2","2","0","0","2","0","2","0","2","","03","","N","","","","","","","","","",""
"2022037295","1744","3","0","0","0","0","0","0","0","0","4","0","","02","4","2022","4","40.464311","-79.957697","1744","11","0","0","0","0","0","0","1","0","","0","0","0","","","1","N","1","","40 27:51.521","","0","79 57:27.709","3","0","0","0","2301","0","0","0","N","0","0","0","4","02301","0","","1.0","","1","N","N","N","0","","1","0","0","","3","","","3","1","0","0","0","0","0","2","0","3","","03","","N","","","","","","","","","",""
"2022048891","1546","0","0","0","0","0","0","0","0","0","1","0","","02","5","2022","4","40.446096","-79.851029","1543","11","0","0","0","0","0","0","1","0","","0","0","0","","","0","N","0","","40 26:45.945","3","0","79 51:03.703","0","0","0","0","2419","0","0","0","N","0","0","0","4","02419","0","","1.0","1600.0","1","N","N","N","0","","0","0","3","","0","N","","3","0","0","0","0","0","0","2","0","3","","03","","N","","","","","","","","","",""
"2022049800","1907","2","0","0","0","0","0","0","0","0","1","0","","02","5","2022","4","40.33798","-79.894971","1905","11","0","0","0","0","0","0","0","1","","0","0","0","","","0","N","2","","40 20:16.728","3","0","79 53:41.897","0","0","0","0","2473","0","0","0","N","0","0","0","6","02473","0","","1.0","1935.0","1","N","N","N","0","","0","0","0","","2","N","","2","0","0","0","0","0","0","2","0","2","","03","","N","","","","","","","","","",""
"2022045260","1655","3","0","0","0","0","0","0","0","0","1","0","25","02","5","2022","7","40.349968","-79.929609","1652","11","0","0","0","0","0","1","0","0","","0","0","0","","","4","N","0","","40 20:59.883","3","0","79 55:46.591","3","0","0","0","2473","0","0","0","N","0","0","0","10","02473","0","","1.0","1730.0","1","N","N","Y","0","","4","0","0","","0","N","","3","4","0","0","0","0","0","2","0","3","","03","N","Y","4","1","","","N","Y","","","","N"
"2022011964","1639","1","0","0","0","0","0","0","0","0","4","0","","02","2","2022","4","40.460055","-79.952217","1628","11","0","0","0","0","0","1","0","0","","0","0","0","","","0","N","1","","40 27:36.197","3","0","79 57:07.981","0","0","0","0","2301","0","0","0","N","0","0","0","2","02301","0","","1.0","10.0","1","N","N","N","1","","0","0","0","","3","N","","2","0","1","0","0","0","0","2","0","2","","03","","N","","","","","","","","","",""
"2022035467","1443","0","0","0","0","0","0","0","0","0","1","0","","02","3","2022","5","40.492464","-79.910056","1414","11","0","0","0","0","0","0","2","0","","0","0","0","","","1","N","0","","40 29:32.872","","2","79 54:36.200","3","0","0","0","2112","0","0","0","N","0","0","0","4","68D02","0","","1.0","","1","N","N","N","1","","1","0","1","","0","","","2","1","0","0","0","0","0","2","0","2","","","","N","","","","","","","","","",""
"2022037836","0831","1","0","0","0","0","0","0","0","0","1","0","","02","4","2022","4","40.369891","-79.784399","0819","11","0","0","0","0","0","0","0","0","","0","0","0","","","1","N","2","","40 22:11.609","","0","79 47:03.837","8","0","0","0","2111","0","0","0","N","0","0","0","2","02111","0","","1.0","","1","N","N","N","0","","0","0","1","","0","","","2","1","0","0","0","1","0","2","0","2","","03","","N","","","","","","","","","",""
"2022035098","1505","4","0","0","0","0","0","0","0","0","1","0","","02","4","2022","3","40.462209","-79.981811","1502","11","0","0","0","0","0","0","1","0","","0","0","0","","","1","N","0","","40 27:43.951","4","0","79 58:54.519","8","0","0","0","2301","0","0","0","N","0","0","0","7","02301","0","","1.0","1621.0","1","N","N","N","1","","0","0","0","","0","N","","5","1","0","0","0","1","0","2","0","5","","03","","N","","","","","","","","","",""
"2022015177","","0","0","0","0","0","0","0","0","0","5","0","","02","1","2022","3","40.449222","-79.929278","","11","0","0","0","0","0","0","0","0","","0","0","0","","","1","N","0","","40 26:57.200","","0","79 55:45.400","8","0","0","0","2301","0","0","0","N","0","0","0","2","00000","0","","1.0","","1","N","N","N","0","","0","0","2","","0","","","2","1","0","0","0","1","0","2","0","2","","","","N","","","","","","","","","",""
"2022047703","0732","3","0","0","0","0","0","0","0","0","1","0","","02","5","2022","4","40.490886","-79.879665","0732","11","0","0","0","0","0","0","0","0","","0","0","0","","","1","N","0","","40 29:27.189","2","3","79 52:46.795","3","0","0","0","2112","0","0","0","N","0","0","0","3","68D02","0","","1.0","830.0","9","N","N","N","0","","1","0","0","","0","Y","","3","1","0","0","0","0","0","2","0","3","","","","N","","","","","","","","","",""
"2022031295","1904","0","0","0","0","0","0","0","0","0","1","0","","02","3","2022","2","40.444327","-80.009338","1844","11","0","0","0","1","0","0","0","0","","0","0","0","","","0","N","0","","40 26:39.577","2","3","80 00:33.616","0","0","0","0","2301","0","0","0","N","0","0","0","4","68B03","0","","1.0","100.0","1","N","N","N","0","","0","0","2","","0","N","","2","0","0","0","0","0","0","2","0","2","","","","N","","","","","","","","","",""
"2022042245","1607","1","0","0","0","0","0","0","0","0","4","0","","02","5","2022","6","40.431158","-79.959208","1558","11","0","0","0","0","0","0","0","0","","0","0","0","","","0","","1","","40 25:52.168","1","0","79 57:33.149","0","0","0","0","2301","0","0","0","N","0","0","0","5","02301","0","","1.0","1645.0","9","","","N","0","","0","0","1","","2","N","","2","0","0","0","0","0","0","2","0","2","","07","","N","","","","","","","","","",""
"2022017616","0817","3","0","0","0","0","0","0","0","0","4","0","","02","2","2022","1","40.369333","-80.085585","0812","11","0","0","0","0","0","0","2","0","","0","0","0","","","1","","2","","40 22:09.600","6","0","80 05:08.107","3","0","0","0","2117","0","0","0","N","0","0","0","2","02117","0","","1.0","915.0","1","N","N","Y","0","","1","0","0","","3","Y","","3","1","0","0","0","0","0","2","0","3","","03","","N","","","","","","","","","",""
"2022023958","0012","1","0","0","0","0","0","0","0","0","4","0","","02","3","2022","4","40.341378","-79.870903","0012","11","0","0","0","0","0","0","0","0","","0","0","0","","","0","Y","0","","40 20:28.960","3","0","79 52:15.250","0","0","0","0","2455","0","0","0","N","0","0","0","1","02455","0","","2.0","9999.0","1","N","N","N","0","","0","0","1","","3","N","","2","0","0","0","0","0","0","2","0","2","","03","","N","","","","","","","","","",""
"2022007616","1228","1","0","0","0","0","0","0","0","0","4","0","","02","1","2022","7","40.43804","-79.994361","1223","11","0","0","0","0","0","0","0","1","","0","0","0","","","1","","1","","40 26:16.943","3","0","79 59:39.699","3","0","0","0","2301","0","0","0","N","0","0","0","3","02301","0","","1.0","1245.0","1","N","N","N","0","","1","0","1","","2","N","","2","1","0","0","0","0","0","2","0","2","","","","N","","","","","","","","","",""
"2022013350","1458","2","0","0","0","0","0","0","0","0","4","0","","02","2","2022","1","40.449839","-79.929647","1456","11","0","0","0","0","0","1","0","0","","0","0","0","","","0","","1","","40 26:59.420","1","0","79 55:46.729","9","0","0","0","2301","0","0","0","N","0","0","0","3","02301","0","","1.0","1525.0","1","N","N","N","0","","0","0","0","","2","N","","2","0","0","0","0","0","1","2","0","2","","03","","N","","","","","","","","","",""
"2022002239","1730","1","0","0","0","0","0","0","0","0","1","0","","02","1","2022","4","40.368663","-79.929088","1728","11","0","0","0","0","0","0","0","0","","0","1","0","","","0","N","0","","40 22:07.185","","0","79 55:44.715","0","0","0","0","2473","0","0","0","N","0","0","0","2","02473","0","","1.0","","1","N","N","N","0","","0","0","0","","0","","","2","0","0","0","0","0","0","2","0","2","","","","N","","","","","","","","","",""
"2022012903","1659","2","0","0","0","0","0","0","0","0","5","0","","02","2","2022","6","40.515424","-79.95333","1659","11","0","0","0","0","0","1","0","0","","0","0","0","","","1","N","0","","40 30:55.527","","0","79 57:11.989","4","0","0","0","2118","0","0","0","N","0","0","0","2","02118","1","","1.0","","7","N","N","N","0","","0","0","0","","0","","","2","1","0","0","0","0","0","2","0","2","","","","N","","","","","","","","","",""
"2022012931","0459","1","0","0","0","0","0","0","0","0","2","0","","02","2","2022","6","40.418633","-79.986239","0457","11","0","0","0","0","0","0","0","0","","0","0","0","","","1","N","0","","40 25:07.080","","0","79 59:10.460","3","0","0","0","2301","0","0","0","N","0","0","0","2","02301","0","","1.0","","2","N","N","N","0","","1","0","0","","0","","","2","1","0","0","0","0","1","2","0","2","","10","","N","","","","","","","","","",""
"2022035201","0840","2","0","0","0","0","0","0","0","0","4","0","","02","4","2022","4","40.402585","-79.993903","0832","11","0","0","0","0","0","0","0","0","","0","0","0","","","0","","2","","40 24:09.306","4","0","79 59:38.050","0","0","0","0","2301","0","0","0","N","0","0","0","2","02301","0","","1.0","905.0","1","N","N","N","0","","0","0","0","","3","N","","2","0","0","0","0","0","0","2","0","2","","","","N","","","","","","","","","",""
"2022009303","0225","1","0","0","0","0","0","0","0","0","98","0","25","02","1","2022","7","40.435333","-79.993861","0215","11","0","0","0","0","0","0","0","0","","0","0","0","","","0","N","0","","40 26:07.200","4","0","79 59:37.900","0","0","0","0","2301","0","0","0","N","0","0","0","4","02301","0","","1.0","327.0","2","N","N","N","0","","0","0","1","","0","Y","","2","0","1","0","0","0","0","2","0","2","","","N","Y","4","1","","","N","Y","","","","N"
"2022008158","0854","2","0","0","0","0","0","0","0","0","4","0","","02","1","2022","2","40.469115","-79.962759","0838","11","0","0","0","0","0","1","0","0","","0","0","0","","","0","N","2","","40 28:08.814","","0","79 57:45.932","0","0","0","0","2301","0","0","0","N","0","0","0","3","02301","0","","1.0","","7","N","N","N","0","","0","0","0","","0","","","2","0","0","0","0","0","0","2","0","2","","02","","N","","","","","","","","","",""
"2022041403","0251","1","0","1","0","0","0","0","0","0","7","0","","02","4","2022","5","40.519655","-80.056269","0243","11","0","0","0","0","0","0","0","0","","0","0","0","","","1","N","0","","40 31:10.759","1","0","80 03:22.568","2","0","0","0","2116","0","0","0","N","0","0","0","1","68B03","0","","4.0","500.0","1","N","N","N","0","","0","1","0","","0","N","","1","1","0","0","0","0","0","2","0","1","","03","","N","","","","","","","","","",""
"2022016873","0806","0","0","0","0","0","0","0","0","0","1","0","","02","2","2022","3","40.358389","-80.126832","0806","11","0","0","0","0","0","0","0","0","","0","0","0","","","0","Y","0","","40 21:30.199","","0","80 07:36.596","0","0","0","0","2119","0","0","0","N","0","0","0","3","02119","0","","1.0","","1","N","N","N","0","","0","0","2","","2","","","2","0","0","0","0","0","0","2","0","2","","","","N","","","","","","","","","",""
"2022008111","0743","1","0","0","0","0","0","0","0","0","7","0","","02","1","2022","2","40.352523","-79.842451","0741","11","0","0","0","0","1","0","0","0","","0","0","0","","","1","N","1","","40 21:09.083","3","0","79 50:32.823","8","0","0","0","2304","0","0","0","N","0","0","0","1","02304","0","","5.0","800.0","6","N","N","N","0","","0","0","0","","0","N","","1","1","0","0","0","1","0","2","0","1","","10","","N","","","","","","","","","",""
"2022007822","0635","0","0","0","0","0","0","0","0","0","8","0","","02","1","2022","1","40.446952","-79.948999","0626","11","0","0","0","0","0","1","0","0","","0","0","0","","","1","N","1","","40 26:49.027","4","0","79 56:56.397","8","0","0","0","2301","1","0","0","N","1","0","0","2","02301","0","","1.0","700.0","2","N","N","N","0","","0","0","1","","2","Y","","2","1","0","0","0","1","0","2","0","1","","03","","N","","","","","","","","","",""
"2022051605","1015","0","0","0","0","0","0","0","0","0","7","1","","02","5","2022","6","40.425838","-80.106071","1010","11","0","0","0","0","0","1","0","0","","0","1","0","","","1","N","0","","40 25:33.015","1","0","80 06:21.854","4","0","0","0","2115","0","0","0","Y","0","0","0","1","68B03","1","","4.0","1300.0","1","N","N","N","0","","0","0","0","","0","N","","1","1","0","0","0","0","0","2","0","1","","","","N","","","","","","","","","",""
"2022020691","2350","1","0","0","0","0","0","0","0","0","4","0","","02","2","2022","7","40.405684","-80.018646","2330","11","0","0","0","0","0","0","0","0","","0","0","0","","","1","Y","0","","40 24:20.463","3","7","80 01:07.124","4","0","0","0","2301","0","0","0","N","0","0","0","3","02301","1","","1.0","10.0","1","N","N","N","0","","0","0","0","","2","N","","2","1","0","0","0","0","0","2","1","2","","03","","N","","","","","","","","","",""
"2022020454","0249","2","0","0","0","0","0","0","0","0","2","0","","02","2","2022","7","40.421306","-79.928694","0238","11","0","0","0","0","0","0","0","0","","0","0","0","","","0","N","0","","40 25:16.700","","0","79 55:43.300","0","0","0","0","2301","0","0","0","N","0","0","0","1","02301","0","","4.0","","1","N","N","N","0","","0","0","0","","0","","","2","0","1","0","0","0","0","2","0","2","","03","","N","","","","","","","","","",""
"2022024972","1806","1","0","0","0","0","0","0","0","0","1","0","","02","3","2022","6","40.355705","-80.117557","1758","11","0","0","0","0","0","0","0","0","","0","0","0","","","0","N","0","","40 21:20.537","","0","80 07:03.205","0","0","0","0","2119","0","0","0","N","0","0","0","2","02119","0","","1.0","","1","N","N","N","0","","0","0","1","","0","","","2","0","0","0","0","0","0","2","0","2","","03","","N","","","","","","","","","",""
"2022037303","1920","2","0","0","0","0","0","0","0","0","2","0","","02","4","2022","4","40.425326","-79.923862","1408","11","0","0","0","0","0","1","0","0","","0","0","0","","","0","","1","","40 25:31.173","","0","79 55:25.903","0","0","0","0","2301","0","0","0","N","0","0","0","2","02301","0","","1.0","","1","N","N","N","0","","0","0","0","","2","","","2","0","0","0","0","0","0","2","0","2","","03","","N","","","","","","","","","",""
"2022037400","2344","1","0","0","0","0","0","0","0","0","7","0","","02","4","2022","2","40.34889","-79.939012","2344","11","0","0","0","0","0","0","0","0","","0","0","0","","","0","","2","","40 20:56.003","4","0","79 56:20.443","0","0","0","0","2473","0","0","0","N","0","0","0","1","02473","0","","2.0","5.0","9","N","N","N","0","","0","0","0","","2","N","","1","0","0","0","0","0","0","2","0","1","","10","","N","","","","","","","","","",""
"2022038095","0818","0","0","0","0","0","0","0","0","0","4","0","","02","4","2022","4","40.495071","-80.013015","0817","11","0","0","0","0","0","1","0","0","","0","0","0","","","1","N","0","","40 29:42.257","1","3","80 00:46.853","8","0","0","0","2301","0","0","0","N","0","0","0","1","68B03","0","","4.0","830.0","2","N","N","N","0","","0","0","1","","0","N","","1","1","0","0","0","1","0","2","0","1","","03","","N","","","","","","","","","",""
"2022007600","1005","0","0","0","0","0","0","0","0","0","1","0","","02","1","2022","7","40.336777","-79.948917","1003","11","0","0","0","0","0","1","0","0","","0","0","0","","","0","Y","0","","40 20:12.398","","7","79 56:56.101","0","0","0","0","2454","0","0","0","N","0","0","0","2","02473","0","","1.0","","1","N","N","N","0","","0","0","2","","2","","","2","0","0","0","0","0","0","2","0","2","","03","","N","","","","","","","","","",""
"2022035215","0109","1","0","0","0","0","0","0","0","0","7","0","","02","3","2022","1","40.420748","-79.889686","0108","11","0","0","0","0","0","0","0","0","","0","0","0","","","2","N","2","","40 25:14.692","7","0","79 53:22.869","2","0","0","0","2463","0","0","0","N","0","0","0","2","02463","0","","4.0","151.0","1","N","N","N","0","","1","1","0","","0","Y","","1","2","0","0","0","0","0","2","0","1","","03","","N","","","","","","","","","",""
"2022035945","1802","0","0","0","0","0","0","0","0","0","2","0","","02","4","2022","5","40.445235","-80.125516","1801","11","0","0","1","0","0","0","0","0","","0","0","0","","","1","N","0","","40 26:42.845","5","0","80 07:31.858","8","0","0","1","2115","0","0","0","N","0","0","0","1","02115","0","","2.0","1838.0","1","N","N","N","0","","0","0","0","","0","N","","1","1","0","0","0","1","0","2","0","1","","03","","N","","","","","","","","","",""
"2022048045","0926","1","0","0","0","0","0","0","0","0","4","0","","02","5","2022","2","40.438231","-79.99604","0915","11","0","0","0","0","0","0","0","0","","0","0","0","","","1","","1","","40 26:17.633","","0","79 59:45.745","3","0","0","0","2301","0","0","0","N","0","0","0","4","02301","0","","1.0","","1","N","N","N","1","","1","0","0","","2","","","2","1","0","0","0","0","0","2","0","2","","","","N","","","","","","","","","",""
"2022038414","0900","2","0","0","0","0","0","0","0","0","6","0","","02","4","2022","1","40.439931","-80.049509","0845","11","0","0","0","0","0","0","0","0","","0","0","0","","","0","N","0","","40 26:23.753","7","0","80 02:58.234","0","0","0","0","2301","0","0","0","N","0","0","0","1","02301","0","","4.0","930.0","1","N","N","N","0","","0","0","0","","0","N","","2","0","0","0","0","0","0","2","0","2","","","","N","","","","","","","","","",""
"2022031306","1456","2","0","0","0","0","0","0","0","0","5","0","","02","3","2022","4","40.336022","-79.889336","1455","11","0","0","0","0","0","0","0","0","","0","0","0","","","1","N","0","","40 20:09.679","5","0","79 53:21.608","3","0","0","0","2433","0","0","0","N","0","0","0","1","02433","0","","6.0","1545.0","1","N","N","N","0","","1","0","1","","0","Y","","3","1","0","0","0","0","0","2","0","3","","03","","N","","","","","","","","","",""
"2022042996","0825","0","0","0","0","0","0","0","0","0","4","0","","02","5","2022","2","40.454369","-79.947664","0818","11","0","0","0","0","1","0","0","0","","0","0","0","","","1","","1","","40 27:15.729","","0","79 56:51.590","4","0","0","0","2301","0","0","0","N","0","0","0","2","02301","1","","1.0","","1","N","N","N","0","","0","0","2","","2","","","2","1","0","0","0","0","0","2","0","2","","","","N","","","","","","","","","",""
"2022044541","1758","2","0","0","0","0","0","0","0","0","4","0","","02","5","2022","5","40.405448","-79.91141","1756","11","0","0","0","0","0","1","0","0","","0","0","0","","","0","","1","","40 24:19.612","2","0","79 54:41.076","0","0","0","0","2438","0","0","0","N","0","0","0","4","02438","0","","1.0","1837.0","1","N","N","N","0","","0","0","1","","3","N","","3","0","0","0","0","0","0","2","0","3","","","","N","","","","","","","","","",""
"2022052662","1840","1","0","0","0","0","0","0","0","0","1","0","","02","6","2022","2","40.453935","-79.844689","1830","11","0","0","0","1","0","0","0","0","","0","0","0","","","0","N","0","","40 27:14.165","2","0","79 50:40.882","0","0","0","0","2113","0","0","0","N","0","0","0","2","02113","0","","1.0","1900.0","1","N","N","N","0","","0","0","1","","0","N","","2","0","0","0","0","0","0","2","0","2","","","","N","","","","","","","","","",""
"2022045328","1739","1","0","0","0","0","0","0","0","0","2","0","","02","4","2022","7","40.437319","-79.864435","1729","11","0","0","0","0","1","0","0","0","","0","0","0","","","0","N","0","","40 26:14.350","4","0","79 51:51.965","0","0","0","0","2478","0","0","0","N","0","0","0","2","68B03","0","","1.0","30.0","9","N","N","N","0","","0","0","1","","0","N","","2","0","0","0","0","0","0","2","0","2","","","","N","","","","","","","","","",""
"2022047487","0840","1","0","0","0","0","0","0","0","0","2","0","","02","5","2022","7","40.400982","-79.905834","0830","11","0","0","0","0","0","2","0","0","","0","0","0","","","0","N","0","","40 24:03.534","","7","79 54:21.002","0","0","0","1","2438","0","0","0","N","0","0","0","2","02438","0","","1.0","","1","N","N","N","0","","0","0","0","","0","","","2","0","1","0","0","0","0","2","0","2","","03","","N","","","","","","","","","",""
"2022013638","1219","2","0","0","0","0","0","0","0","0","4","0","","02","2","2022","2","40.379362","-79.959401","1218","11","0","0","0","0","0","1","1","0","","0","0","0","","","1","","2","","40 22:45.703","","0","79 57:33.843","4","0","0","0","2403","0","0","0","N","0","0","0","2","02403","1","","1.0","","1","N","N","N","0","","0","0","0","","3","","","2","1","0","0","0","0","0","2","0","2","","03","","N","","","","","","","","","",""
"2022028337","0215","1","0","0","0","0","0","0","0","0","4","0","","02","3","2022","2","40.431027","-80.001637","0210","11","0","0","0","0","0","0","0","0","","0","0","0","","","0","N","0","","40 25:51.697","","7","80 00:05.892","0","0","0","0","2301","0","0","0","N","0","0","0","3","02301","0","","1.0","","1","N","N","N","0","","0","0","1","","2","","","2","0","0","0","0","0","0","2","0","2","","03","","N","","","","","","","","","",""
"2022035653","1900","2","0","0","0","0","0","0","0","0","1","0","","02","4","2022","4","40.342971","-80.035186","1843","11","0","0","1","0","0","0","1","0","","0","0","0","","","0","","2","","40 20:34.695","","0","80 02:06.669","0","0","0","0","2407","0","0","0","N","0","0","0","8","02407","0","","1.0","","9","N","N","Y","0","","0","0","1","","2","","","3","0","0","0","0","0","0","2","0","3","","","","N","","","","","","","","","",""
"2022047901","2111","2","0","0","0","0","0","0","0","0","1","0","","02","5","2022","7","40.473947","-79.970501","2107","11","0","0","0","0","0","0","0","0","","0","0","0","","","1","N","0","","40 28:26.208","4","3","79 58:13.805","3","0","0","0","2445","0","0","0","N","0","0","0","3","02445","0","","1.0","2154.0","1","N","N","N","0","","1","0","1","","0","N","","3","1","0","0","0","0","0","2","0","3","","03","","N","","","","","","","","","",""
"2022022399","0658","0","0","0","0","0","0","0","0","0","7","0","","02","3","2022","5","40.414517","-79.987983","0658","11","0","0","0","0","0","0","0","0","","0","0","0","","","0","N","5","","40 24:52.261","","0","79 59:16.738","0","0","0","0","2447","0","0","0","N","0","0","0","1","02447","0","","4.0","","1","N","N","N","0","","0","0","1","","0","","","1","0","0","0","0","0","0","2","0","1","","","","N","","","","","","","","","",""
"2022049252","1030","1","0","0","0","0","0","0","0","0","2","0","","02","5","2022","4","40.543196","-80.233963","1020","11","0","0","0","0","0","0","0","0","","0","0","0","","","0","N","0","","40 32:35.506","4","0","80 14:02.268","9","0","0","0","2213","0","0","0","N","0","0","0","3","02213","0","","1.0","100.0","1","N","N","N","0","","0","0","1","","0","N","","2","0","0","0","0","0","1","2","0","2","","03","","N","","","","","","","","","",""
"2022023110","2255","1","0","0","0","0","0","0","0","0","99","0","","02","3","2022","1","40.452827","-79.995961","2246","11","0","0","0","0","0","0","0","0","","0","0","0","","","0","N","7","","40 27:10.177","4","2","79 59:45.459","0","0","0","0","2301","0","0","0","N","0","0","0","0","02301","0","","9.0","2330.0","1","N","N","N","0","","0","0","0","","0","N","","1","0","0","0","0","0","0","2","0","1","","03","","N","","","","","","","","","",""
"2022020673","2200","1","0","0","0","0","0","0","0","0","7","0","","02","2","2022","7","40.44445","-80.028548","2157","11","0","0","0","0","0","0","0","0","","0","0","0","","","0","N","3","","40 26:40.021","","2","80 01:42.772","0","0","0","0","2301","0","0","0","N","0","0","0","1","02301","0","","3.0","","2","N","N","N","0","","0","0","0","","0","","","1","0","0","0","0","0","0","2","0","1","","","","N","","","","","","","","","",""
"2022042396","2200","1","0","0","0","0","0","0","0","0","4","0","","02","5","2022","6","40.457334","-79.997367","2158","11","0","0","0","0","0","1","0","0","","0","0","0","","","0","","1","","40 27:26.402","","0","79 59:50.522","0","0","0","0","2301","0","0","0","N","0","0","0","2","02301","0","","1.0","","9","N","N","N","0","","0","0","1","","0","","","2","0","0","0","0","0","0","2","0","2","","07","","N","","","","","","","","","",""
"2022039310","0354","1","0","0","0","0","0","0","0","0","4","0","","02","4","2022","1","40.478656","-79.970894","0349","11","0","0","0","0","0","0","0","0","","0","0","0","","","0","N","0","","40 28:43.160","7","0","79 58:15.220","9","0","0","0","2445","0","0","0","N","0","0","0","2","02445","0","","6.0","413.0","1","N","N","N","0","","0","0","1","","0","Y","","2","0","0","0","0","0","1","2","0","2","","03","","N","","","","","","","","","",""
"2022051872","2245","2","0","0","0","0","0","0","0","0","4","0","","02","6","2022","6","40.450025","-79.903741","2242","11","0","0","0","0","0","0","1","0","","0","0","0","","","2","N","1","","40 27:00.090","","0","79 54:13.466","3","0","0","0","2301","0","0","0","N","0","0","0","2","02301","1","","1.0","","1","N","N","N","0","","1","0","0","","2","","","2","2","0","0","0","0","0","2","0","2","","","","N","","","","","","","","","",""