"CRN","ARRIVAL_TM","AUTOMOBILE_COUNT","BELTED_DEATH_COUNT","BELTED_SUSP_SERIOUS_INJ_COUNT","BICYCLE_COUNT","BICYCLE_DEATH_COUNT","BICYCLE_SUSP_SERIOUS_INJ_COUNT","BUS_COUNT","CHLDPAS_DEATH_COUNT","CHLDPAS_SUSP_SERIOUS_INJ_COUNT","COLLISION_TYPE","COMM_VEH_COUNT","CONS_ZONE_SPD_LIM","COUNTY","CRASH_MONTH","CRASH_YEAR","DAY_OF_WEEK","DEC_LATITUDE","DEC_LONGITUDE","DISPATCH_TM","DISTRICT","DRIVER_COUNT_16YR","DRIVER_COUNT_17YR","DRIVER_COUNT_18YR","DRIVER_COUNT_19YR","DRIVER_COUNT_20YR","DRIVER_COUNT_50_64YR","DRIVER_COUNT_65_74YR","DRIVER_COUNT_75PLUS","EST_HRS_CLOSED","FATAL_COUNT","HEAVY_TRUCK_COUNT","HORSE_BUGGY_COUNT","HOUR_OF_DAY","ILLUMINATION","INJURY_COUNT","INTERSECTION_RELATED","INTERSECT_TYPE","LANE_CLOSED","LATITUDE","LN_CLOSE_DIR","LOCATION_TYPE","LONGITUDE","MAX_SEVERITY_LEVEL","MCYCLE_DEATH_COUNT","MCYCLE_SUSP_SERIOUS_INJ_COUNT","MOTORCYCLE_COUNT","MUNICIPALITY","NONMOTR_COUNT","NONMOTR_DEATH_COUNT","NONMOTR_SUSP_SERIOUS_INJ_COUNT","NTFY_HIWY_MAINT","PED_COUNT","PED_DEATH_COUNT","PED_SUSP_SERIOUS_INJ_COUNT","PERSON_COUNT","POLICE_AGCY","POSSIBLE_INJ_COUNT","RDWY_SURF_TYPE_CD","RELATION_TO_ROAD","ROADWAY_CLEARED","ROAD_CONDITION","SCH_BUS_IND","SCH_ZONE_IND","SECONDARY_CRASH","SMALL_TRUCK_COUNT","SPEC_JURIS_CD","SUSP_MINOR_INJ_COUNT","SUSP_SERIOUS_INJ_COUNT","SUV_COUNT","TCD_FUNC_CD","TCD_TYPE","TFC_DETOUR_IND","TIME_OF_DAY","TOTAL_UNITS","TOT_INJ_COUNT","UNBELTED_OCC_COUNT","UNB_DEATH_COUNT","UNB_SUSP_SERIOUS_INJ_COUNT","UNK_INJ_DEG_COUNT","UNK_INJ_PER_COUNT","URBAN_RURAL","VAN_COUNT","VEHICLE_COUNT","WEATHER1","WEATHER2","WORKERS_PRES","WORK_ZONE_IND","WORK_ZONE_LOC","WORK_ZONE_TYPE","WZ_CLOSE_DETOUR","WZ_FLAGGER","WZ_LAW_OFFCR_IND","WZ_LN_CLOSURE","WZ_MOVING","WZ_OTHER","WZ_SHLDER_MDN","WZ_WORKERS_INJ_KILLED"
"2022047294","1540","1","0","0","0","0","0","0","0","0","4","0","","02","5","2022","6","","-79.954058","1530","11","0","0","0","0","0","0","0","0","","0","0","0","","","1","N","2","","40 27:4.622","","0","79 57:14.609","3","0","0","0","2301","0","0","0","N","0","0","0","2","02301","0","","1.0","","1","N","N","Y","0","","1","0","1","","3","","","2","1","0","0","0","0","0","1","0","2","","03","","N","","","","","","","","","",""
"2022047949","0053","0","0","1","0","0","0","0","0","0","4","0","","02","5","2022","5","40.381513","-79.81298","0053","11","0","0","0","0","0","0","0","0","","0","0","0","","","1","","1","","40 22:53.446","4","0","79 48:46.729","2","0","0","0","2424","0","0","0","N","0","0","0","1","02424","0","","1.0","100.0","1","N","N","N","0","","0","1","1","","0","N","","2","1","0","0","0","0","0","2","0","1","","","","N","","","","","","","","","",""
"2022071147","1659","0","0","0","0","0","0","0","0","0","1","0","","02","7","2022","4","40.425826","-79.91099","1612","11","0","0","0","0","0","0","0","0","","0","0","0","","","0","N","0","","40 25:32.973","","0","79 54:39.565","0","0","0","0","2301","0","0","0","N","0","0","0","5","68B03","0","","1.0","","1","N","N","N","0","","0","0","2","","0","","","2","0","0","0","0","0","0","2","0","2","","","","N","","","","","","","","","",""
"2022049767","1342","0","0","0","0","0","0","0","0","0","0","1","","02","5","2022","7","40.541394","-79.778106","1337","11","0","0","0","0","0","0","0","0","","0","1","0","","","0","N","0","","40 32:29.019","5","0","79 46:41.183","0","0","0","0","2462","0","0","0","Y","0","0","0","1","02462","0","","1.0","1658.0","1","N","N","N","0","","0","0","0","","0","Y","","2","0","0","0","0","0","0","2","0","2","","","","N","","","","","","","","","",""
"2022072139","1728","0","0","0","0","0","0","0","0","0","1","0","","02","7","2022","4","40.497383","-79.925789","1719","11","0","0","0","0","0","1","0","1","","0","0","0","","","0","N","0","","40 29:50.578","1","0","79 55:32.841","0","0","0","0","2112","0","0","0","N","0","0","0","4","68D02","0","","1.0","1800.0","1","N","N","N","0","","0","0","3","","0","N","","3","0","0","0","0","0","0","2","0","3","","03","","N","","","","","","","","","",""
"2022070763","1725","0","0","0","0","0","0","0","0","0","4","0","","02","7","2022","6","40.371915","-79.912428","1715","11","0","0","0","0","0","1","0","0","","0","0","0","","","1","N","2","","40 22:18.894","","0","79 54:44.740","8","0","0","0","2301","0","0","0","N","0","0","0","2","02301","0","","1.0","","1","N","N","N","0","","0","0","2","","3","","","2","1","0","0","0","1","1","2","0","2","","03","","N","","","","","","","","","",""
"2022049697","0244","1","0","0","0","0","0","0","0","0","7","0","","02","5","2022","7","40.446706","-79.993803","0243","11","0","0","0","0","0","0","0","0","","0","0","0","","","1","N","0","","40 26:48.140","","0","79 59:37.690","3","0","0","0","2301","0","0","0","N","0","0","0","1","02301","0","","2.0","","1","N","N","N","0","","1","0","0","","0","","","1","1","0","0","0","0","0","2","0","1","","03","","N","","","","","","","","","",""
"2022065492","1622","0","0","0","0","0","0","0","0","0","7","0","","02","7","2022","6","40.503202","-79.761241","1620","11","0","0","0","0","0","0","1","0","","0","0","0","","","3","N","0","","40 30:11.528","5","0","79 45:40.466","8","0","0","0","2466","0","0","0","N","0","0","0","3","02466","0","","5.0","1730.0","1","N","N","N","0","","0","0","1","","0","Y","","1","3","0","0","0","3","0","2","0","1","","03","","N","","","","","","","","","",""
"2022061138","2308","2","0","0","0","0","0","0","0","0","5","0","","02","6","2022","6","40.439414","-79.993451","2308","11","0","0","0","0","0","0","0","0","","0","0","0","","","1","N","0","","40 26:21.892","","0","79 59:36.422","3","0","0","0","2301","0","0","0","N","0","0","0","3","02301","0","","1.0","","1","N","N","N","0","","1","0","0","","0","","","2","1","0","0","0","0","0","2","0","2","","03","","N","","","","","","","","","",""
"2022063814","2344","1","0","0","0","0","0","0","0","0","7","0","","02","6","2022","4","40.428673","-80.131453","2344","11","0","0","0","0","0","0","0","0","","0","0","0","","","0","N","0","","40 25:43.222","4","0","80 07:53.231","9","0","0","0","2102","0","0","0","Y","0","0","0","1","68B03","0","","2.0","20.0","1","N","N","N","0","","0","0","0","","0","Y","","1","0","0","0","0","0","1","2","0","1","","","","N","","","","","","","","","",""
"2022063273","1750","1","0","0","0","0","0","0","0","0","4","0","","02","7","2022","4","40.629942","-79.968716","1742","11","0","0","0","0","0","0","0","0","","0","0","0","","","0","N","2","","40 37:47.792","","0","79 58:07.379","0","0","0","0","2217","0","0","0","N","0","0","0","2","02505","0","","1.0","","9","N","N","N","0","","0","0","1","","0","","","2","0","0","0","0","0","0","2","0","2","","07","","N","","","","","","","","","",""
"2022049702","0509","0","0","0","0","0","0","0","0","0","4","0","","02","5","2022","6","40.428761","-79.980559","0502","11","0","0","0","0","0","0","0","0","","0","0","0","","","1","N","1","","40 25:43.539","3","0","79 58:50.011","8","0","0","0","2301","0","0","0","N","0","0","0","2","02301","0","","1.0","530.0","9","Y","N","N","0","","0","0","2","","2","N","","2","1","0","0","0","1","0","2","0","2","","","","N","","","","","","","","","",""
"2022059989","0935","2","0","0","0","0","0","0","0","0","4","0","","02","6","2022","4","40.439146","-79.962081","0932","11","0","0","0","0","1","0","0","1","","0","0","0","","","0","N","2","","40 26:20.926","","0","79 57:43.490","0","0","0","0","2301","0","0","0","N","0","0","0","2","02301","0","","1.0","","1","N","N","N","0","","0","0","0","","2","","","2","0","0","0","0","0","0","2","0","2","","03","","N","","","","","","","","","",""
"2022054999","2327","3","0","0","0","0","0","0","0","0","1","0","","02","5","2022","5","40.43434","-79.990049","2302","11","0","0","0","0","0","1","0","0","","0","0","0","","","3","N","0","","40 26:03.623","4","0","79 59:24.177","4","0","0","0","2301","0","0","0","N","0","0","0","4","68B03","2","","1.0","2345.0","9","N","N","N","0","","0","0","0","","0","N","","3","3","2","0","0","1","0","2","0","3","","","","N","","","","","","","","","",""
"2022049939","1049","1","0","0","0","0","0","0","0","0","4","0","","02","5","2022","1","40.441415","-79.923384","1049","11","0","0","0","0","1","0","0","0","","0","0","0","","","3","N","1","","40 26:29.094","7","0","79 55:24.182","3","0","0","0","2301","0","0","0","N","0","0","0","4","02301","0","","1.0","1130.0","1","N","N","N","0","","1","0","2","","2","Y","","3","3","0","0","0","2","0","2","0","3","","","","N","","","","","","","","","",""
"2022066995","0123","0","0","0","0","0","0","0","0","0","7","0","","02","7","2022","7","40.477087","-80.176143","0121","11","0","0","0","0","0","0","0","0","","0","0","0","","","0","N","0","","40 28:37.514","4","0","80 10:34.116","9","0","0","0","2213","0","0","0","N","0","0","0","1","02213","0","","4.0","100.0","1","N","N","N","0","","0","0","1","","0","N","","1","0","0","0","0","0","1","2","0","1","","03","","N","","","","","","","","","",""
"2022067425","0159","2","0","0","0","0","0","0","0","0","1","0","","02","7","2022","7","40.416943","-80.01456","0156","11","0","0","0","0","0","1","0","0","","0","0","0","","","0","","1","","40 25:00.993","","0","80 00:52.416","0","0","0","0","2301","0","0","0","N","0","0","0","2","02301","0","","1.0","","1","N","N","N","0","","0","0","0","","2","","","2","0","0","0","0","0","0","2","0","2","","03","","N","","","","","","","","","",""
"2022065721","0734","1","0","0","0","0","0","0","0","0","5","1","","02","7","2022","2","40.436066","-79.978761","0716","11","0","0","0","0","0","0","0","0","","0","1","0","","","0","N","0","","40 26:09.838","4","0","79 58:43.540","0","0","0","0","2301","0","0","0","N","0","0","0","2","02301","0","","1.0","745.0","9","N","N","N","0","","0","0","0","","0","N","","2","0","0","0","0","0","0","2","0","2","","","","N","","","","","","","","","",""
"2022068667","1325","0","0","0","0","0","0","0","0","0","0","1","","02","7","2022","7","40.438372","-80.117317","1319","11","0","0","0","0","0","0","0","0","","0","1","0","","","1","N","0","","40 26:18.140","","0","80 07:02.340","8","0","0","0","2115","0","0","0","N","0","0","0","1","02115","0","","5.0","","1","N","N","N","0","","0","0","0","","0","","","1","1","0","0","0","1","0","2","0","1","","","","N","","","","","","","","","",""
"2022043411","1827","0","0","0","0","0","0","0","0","0","0","0","","02","5","2022","2","40.589474","-79.955687","1820","11","0","0","0","0","0","0","0","0","","0","0","0","","","1","N","0","","40 35:22.105","","0","79 57:20.474","3","0","0","1","2207","0","0","0","N","0","0","0","1","02207","0","","2.0","","1","N","N","N","0","","1","0","0","","0","","","1","1","0","0","0","0","0","2","0","1","","03","","N","","","","","","","","","",""
"2022063817","1801","0","0","0","0","0","0","0","0","0","1","0","","02","6","2022","5","40.423631","-80.106921","1747","11","0","0","0","0","0","0","0","0","","0","0","0","","","0","N","0","","40 25:25.073","","0","80 06:24.916","0","0","0","0","2115","0","0","0","N","0","0","0","2","68B03","0","","1.0","","1","N","N","N","1","","0","0","1","","0","","","2","0","0","0","0","0","0","2","0","2","","","","N","","","","","","","","","",""
"2022052011","2043","0","0","0","0","0","0","0","0","0","7","0","","02","5","2022","4","40.452163","-80.203172","2033","11","0","1","0","0","0","0","0","0","","0","0","0","","","0","N","0","","40 27:07.788","1","0","80 12:11.419","0","0","0","0","2203","0","0","0","N","0","0","0","1","02203","0","","2.0","2109.0","1","N","N","N","0","","0","0","1","","0","N","","1","0","0","0","0","0","0","2","0","1","","","","N","","","","","","","","","",""
"2022058935","1111","0","0","0","0","0","0","0","0","0","1","0","","02","6","2022","7","40.541667","-80.010278","1104","11","0","0","0","0","0","0","0","0","","0","0","0","","","0","N","0","","40 32:30.000","2","7","80 00:37.000","0","0","0","0","2116","0","0","0","N","0","0","0","2","02116","0","","1.0","1140.0","1","N","N","N","0","","0","0","2","","0","N","","2","0","0","0","0","0","0","2","0","2","","","","N","","","","","","","","","",""
"2022049471","2006","0","0","0","0","0","0","0","0","0","5","1","55","02","5","2022","4","40.655724","-80.0761","2001","11","0","0","0","0","0","2","0","0","","0","1","0","","","0","N","0","","40 39:20.605","","0","80 04:33.959","0","0","0","0","2212","0","0","0","N","0","0","0","3","68T02","0","","1.0","","1","N","N","N","1","","0","0","0","","0","","","2","0","0","0","0","0","0","2","0","2","","","N","Y","4","1","","","N","","","","Y","N"
"2022048788","2134","0","0","0","0","0","0","0","0","0","98","0","","02","5","2022","7","40.432539","-80.140451","2126","11","0","0","0","0","0","1","0","0","","0","0","0","","","0","N","0","","40 25:57.140","","0","80 08:25.624","0","0","0","0","2115","0","0","0","N","0","0","0","2","68B03","0","","1.0","","1","N","N","N","0","","0","0","1","","0","","","1","0","0","0","0","0","0","2","0","1","","","","N","","","","","","","","","",""
"2022044570","1140","1","0","0","0","0","0","0","0","0","5","1","","02","4","2022","4","40.525324","-80.21205","1137","11","0","0","0","1","0","1","0","0","","0","1","0","","","1","N","0","","40 31:31.168","1","0","80 12:43.379","8","0","0","0","2213","0","0","0","N","0","0","0","4","02213","0","","1.0","1155.0","1","N","N","N","0","","0","0","1","","0","N","","3","1","0","0","0","1","0","2","0","3","","","","N","","","","","","","","","",""
"2022041955","2048","1","0","0","0","0","0","0","0","0","7","0","","02","5","2022","3","40.3614","-80.070289","2043","11","0","0","0","0","0","0","0","0","","0","0","0","","","1","N","0","","40 21:41.040","6","0","80 04:13.040","3","0","0","0","2123","0","0","0","N","0","0","0","1","02123","0","","5.0","2359.0","9","N","N","N","0","","1","0","0","","0","Y","","1","1","0","0","0","0","0","2","0","1","","","","N","","","","","","","","","",""
"2022020711","0604","1","0","0","0","0","0","0","0","0","7","0","","02","2","2022","1","40.428588","-79.993041","0600","11","0","0","0","0","0","0","0","0","","0","0","0","","","0","N","0","","40 25:42.916","","0","79 59:34.948","9","0","0","0","2301","0","0","0","N","0","0","0","2","02301","0","","5.0","","1","N","N","N","0","","0","0","0","","0","","","1","0","0","0","0","0","2","2","0","1","","03","","N","","","","","","","","","",""
"2022080207","1346","0","0","0","0","0","0","0","0","0","7","1","","02","8","2022","4","40.47175","-80.037889","1340","11","0","0","0","0","0","0","0","0","","0","1","0","","","0","N","0","","40 28:18.300","1","1","80 02:16.400","0","0","0","0","2301","0","0","0","N","0","0","0","2","02301","0","","1.0","1600.0","1","N","N","N","0","","0","0","0","","0","Y","","1","0","0","0","0","0","0","2","0","1","","03","","N","","","","","","","","","",""
"2022027493","2229","1","0","0","0","0","0","0","0","0","7","0","","02","3","2022","5","40.391283","-79.894072","2229","11","0","0","0","0","0","0","1","0","","0","0","0","","","1","N","0","","40 23:28.620","4","0","79 53:38.660","8","0","0","0","2448","0","0","0","N","0","0","0","1","02448","0","","5.0","2240.0","1","N","N","N","0","","0","0","0","","0","Y","","1","1","0","0","0","1","0","2","0","1","","03","","N","","","","","","","","","",""
"2022028326","0008","2","0","0","0","0","0","0","0","0","4","0","","02","3","2022","1","40.513957","-80.003759","0005","11","0","0","0","0","0","0","0","0","","0","0","0","","","4","","2","","40 30:50.245","","2","80 00:13.532","2","0","0","0","2116","0","0","0","N","0","0","0","4","02116","2","","1.0","","9","N","N","N","0","","1","1","0","","3","","","2","4","0","0","0","0","0","2","0","2","","","","N","","","","","","","","","",""
"2022062041","2122","0","0","0","0","0","0","0","0","0","98","0","","02","7","2022","1","40.419311","-79.732919","2101","11","0","0","0","0","0","1","0","0","","0","0","0","","","0","N","0","","40 25:09.519","","0","79 43:58.507","0","0","0","0","2446","0","0","0","N","0","0","0","1","68T09","0","","1.0","","1","N","N","N","0","","0","0","1","","0","","","1","0","0","0","0","0","0","2","0","1","","","","N","","","","","","","","","",""
"2022044730","0938","1","0","0","0","0","0","0","0","0","7","0","","02","5","2022","1","40.394983","-79.892764","0935","11","0","0","0","0","0","0","1","0","","0","0","0","","","1","N","0","","40 23:41.939","7","0","79 53:33.951","4","0","0","0","2473","0","0","0","N","0","0","0","1","02473","1","","5.0","1002.0","1","N","N","N","0","","0","0","0","","0","N","","1","1","0","0","0","0","0","2","0","1","","03","","N","","","","","","","","","",""
"2022069757","0046","1","0","0","0","0","0","0","0","0","7","0","","02","7","2022","4","40.42775","-79.884111","0043","11","0","0","0","0","0","0","0","0","","0","0","0","","","0","N","0","","40 25:39.900","6","0","79 53:02.800","0","0","0","0","2426","0","0","0","N","0","0","0","1","02426","0","","2.0","118.0","1","N","N","N","0","","0","0","0","","0","N","","1","0","0","0","0","0","0","2","0","1","","03","","N","","","","","","","","","",""
"2022076800","2340","0","0","0","0","0","0","0","0","0","1","0","","02","8","2022","6","40.422596","-80.101037","2340","11","0","0","0","0","0","0","0","0","","0","0","0","","","0","N","0","","40 25:21.344","4","0","80 06:03.733","0","0","0","0","2115","0","0","0","N","0","0","0","2","68B03","0","","1.0","2359.0","1","N","N","N","0","","0","0","2","","0","N","","2","0","0","0","0","0","0","2","0","2","","","","N","","","","","","","","","",""
"2022070672","1913","1","0","0","0","0","0","0","0","0","7","0","","02","8","2022","2","40.377233","-80.171825","1906","11","0","0","0","0","0","0","0","0","","0","0","0","","","1","N","0","","40 22:38.037","5","99","80 10:18.570","8","0","0","0","2119","0","0","0","N","0","0","0","1","02119","0","","5.0","1958.0","9","N","N","N","0","","0","0","0","","0","N","","1","1","0","0","0","1","0","2","0","1","","","","N","","","","","","","","","",""
"2022069695","1412","0","0","0","0","0","0","0","0","0","1","0","","02","7","2022","4","40.518239","-80.004684","1406","11","0","0","0","0","0","1","0","0","","0","0","0","","","0","Y","0","","40 31:05.659","1","0","80 00:16.863","0","0","0","0","2116","0","0","0","N","0","0","0","2","02116","0","","1.0","1441.0","1","N","N","N","0","","0","0","2","","2","N","","2","0","0","0","0","0","0","2","0","2","","03","","N","","","","","","","","","",""
"2022079483","1140","0","0","0","0","0","0","0","0","0","7","0","","02","8","2022","3","40.442685","-79.786284","1113","11","0","0","0","0","0","1","0","0","","0","0","0","","","2","N","0","","40 26:33.666","","0","79 47:10.624","3","0","0","0","2446","0","0","0","Y","0","0","0","2","68B03","0","","4.0","","1","N","N","N","0","","1","0","1","","0","","","1","2","0","0","0","1","0","2","0","1","","03","","N","","","","","","","","","",""
"2022058142","0745","1","0","0","0","0","0","0","0","0","1","0","","02","6","2022","5","40.452118","-79.71296","0730","11","0","0","0","0","0","0","1","0","","0","0","0","","","0","N","0","","40 27:07.625","","0","79 42:46.655","0","0","0","0","2466","0","0","0","N","0","0","0","3","02466","0","","1.0","","1","N","N","N","0","","0","0","2","","0","","","3","0","1","0","0","0","0","2","0","3","","03","","N","","","","","","","","","",""
"2022049369","2344","1","0","0","0","0","0","0","0","0","1","0","","02","5","2022","5","40.440834","-80.006757","2342","11","0","0","0","1","0","0","0","0","","0","0","0","","","0","N","1","","40 26:27.002","3","2","80 00:24.325","0","0","0","0","2301","0","0","0","N","0","0","0","5","02301","0","","1.0","30.0","9","N","N","N","0","","0","0","1","","2","N","","2","0","0","0","0","0","0","2","0","2","","","","N","","","","","","","","","",""
"2022057684","1208","2","0","0","0","0","0","0","0","0","4","0","","02","6","2022","7","40.469348","-79.823686","1205","11","0","0","0","0","0","1","1","0","","0","0","0","","","0","N","2","","40 28:09.652","","0","79 49:25.268","0","0","0","0","2113","0","0","0","N","0","0","0","2","02113","0","","1.0","","1","N","N","N","0","","0","0","0","","0","","","2","0","2","0","0","0","0","2","0","2","","","","N","","","","","","","","","",""
"2022079530","1614","1","0","0","0","0","0","0","0","0","1","0","","02","8","2022","3","40.507254","-80.037502","1609","11","0","0","0","0","0","0","0","0","","0","0","0","","","0","N","0","","40 30:26.116","","0","80 02:15.008","0","0","0","0","2116","0","0","0","N","0","0","0","2","68B03","0","","1.0","","1","N","N","N","0","","0","0","1","","0","","","2","0","0","0","0","0","0","2","0","2","","","","N","","","","","","","","","",""
"2022083388","0520","1","0","0","0","0","0","0","0","0","7","0","","02","9","2022","1","40.443946","-80.055368","0514","11","0","0","0","0","0","0","0","0","","0","0","0","","","0","N","3","","40 26:38.205","6","0","80 03:19.324","0","0","0","0","2301","0","0","0","N","0","0","0","2","02301","0","","2.0","605.0","9","N","N","N","0","","0","0","0","","3","N","","1","0","0","0","0","0","0","2","0","1","","","","N","","","","","","","","","",""
"2022076383","1252","0","0","0","0","0","0","0","0","0","7","0","","02","8","2022","7","40.536838","-80.184924","1250","11","0","0","0","0","0","1","0","0","","0","0","0","","","1","N","0","","40 32:12.616","1","0","80 11:05.726","3","0","0","0","2441","0","0","0","Y","0","0","0","1","02441","0","","2.0","1318.0","1","","","N","0","","1","0","1","","0","N","","1","1","0","0","0","0","0","2","0","1","","03","","N","","","","","","","","","",""
"2022075084","1512","1","0","0","0","0","0","0","0","0","0","0","","02","8","2022","3","40.475775","-79.78971","1507","11","0","0","0","0","0","1","0","0","","0","0","0","","","0","N","0","","40 28:32.789","6","0","79 47:22.955","0","0","0","0","2113","0","0","0","N","0","0","0","1","02113","0","","1.0","1538.0","1","N","N","N","0","","0","0","0","","0","N","","1","0","0","0","0","0","0","2","0","1","","","","N","","","","","","","","","",""
"2022074981","0730","0","0","0","0","0","0","0","0","0","1","0","","02","8","2022","3","40.465389","-79.831817","0728","11","0","0","0","0","0","0","0","0","","0","0","0","","","0","N","0","","40 27:55.401","","0","79 49:54.541","0","0","0","0","2113","0","0","0","N","0","0","0","1","02113","0","","5.0","","1","N","N","N","0","","0","0","2","","0","","","2","0","0","0","0","0","0","2","0","2","","03","","N","","","","","","","","","",""
"2022056811","1152","0","0","0","0","0","0","0","0","0","4","0","","02","6","2022","3","40.346136","-79.957168","1149","11","0","0","0","0","0","0","0","0","","0","0","0","","","1","N","1","","40 20:46.088","4","0","79 57:25.805","8","0","0","0","2473","0","0","0","N","0","0","0","6","02473","0","","1.0","1211.0","1","N","N","N","1","","0","0","2","","2","Y","","3","1","0","0","0","1","0","2","0","3","","03","","N","","","","","","","","","",""
"2022055267","1602","1","0","0","0","0","0","0","0","0","7","0","","02","6","2022","3","40.641304","-80.098483","1555","11","0","0","0","0","0","0","1","0","","0","0","0","","","1","N","0","","40 38:28.693","5","0","80 05:54.538","8","0","0","0","2212","0","0","0","N","0","0","0","1","02505","0","","5.0","1659.0","1","N","N","N","0","","0","0","0","","0","Y","","1","1","0","0","0","1","0","2","0","1","","","","N","","","","","","","","","",""
"2022044329","0224","1","0","0","0","0","0","0","0","0","2","0","","02","5","2022","5","40.458389","-79.947361","0217","11","0","0","0","0","0","0","0","0","","0","0","0","","","0","N","0","","40 27:30.200","1","0","79 56:50.500","0","0","0","0","2301","0","0","0","N","0","0","0","1","02301","0","","6.0","240.0","1","N","N","N","0","","0","0","1","","0","N","","2","0","0","0","0","0","0","2","0","2","","","","N","","","","","","","","","",""
"2022050180","1937","0","0","1","0","0","0","0","0","0","7","0","","02","5","2022","2","40.54944","-79.858153","1931","11","0","0","0","0","0","1","0","0","","0","0","0","","","1","","2","","40 32:57.984","4","0","79 51:29.350","2","0","0","0","2208","0","0","0","N","0","0","0","1","02208","0","","5.0","2024.0","1","N","N","N","0","","0","1","1","","0","N","","1","1","0","0","0","0","0","2","0","1","","","","N","","","","","","","","","",""
"2022058915","0026","1","0","0","0","0","0","0","0","0","4","0","","02","6","2022","5","40.43749","-79.999296","0024","11","0","0","0","0","0","0","0","0","","0","0","0","","","3","","1","","40 26:14.964","","0","79 59:57.464","3","0","0","0","2301","0","0","0","N","0","0","0","3","02301","0","","1.0","","1","N","N","N","0","","3","0","1","","2","","","2","3","0","0","0","0","0","2","0","2","","03","","N","","","","","","","","","",""
"2022084194","1049","0","0","0","0","0","0","0","0","0","0","0","","02","8","2022","7","40.499537","-80.022796","1048","11","0","0","0","0","0","0","0","0","","0","0","0","","","1","N","0","","40 29:58.333","2","0","80 01:22.067","8","0","0","0","2116","0","0","0","N","0","0","0","1","68B03","0","","1.0","1130.0","1","N","N","N","0","","0","0","1","","0","N","","1","1","0","0","0","1","0","2","0","1","","03","","N","","","","","","","","","",""
"2022051999","1318","0","0","0","0","0","0","0","0","0","1","0","","02","6","2022","7","40.457308","-79.98858","1258","11","0","0","0","0","0","1","0","0","","0","0","0","","","0","N","0","","40 27:26.309","2","0","79 59:18.888","0","0","0","0","2301","0","0","0","N","0","0","0","3","02301","0","","1.0","1342.0","1","N","N","N","1","","0","0","1","","0","N","","2","0","0","0","0","0","0","2","0","2","","03","","N","","","","","","","","","",""
"2022074159","1039","1","0","0","0","0","0","0","0","0","5","0","","02","7","2022","4","40.536753","-80.184959","1038","11","0","0","0","0","0","1","0","0","","0","0","0","","","1","N","0","","40 32:12.311","2","0","80 11:05.851","8","0","0","1","2441","0","0","0","N","0","0","0","2","02441","0","","1.0","1112.0","1","N","N","N","0","","0","0","0","","0","N","","2","1","0","0","0","1","0","2","0","2","","03","","N","","","","","","","","","",""
"2022061737","1809","1","0","0","0","0","0","0","0","0","1","0","","02","5","2022","5","40.425712","-79.911383","1714","11","0","0","0","0","0","2","0","0","","0","0","0","","","0","N","0","","40 25:32.563","","0","79 54:40.977","0","0","0","0","2301","0","0","0","N","0","0","0","2","68B03","0","","1.0","","1","N","N","N","0","","0","0","1","","0","","","2","0","1","0","0","0","0","2","0","2","","03","","N","","","","","","","","","",""
"2022038668","1827","1","0","0","0","0","0","0","0","0","4","0","","02","4","2022","5","40.653992","-79.724731","1817","11","0","0","0","0","0","0","0","0","","0","0","0","","","1","N","0","","40 39:14.370","1","0","79 43:29.031","3","0","0","1","2106","0","0","0","N","0","0","0","2","68D02","0","","1.0","1910.0","1","N","N","N","0","","1","0","0","","0","Y","","2","1","0","0","0","0","0","2","0","2","","03","","N","","","","","","","","","",""
"2022040287","0120","1","0","0","0","0","0","0","0","0","7","0","","02","4","2022","7","40.443145","-79.815542","0114","11","0","0","0","0","0","0","0","0","","0","0","0","","","1","N","2","","40 26:35.321","","0","79 48:55.951","2","0","0","0","2113","0","0","0","N","0","0","0","1","02113","0","","5.0","","1","N","N","N","0","","0","1","0","","0","","","1","1","1","0","1","0","0","2","0","1","","03","","N","","","","","","","","","",""
"2022082788","1358","1","0","0","1","0","0","0","0","0","8","0","","02","9","2022","6","40.427071","-79.938664","1358","11","0","0","0","0","0","0","0","0","","0","0","0","","","1","","1","","40 25:37.455","","0","79 56:19.190","3","0","0","0","2301","1","0","0","N","0","0","0","2","02301","0","","1.0","","1","N","N","N","0","","1","0","0","","2","","","2","1","0","0","0","0","0","2","0","1","","03","","N","","","","","","","","","",""
"2022056232","2050","0","0","0","0","0","0","0","0","0","4","0","","02","6","2022","5","40.478285","-80.031229","2045","11","0","0","0","0","0","0","0","0","","0","0","0","","","1","","2","","40 28:41.826","1","0","80 01:52.424","8","0","0","0","2301","0","0","0","N","0","0","0","3","02301","0","","1.0","2130.0","1","N","N","N","0","","0","0","2","","0","N","","2","1","0","0","0","1","0","2","0","2","","03","","N","","","","","","","","","",""
"2022082495","1444","2","0","0","0","0","0","1","0","0","1","1","","02","9","2022","5","40.571939","-80.036983","1441","11","0","0","0","0","0","0","1","1","","0","0","0","","","2","","1","","40 34:18.980","","0","80 02:13.139","8","0","0","0","2108","0","0","0","N","0","0","0","20","02108","0","","1.0","","1","Y","N","N","0","","0","0","0","","2","","","3","2","0","0","0","2","0","2","0","3","","03","","N","","","","","","","","","",""
"2022068141","1648","0","0","0","0","0","0","0","0","0","7","1","","02","7","2022","2","40.527599","-80.037398","1645","11","0","0","0","0","0","0","0","0","","0","1","0","","","0","N","0","","40 31:39.356","","0","80 02:14.634","0","0","0","0","2474","0","0","0","Y","0","0","0","1","02474","0","","2.0","","1","N","N","N","0","","0","0","0","","0","","","1","0","0","0","0","0","0","2","0","1","","","","N","","","","","","","","","",""