"CRN","ARRIVAL_TM","AUTOMOBILE_COUNT","BELTED_DEATH_COUNT","BELTED_SUSP_SERIOUS_INJ_COUNT","BICYCLE_COUNT","BICYCLE_DEATH_COUNT","BICYCLE_SUSP_SERIOUS_INJ_COUNT","BUS_COUNT","CHLDPAS_DEATH_COUNT","CHLDPAS_SUSP_SERIOUS_INJ_COUNT","COLLISION_TYPE","COMM_VEH_COUNT","CONS_ZONE_SPD_LIM","COUNTY","CRASH_MONTH","CRASH_YEAR","DAY_OF_WEEK","DEC_LATITUDE","DEC_LONGITUDE","DISPATCH_TM","DISTRICT","DRIVER_COUNT_16YR","DRIVER_COUNT_17YR","DRIVER_COUNT_18YR","DRIVER_COUNT_19YR","DRIVER_COUNT_20YR","DRIVER_COUNT_50_64YR","DRIVER_COUNT_65_74YR","DRIVER_COUNT_75PLUS","EST_HRS_CLOSED","FATAL_COUNT","HEAVY_TRUCK_COUNT","HORSE_BUGGY_COUNT","HOUR_OF_DAY","ILLUMINATION","INJURY_COUNT","INTERSECTION_RELATED","INTERSECT_TYPE","LANE_CLOSED","LATITUDE","LN_CLOSE_DIR","LOCATION_TYPE","LONGITUDE","MAX_SEVERITY_LEVEL","MCYCLE_DEATH_COUNT","MCYCLE_SUSP_SERIOUS_INJ_COUNT","MOTORCYCLE_COUNT","MUNICIPALITY","NONMOTR_COUNT","NONMOTR_DEATH_COUNT","NONMOTR_SUSP_SERIOUS_INJ_COUNT","NTFY_HIWY_MAINT","PED_COUNT","PED_DEATH_COUNT","PED_SUSP_SERIOUS_INJ_COUNT","PERSON_COUNT","POLICE_AGCY","POSSIBLE_INJ_COUNT","RDWY_SURF_TYPE_CD","RELATION_TO_ROAD","ROADWAY_CLEARED","ROAD_CONDITION","SCH_BUS_IND","SCH_ZONE_IND","SECONDARY_CRASH","SMALL_TRUCK_COUNT","SPEC_JURIS_CD","SUSP_MINOR_INJ_COUNT","SUSP_SERIOUS_INJ_COUNT","SUV_COUNT","TCD_FUNC_CD","TCD_TYPE","TFC_DETOUR_IND","TIME_OF_DAY","TOTAL_UNITS","TOT_INJ_COUNT","UNBELTED_OCC_COUNT","UNB_DEATH_COUNT","UNB_SUSP_SERIOUS_INJ_COUNT","UNK_INJ_DEG_COUNT","UNK_INJ_PER_COUNT","URBAN_RURAL","VAN_COUNT","VEHICLE_COUNT","WEATHER1","WEATHER2","WORKERS_PRES","WORK_ZONE_IND","WORK_ZONE_LOC","WORK_ZONE_TYPE","WZ_CLOSE_DETOUR","WZ_FLAGGER","WZ_LAW_OFFCR_IND","WZ_LN_CLOSURE","WZ_MOVING","WZ_OTHER","WZ_SHLDER_MDN","WZ_WORKERS_INJ_KILLED"
"2022077132","1620","1","0","0","0","0","0","0","0","0","1","0","","02","8","2022","3","40.551576","-79.879463","1614","11","1","0","1","0","0","0","0","0","","0","0","0","","","0","N","0","","40 33:05.673","4","0","79 52:46.067","0","0","0","0","2209","0","0","0","N","0","0","0","3","02209","0","","1.0","1657.0","1","N","N","N","0","","0","0","1","","0","Y","","2","0","0","0","0","0","0","2","0","2","","","","N","","","","","","","","","",""
"2022105597","1740","1","0","0","0","0","0","0","0","0","4","0","","02","11","2022","2","40.393846","-80.050865","1739","11","0","0","0","0","0","0","0","1","","0","0","0","","","0","","1","","40 23:37.845","","0","80 03:03.114","0","0","0","0","2109","0","0","0","N","0","0","0","3","02109","0","","1.0","","1","N","N","N","0","","0","0","1","","3","","","2","0","0","0","0","0","0","2","0","2","","","","N","","","","","","","","","",""
"2022103022","0206","0","0","0","0","0","0","0","0","0","1","0","","02","10","2022","4","40.429197","-79.956532","0132","11","0","0","0","0","0","0","1","0","","0","0","0","","","0","N","0","","40 25:45.110","3","0","79 57:23.516","9","0","0","0","2301","0","0","0","N","0","0","0","2","68B03","0","","1.0","225.0","9","N","N","N","1","","0","0","1","","0","N","","2","0","0","0","0","0","1","2","0","2","","","","N","","","","","","","","","",""
"2022067429","0028","3","0","0","0","0","0","0","0","0","4","0","","02","7","2022","7","40.474007","-79.920252","0019","11","0","0","0","0","0","0","0","0","","0","0","0","","","1","N","0","","40 28:26.426","","0","79 55:12.907","3","0","0","0","2301","0","0","0","N","0","0","0","1","02301","0","","4.0","","1","N","N","N","0","","1","0","0","","0","","","3","1","0","0","0","0","0","2","0","3","","03","","N","","","","","","","","","",""
"2022065772","1247","1","0","0","0","0","0","0","0","0","4","0","","02","7","2022","2","40.524779","-79.82692","1234","11","0","0","1","0","0","0","1","0","","0","0","0","","","2","","2","","40 31:29.205","7","0","79 49:36.911","3","0","0","0","2466","0","0","0","N","0","0","0","4","02466","0","","1.0","1318.0","9","N","N","N","1","","2","0","0","","3","Y","","2","2","1","0","0","0","0","2","0","2","","04","","N","","","","","","","","","",""
"2022090944","0810","1","0","0","0","0","0","0","0","0","1","0","","02","10","2022","2","40.440556","-80.018583","0800","11","0","0","0","0","0","0","0","0","","0","0","0","","","0","N","0","","40 26:26.000","","0","80 01:06.900","0","0","0","0","2301","0","0","0","N","0","0","0","4","02301","0","","1.0","","1","N","N","N","0","","0","0","3","","0","","","4","0","0","0","0","0","0","2","0","4","","03","","N","","","","","","","","","",""
"2022064625","2110","1","0","0","0","0","0","0","0","0","7","0","","02","7","2022","4","40.436939","-79.995272","2048","11","0","0","0","0","1","0","0","0","","0","0","0","","","0","N","0","","40 26:12.980","1","2","79 59:42.980","0","0","0","0","2301","0","0","0","N","0","0","0","1","02301","0","","2.0","2140.0","9","N","N","N","0","","0","0","0","","0","N","","1","0","0","0","0","0","0","2","0","1","","07","","N","","","","","","","","","",""
"2022103373","1003","1","0","0","0","0","0","0","0","0","4","0","","02","11","2022","1","40.491601","-80.061176","1000","11","0","0","0","0","0","1","0","1","","0","0","0","","","2","","1","","40 29:29.763","","0","80 03:40.233","8","0","0","0","2404","0","0","0","N","0","0","0","2","02404","0","","1.0","","1","N","N","N","0","","0","0","1","","2","","","2","2","0","0","0","2","0","2","0","2","","03","","N","","","","","","","","","",""
"2022085356","1020","1","0","0","0","0","0","0","0","0","5","0","","02","9","2022","7","40.464358","-79.865541","1015","11","0","0","0","0","0","0","1","0","","0","0","0","","","0","N","0","","40 27:51.689","","7","79 51:55.946","0","0","0","0","2113","0","0","0","N","0","0","0","3","02113","0","","1.0","","1","N","N","N","0","","0","0","1","","0","","","2","0","0","0","0","0","0","2","0","2","","03","","N","","","","","","","","","",""
"2022082294","1810","0","0","0","0","0","0","0","0","0","7","0","","02","9","2022","1","40.389205","-79.867904","1804","11","0","0","0","0","0","0","0","0","","0","0","0","","","0","","2","","40 23:21.139","1","0","79 52:04.455","0","0","0","0","2473","0","0","0","N","0","0","0","1","02473","0","","4.0","1840.0","1","N","N","N","1","","0","0","0","","0","N","","1","0","0","0","0","0","0","2","0","1","","03","","N","","","","","","","","","",""
"2022087322","1419","1","0","0","0","0","0","0","0","0","7","0","","02","9","2022","4","40.567413","-80.007768","1416","11","0","0","0","0","0","0","0","1","","0","0","0","","","1","N","0","","40 34:02.687","4","0","80 00:27.963","8","0","0","0","2108","0","0","0","N","0","0","0","1","02108","0","","5.0","1444.0","1","N","N","N","0","","0","0","0","","0","N","","1","1","0","0","0","1","0","2","0","1","","","","N","","","","","","","","","",""
"2022078439","2035","1","0","0","0","0","0","0","0","0","4","0","","02","8","2022","7","40.378719","-79.985313","2034","11","0","0","0","0","0","0","0","0","","0","0","0","","","0","N","0","","40 22:43.390","5","0","79 59:07.126","0","0","0","0","2413","0","0","0","N","0","0","0","1","02413","0","","4.0","2115.0","1","N","N","N","0","","0","0","0","","0","Y","","2","0","0","0","0","0","0","2","1","2","","","","N","","","","","","","","","",""
"2022117817","1722","1","0","0","0","0","0","0","0","0","98","0","","02","12","2022","2","40.578368","-80.077896","1718","11","0","0","0","0","0","0","0","0","","0","0","0","","","1","","2","","40 34:42.125","2","0","80 04:40.424","4","0","0","0","2481","0","0","0","N","0","0","0","1","02481","1","","1.0","1745.0","1","N","N","N","0","","0","0","0","","0","N","","1","1","0","0","0","0","0","2","0","1","","03","","N","","","","","","","","","",""
"2022106818","1730","1","0","0","0","0","0","0","0","0","3","0","","02","11","2022","2","40.41925","-79.988583","1724","11","0","0","0","0","0","0","0","0","","0","0","0","","","0","N","0","","40 25:09.300","","0","79 59:18.900","0","0","0","0","2301","0","0","0","N","0","0","0","1","02301","0","","1.0","","1","","","N","0","","0","0","0","","0","","","2","0","0","0","0","0","0","2","0","2","","03","","N","","","","","","","","","",""
"2022116478","0909","0","0","0","0","0","0","1","0","0","1","1","","02","12","2022","2","40.443951","-80.027803","0900","11","0","0","0","0","0","1","0","0","","0","0","0","","","0","N","5","","40 26:38.224","","8","80 01:40.091","0","0","0","0","2301","0","0","0","N","0","0","0","2","02503","0","","1.0","","1","N","N","N","0","","0","0","1","","2","N","","2","0","0","0","0","0","0","2","0","2","","03","","N","","","","","","","","","",""
"2022084708","1840","1","0","0","0","0","0","0","0","0","6","0","","02","9","2022","6","40.328664","-79.817163","1834","11","0","0","0","0","0","1","0","0","","0","0","0","","","1","N","2","","40 19:43.189","1","0","79 49:01.786","8","0","0","1","2477","0","0","0","N","0","0","0","2","02477","0","","1.0","1900.0","1","N","N","N","0","","0","0","0","","0","N","","2","1","0","0","0","1","0","2","0","2","","03","","N","","","","","","","","","",""
"2022089707","1335","2","0","0","0","0","0","0","0","0","4","0","","02","9","2022","3","40.359611","-80.035464","1331","11","0","0","0","1","0","0","0","0","","0","0","0","","","0","N","0","","40 21:34.600","1","0","80 02:07.670","9","0","0","0","2416","0","0","0","N","0","0","0","2","02416","0","","1.0","1350.0","1","N","N","N","0","","0","0","0","","0","N","","2","0","0","0","0","0","2","2","0","2","","","","N","","","","","","","","","",""
"2022087789","0851","0","0","0","0","0","0","0","0","0","5","1","","02","9","2022","6","40.341671","-79.96591","0848","11","0","0","0","0","0","0","1","0","","0","0","0","","","1","N","0","","40 20:30.017","1","3","79 57:57.275","8","0","0","0","2454","0","0","0","N","0","0","0","2","02454","0","","1.0","945.0","1","N","N","N","0","","0","0","0","","0","N","","2","1","0","0","0","1","0","2","2","2","","03","","N","","","","","","","","","",""
"2022116852","1844","1","0","0","0","0","0","0","0","0","4","0","","02","12","2022","5","40.347978","-79.864303","1841","11","0","0","0","0","0","0","1","0","","0","0","0","","","0","","1","","40 20:52.722","2","0","79 51:51.491","0","0","0","0","2304","0","0","0","N","0","0","0","3","02304","0","","1.0","1930.0","1","N","N","N","0","","0","0","1","","3","Y","","2","0","0","0","0","0","0","2","0","2","","03","","N","","","","","","","","","",""
"2022077443","1700","1","0","0","0","0","0","0","0","0","1","0","","02","8","2022","4","40.448748","-80.013977","1645","11","0","0","0","0","0","1","0","0","","0","0","0","","","0","N","0","","40 26:55.492","1","0","80 00:50.317","0","0","0","0","2301","0","0","0","N","0","0","0","2","02301","0","","1.0","1515.0","1","N","N","N","0","","0","0","1","","0","Y","","2","0","0","0","0","0","0","2","0","2","","03","","N","","","","","","","","","",""
"2022079619","1810","3","0","0","0","0","0","0","0","0","1","0","","02","8","2022","3","40.357659","-80.121877","1806","11","1","1","0","0","0","1","0","0","","0","0","0","","","0","","1","","40 21:27.574","","0","80 07:18.757","0","0","0","0","2119","0","0","0","N","0","0","0","8","02119","0","","1.0","","1","N","N","N","0","","0","0","1","","2","","","4","0","0","0","0","0","0","2","0","4","","","","N","","","","","","","","","",""
"2022057228","1346","0","0","0","0","0","0","0","0","0","4","0","","02","6","2022","6","","","1343","11","0","0","0","0","0","0","1","0","","0","0","0","","","2","","1","","","4","7","","3","0","0","0","2102","0","0","0","N","0","0","0","3","02102","0","","1.0","1428.0","1","N","N","N","0","","2","0","2","","2","N","","2","2","0","0","0","0","0","1","0","2","","03","","N","","","","","","","","","",""
"2022089502","1728","1","0","0","0","0","0","0","0","0","4","0","","02","9","2022","4","40.436907","-79.852024","1725","11","0","0","0","0","0","0","0","1","","0","0","0","","","0","N","2","","40 26:12.865","","0","79 51:07.286","0","0","0","0","2419","0","0","0","N","0","0","0","3","02419","0","","1.0","","1","N","N","N","0","","0","0","1","","0","","","2","0","0","0","0","0","0","2","0","2","","03","","N","","","","","","","","","",""
"2022087422","2111","0","0","0","0","0","0","0","0","0","6","0","","02","9","2022","4","40.381088","-79.813929","2111","11","0","0","0","0","0","0","0","0","","0","0","0","","","0","N","0","","40 22:51.918","","0","79 48:50.144","0","0","0","0","2424","0","0","0","N","0","0","0","2","02424","0","","1.0","","1","N","N","Y","0","","0","0","2","","0","","","2","0","1","0","0","0","0","2","0","2","","03","","N","","","","","","","","","",""
"2022116495","0327","1","0","0","0","0","0","0","0","0","7","0","","02","12","2022","5","40.418713","-79.827312","0327","11","0","0","0","0","0","0","0","0","","0","0","0","","","0","","3","","40 25:07.366","","0","79 49:38.323","9","0","0","0","2124","0","0","0","N","0","0","0","1","02124","0","","4.0","","1","N","N","N","0","","0","0","0","","3","","","1","0","0","0","0","0","1","2","0","1","","","","N","","","","","","","","","",""
"2022114254","0029","1","0","0","0","0","0","0","0","0","1","0","","02","12","2022","1","40.460232","-79.842633","0018","11","0","0","0","0","0","1","0","0","","0","0","0","","","0","","1","","40 27:36.835","","0","79 50:33.477","0","0","0","0","2113","0","0","0","N","0","0","0","2","02113","0","","1.0","","1","N","N","N","0","","0","0","1","","2","","","2","0","0","0","0","0","0","2","0","2","","","","N","","","","","","","","","",""
"2022115308","0412","1","0","0","0","0","0","0","0","0","1","0","","02","10","2022","7","40.425673","-79.911114","0400","11","0","0","0","0","0","0","0","0","","0","0","0","","","1","N","0","","40 25:32.421","3","0","79 54:40.012","3","0","0","0","2301","0","0","0","N","0","0","0","1","68B03","0","","2.0","524.0","1","N","N","N","0","","1","0","0","","0","N","","2","1","0","0","0","0","0","2","1","2","","","","N","","","","","","","","","",""
"2022079315","1011","2","0","0","0","0","0","0","0","0","1","0","","02","8","2022","3","40.428972","-79.999369","1003","11","0","0","0","0","0","1","0","0","","0","0","0","","","1","N","0","","40 25:44.300","1","4","79 59:57.727","3","0","0","0","2301","0","0","0","N","0","0","0","6","02301","0","","1.0","1051.0","9","N","N","N","0","","1","0","0","","0","N","","2","1","0","0","0","0","0","2","0","2","","07","","N","","","","","","","","","",""
"2022115724","1403","1","0","0","0","0","0","0","0","0","4","1","","02","12","2022","4","40.473705","-80.281828","1400","11","0","0","0","0","0","0","1","0","","0","1","0","","","2","","2","","40 28:25.337","","2","80 16:54.579","3","0","0","0","2203","0","0","0","N","0","0","0","3","02203","0","","1.0","","1","N","N","N","0","","2","0","0","","3","","","2","2","0","0","0","0","0","1","0","2","","03","","N","","","","","","","","","",""
"2022076297","0230","0","0","0","0","0","0","0","0","0","7","0","","02","8","2022","1","40.456611","-80.030083","0221","11","0","0","0","0","0","0","0","0","","0","0","0","","","0","N","0","","40 27:23.800","","0","80 01:48.300","0","0","0","0","2301","0","0","0","N","0","0","0","2","02301","0","","1.0","","9","N","N","N","0","","0","0","1","","2","","","1","0","1","0","0","0","0","2","0","1","","","","N","","","","","","","","","",""
"2022072345","1449","0","0","0","0","0","0","0","0","0","4","0","","02","8","2022","1","40.393211","-80.064427","1447","11","0","0","1","0","0","0","0","0","","0","0","0","","","2","N","0","","40 23:35.559","","7","80 03:51.937","3","0","0","0","2109","0","0","0","N","0","0","0","5","02109","0","","1.0","","1","N","N","N","0","","1","0","1","","0","","","2","2","0","0","0","1","0","2","1","2","","","","N","","","","","","","","","",""
"2022057261","2034","2","0","0","0","0","0","0","0","0","5","0","","02","6","2022","1","40.435222","-79.947139","2021","11","0","0","0","0","0","0","0","0","","0","0","0","","","0","","3","","40 26:06.800","","0","79 56:49.700","0","0","0","0","2301","0","0","0","N","0","0","0","3","02301","0","","1.0","","1","N","N","N","0","","0","0","0","","0","","","2","0","0","0","0","0","0","2","0","2","","03","","N","","","","","","","","","",""
"2022089512","1711","0","0","0","0","0","0","0","0","0","4","0","","02","9","2022","4","40.321493","-79.836902","1708","11","0","0","0","0","0","0","1","0","","0","0","0","","","1","","2","","40 19:17.374","5","0","79 50:12.848","8","0","0","0","2469","0","0","0","N","0","0","0","2","02469","0","","1.0","1738.0","1","N","N","N","0","","0","0","2","","3","Y","","2","1","0","0","0","1","0","2","0","2","","04","","N","","","","","","","","","",""
"2022115117","0836","1","0","0","0","0","0","0","0","0","4","0","","02","12","2022","3","40.444068","-79.919242","0827","11","0","0","0","0","0","1","1","0","","0","0","0","","","0","","1","","40 26:38.644","3","0","79 55:09.270","9","0","0","0","2301","0","0","0","N","0","0","0","4","02301","0","","1.0","850.0","9","N","N","N","0","","0","0","1","","3","N","","2","0","0","0","0","0","2","2","0","2","","","","N","","","","","","","","","",""
"2022077571","1900","0","0","0","0","0","0","0","0","0","8","0","","02","8","2022","4","40.45657","-79.977855","1900","11","0","0","0","0","0","0","0","0","","0","0","0","","","1","","1","","40 27:23.652","","0","79 58:40.277","8","0","0","0","2301","1","0","0","N","1","0","0","3","02301","0","","1.0","","1","N","N","N","0","","0","0","0","","3","","","2","1","0","0","0","1","2","2","0","1","","03","","N","","","","","","","","","",""
"2022109054","1254","3","0","0","0","0","0","0","0","0","4","0","","02","11","2022","3","40.34837","-79.944808","1249","11","0","0","0","0","0","1","1","0","","0","0","0","","","0","","1","","40 20:54.133","4","0","79 56:41.310","0","0","0","0","2473","0","0","0","N","0","0","0","3","02473","0","","1.0","1320.0","2","N","N","Y","0","","0","0","0","","4","N","","3","0","0","0","0","0","0","2","0","3","","06","","N","","","","","","","","","",""
"2022121780","1820","0","0","0","0","0","0","0","0","0","1","0","","02","12","2022","4","40.626736","-80.035429","1817","11","0","0","0","0","0","1","0","0","","0","0","0","","","0","N","0","","40 37:36.248","3","0","80 02:07.544","0","0","0","0","2216","0","0","0","N","0","0","0","2","02505","0","","1.0","1840.0","1","N","N","N","0","","0","0","2","","0","N","","2","0","0","0","0","0","0","1","0","2","","","","N","","","","","","","","","",""
"2022119573","1625","1","0","0","0","0","0","0","0","0","1","0","","02","12","2022","6","40.630652","-79.946367","1618","11","0","0","0","0","0","0","1","0","","0","0","0","","","0","","2","","40 37:50.347","7","0","79 56:46.921","0","0","0","0","2217","0","0","0","N","0","0","0","3","02505","0","","1.0","1641.0","9","N","N","N","0","","0","0","1","","3","N","","2","0","0","0","0","0","0","2","0","2","","","","N","","","","","","","","","",""
"2022075903","1906","2","0","0","0","0","0","0","0","0","1","0","","02","8","2022","5","40.336058","-80.074582","1906","11","0","0","0","0","0","1","1","0","","0","0","0","","","1","","2","","40 20:09.807","3","0","80 04:28.494","3","0","0","0","2123","0","0","0","N","0","0","0","5","02123","0","","1.0","1943.0","1","N","N","N","1","","1","0","1","","0","N","","4","1","0","0","0","0","0","2","0","4","","03","","N","","","","","","","","","",""
"2022108904","1502","0","0","0","0","0","0","0","0","0","98","0","","02","11","2022","3","40.534281","-80.056234","1450","11","0","0","0","0","0","0","0","0","","0","0","0","","","0","N","0","","40 32:03.413","","0","80 03:22.444","0","0","0","0","2116","0","0","0","N","0","0","0","1","02116","0","","1.0","","9","N","N","N","0","","0","0","1","","0","","","1","0","0","0","0","0","0","2","0","1","","07","","N","","","","","","","","","",""
"2022077469","1556","1","0","0","0","0","0","0","0","0","4","0","","02","8","2022","4","40.441721","-80.239404","1554","11","0","0","0","0","0","0","1","1","","0","0","0","","","1","N","0","","40 26:30.197","6","0","80 14:21.854","8","0","0","0","2214","0","0","0","N","0","0","0","4","02214","0","","1.0","1630.0","1","N","N","N","1","","0","0","1","","3","Y","","3","1","0","0","0","1","0","2","0","3","","03","","N","","","","","","","","","",""
"2022091740","0619","1","0","0","0","0","0","0","0","0","1","0","","02","9","2022","6","40.425643","-79.910912","0558","11","0","0","0","0","0","1","0","0","","0","0","0","","","0","N","0","","40 25:32.313","","0","79 54:39.283","0","0","0","0","2301","0","0","0","N","0","0","0","3","68B03","0","","1.0","","1","N","N","N","0","","0","0","1","","0","","","2","0","0","0","0","0","0","2","0","2","","","","N","","","","","","","","","",""
"2022120506","0735","0","0","0","0","0","0","1","0","0","4","1","","02","12","2022","2","40.381585","-79.859663","0734","11","0","0","0","0","0","0","1","0","","0","0","0","","","1","","1","","40 22:53.705","4","0","79 51:34.785","4","0","0","0","2303","0","0","0","N","0","0","0","2","02303","1","","1.0","800.0","1","Y","N","N","0","","0","0","1","","0","Y","","2","1","0","0","0","0","0","2","0","2","","","","N","","","","","","","","","",""
"2022084441","0436","1","0","0","0","0","0","0","0","0","7","0","","02","8","2022","5","40.651015","-80.094463","0418","11","0","0","0","0","0","1","0","0","","0","0","0","","","0","N","0","","40 39:03.654","","0","80 05:40.066","0","0","0","0","2212","0","0","0","N","0","0","0","1","68B03","0","","4.0","","1","N","N","N","0","","0","0","0","","0","","","1","0","0","0","0","0","0","2","0","1","","","","N","","","","","","","","","",""
"2022087442","0736","2","0","0","0","0","0","0","0","0","2","0","","02","9","2022","2","40.387713","-80.043478","0732","11","0","0","0","0","0","0","1","0","","0","0","0","","","1","","2","","40 23:15.766","","7","80 02:36.522","3","0","0","0","2109","0","0","0","N","0","0","0","2","02109","0","","5.0","","1","N","N","N","0","","1","0","0","","0","","","2","1","0","0","0","0","0","2","0","2","","04","","N","","","","","","","","","",""
"2022082792","1618","1","0","0","0","0","0","0","0","0","1","0","","02","9","2022","2","40.422415","-79.885935","1615","11","0","0","0","0","0","1","0","0","","0","0","0","","","0","N","1","","40 25:20.694","1","0","79 53:09.366","0","0","0","0","2463","0","0","0","N","0","0","0","5","02463","0","","1.0","1650.0","1","N","N","Y","0","","0","0","2","","2","N","","3","0","0","0","0","0","0","2","0","3","","03","","N","","","","","","","","","",""
"2022062206","1650","1","0","0","0","0","0","0","0","0","4","0","","02","7","2022","4","40.455294","-79.967177","1640","11","0","0","0","0","0","0","0","0","","0","0","0","","","0","N","0","","40 27:19.057","3","0","79 58:01.836","0","0","0","0","2301","0","0","0","N","0","0","0","2","02301","0","","1.0","1720.0","1","N","N","N","0","","0","0","1","","0","N","","2","0","0","0","0","0","0","2","0","2","","","","N","","","","","","","","","",""
"2022061665","1649","0","0","0","0","0","0","0","0","0","4","0","","02","7","2022","3","40.391639","-79.894","1646","11","0","0","0","0","0","0","0","0","","0","0","0","","","2","","2","","40 23:29.900","7","0","79 53:38.400","8","0","0","0","2448","0","0","0","N","0","0","0","2","02448","0","","1.0","1714.0","1","N","N","N","0","","0","0","2","","0","Y","","2","2","1","0","0","2","0","2","0","2","","03","","N","","","","","","","","","",""
"2022123857","1912","1","0","0","0","0","0","0","0","0","1","0","","02","12","2022","1","40.470468","-80.003349","1901","11","0","0","0","1","0","1","0","0","","0","0","0","","","2","N","0","","40 28:13.684","1","0","80 00:12.055","3","0","0","0","2301","0","0","0","N","0","0","0","4","68B03","0","","1.0","2029.0","1","N","N","N","0","","1","0","1","","0","N","","2","2","0","0","0","1","0","2","0","2","","03","","N","","","","","","","","","",""
"2022086439","1457","0","0","0","0","0","0","0","0","0","0","0","","02","9","2022","2","40.354972","-79.896528","1452","11","0","0","0","0","0","1","0","0","","0","0","0","","","1","N","0","","40 21:17.900","","7","79 53:47.500","3","0","0","1","2473","0","0","0","N","0","0","0","1","02473","0","","6.0","","9","N","N","N","0","","1","0","0","","3","","","1","1","0","0","0","0","0","2","0","1","","07","","N","","","","","","","","","",""
"2022111758","1807","1","0","0","0","0","0","0","0","0","1","0","","02","11","2022","1","40.377328","-79.801314","1807","11","0","0","1","0","0","0","0","0","","0","0","0","","","0","N","0","","40 22:38.379","","0","79 48:04.729","0","0","0","0","2111","0","0","0","N","0","0","0","4","02111","0","","1.0","","9","N","N","N","0","","0","0","1","","0","","","2","0","2","0","0","0","0","2","0","2","","07","","N","","","","","","","","","",""
"2022120154","2355","0","0","0","0","0","0","0","0","0","4","0","","02","12","2022","7","40.621395","-79.999851","2349","11","0","0","0","0","0","0","0","0","","0","0","0","","","4","N","0","","40 37:17.023","5","0","79 59:59.464","4","0","0","0","2216","0","0","0","N","0","0","0","4","02505","1","","1.0","29.0","2","N","N","N","1","","0","0","1","","0","Y","","2","4","0","0","0","3","0","2","0","2","","10","","N","","","","","","","","","",""
"2022054113","1517","2","0","0","0","0","0","0","0","0","4","0","","02","6","2022","4","40.362056","-80.01125","1517","11","1","0","0","0","0","0","0","0","","0","0","0","","","2","","1","","40 21:43.400","3","0","80 00:40.500","4","0","0","0","2416","0","0","0","N","0","0","0","6","02416","2","","1.0","1549.0","1","N","N","N","0","","0","0","1","","0","N","","3","2","0","0","0","0","0","2","0","3","","03","","N","","","","","","","","","",""
"2022085089","1950","0","0","0","0","0","0","0","0","0","1","0","","02","9","2022","4","40.489267","-80.295231","1950","11","0","0","0","0","0","0","0","0","","0","0","0","","","1","","1","","40 29:21.362","","0","80 17:42.831","3","0","0","0","2203","0","0","0","N","0","0","0","4","02203","0","","1.0","","1","N","N","N","0","","1","0","2","","4","","","2","1","0","0","0","0","0","2","0","2","","03","","N","","","","","","","","","",""
"2022086012","1209","0","0","0","0","0","0","0","0","0","2","1","","02","9","2022","2","40.252741","-79.87843","1205","11","0","0","0","0","0","1","0","0","","0","1","0","","","1","N","0","","40 15:09.867","2","0","79 52:42.348","8","0","0","0","2105","0","0","0","N","0","0","0","2","02105","0","","1.0","1302.0","9","N","N","N","1","","0","0","0","","0","N","","2","1","0","0","0","1","0","1","0","2","","","","N","","","","","","","","","",""
"2022086528","0910","0","0","0","0","0","0","0","0","0","7","0","","02","9","2022","1","40.482584","-79.771439","0910","11","0","0","0","0","0","0","0","1","","0","0","0","","","0","N","0","","40 28:57.301","","0","79 46:17.179","0","0","0","0","2466","0","0","0","N","0","0","0","2","68T02","0","","2.0","","8","N","N","Y","0","","0","0","2","","0","","","2","0","0","0","0","0","0","2","0","2","","","","N","","","","","","","","","",""
"2022100707","2115","1","0","0","0","0","0","0","0","0","7","0","","02","10","2022","7","40.332524","-79.932351","2107","11","0","0","0","0","0","0","0","0","","0","0","0","","","1","N","0","","40 19:57.087","","0","79 55:56.465","8","0","0","0","2473","0","0","0","N","0","0","0","2","02473","0","","2.0","","1","N","N","N","0","","0","0","0","","0","","","1","1","1","0","0","1","0","2","0","1","","03","","N","","","","","","","","","",""
"2022104852","1443","3","0","0","0","0","0","0","0","0","1","0","","02","10","2022","5","40.436808","-80.001376","1436","11","0","0","0","0","0","1","0","0","","0","0","0","","","0","N","0","","40 26:12.509","4","0","80 00:04.952","0","0","0","0","2301","0","0","0","N","0","0","0","3","68B03","0","","1.0","1500.0","1","N","N","N","0","","0","0","0","","0","Y","","3","0","0","0","0","0","0","2","0","3","","","","N","","","","","","","","","",""
"2022102937","2140","1","0","0","0","0","0","0","0","0","7","0","","02","10","2022","2","40.308093","-80.032768","2134","11","0","0","0","0","0","0","0","0","","0","0","0","","","0","","1","","40 18:29.136","","0","80 01:57.963","0","0","0","0","2407","0","0","0","N","0","0","0","1","02407","0","","5.0","","9","N","N","N","0","","0","0","0","","0","","","1","0","0","0","0","0","0","2","0","1","","","","N","","","","","","","","","",""
"2022102103","1509","0","0","0","0","0","0","0","0","0","4","0","","02","7","2022","7","40.519796","-80.17032","1506","11","0","0","0","0","0","0","0","0","","0","0","0","","","1","","1","","40 31:11.267","4","7","80 10:13.153","3","0","0","0","2420","0","0","0","N","0","0","0","2","02420","0","","1.0","1536.0","1","N","N","N","0","","1","0","2","","2","N","","2","1","2","0","0","0","0","2","0","2","","03","","N","","","","","","","","","",""