"CRN","ARRIVAL_TM","AUTOMOBILE_COUNT","BELTED_DEATH_COUNT","BELTED_SUSP_SERIOUS_INJ_COUNT","BICYCLE_COUNT","BICYCLE_DEATH_COUNT","BICYCLE_SUSP_SERIOUS_INJ_COUNT","BUS_COUNT","CHLDPAS_DEATH_COUNT","CHLDPAS_SUSP_SERIOUS_INJ_COUNT","COLLISION_TYPE","COMM_VEH_COUNT","CONS_ZONE_SPD_LIM","COUNTY","CRASH_MONTH","CRASH_YEAR","DAY_OF_WEEK","DEC_LATITUDE","DEC_LONGITUDE","DISPATCH_TM","DISTRICT","DRIVER_COUNT_16YR","DRIVER_COUNT_17YR","DRIVER_COUNT_18YR","DRIVER_COUNT_19YR","DRIVER_COUNT_20YR","DRIVER_COUNT_50_64YR","DRIVER_COUNT_65_74YR","DRIVER_COUNT_75PLUS","EST_HRS_CLOSED","FATAL_COUNT","HEAVY_TRUCK_COUNT","HORSE_BUGGY_COUNT","HOUR_OF_DAY","ILLUMINATION","INJURY_COUNT","INTERSECTION_RELATED","INTERSECT_TYPE","LANE_CLOSED","LATITUDE","LN_CLOSE_DIR","LOCATION_TYPE","LONGITUDE","MAX_SEVERITY_LEVEL","MCYCLE_DEATH_COUNT","MCYCLE_SUSP_SERIOUS_INJ_COUNT","MOTORCYCLE_COUNT","MUNICIPALITY","NONMOTR_COUNT","NONMOTR_DEATH_COUNT","NONMOTR_SUSP_SERIOUS_INJ_COUNT","NTFY_HIWY_MAINT","PED_COUNT","PED_DEATH_COUNT","PED_SUSP_SERIOUS_INJ_COUNT","PERSON_COUNT","POLICE_AGCY","POSSIBLE_INJ_COUNT","RDWY_SURF_TYPE_CD","RELATION_TO_ROAD","ROADWAY_CLEARED","ROAD_CONDITION","SCH_BUS_IND","SCH_ZONE_IND","SECONDARY_CRASH","SMALL_TRUCK_COUNT","SPEC_JURIS_CD","SUSP_MINOR_INJ_COUNT","SUSP_SERIOUS_INJ_COUNT","SUV_COUNT","TCD_FUNC_CD","TCD_TYPE","TFC_DETOUR_IND","TIME_OF_DAY","TOTAL_UNITS","TOT_INJ_COUNT","UNBELTED_OCC_COUNT","UNB_DEATH_COUNT","UNB_SUSP_SERIOUS_INJ_COUNT","UNK_INJ_DEG_COUNT","UNK_INJ_PER_COUNT","URBAN_RURAL","VAN_COUNT","VEHICLE_COUNT","WEATHER1","WEATHER2","WORKERS_PRES","WORK_ZONE_IND","WORK_ZONE_LOC","WORK_ZONE_TYPE","WZ_CLOSE_DETOUR","WZ_FLAGGER","WZ_LAW_OFFCR_IND","WZ_LN_CLOSURE","WZ_MOVING","WZ_OTHER","WZ_SHLDER_MDN","WZ_WORKERS_INJ_KILLED"
"2022064700","1715","2","0","0","0","0","0","0","0","0","1","0","","02","7","2022","6","40.429953","-79.884146","1627","11","0","0","0","1","0","0","1","0","","0","0","0","","","0","N","0","","40 25:47.830","4","0","79 53:02.926","0","0","0","0","2426","0","0","0","N","0","0","0","3","68B03","0","","1.0","1740.0","1","N","N","N","0","","0","0","1","","0","N","","3","0","0","0","0","0","0","2","0","3","","","","N","","","","","","","","","",""
"2022058600","1707","1","0","0","0","0","0","0","0","0","4","0","","02","6","2022","6","40.451417","-79.945444","1703","11","0","0","0","0","0","0","0","1","","0","0","0","","","1","","1","","40 27:05.100","","0","79 56:43.600","4","0","0","0","2301","0","0","0","N","0","0","0","4","02301","1","","1.0","","1","N","N","N","0","","0","0","1","","0","","","2","1","0","0","0","0","0","2","0","2","","03","","N","","","","","","","","","",""
"2022112173","1117","1","0","0","0","0","0","0","0","0","7","0","","02","11","2022","1","40.585005","-79.778924","1117","11","0","0","0","0","0","0","0","0","","0","0","0","","","0","N","0","","40 35:06.017","","0","79 46:44.127","0","0","0","0","2104","0","0","0","Y","0","0","0","1","68D02","0","","4.0","","9","N","N","N","0","","0","0","0","","0","","","1","0","0","0","0","0","0","2","0","1","","07","","N","","","","","","","","","",""
"2022111964","1445","0","0","0","0","0","0","0","0","0","6","0","","02","11","2022","2","40.510818","-79.771756","1442","11","0","2","0","0","0","0","0","0","","0","0","0","","","0","N","0","","40 30:38.945","","0","79 46:18.322","0","0","0","0","2466","0","0","0","N","0","0","0","3","02466","0","","1.0","","9","N","N","N","0","","0","0","2","","0","","","2","0","0","0","0","0","0","2","0","2","","04","","N","","","","","","","","","",""
"2022113359","0959","0","0","0","0","0","0","0","0","0","1","0","","02","12","2022","5","40.379702","-80.000734","0951","11","0","0","0","0","0","0","0","0","","0","0","0","","","0","","2","","40 22:46.928","","0","80 00:02.641","0","0","0","0","2301","0","0","0","N","0","0","0","3","02301","0","","1.0","","1","N","N","N","0","","0","0","2","","0","","","2","0","1","0","0","0","0","2","0","2","","03","","N","","","","","","","","","",""
"2022113259","1415","0","0","0","0","0","0","0","0","0","4","0","","02","11","2022","4","40.41004","-80.080774","1411","11","0","0","0","0","0","1","0","0","","0","0","0","","","0","","1","","40 24:36.143","4","0","80 04:50.785","0","0","0","0","2415","0","0","0","N","0","0","0","2","02415","0","","1.0","1425.0","1","N","N","N","0","","0","0","2","","3","N","","2","0","0","0","0","0","0","2","0","2","","","","N","","","","","","","","","",""
"2022082158","0138","0","0","0","0","0","0","0","0","0","7","0","","02","8","2022","1","40.403858","-79.883066","0117","11","0","0","0","0","0","1","0","0","","0","0","0","","","0","","2","","40 24:13.889","","0","79 52:59.039","0","0","0","0","2475","0","0","0","N","0","0","0","1","68B03","0","","4.0","","1","N","N","N","0","","0","0","1","","0","","","1","0","1","0","0","0","0","2","0","1","","03","","N","","","","","","","","","",""
"2022076300","0317","0","0","0","0","0","0","0","0","0","7","0","","02","8","2022","1","40.453889","-80.052556","0310","11","0","0","0","0","0","0","0","0","","0","0","0","","","0","N","0","","40 27:14.000","3","0","80 03:09.200","0","0","0","0","2301","0","0","0","N","0","0","0","1","02301","0","","2.0","325.0","9","N","N","N","0","","0","0","1","","3","N","","1","0","0","0","0","0","0","2","0","1","","","","N","","","","","","","","","",""
"2022080956","0227","1","0","0","0","0","0","0","0","0","7","0","","02","9","2022","1","40.369353","-79.91069","0217","11","0","0","0","0","0","0","0","0","","0","0","0","","","0","Y","0","","40 22:09.670","7","0","79 54:38.483","0","0","0","0","2301","0","0","0","N","0","0","0","0","02301","0","","5.0","500.0","1","N","N","N","0","","0","0","0","","0","Y","","1","0","0","0","0","0","0","2","0","1","","","","N","","","","","","","","","",""
"2022062625","1627","0","0","0","0","0","0","0","0","0","4","0","","02","6","2022","2","40.424472","-79.790861","1622","11","0","0","0","0","0","0","0","0","","0","0","0","","","1","N","0","","40 25:28.100","","0","79 47:27.100","3","0","0","0","2446","0","0","0","N","0","0","0","2","02446","0","","1.0","","1","N","N","N","1","","1","0","1","","0","","","2","1","0","0","0","0","0","2","0","2","","03","","N","","","","","","","","","",""
"2022059532","2114","0","0","0","0","0","0","0","0","0","5","0","","02","6","2022","2","40.293056","-79.962667","2109","11","0","0","0","0","0","0","0","0","","0","0","0","","","1","N","0","","40 17:35.000","2","0","79 57:45.600","8","0","0","1","2440","0","0","0","N","0","0","0","3","02440","0","","1.0","2156.0","1","N","N","N","1","","0","0","0","","0","N","","2","1","0","0","0","1","0","2","0","2","","","","N","","","","","","","","","",""
"2022098633","1833","1","0","0","0","0","0","0","0","0","1","0","","02","10","2022","3","40.424263","-80.111538","1825","11","0","0","0","0","0","0","0","0","","0","0","0","","","0","N","0","","40 25:27.346","","0","80 06:41.537","0","0","0","0","2115","0","0","0","N","0","0","0","3","68B03","0","","1.0","","1","N","N","N","0","","0","0","1","","0","","","2","0","0","0","0","0","0","2","0","2","","","","N","","","","","","","","","",""
"2022059917","1153","1","0","0","0","0","0","0","0","0","1","0","","02","6","2022","3","40.525659","-79.822887","1145","11","0","0","0","0","0","0","1","0","","0","0","0","","","1","","2","","40 31:32.372","6","0","79 49:22.394","4","0","0","0","2466","0","0","0","N","0","0","0","3","02466","1","","1.0","1200.0","1","N","N","N","0","","0","0","1","","0","N","","3","1","1","0","0","0","1","2","1","3","","03","","N","","","","","","","","","",""
"2022082802","1425","1","0","0","0","0","0","0","0","0","4","0","","02","9","2022","6","40.454041","-79.912396","1420","11","0","0","0","0","0","1","0","0","","0","0","0","","","0","N","1","","40 27:14.546","1","0","79 54:44.625","0","0","0","0","2301","0","0","0","N","0","0","0","2","02301","0","","1.0","1430.0","1","N","N","N","0","","0","0","1","","2","N","","2","0","0","0","0","0","0","2","0","2","","03","","N","","","","","","","","","",""
"2022123545","1824","1","0","0","0","0","0","0","0","0","1","0","","02","11","2022","2","40.429588","-80.028874","1810","11","0","0","0","0","0","1","0","0","","0","0","0","","","2","N","0","","40 25:46.517","4","0","80 01:43.947","4","0","0","0","2301","0","0","0","N","0","0","0","2","68B03","2","","1.0","1850.0","1","Y","Y","N","0","","0","0","1","","0","N","","2","2","0","0","0","0","0","2","0","2","","","","N","","","","","","","","","",""
"2022102531","1759","0","0","0","0","0","0","0","0","0","1","0","","02","11","2022","5","40.477073","-79.932586","1740","11","0","0","0","0","0","1","0","0","","0","0","0","","","0","N","0","","40 28:37.464","","0","79 55:57.311","0","0","0","0","2301","0","0","0","N","0","0","0","1","02301","0","","6.0","","1","N","N","N","0","","0","0","0","","0","","","2","0","1","0","0","0","0","2","2","2","","","","N","","","","","","","","","",""
"2022099578","1646","1","0","0","0","0","0","0","0","0","7","0","","02","10","2022","4","40.654362","-79.898607","1631","11","0","0","0","0","0","0","1","0","","0","0","0","","","0","N","0","","40 39:15.703","4","0","79 53:54.984","0","0","0","0","2220","0","0","0","N","0","0","0","1","02220","0","","5.0","2000.0","9","N","N","N","0","","0","0","0","","0","Y","","1","0","0","0","0","0","0","1","0","1","","","","N","","","","","","","","","",""
"2022059308","1039","0","0","0","0","0","0","0","0","0","4","0","","02","6","2022","2","40.441722","-80.035306","1039","11","0","0","0","0","0","1","0","0","","0","0","0","","","0","","2","","40 26:30.200","","0","80 02:07.100","0","0","0","0","2301","0","0","0","N","0","0","0","2","02301","0","","1.0","","1","N","N","N","1","","0","0","1","","3","","","2","0","0","0","0","0","0","2","0","2","","","","N","","","","","","","","","",""
"2022103849","1816","1","0","0","0","0","0","0","0","0","5","0","","02","9","2022","5","40.496657","-79.942745","1809","11","0","0","0","0","0","0","0","1","","0","0","0","","","0","N","0","","40 29:47.966","4","0","79 56:33.883","0","0","0","0","2430","0","0","0","N","0","0","0","1","02430","0","","5.0","1839.0","1","N","N","N","0","","0","0","1","","0","N","","2","0","0","0","0","0","0","2","0","2","","","","N","","","","","","","","","",""
"2022082136","1754","2","0","0","0","0","0","0","0","0","1","0","","02","9","2022","4","40.435761","-79.962599","1741","11","0","0","0","0","0","1","0","0","","0","0","0","","","0","N","0","","40 26:08.741","3","0","79 57:45.355","0","0","0","0","2301","0","0","0","N","0","0","0","3","02301","0","","1.0","1815.0","1","N","N","N","0","","0","0","1","","0","N","","3","0","0","0","0","0","0","2","0","3","","03","","N","","","","","","","","","",""
"2022062538","1423","1","0","0","0","0","0","0","0","0","4","0","","02","7","2022","3","40.51225","-79.957936","1419","11","0","0","0","0","0","1","0","1","","0","0","0","","","0","","2","","40 30:44.099","","0","79 57:28.568","0","0","0","0","2118","0","0","0","N","0","0","0","2","02118","0","","1.0","","1","N","N","N","0","","0","0","1","","3","","","2","0","0","0","0","0","0","2","0","2","","03","","N","","","","","","","","","",""
"2022102407","0844","0","0","0","0","0","0","0","0","0","4","0","","02","10","2022","5","40.331276","-80.052771","0830","11","0","0","0","0","0","1","0","0","","0","0","0","","","1","","2","","40 19:52.594","1","0","80 03:09.976","8","0","0","0","2407","0","0","0","N","0","0","0","2","02407","0","","1.0","900.0","1","N","N","N","0","","0","0","1","","0","Y","","2","1","0","0","0","1","0","2","1","2","","03","","N","","","","","","","","","",""
"2022101188","2010","0","0","0","0","0","0","0","0","0","7","0","","02","10","2022","3","40.404352","-79.800994","2003","11","0","0","0","0","0","1","0","0","","0","0","0","","","1","N","0","","40 24:15.668","","0","79 48:03.579","3","0","0","0","2446","0","0","0","N","0","0","0","1","02446","0","","5.0","","1","N","N","N","1","","1","0","0","","0","","","1","1","0","0","0","0","0","2","0","1","","03","","N","","","","","","","","","",""
"2022102709","0755","1","0","0","0","0","0","0","0","0","4","0","","02","11","2022","6","40.322167","-79.942713","0747","11","0","0","1","0","0","1","0","0","","0","0","0","","","0","N","0","","40 19:19.802","1","7","79 56:33.765","0","0","0","0","2454","0","0","0","N","0","0","0","2","02454","0","","1.0","846.0","1","N","N","N","0","","0","0","1","","0","N","","2","0","0","0","0","0","0","2","0","2","","03","","N","","","","","","","","","",""
"2022106527","2329","1","0","0","0","0","0","0","0","0","7","0","","02","11","2022","7","40.465215","-80.139333","2320","11","0","0","0","1","0","0","0","0","","0","0","0","","","0","N","0","","40 27:54.774","","0","80 08:21.597","0","0","0","0","2115","0","0","0","N","0","0","0","1","02115","0","","2.0","","9","N","N","N","0","","0","0","0","","0","","","1","0","0","0","0","0","0","2","0","1","","","","N","","","","","","","","","",""
"2022101102","0738","1","0","0","0","0","0","0","0","0","1","0","","02","10","2022","2","40.439437","-79.9935","0730","11","0","0","0","0","0","0","0","0","","0","0","0","","","0","N","0","","40 26:21.973","","0","79 59:36.601","0","0","0","0","2301","0","0","0","N","0","0","0","2","02301","0","","1.0","","9","N","N","N","0","","0","0","1","","0","","","2","0","0","0","0","0","0","2","0","2","","","","N","","","","","","","","","",""
"2022111737","1648","3","0","0","0","0","0","0","0","0","1","0","","02","11","2022","6","40.412673","-80.079097","1642","11","0","0","0","0","0","1","0","0","","0","0","0","","","1","N","0","","40 24:45.622","","3","80 04:44.749","3","0","0","0","2117","0","0","0","N","0","0","0","7","68B03","0","","1.0","","1","N","N","N","0","","1","0","1","","0","","","4","1","0","0","0","0","0","2","0","4","","03","","N","","","","","","","","","",""
"2022061008","1238","1","0","0","0","0","0","0","0","0","7","0","","02","7","2022","6","40.519362","-79.808633","1232","11","0","0","1","0","0","0","0","0","","0","0","0","","","2","N","0","","40 31:09.704","5","0","79 48:31.077","8","0","0","0","2466","0","0","0","Y","0","0","0","2","02466","0","","5.0","1400.0","1","N","N","N","0","","0","0","0","","0","Y","","1","2","0","0","0","2","0","2","0","1","","03","","N","","","","","","","","","",""
"2022103784","1715","1","0","0","0","0","0","0","0","0","5","0","","02","11","2022","5","40.453786","-79.893824","1705","11","0","0","0","0","0","0","0","0","","0","0","0","","","0","N","0","","40 27:13.629","","0","79 53:37.766","0","0","0","0","2301","0","0","0","N","0","0","0","1","02301","0","","6.0","","1","N","N","N","0","","0","0","1","","0","","","2","0","0","0","0","0","0","2","0","2","","","","N","","","","","","","","","",""
"2022113027","2255","0","0","0","0","0","0","0","0","0","7","0","","02","11","2022","5","40.472349","-80.19932","2253","11","0","0","0","0","0","0","0","0","","0","0","0","","","0","N","0","","40 28:20.455","","0","80 11:57.553","0","0","0","0","2213","0","0","0","N","0","0","0","1","02213","0","","3.0","","1","N","N","N","0","","0","0","1","","0","","","1","0","0","0","0","0","0","2","0","1","","","","N","","","","","","","","","",""
"2022107822","1446","2","0","0","0","0","0","0","0","0","1","0","","02","11","2022","4","40.277138","-79.837388","1444","11","0","1","1","0","0","0","0","0","","0","0","0","","","0","N","0","","40 16:37.698","","7","79 50:14.598","0","0","0","0","2105","0","0","0","N","0","0","0","2","02105","0","","1.0","","1","N","N","N","0","","0","0","0","","0","","","2","0","0","0","0","0","0","2","0","2","","","","N","","","","","","","","","",""
"2022063533","1952","0","0","0","0","0","0","0","0","0","3","0","","02","7","2022","1","40.611444","-79.73015","1949","11","0","0","0","0","0","0","0","0","","0","0","0","","","0","N","0","","40 36:41.200","3","0","79 43:48.540","0","0","0","0","2106","0","0","0","N","0","0","0","2","02106","0","","5.0","2030.0","1","N","N","N","1","","0","0","1","","3","N","","2","0","1","0","0","0","0","2","0","2","","","","N","","","","","","","","","",""
"2022102422","1102","1","0","0","0","0","0","0","0","0","4","0","","02","10","2022","6","40.319505","-80.026949","1058","11","0","0","0","0","0","0","0","1","","0","0","0","","","1","","1","","40 19:10.219","","0","80 01:37.018","8","0","0","0","2407","0","0","0","N","0","0","0","2","02407","0","","1.0","","1","N","N","N","0","","0","0","1","","2","","","2","1","0","0","0","1","0","2","0","2","","","","N","","","","","","","","","",""
"2022067511","1100","1","0","0","0","0","0","0","0","0","2","0","","02","7","2022","6","40.499999","-80.11212","1100","11","0","0","0","0","0","0","1","1","","0","0","0","","","2","Y","0","","40 29:59.996","5","7","80 06:43.632","3","0","0","0","2126","0","0","0","N","0","0","0","3","02126","1","","1.0","1129.0","1","N","N","N","0","","1","0","1","","0","N","","2","2","1","0","0","0","0","2","0","2","","03","","N","","","","","","","","","",""
"2022121841","1232","0","0","0","0","0","0","0","0","0","4","0","","02","12","2022","4","40.353364","-80.050334","1222","11","0","0","0","0","0","1","0","1","","0","0","0","","","1","","3","","40 21:12.110","","0","80 03:01.202","4","0","0","0","2109","0","0","0","N","0","0","0","3","02109","1","","1.0","","1","N","N","N","0","","0","0","2","","0","","","2","1","0","0","0","0","0","2","0","2","","","","N","","","","","","","","","",""
"2022124066","0759","0","0","0","0","0","0","0","0","0","7","0","","02","12","2022","4","40.487778","-80.011157","0754","11","0","0","0","0","0","0","0","0","","0","0","0","","","0","N","0","","40 29:16.000","","0","80 00:40.165","0","0","0","0","2301","0","0","0","N","0","0","0","1","02301","0","","5.0","","9","N","N","N","0","","0","0","1","","0","","","1","0","0","0","0","0","0","2","0","1","","03","","N","","","","","","","","","",""
"2022122707","2252","0","0","0","0","0","0","0","0","0","7","0","","02","12","2022","5","40.381383","-80.049789","2248","11","0","0","0","0","0","0","0","0","","0","0","0","","","1","N","0","","40 22:52.980","6","0","80 02:59.240","3","0","0","0","2109","0","0","0","N","0","0","0","1","02109","0","","2.0","3.0","1","N","N","N","0","","1","0","1","","0","Y","","1","1","1","0","0","0","0","2","0","1","","","","N","","","","","","","","","",""
"2022120370","0156","0","0","0","0","0","0","0","0","0","7","0","","02","12","2022","2","40.450608","-80.027312","0138","11","0","0","0","0","0","0","0","0","","0","0","0","","","1","N","0","","40 27:02.189","1","0","80 01:38.323","3","0","0","0","2301","0","0","0","N","0","0","0","1","02301","0","","3.0","215.0","1","N","N","N","0","","1","0","1","","0","N","","1","1","0","0","0","0","0","2","0","1","","03","","N","","","","","","","","","",""
"2022119813","0155","0","0","0","0","0","0","0","0","0","7","0","","02","11","2022","4","40.407136","-79.978336","0149","11","0","0","0","0","0","0","0","0","","0","0","0","","","0","N","0","","40 24:25.688","","0","79 58:42.011","9","0","0","0","2301","0","0","0","N","0","0","0","1","02301","0","","4.0","","1","N","N","N","1","","0","0","0","","0","","","1","0","0","0","0","0","1","2","0","1","","03","","N","","","","","","","","","",""
"2022112984","1105","2","0","0","0","0","0","0","0","0","7","0","","02","11","2022","7","40.406245","-79.932195","1100","11","0","0","0","0","0","0","0","0","","0","0","0","","","0","N","0","","40 24:22.481","1","0","79 55:55.901","9","0","0","0","2301","0","0","0","N","0","0","0","1","02301","0","","5.0","20.0","1","N","N","N","0","","0","0","0","","0","N","","2","0","0","0","0","0","1","2","0","2","","03","","N","","","","","","","","","",""
"2022102620","0300","1","0","0","0","0","0","0","0","0","8","0","","02","11","2022","6","40.408972","-79.992139","0300","11","0","0","0","0","0","1","0","0","","0","0","0","","","1","N","0","","40 24:32.300","","0","79 59:31.700","4","0","0","0","2301","1","0","0","N","1","0","0","2","02301","1","","2.0","","1","N","N","Y","1","","0","0","0","","0","","","3","1","1","0","0","0","1","2","0","2","","04","","N","","","","","","","","","",""
"2022092408","1748","1","0","0","0","0","0","0","0","0","4","0","","02","10","2022","5","40.423854","-79.88724","1744","11","0","0","1","0","0","0","0","0","","0","0","0","","","0","","2","","40 25:25.876","5","0","79 53:14.065","0","0","0","0","2463","0","0","0","N","0","0","0","6","02463","0","","1.0","1804.0","1","N","N","N","0","","0","0","1","","4","Y","","2","0","4","0","0","0","0","2","0","2","","03","","N","","","","","","","","","",""
"2022103417","2254","1","0","0","0","0","0","0","0","0","4","0","","02","10","2022","6","40.509969","-80.029596","2254","11","0","1","0","0","0","0","0","0","","0","0","0","","","0","","1","","40 30:35.890","","0","80 01:46.544","0","0","0","0","2474","0","0","0","N","0","0","0","5","02474","0","","1.0","","1","N","N","N","0","","0","0","1","","2","","","2","0","0","0","0","0","0","2","0","2","","03","","N","","","","","","","","","",""
"2022103324","1509","1","0","0","0","0","0","0","0","0","1","0","","02","11","2022","6","40.486681","-79.913244","1504","11","0","0","0","0","0","0","0","0","","0","0","0","","","0","N","0","","40 29:12.053","","0","79 54:47.678","0","0","0","0","2301","0","0","0","N","0","0","0","2","02301","0","","1.0","","1","N","N","N","0","","0","0","1","","0","N","","2","0","0","0","0","0","0","2","0","2","","03","","N","","","","","","","","","",""
"2022102623","0248","1","0","0","0","0","0","0","0","0","7","0","","02","11","2022","6","40.443437","-80.056946","0239","11","0","0","0","0","0","0","0","0","","0","0","0","","","1","N","0","","40 26:36.373","","0","80 03:25.004","8","0","0","0","2301","0","0","0","N","0","0","0","1","02301","0","","6.0","","1","N","N","N","0","","0","0","0","","0","","","1","1","0","0","0","1","0","2","0","1","","","","N","","","","","","","","","",""
"2022112770","2120","1","0","0","0","0","0","0","0","0","7","0","","02","11","2022","3","40.457439","-80.063213","2114","11","0","0","0","0","0","0","0","0","","0","0","0","","","0","N","0","","40 27:26.779","4","0","80 03:47.565","0","0","0","0","2301","0","0","0","N","0","0","0","1","02301","0","","4.0","2141.0","1","N","N","N","0","","0","0","0","","0","N","","1","0","0","0","0","0","0","2","0","1","","03","","N","","","","","","","","","",""
"2022067923","0747","3","0","0","0","0","0","0","0","0","1","0","","02","7","2022","2","40.497849","-80.069959","0744","11","0","0","0","0","0","1","0","0","","0","0","0","","","2","N","0","","40 29:52.256","7","0","80 04:11.854","2","0","0","0","2402","0","0","0","N","0","0","0","3","02402","0","","1.0","828.0","9","N","N","N","0","","1","1","0","","0","N","","3","2","1","0","1","0","0","2","0","3","","","","N","","","","","","","","","",""
"2022106964","0510","1","0","0","0","0","0","0","0","0","7","0","","02","11","2022","6","40.517277","-80.127259","0501","11","0","0","0","0","0","0","0","0","","0","0","0","","","0","N","0","","40 31:02.196","3","0","80 07:38.132","0","0","0","0","2434","0","0","0","N","0","0","0","1","68B03","0","","4.0","546.0","9","N","N","N","0","","0","0","0","","0","N","","1","0","0","0","0","0","0","2","0","1","","","","N","","","","","","","","","",""
"2022124152","0511","1","0","0","0","0","0","0","0","0","1","0","","02","12","2022","4","40.438719","-79.746976","0511","11","0","0","0","0","0","1","0","0","","0","0","0","","","2","N","0","","40 26:19.387","","0","79 44:49.115","3","0","0","0","2446","0","0","0","N","0","0","0","2","02446","0","","1.0","","1","N","N","N","0","","1","0","0","","2","","","2","2","0","0","0","1","0","2","1","2","","03","","N","","","","","","","","","",""
"2022123318","1358","0","0","0","0","0","0","0","0","0","4","0","","02","12","2022","2","40.361289","-79.98255","1355","11","0","0","0","0","0","1","0","0","","0","0","0","","","2","","3","","40 21:40.640","3","0","79 58:57.180","8","0","0","0","2413","0","0","0","N","0","0","0","5","02413","0","","1.0","1438.0","1","N","N","N","1","","0","0","2","","3","N","","3","2","0","0","0","2","1","2","0","3","","","","N","","","","","","","","","",""
"2022096936","2144","0","0","0","0","0","0","0","0","0","7","0","","02","10","2022","3","40.617247","-79.942894","2139","11","0","0","0","0","0","0","0","0","","0","0","0","","","0","N","0","","40 37:02.090","","0","79 56:34.420","0","0","0","0","2217","0","0","0","N","0","0","0","1","02505","0","","5.0","","9","N","N","N","0","","0","0","1","","0","","","1","0","0","0","0","0","0","2","0","1","","","","N","","","","","","","","","",""
"2022107850","1155","1","0","0","0","0","0","0","0","0","4","0","","02","10","2022","7","40.558358","-79.771789","1148","11","0","0","0","0","0","1","0","0","","0","0","0","","","1","N","0","","40 33:30.087","7","0","79 46:18.442","8","0","0","0","2121","0","0","0","N","0","0","0","6","02514","0","","1.0","1220.0","1","N","N","N","0","","0","0","1","","0","N","","2","1","0","0","0","1","0","1","0","2","","03","","N","","","","","","","","","",""
"2022098771","1205","1","0","0","0","0","0","0","0","0","7","0","","02","10","2022","2","40.400433","-79.803976","1200","11","0","0","0","0","0","0","0","0","","0","0","0","","","3","N","0","","40 24:01.559","","0","79 48:14.313","3","0","0","0","2446","0","0","0","N","0","0","0","3","02446","0","","4.0","","1","N","N","N","0","","3","0","0","","0","","","1","3","2","0","0","0","0","2","0","1","","","","N","","","","","","","","","",""
"2022096940","1634","1","0","0","0","0","0","0","0","0","8","0","","02","10","2022","4","40.407187","-80.044377","1617","11","0","0","0","0","0","0","0","1","","0","0","0","","","1","N","0","","40 24:25.872","","0","80 02:39.757","8","0","0","0","2301","1","0","0","N","1","0","0","2","02301","0","","1.0","","9","N","N","N","0","","0","0","0","","0","","","2","1","0","0","0","1","0","2","0","1","","04","","N","","","","","","","","","",""
"2022088309","2126","2","0","0","0","0","0","0","0","0","4","0","","02","9","2022","4","40.438613","-79.961058","2123","11","0","0","0","0","0","0","0","0","","0","0","0","","","0","N","0","","40 26:19.005","","7","79 57:39.810","0","0","0","0","2301","0","0","0","N","0","0","0","4","02301","0","","1.0","","1","N","N","N","0","","0","0","1","","0","","","3","0","1","0","0","0","0","2","0","3","","","","N","","","","","","","","","",""
"2022122164","1835","0","0","0","0","0","0","0","0","0","4","0","","02","12","2022","5","40.448628","-80.002288","1820","11","0","0","0","0","0","1","0","0","","0","0","0","","","0","","1","","40 26:55.062","2","0","80 00:08.236","0","0","0","0","2301","0","0","0","N","0","0","0","3","02301","0","","1.0","1920.0","9","N","N","N","0","","0","0","2","","2","N","","2","0","0","0","0","0","0","2","0","2","","04","","N","","","","","","","","","",""
"2022117916","1305","0","0","0","0","0","0","0","0","0","7","0","","02","12","2022","2","40.517579","-79.867241","1300","11","0","0","0","0","0","1","0","0","","0","0","0","","","0","N","0","","40 31:03.283","","0","79 52:02.068","0","0","0","0","2112","0","0","0","N","0","0","0","1","02112","0","","4.0","","1","N","Y","N","0","","0","0","0","","0","N","","1","0","0","0","0","0","0","2","1","1","","","","N","","","","","","","","","",""
"2022111152","0036","0","0","0","0","0","0","0","0","0","4","0","","02","11","2022","6","40.44805","-80.017813","0031","11","0","0","0","0","0","0","0","0","","0","0","0","","","1","","1","","40 26:52.981","7","0","80 01:04.125","8","0","0","0","2301","0","0","0","N","0","0","0","2","02301","0","","1.0","100.0","1","N","N","N","0","","0","0","2","","2","N","","2","1","0","0","0","1","0","2","0","2","","","","N","","","","","","","","","",""
"2022119409","1752","2","0","0","0","0","0","0","0","0","4","0","","02","12","2022","3","40.375361","-80.098361","1749","11","0","0","0","0","0","1","0","0","","0","0","0","","","0","N","0","","40 22:31.300","","7","80 05:54.100","0","0","0","0","2102","0","0","0","N","0","0","0","4","02102","0","","1.0","","1","N","N","N","0","","0","0","0","","0","","","2","0","0","0","0","0","0","2","0","2","","03","","N","","","","","","","","","",""
"2022121993","1115","2","0","0","0","0","0","0","0","0","4","0","","02","12","2022","5","40.457839","-79.974217","1110","11","0","0","0","0","0","0","0","0","","0","0","0","","","0","","1","","40 27:28.221","4","0","79 58:27.180","0","0","0","0","2301","0","0","0","N","0","0","0","2","02301","0","","1.0","1140.0","9","N","N","N","0","","0","0","0","","3","N","","2","0","0","0","0","0","0","2","0","2","","07","","N","","","","","","","","","",""
"2022112979","1403","1","0","0","0","0","0","0","0","0","4","0","","02","11","2022","2","40.430044","-79.812097","1402","11","0","0","0","0","0","0","0","2","","0","0","0","","","1","","2","","40 25:48.159","6","0","79 48:43.549","3","0","0","0","2124","0","0","0","N","0","0","0","3","02124","0","","1.0","1450.0","9","N","N","N","0","","1","0","1","","2","N","","2","1","0","0","0","0","0","2","0","2","","","","N","","","","","","","","","",""